open_time,open,high,low,close,volume,close_time,quote_volume,count,taker_buy_volume,taker_buy_quote_volume,ignore
1769904000000,105.4400,105.6100,105.1600,105.5100,112984.71,1769904299999,11912673.138600,13428,58359.44,6153225.577500,0
1769904300000,105.5000,105.8100,105.4100,105.8000,93971.21,1769904599999,9924144.365300,10603,64738.45,6837237.193500,0
1769904600000,105.8000,105.9200,105.5200,105.8900,107720.63,1769904899999,11390248.584100,12900,67009.27,7085522.115600,0
1769904900000,105.8900,106.2800,105.8200,106.1100,160589.11,1769905199999,17027198.336100,15481,87581.57,9287294.480500,0
1769905200000,106.1200,106.1400,105.5700,105.6900,103552.31,1769905499999,10955438.982900,10566,47756.60,5053030.621600,0
1769905500000,105.6900,106.1600,105.6900,105.8600,77507.83,1769905799999,8212961.100800,9021,39184.93,4151841.271700,0
1769905800000,105.8500,106.0900,105.6000,105.6800,75959.82,1769906099999,8039412.001600,9777,40328.37,4267798.690400,0
1769906100000,105.6800,105.7600,105.2700,105.3400,92100.84,1769906399999,9709931.034300,10978,34876.55,3677582.537300,0
1769906400000,105.3300,105.5000,105.2000,105.2000,52889.46,1769906699999,5572541.039100,7267,24473.59,2578938.354000,0
1769906700000,105.2100,105.5900,105.2000,105.5500,49939.21,1769906999999,5264573.613500,7843,27128.68,2860107.616200,0
1769907000000,105.5400,105.7000,105.4500,105.5900,58454.45,1769907299999,6172346.443000,7082,27454.45,2898972.699600,0
1769907300000,105.5900,105.7600,105.4700,105.5500,45767.22,1769907599999,4833508.852300,5633,21552.34,2276469.955500,0
1769907600000,105.5500,105.6700,105.0900,105.1700,67743.15,1769907899999,7135934.360500,8910,29462.16,3103340.111500,0
1769907900000,105.1800,105.1900,104.7300,104.8800,177599.70,1769908199999,18637885.803900,15433,69113.85,7253201.195000,0
1769908200000,104.8800,105.0000,104.7100,104.9800,78813.35,1769908499999,8266819.198200,7600,42671.30,4475950.591000,0
1769908500000,104.9700,104.9800,104.4000,104.4200,151248.16,1769908799999,15823353.195700,12981,55146.09,5768282.266300,0
1769908800000,104.4200,104.6600,104.3400,104.6100,84447.35,1769909099999,8823876.377100,8161,40347.55,4216127.214800,0
1769909100000,104.6100,104.9200,104.4500,104.8500,67698.03,1769909399999,7085103.938800,7667,37390.12,3913795.701000,0
1769909400000,104.8500,104.8800,104.3500,104.4400,72640.82,1769909699999,7600475.440000,8711,30653.43,3207133.307300,0
1769909700000,104.4500,104.5700,104.1100,104.1200,65450.81,1769909999999,6828554.335100,8076,23830.67,2486754.106200,0
1769910000000,104.1200,104.3800,104.1000,104.2900,70397.88,1769910299999,7338153.492200,7667,30877.99,3218815.760200,0
1769910300000,104.3000,104.8000,104.1600,104.7500,65676.89,1769910599999,6859498.191000,8815,37860.38,3955014.317500,0
1769910600000,104.7400,105.0500,104.6300,104.9500,64657.08,1769910899999,6778285.264100,7691,42011.78,4404574.507600,0
1769910900000,104.9600,105.0700,104.8200,104.9000,49603.38,1769911199999,5204742.885400,5958,27050.77,2838198.127000,0
1769911200000,104.9000,105.1100,104.6500,104.7900,55956.10,1769911499999,5867372.437600,9364,29109.40,3053410.739900,0
1769911500000,104.7900,105.3800,104.7700,105.3800,64193.16,1769911799999,6742862.043000,8586,38815.87,4077712.972100,0
1769911800000,105.3800,105.7500,105.3400,105.6000,112703.30,1769912099999,11896950.332500,12042,65482.31,6912599.793900,0
1769912100000,105.5900,105.7900,105.4000,105.4900,78375.65,1769912399999,8275386.096500,9170,32937.31,3477564.139400,0
1769912400000,105.4800,105.5300,104.8500,104.8800,77172.59,1769912699999,8112951.793500,9238,31860.59,3348802.393500,0
1769912700000,104.8800,105.0000,104.8100,104.9900,34053.62,1769912999999,3572646.170000,5258,19771.08,2074180.620200,0
1769913000000,105.0000,105.2300,104.9300,105.1800,42083.74,1769913299999,4422265.869600,6411,20187.54,2121333.327000,0
1769913300000,105.1700,105.4600,105.1500,105.3500,38798.97,1769913599999,4084120.692300,7185,21248.04,2236449.770200,0
1769913600000,105.3500,105.5100,105.3000,105.4600,32442.94,1769913899999,3419904.159500,5473,17535.37,1848468.262800,0
1769913900000,105.4600,105.6400,105.3700,105.5400,42206.86,1769914199999,4453168.930400,6721,22556.86,2379904.334800,0
1769914200000,105.5300,105.8200,105.3100,105.8100,51262.19,1769914499999,5413547.851800,7658,29632.55,3129657.508700,0
1769914500000,105.8000,105.8800,105.4100,105.4600,51687.99,1769914799999,5459972.455800,7327,24078.57,2543214.389600,0
1769914800000,105.4600,105.5900,105.2700,105.3000,40696.73,1769915099999,4290908.025800,7043,21379.49,2253979.979500,0
1769915100000,105.3100,105.3100,105.1200,105.2400,50158.13,1769915399999,5275648.915000,7074,17709.45,1862829.301700,0
1769915400000,105.2500,105.3300,105.1300,105.2300,31327.78,1769915699999,3296183.155500,4823,12241.72,1288052.271200,0
1769915700000,105.2300,105.3000,104.9500,104.9700,39126.97,1769915999999,4111342.118000,5944,16145.06,1696653.461600,0
1769916000000,104.9600,105.0400,104.8000,104.8900,44033.96,1769916299999,4619797.177800,5755,18704.66,1962490.635600,0
1769916300000,104.8900,104.9400,104.8000,104.8500,37421.06,1769916599999,3924450.446900,4442,17645.53,1850503.092700,0
1769916600000,104.8400,104.9300,104.6000,104.7200,46410.43,1769916899999,4862139.007200,6328,18668.06,1956084.830600,0
1769916900000,104.7300,104.7500,104.5800,104.6700,28218.03,1769917199999,2953344.332800,4636,10350.17,1083364.070300,0
1769917200000,104.6600,104.9000,104.4200,104.5400,77714.97,1769917499999,8133669.379000,7830,29096.64,3046222.946900,0
1769917500000,104.5300,104.8600,104.5100,104.8500,55264.20,1769917799999,5784575.675600,6438,31049.09,3250289.977800,0
1769917800000,104.8600,104.9700,104.7500,104.8000,44339.66,1769918099999,4649509.588700,5410,22166.69,2324532.082200,0
1769918100000,104.7900,104.9100,104.6900,104.8700,23770.65,1769918399999,2491408.553800,3508,11472.69,1202497.054200,0
1769918400000,104.8800,104.9100,104.7300,104.7300,30278.68,1769918699999,3173777.709900,4400,13535.09,1418916.145900,0
1769918700000,104.7400,104.8600,104.7000,104.8100,41084.39,1769918999999,4304592.301100,4463,18106.36,1897169.619600,0
1769919000000,104.8100,105.2800,104.8000,105.1800,68021.67,1769919299999,7150476.264800,7524,41360.69,4347437.609600,0
1769919300000,105.1800,105.4100,105.0700,105.4100,68471.62,1769919599999,7205578.689800,7754,34399.10,3620885.077600,0
1769919600000,105.4100,105.4300,105.1700,105.1900,50207.10,1769919899999,5285428.500200,5083,20766.23,2186234.829300,0
1769919900000,105.1800,105.1900,104.9000,104.9800,38825.99,1769920199999,4075977.888600,4658,14319.52,1503169.394500,0
1769920200000,104.9800,105.1800,104.9400,105.0400,47410.71,1769920499999,4980322.210800,5304,20908.13,2196226.496800,0
1769920500000,105.0500,105.3500,104.9800,105.2600,32227.36,1769920799999,3388031.082500,4455,18720.05,1968279.260800,0
1769920800000,105.2700,105.3400,105.1400,105.3000,42230.71,1769921099999,4443848.836400,4761,21425.62,2254599.015900,0
1769921100000,105.2900,105.4000,105.1400,105.2200,59120.44,1769921399999,6223450.063200,5789,28355.73,2985181.867900,0
1769921400000,105.2200,105.3500,105.1400,105.2700,43844.53,1769921699999,4615444.689900,4537,21741.45,2288497.164000,0
1769921700000,105.2700,105.3100,105.0900,105.1200,26179.77,1769921999999,2754970.111500,3385,12808.49,1347801.560700,0
1769922000000,105.1300,105.3400,104.8200,104.9900,87255.53,1769922299999,9167434.852100,7344,37394.62,3929332.965200,0
1769922300000,104.9800,105.1900,104.7700,104.8000,54906.64,1769922599999,5761688.361400,6097,24779.72,2601003.210000,0
1769922600000,104.8000,105.1500,104.8000,105.1100,70046.07,1769922899999,7356436.442700,6233,30714.77,3225358.769700,0
1769922900000,105.1000,105.3400,105.0600,105.2200,42553.31,1769923199999,4476691.446500,5303,18037.66,1897627.596500,0
1769923200000,105.2200,105.6200,104.9300,105.5100,102960.95,1769923499999,10844449.912000,8324,61178.45,6445803.413900,0
1769923500000,105.5000,105.6100,105.3400,105.5100,45004.43,1769923799999,4748613.499300,4672,23540.55,2483972.796900,0
1769923800000,105.5000,105.5500,105.2500,105.3700,39586.25,1769924099999,4172490.964400,4529,17094.32,1801517.223400,0
1769924100000,105.3700,105.3900,104.9500,104.9900,49452.93,1769924399999,5201064.997800,5033,15293.63,1608262.861500,0
1769924400000,104.9900,105.1500,104.4600,104.5200,91882.00,1769924699999,9632004.269300,9315,33122.75,3473045.978400,0
1769924700000,104.5200,104.7100,104.3900,104.4500,66202.93,1769924999999,6922031.882400,6984,27920.84,2919598.629800,0
1769925000000,104.4600,104.7300,104.4600,104.5700,44987.68,1769925299999,4706041.528000,5901,22013.24,2302853.669600,0
1769925300000,104.5600,104.6700,104.5300,104.6200,24916.61,1769925599999,2606484.789100,3863,12094.72,1265171.882200,0
1769925600000,104.6200,104.8200,104.6200,104.7100,42390.87,1769925899999,4439729.939700,5757,23676.58,2479829.916500,0
1769925900000,104.7100,105.1100,104.7100,105.0600,46773.99,1769926199999,4907430.680100,6179,28495.85,2989811.718700,0
1769926200000,105.0700,105.1900,105.0100,105.0800,41172.93,1769926499999,4326552.571000,5132,23238.64,2442029.866600,0
1769926500000,105.0800,105.1400,105.0200,105.0700,19913.31,1769926799999,2092483.401200,3251,9709.96,1020364.481400,0
1769926800000,105.0700,105.3100,105.0700,105.1700,38985.68,1769927099999,4101410.442900,4586,21503.62,2262020.044400,0
1769927100000,105.1800,105.3000,105.0400,105.0700,25480.74,1769927399999,2678969.204200,3613,11356.38,1193986.341600,0
1769927400000,105.0700,105.3900,105.0600,105.0700,50920.59,1769927699999,5359596.494900,6021,22163.55,2332873.889700,0
1769927700000,105.0700,105.1200,104.4500,104.7600,92449.53,1769927999999,9682626.122020,10259,30896.81,3236041.492720,0
1769928000000,104.7700,105.1500,104.7600,105.0000,51543.40,1769928299999,5408462.562700,6851,31761.23,3332955.281000,0
1769928300000,105.0000,105.0800,104.7400,104.9600,103728.65,1769928599999,10880524.535800,9507,43024.36,4513333.224700,0
1769928600000,104.9600,105.2000,104.9300,105.1300,50836.94,1769928899999,5342271.458100,6166,27586.33,2898957.169700,0
1769928900000,105.1400,105.2400,104.9500,105.0100,47573.76,1769929199999,5001266.158600,4650,21811.71,2292972.664700,0
1769929200000,105.0100,105.2000,104.8400,104.8700,41607.10,1769929499999,4369480.514700,6133,14002.86,1470781.762400,0
1769929500000,104.8700,104.9900,104.4300,104.7800,157142.26,1769929799999,16451595.642500,12282,43115.27,4514371.908200,0
1769929800000,104.7800,105.0000,104.2500,104.3100,135165.31,1769930099999,14140736.191200,13428,46998.22,4918697.653300,0
1769930100000,104.3100,104.4800,103.8700,103.9700,188892.04,1769930399999,19676294.073100,16108,77994.41,8124597.382600,0
1769930400000,103.9700,104.2100,103.9000,104.1900,90662.86,1769930699999,9436985.670300,8728,39360.74,4096811.814200,0
1769930700000,104.2000,104.3100,104.0900,104.2500,60140.20,1769930999999,6266360.584400,6325,29176.16,3040478.282400,0
1769931000000,104.2500,104.3800,104.1300,104.2500,52531.49,1769931299999,5476683.762800,6644,28313.11,2951794.630100,0
1769931300000,104.2600,104.8800,104.2500,104.8500,87244.75,1769931599999,9130746.857400,9449,52012.04,5442506.274700,0
1769931600000,104.8600,105.9700,104.8600,105.8000,281301.67,1769931899999,29714900.570540,22734,163983.67,17318562.832300,0
1769931900000,105.8000,105.8100,105.4300,105.5100,76429.85,1769932199999,8073901.419900,9581,29291.37,3094126.341400,0
1769932200000,105.5100,105.7700,105.3500,105.3500,69465.86,1769932499999,7332211.414400,7458,33701.69,3557729.069200,0
1769932500000,105.3600,105.4500,105.0100,105.1400,57432.00,1769932799999,6039641.745500,7029,24773.84,2605559.528800,0
1769932800000,105.1400,105.2900,104.9300,105.0700,97458.77,1769933099999,10246418.080260,9091,56101.40,5898525.143000,0
1769933100000,105.0700,105.3200,105.0000,105.2800,49722.42,1769933399999,5228147.399900,6385,29497.00,3101615.712600,0
1769933400000,105.2800,105.3900,105.0300,105.0300,43822.93,1769933699999,4613632.984800,5342,21064.55,2218264.731700,0
1769933700000,105.0300,105.1300,104.7500,104.9500,72794.94,1769933999999,7638288.170000,8615,32246.61,3383861.830600,0
1769934000000,104.9400,105.2100,104.8200,105.0700,56697.49,1769934299999,5952085.861000,7023,32210.36,3381696.677100,0
1769934300000,105.0800,105.2200,104.8700,105.1700,75250.90,1769934599999,7905129.379200,8019,39639.41,4164276.678500,0
1769934600000,105.1600,105.2700,105.1200,105.2200,49206.75,1769934899999,5176194.612100,4928,27176.86,2858861.241200,0
1769934900000,105.2100,105.9900,105.1900,105.8400,118126.07,1769935199999,12480532.650800,11448,74968.63,7919939.937900,0
1769935200000,105.8300,105.9700,105.8100,105.8800,64495.10,1769935499999,6830183.728000,6792,35980.84,3810400.283200,0
1769935500000,105.8800,105.8800,105.4600,105.4800,74353.04,1769935799999,7854352.367800,7806,28160.92,2974520.309800,0
1769935800000,105.4800,105.6400,105.4000,105.5000,50484.26,1769936099999,5325955.104100,5221,32454.34,3423573.222400,0
1769936100000,105.4900,105.5100,105.3900,105.4600,38654.25,1769936399999,4076349.774500,3607,21494.58,2266748.516900,0
1769936400000,105.4600,105.5800,105.1700,105.5300,61399.49,1769936699999,6470687.079200,6369,34156.58,3600183.953000,0
1769936700000,105.5300,105.7300,105.3700,105.4700,58341.62,1769936999999,6157707.301200,5837,28125.64,2968489.848500,0
1769937000000,105.4800,105.5600,105.2400,105.2600,37218.65,1769937299999,3922017.882700,4242,14077.41,1483430.258200,0
1769937300000,105.2500,105.2800,104.9300,105.0600,88758.42,1769937599999,9325666.185300,7703,38849.50,4082016.140700,0
1769937600000,105.0500,105.2300,104.9000,105.1500,57831.24,1769937899999,6075997.398000,5964,28856.03,3032172.126000,0
1769937900000,105.1400,105.1800,104.8900,104.9800,58566.92,1769938199999,6149097.815000,4853,21977.33,2307605.737600,0
1769938200000,104.9800,105.3100,104.9000,105.2400,60497.76,1769938499999,6359825.133800,5907,41475.00,4360002.972600,0
1769938500000,105.2400,105.4100,105.2000,105.3000,47877.41,1769938799999,5042471.616100,4789,22866.18,2408240.863100,0
1769938800000,105.3100,105.5700,105.2500,105.4800,45211.09,1769939099999,4763659.047370,4864,22603.21,2381839.479770,0
1769939100000,105.4900,105.5600,105.2400,105.3500,44667.37,1769939399999,4708143.852200,4745,15407.38,1624068.131200,0
1769939400000,105.3400,105.5600,105.3300,105.5400,26252.36,1769939699999,2768578.706900,3302,14223.74,1499943.548200,0
1769939700000,105.5400,105.8600,105.4200,105.7300,104662.30,1769939999999,11066891.576500,8784,64764.00,6848538.066600,0
1769940000000,105.7200,105.7400,105.4100,105.4700,58686.76,1769940299999,6196634.895600,7543,25207.19,2662003.956400,0
1769940300000,105.4700,105.6300,105.3800,105.5200,48581.49,1769940599999,5126909.812400,5971,23432.39,2472763.103700,0
1769940600000,105.5300,105.8000,105.4900,105.7000,66404.00,1769940899999,7017223.258200,6802,33462.52,3536145.025300,0
1769940900000,105.6900,105.7100,105.4000,105.4100,50885.62,1769941199999,5371182.491500,6534,25802.59,2723687.099400,0
1769941200000,105.4000,105.5900,105.3600,105.5900,44905.23,1769941499999,4735475.604100,4995,24390.01,2572259.713500,0
1769941500000,105.5900,105.6200,105.4700,105.5300,35510.06,1769941799999,3748361.159400,4179,15966.80,1685249.444000,0
1769941800000,105.5400,105.6600,104.9100,105.0800,156013.51,1769942099999,16418579.965300,13245,61652.25,6489098.817200,0
1769942100000,105.0700,105.1300,104.5000,104.6000,203417.76,1769942399999,21308883.119200,17860,88900.83,9312663.694800,0
1769942400000,104.6000,104.6100,104.2400,104.2400,122482.58,1769942699999,12793103.286500,11217,52330.15,5466325.821100,0
1769942700000,104.2500,104.4500,104.1500,104.3800,142278.32,1769942999999,14843731.881200,12387,71255.07,7434504.693500,0
1769943000000,104.3800,104.4500,104.2300,104.2400,67446.18,1769943299999,7039288.959600,6582,33263.99,3472108.478400,0
1769943300000,104.2500,104.3100,103.4400,103.7000,384025.54,1769943599999,39873468.587900,21327,114159.82,11853474.958800,0
1769943600000,103.7000,103.9500,103.6800,103.9200,143374.97,1769943899999,14884894.365400,11896,80387.42,8345604.415700,0
1769943900000,103.9100,104.1400,103.7500,104.0900,72641.78,1769944199999,7552403.586900,8423,33751.94,3509674.438900,0
1769944200000,104.1000,104.2000,104.0100,104.1900,42673.86,1769944499999,4442182.998300,6219,24472.91,2547674.197200,0
1769944500000,104.1800,104.1900,103.7500,103.9600,72184.60,1769944799999,7500550.310400,8561,30060.94,3123383.487800,0
1769944800000,103.9600,104.0300,103.8700,103.8800,41255.79,1769945099999,4288356.997800,4941,22478.79,2336774.620100,0
1769945100000,103.8900,104.0600,103.8800,103.9800,39860.27,1769945399999,4144325.100300,4712,25422.90,2643196.475600,0
1769945400000,103.9800,104.3500,103.9800,104.3500,69591.01,1769945699999,7248891.831600,6879,48664.69,5069316.840600,0
1769945700000,104.3400,105.0700,104.3400,105.0200,194446.28,1769945999999,20386764.897900,17391,118402.86,12409918.896000,0
1769946000000,105.0200,105.3400,104.9400,105.2300,110927.67,1769946299999,11665949.170100,11454,63461.25,6674021.446200,0
1769946300000,105.2200,105.3200,104.8900,104.9100,130566.78,1769946599999,13723340.710600,11345,55618.14,5846871.532400,0
1769946600000,104.9100,105.0200,104.9000,104.9800,40684.21,1769946899999,4270712.535300,4803,25483.39,2675091.191800,0
1769946900000,104.9900,105.0400,104.9200,104.9900,22047.67,1769947199999,2314341.267100,3493,11217.62,1177574.728800,0
1769947200000,104.9900,105.0000,104.6400,104.6900,66434.67,1769947499999,6961154.675400,8175,26651.26,2792366.149200,0
1769947500000,104.6800,104.8400,104.6300,104.6600,47260.34,1769947799999,4949479.338700,5585,26538.54,2779315.158500,0
1769947800000,104.6700,104.8400,104.6200,104.6900,31513.79,1769948099999,3300969.706700,4480,18111.57,1897118.022600,0
1769948100000,104.6800,104.6900,104.3600,104.6700,92530.42,1769948399999,9669205.338300,9315,39154.13,4091148.002100,0
1769948400000,104.6700,104.6800,104.0600,104.2300,100718.83,1769948699999,10508044.771800,10475,42707.32,4455542.402400,0
1769948700000,104.2400,104.4000,104.0900,104.3800,71923.38,1769948999999,7497449.008400,6721,44573.98,4646640.141200,0
1769949000000,104.3900,104.6200,104.3700,104.5500,47393.68,1769949299999,4953216.876200,5127,21712.23,2269105.963400,0
1769949300000,104.5500,105.0500,104.5500,104.7000,108504.30,1769949599999,11372072.694500,10485,56729.72,5945294.049600,0
1769949600000,104.7100,104.7800,104.4700,104.5000,43940.60,1769949899999,4598401.068600,5546,15383.19,1610104.453100,0
1769949900000,104.5100,104.8000,104.5100,104.7100,63849.81,1769950199999,6682858.279100,5289,50222.60,5257191.221100,0
1769950200000,104.7200,104.7300,104.5900,104.6000,36775.14,1769950499999,3849508.617000,3387,13049.82,1366020.342500,0
1769950500000,104.6000,105.1400,104.5900,104.9900,191832.66,1769950799999,20120350.683200,12596,142436.31,14937669.945300,0
1769950800000,104.9800,106.0100,104.9300,105.5800,454853.31,1769951099999,48020434.746700,35248,300526.03,31727595.159900,0
1769951100000,105.5800,105.8100,105.5200,105.5300,107855.40,1769951399999,11393922.084000,10141,63760.02,6735968.932900,0
1769951400000,105.5300,106.6700,105.5100,106.2100,484817.29,1769951699999,51501729.905200,43239,310043.17,32938520.586600,0
1769951700000,106.2100,106.2400,105.8600,105.9700,88417.48,1769951999999,9374442.737300,10590,37229.78,3947434.314600,0
1769952000000,105.9800,105.9800,105.5600,105.5600,85202.83,1769952299999,9015480.857300,8788,33518.29,3546697.542600,0
1769952300000,105.5700,105.6500,105.1800,105.4600,158381.84,1769952599999,16691993.616800,12188,58129.82,6126456.708900,0
1769952600000,105.4500,105.4800,105.3100,105.3800,94279.76,1769952899999,9937371.633200,8865,44784.44,4720640.256300,0
1769952900000,105.3700,105.4200,104.9100,104.9300,102548.56,1769953199999,10777103.387600,10651,39037.56,4103649.838400,0
1769953200000,104.9400,105.0800,104.8000,105.0300,85456.85,1769953499999,8968890.083600,9075,49280.91,5172419.950200,0
1769953500000,105.0300,105.1800,104.5900,104.6900,128979.17,1769953799999,13530974.442000,11067,44153.41,4636983.863700,0
1769953800000,104.6900,104.7500,104.1400,104.3500,214127.21,1769954099999,22358877.449100,17845,90129.46,9409425.525000,0
1769954100000,104.3500,104.4600,104.0100,104.3800,168363.09,1769954399999,17554296.851600,13844,80594.81,8404645.570100,0
1769954400000,104.3800,104.4400,104.0300,104.3400,95169.68,1769954699999,9924681.611100,11802,46292.82,4827713.138100,0
1769954700000,104.3300,104.7600,104.3000,104.4900,136283.65,1769954999999,14248690.305700,11868,76132.79,7960369.290700,0
1769955000000,104.4900,104.4900,104.0200,104.1900,121610.72,1769955299999,12669243.357800,12921,44762.51,4664471.063200,0
1769955300000,104.1900,104.3100,103.6800,103.8600,240414.60,1769955599999,24984108.310300,21160,113222.92,11766724.230600,0
1769955600000,103.8500,103.9400,103.6100,103.7800,151064.16,1769955899999,15681410.935600,13409,79756.17,8280270.557600,0
1769955900000,103.7900,103.9000,102.9600,103.1400,446802.10,1769956199999,46200562.035100,33219,167825.99,17356330.761800,0
1769956200000,103.1400,103.4200,102.4100,102.4700,443618.83,1769956499999,45660727.687400,34137,198032.78,20390745.665300,0
1769956500000,102.4700,102.5700,101.6600,101.8200,1014192.11,1769956799999,103514138.263500,52761,371890.12,37958509.275600,0
1769956800000,101.8300,102.9300,101.7400,102.3500,434419.36,1769957099999,44427128.469300,35250,265840.39,27190593.774900,0
1769957100000,102.3500,102.7000,101.8700,102.5400,322348.11,1769957399999,32967064.066700,25981,180330.61,18445457.673100,0
1769957400000,102.5300,103.5200,102.5100,102.8400,256767.56,1769957699999,26450409.502800,29643,130772.16,13474354.123100,0
1769957700000,102.8400,103.2700,102.6900,102.8700,152869.99,1769957999999,15746164.938700,15712,76253.69,7854635.165900,0
1769958000000,102.8600,102.8900,102.2000,102.2900,191744.43,1769958299999,19663985.773900,19657,76547.35,7849205.630900,0
1769958300000,102.2800,102.4800,102.1000,102.1600,114437.30,1769958599999,11702270.023600,13523,59742.68,6109948.055300,0
1769958600000,102.1700,102.2400,101.5400,101.6500,188945.37,1769958899999,19238927.190000,19286,69906.01,7119988.960600,0
1769958900000,101.6600,101.8200,100.9800,101.2900,338789.49,1769959199999,34346991.115400,34015,161395.20,16364513.126200,0
1769959200000,101.2900,101.5000,100.9800,101.2900,188138.08,1769959499999,19049367.061000,22613,93643.74,9482207.956800,0
1769959500000,101.2800,101.3900,100.5800,100.6900,279397.22,1769959799999,28174982.430300,30963,134089.65,13520750.642100,0
1769959800000,100.6800,101.2900,100.5200,100.9400,302806.67,1769960099999,30539013.111300,31908,154193.34,15553826.779000,0
1769960100000,100.9400,101.4800,100.1400,101.2600,359215.14,1769960399999,36164846.903000,39528,164827.01,16605879.070600,0
1769960400000,101.2700,101.4100,100.8200,100.8800,175345.43,1769960699999,17723542.141200,21514,68880.71,6964021.420700,0
1769960700000,100.8800,101.8000,100.7200,101.3900,206063.42,1769960999999,20880646.427600,25904,110118.32,11160223.825000,0
1769961000000,101.4000,101.6800,101.2500,101.3100,126878.19,1769961299999,12875935.940200,17063,65939.82,6692000.783800,0
1769961300000,101.3100,102.3400,101.2900,101.6100,196363.83,1769961599999,19998925.605000,22278,110924.28,11298532.058300,0
1769961600000,101.6200,101.6700,101.1400,101.5000,179461.41,1769961899999,18201234.166900,21835,91499.66,9280628.273900,0
1769961900000,101.5100,102.4200,101.3600,101.7800,232952.80,1769962199999,23767014.628600,24824,124111.45,12661508.621900,0
1769962200000,101.7800,102.2100,101.4700,102.0700,123549.52,1769962499999,12583171.081500,17920,63264.16,6444418.941600,0
1769962500000,102.0700,102.0800,101.0700,101.1700,124619.06,1769962799999,12651932.902300,18456,54871.04,5570186.813600,0
1769962800000,101.1800,102.2100,100.8500,102.1400,178232.17,1769963099999,18089757.627600,25289,91228.90,9264449.594300,0
1769963100000,102.1400,102.8200,102.0100,102.2500,238474.09,1769963399999,24424978.226500,28925,105864.93,10845289.684100,0
1769963400000,102.2400,102.5200,101.9300,102.3800,228597.62,1769963699999,23380758.969600,20332,88575.81,9057688.999100,0
1769963700000,102.3800,102.4800,101.7700,101.9000,116951.50,1769963999999,11943195.815200,15392,52847.66,5398898.614300,0
1769964000000,101.9000,102.0300,101.3900,101.5600,129939.31,1769964299999,13213408.705600,16229,66631.85,6777515.881000,0
1769964300000,101.5700,101.9400,101.5500,101.5700,73324.57,1769964599999,7458390.586100,12089,44730.97,4549903.784500,0
1769964600000,101.5600,101.7400,101.2300,101.7100,103645.36,1769964899999,10520192.650300,12585,56061.78,5691741.283600,0
1769964900000,101.7100,102.0200,101.5800,101.6300,92432.59,1769965199999,9404203.273400,12234,54323.82,5527476.144800,0
1769965200000,101.6300,101.9700,101.5200,101.9400,70143.91,1769965499999,7139077.565000,12365,35124.18,3574619.360900,0
1769965500000,101.9400,102.1300,101.8200,101.9800,93822.44,1769965799999,9566787.483800,15433,46902.65,4782629.887200,0
1769965800000,101.9800,102.0400,101.7700,101.9400,62600.71,1769966099999,6380387.825600,8986,32078.44,3269802.246800,0
1769966100000,101.9300,102.1200,101.7500,102.0500,58224.26,1769966399999,5934618.628700,9655,30255.25,3083822.677500,0
1769966400000,102.0400,102.0700,101.0400,101.2400,106508.37,1769966699999,10797535.156800,15119,48735.25,4939508.231300,0
1769966700000,101.2300,101.6400,101.2200,101.6300,67422.08,1769966999999,6839858.278900,9026,35177.38,3568920.216700,0
1769967000000,101.6200,101.8900,101.2900,101.3400,79549.08,1769967299999,8078102.611100,11527,33235.18,3375271.423500,0
1769967300000,101.3400,101.3700,101.0800,101.2800,94573.84,1769967599999,9572936.062400,12224,44783.48,4532837.169300,0
1769967600000,101.2800,101.6900,101.2000,101.5300,56927.27,1769967899999,5777579.932500,8663,31003.74,3146201.987600,0
1769967900000,101.5200,101.7200,101.3100,101.4000,57948.22,1769968199999,5882846.194800,8034,27269.61,2768580.643300,0
1769968200000,101.4100,102.1700,101.3400,102.0700,77759.97,1769968499999,7922829.845400,10641,46919.95,4781124.486600,0
1769968500000,102.0600,102.4200,101.7900,102.3700,72774.30,1769968799999,7429619.809600,9458,35949.95,3671096.247700,0
1769968800000,102.3700,103.6800,102.3400,103.3600,380061.52,1769969099999,39164553.141100,37538,219238.03,22589529.937500,0
1769969100000,103.3500,103.9700,102.9800,103.6000,229652.66,1769969399999,23758585.194900,25215,124080.18,12838910.685200,0
1769969400000,103.6000,103.8500,103.2400,103.7200,130240.37,1769969699999,13486874.507300,16911,73080.42,7570186.451700,0
1769969700000,103.7200,103.7700,103.3200,103.6100,124701.47,1769969999999,12912664.225600,15080,54764.63,5670390.647700,0
1769970000000,103.6100,104.1600,103.1700,103.2600,205109.86,1769970299999,21274209.600200,22571,89340.79,9274497.589900,0
1769970300000,103.2700,103.8800,102.9800,103.8200,140574.14,1769970599999,14538462.068100,14628,63128.29,6531861.315400,0
1769970600000,103.8100,103.8100,103.4300,103.6600,86684.01,1769970899999,8979007.780700,10951,36463.87,3776686.026700,0
1769970900000,103.6500,103.6500,103.3400,103.5500,76643.50,1769971199999,7933495.953400,11702,36381.37,3765943.066000,0
1769971200000,103.5400,103.6700,103.0900,103.2100,49681.16,1769971499999,5137229.842600,8966,23506.35,2431080.176600,0
1769971500000,103.2000,103.4300,102.8400,103.0400,143602.32,1769971799999,14811797.468200,14136,64357.96,6641516.840100,0
1769971800000,103.0400,103.1900,102.9000,103.1600,65329.11,1769972099999,6733231.115900,8103,38891.99,4008722.271900,0
1769972100000,103.1700,103.3900,103.0600,103.3700,51988.33,1769972399999,5366678.642900,7325,30750.65,3174468.444200,0
1769972400000,103.3600,103.6800,103.0100,103.0200,73503.91,1769972699999,7593053.145400,10250,34476.16,3563339.198000,0
1769972700000,103.0100,103.0500,102.7600,102.9400,58178.06,1769972999999,5986487.636400,7916,26500.16,2727100.661600,0
1769973000000,102.9400,103.1200,102.8400,102.8800,32894.48,1769973299999,3388109.502800,5242,17350.38,1787125.024500,0
1769973300000,102.8800,102.8900,102.4100,102.7500,75013.42,1769973599999,7697581.703400,10865,37286.12,3826241.781000,0
1769973600000,102.7500,102.9100,102.5600,102.8500,38716.07,1769973899999,3979084.651800,6181,24434.13,2511479.975700,0
1769973900000,102.8500,103.0200,102.7200,102.7600,48803.76,1769974199999,5019095.354200,6511,19797.30,2036458.201300,0
1769974200000,102.7500,102.9800,102.6300,102.8100,40518.51,1769974499999,4165821.619100,6519,20061.22,2062818.286000,0
1769974500000,102.8100,102.8300,102.3800,102.5100,65727.83,1769974799999,6738923.318700,8241,31905.58,3271137.227700,0
1769974800000,102.5000,102.5500,102.3000,102.3700,49639.84,1769975099999,5083806.668600,5605,21557.32,2207917.082400,0
1769975100000,102.3700,102.3800,101.5600,101.7800,250072.01,1769975399999,25481280.162800,22499,95743.78,9752054.089800,0
1769975400000,101.7700,101.9900,101.7200,101.8000,60511.79,1769975699999,6162502.503700,7554,32583.78,3318391.038400,0
1769975700000,101.8000,101.8800,101.4500,101.8800,88660.82,1769975999999,9011937.820700,10933,41162.59,4184394.779100,0
1769976000000,101.8700,101.8700,101.4000,101.6700,77858.23,1769976299999,7910540.025800,10780,30841.30,3133371.130400,0
1769976300000,101.6700,101.7300,101.3100,101.6800,78484.75,1769976599999,7966300.095200,10305,37119.03,3767988.602400,0
1769976600000,101.6900,101.9300,101.1400,101.2300,156193.97,1769976899999,15855404.238800,15113,60642.35,6158837.151600,0
1769976900000,101.2300,101.5400,101.0600,101.2800,114945.41,1769977199999,11645380.174400,11145,50985.96,5166480.143100,0
1769977200000,101.2800,101.4400,101.1300,101.1300,86137.67,1769977499999,8726338.091700,8226,33680.20,3412224.515200,0
1769977500000,101.1200,101.2300,100.1100,100.1900,365091.57,1769977799999,36735083.853000,29914,173433.46,17453944.126500,0
1769977800000,100.2000,101.0600,100.1900,101.0100,159669.87,1769978099999,16072323.578400,16216,84984.62,8553577.935300,0
1769978100000,101.0100,102.3700,100.9600,102.2800,235277.75,1769978399999,23940007.109200,23977,140577.89,14302943.381400,0
1769978400000,102.2900,102.8000,102.0300,102.2300,192060.55,1769978699999,19666900.353100,18989,105978.67,10853242.426900,0
1769978700000,102.2400,102.3200,101.8700,101.9400,88805.98,1769978999999,9066687.001900,10297,41452.36,4232095.101600,0
1769979000000,101.9300,102.0700,101.3300,101.3700,97235.40,1769979299999,9889754.837300,12025,44158.96,4492372.951100,0
1769979300000,101.3700,101.6100,101.3700,101.5200,43662.16,1769979599999,4431583.735500,5553,27080.00,2748523.569100,0
1769979600000,101.5300,101.5400,101.0400,101.0500,63334.29,1769979899999,6415878.053600,9367,28393.55,2876906.725600,0
1769979900000,101.0600,101.2200,100.3000,100.4600,180471.39,1769980199999,18166567.957300,19611,68399.49,6884789.370500,0
1769980200000,100.4500,101.0600,100.4500,100.7700,134226.77,1769980499999,13529696.175900,16737,68634.22,6918834.407400,0
1769980500000,100.7700,100.8000,100.0500,100.2000,176648.36,1769980799999,17731681.547000,17836,69546.82,6984647.925300,0
1769980800000,100.2100,100.6400,100.0400,100.4000,187430.76,1769981099999,18789963.633700,12700,128568.62,12885702.610300,0
1769981100000,100.4000,100.9000,100.3600,100.7200,81964.46,1769981399999,8248699.892100,9928,39251.05,3950476.732500,0
1769981400000,100.7300,101.0500,100.3800,100.7400,83070.21,1769981699999,8365785.211200,12258,38934.40,3922431.092400,0
1769981700000,100.7400,101.5300,100.7400,101.4500,106009.35,1769981999999,10727368.207000,14277,66123.26,6689885.388700,0
1769982000000,101.4400,101.6500,101.2100,101.2500,73937.15,1769982299999,7500401.144700,9676,37778.30,3832879.681000,0
1769982300000,101.2400,101.4800,100.6400,101.4000,159705.93,1769982599999,16142196.352000,19211,86651.81,8759735.212400,0
1769982600000,101.4100,101.4200,100.8100,100.8900,90800.38,1769982899999,9181913.793100,12360,44101.94,4459301.837100,0
1769982900000,100.8800,100.9700,100.3000,100.7900,164217.67,1769983199999,16520188.523700,20258,68798.37,6922030.210400,0
1769983200000,100.7900,101.5800,100.7400,101.5000,140542.69,1769983499999,14220892.269400,20320,83608.49,8458640.731200,0
1769983500000,101.5100,101.8000,101.2400,101.7500,86608.74,1769983799999,8792862.364100,15054,52135.68,5293398.445800,0
1769983800000,101.7500,102.8100,101.6500,102.3500,315222.43,1769984099999,32243185.523400,27848,167903.16,17175287.153200,0
1769984100000,102.3500,102.3700,101.9200,101.9800,102110.14,1769984399999,10427936.419200,13988,45717.52,4669191.911600,0
1769984400000,101.9900,101.9900,101.0800,101.0900,106641.06,1769984699999,10822204.793100,14645,53516.18,5431286.916200,0
1769984700000,101.1000,101.8800,101.0700,101.8000,94693.86,1769984999999,9603522.559700,13246,52914.62,5366523.683600,0
1769985000000,101.8000,102.1700,101.7000,101.9900,76773.38,1769985299999,7827268.942400,10912,42681.19,4351112.883800,0
1769985300000,102.0000,102.4100,101.7100,102.2700,64381.63,1769985599999,6574938.617300,10449,28764.95,2938152.756300,0
1769985600000,102.2600,102.2600,101.8700,102.1100,28186.10,1769985899999,2876377.472300,6170,14246.35,1453625.122000,0
1769985900000,102.1100,102.2200,101.7300,101.8100,32882.59,1769986199999,3353426.683100,7044,14350.32,1463041.653900,0
1769986200000,101.8200,102.1100,101.6000,101.8000,46845.92,1769986499999,4773890.060000,6911,28971.22,2953673.286000,0
1769986500000,101.8100,102.1400,101.7100,101.7200,42184.18,1769986799999,4298523.552700,6008,25043.77,2551515.512700,0
1769986800000,101.7200,101.8100,100.6800,100.8600,186637.18,1769987099999,18861829.959300,19367,88502.69,8942896.706700,0
1769987100000,100.8600,100.8900,98.1600,98.7000,1328878.68,1769987399999,132017114.619200,82292,583638.87,57971254.397200,0
1769987400000,98.7000,100.4400,97.9500,99.9300,934981.28,1769987699999,92590252.537500,65634,469172.06,46485461.941900,0
1769987700000,99.9200,100.6900,99.1100,99.3100,475256.41,1769987999999,47485191.914900,43813,234134.67,23398266.269800,0
1769988000000,99.3000,100.2800,98.7100,99.8000,491637.68,1769988299999,48847628.201100,38860,254157.54,25256994.886600,0
1769988300000,99.7900,100.7600,99.7900,100.5000,361868.81,1769988599999,36343423.522200,31610,187177.49,18800212.765600,0
1769988600000,100.5000,101.3800,100.1500,101.3600,251083.19,1769988899999,25304631.955500,25922,134341.50,13545303.469600,0
1769988900000,101.3700,102.0000,101.1700,101.6000,268007.55,1769989199999,27235118.642100,24709,139151.32,14142401.396400,0
1769989200000,101.5900,101.6900,101.3800,101.5700,113938.13,1769989499999,11568560.419900,12544,51837.53,5263629.637000,0
1769989500000,101.5700,101.5800,100.7700,100.8500,152217.05,1769989799999,15393160.505100,16602,67058.29,6780454.062100,0
1769989800000,100.8500,101.1500,100.5700,100.6300,124508.69,1769990099999,12556170.878500,14023,68317.35,6889543.988100,0
1769990100000,100.6300,101.0600,100.5800,100.7300,116819.94,1769990399999,11784421.573700,12018,57720.15,5822622.787700,0
1769990400000,100.7300,101.0300,99.5700,100.2300,291812.47,1769990699999,29263249.401100,28831,139513.60,13997414.910500,0
1769990700000,100.2300,101.2400,100.0700,101.1200,218690.71,1769990999999,22025627.990600,26404,127203.06,12810588.349800,0
1769991000000,101.1200,101.6700,101.0600,101.0900,198833.54,1769991299999,20150080.273900,21867,98424.93,9974221.168800,0
1769991300000,101.1000,102.1800,101.0000,101.8600,238109.97,1769991599999,24220766.363300,28059,133745.29,13605710.261100,0
1769991600000,101.8600,102.4700,101.8000,102.2400,212331.63,1769991899999,21684143.504500,21510,107355.66,10965305.393300,0
1769991900000,102.2400,102.4500,101.8800,102.1000,134624.26,1769992199999,13754759.758900,16743,59506.13,6080678.678300,0
1769992200000,102.1000,102.4500,101.5500,101.8800,168256.28,1769992499999,17160801.803800,21892,80006.54,8161315.044500,0
1769992500000,101.8700,102.8700,101.8200,102.2700,219517.60,1769992799999,22479359.127600,25190,121033.23,12392528.180900,0
1769992800000,102.2600,102.5900,102.2400,102.4700,120482.49,1769993099999,12340354.919600,13358,53073.97,5436448.226200,0
1769993100000,102.4700,102.8000,102.3100,102.3800,112741.34,1769993399999,11560248.883900,14161,42204.68,4327761.051800,0
1769993400000,102.3900,102.6800,102.1200,102.2400,69384.67,1769993699999,7104209.626500,10046,29149.90,2984624.979800,0
1769993700000,102.2300,102.2900,101.9700,102.2100,85600.97,1769993999999,8741482.990800,10957,44312.68,4525073.095300,0
1769994000000,102.2200,102.8300,102.0600,102.5900,103085.46,1769994299999,10568016.420100,14734,46183.25,4735714.233100,0
1769994300000,102.5800,102.5800,101.3900,101.4500,140304.16,1769994599999,14294696.262200,17737,58379.59,5948230.954200,0
1769994600000,101.4400,101.4900,100.5800,100.6600,240017.88,1769994899999,24227820.611200,23422,97366.67,9825629.232200,0
1769994900000,100.6600,101.9000,100.3300,101.5900,357943.67,1769995199999,36251930.793100,35264,188725.67,19114464.887700,0
1769995200000,101.5900,102.4400,101.2400,102.3800,201687.51,1769995499999,20554263.865700,24437,101989.46,10400870.534300,0
1769995500000,102.3800,103.0900,102.2800,102.8100,191065.32,1769995799999,19618125.251000,22428,111600.70,11460797.014200,0
1769995800000,102.8100,102.8500,102.1600,102.3000,147567.70,1769996099999,15118239.192900,17515,74383.13,7618517.674800,0
1769996100000,102.3000,102.7700,102.1400,102.6000,105175.63,1769996399999,10780857.963800,16009,66763.08,6843177.768500,0
1769996400000,102.6000,102.6200,102.2000,102.2300,71501.78,1769996699999,7324513.181300,10851,40840.51,4183630.830500,0
1769996700000,102.2400,102.3100,101.5500,101.9800,136368.83,1769996999999,13903838.264800,16213,79331.77,8089510.284700,0
1769997000000,101.9900,102.5500,101.9500,102.1600,99953.11,1769997299999,10216709.061700,14852,47377.88,4842331.602600,0
1769997300000,102.1700,102.3400,101.9900,102.0300,61517.43,1769997599999,6285661.539000,8593,29901.22,3054659.456900,0
1769997600000,102.0300,102.4600,101.8100,102.1600,90203.28,1769997899999,9211165.606900,12834,49140.72,5017584.213400,0
1769997900000,102.1700,102.3300,101.8700,102.0800,115062.32,1769998199999,11751301.522000,13762,53057.27,5418961.436600,0
1769998200000,102.0800,102.0800,101.5200,101.7800,112679.25,1769998499999,11461997.082100,13364,52319.86,5322219.521000,0
1769998500000,101.7800,102.6700,101.7500,102.1300,138074.95,1769998799999,14112237.767000,17982,76550.80,7822576.749300,0
1769998800000,102.1400,102.2000,101.7900,101.9700,54480.09,1769999099999,5555867.034400,9382,28686.73,2925358.031400,0
1769999100000,101.9800,102.3900,101.9700,102.0800,63930.75,1769999399999,6536360.075600,9478,34500.29,3527107.223600,0
1769999400000,102.0700,102.2100,101.6500,101.7000,77611.88,1769999699999,7912508.226400,11692,40494.05,4128639.519500,0
1769999700000,101.7100,101.7100,101.1200,101.5800,163017.88,1769999999999,16524022.163400,18642,76697.78,7774829.530000,0
1770000000000,101.5800,101.7200,101.1600,101.1900,53330.24,1770000299999,5408680.174400,10553,28344.19,2874895.874300,0
1770000300000,101.1900,101.3200,100.8300,101.2700,110459.76,1770000599999,11158326.844900,14918,53406.44,5395408.318800,0
1770000600000,101.2700,101.3100,100.7300,100.8100,94897.07,1770000899999,9575710.564000,12554,39687.00,4004935.046500,0
1770000900000,100.8000,100.9200,100.4800,100.6800,122433.30,1770001199999,12326179.885100,13794,54768.64,5513930.908000,0
1770001200000,100.6800,100.8300,100.3000,100.3400,134884.74,1770001499999,13552842.070800,16133,44624.57,4484996.060700,0
1770001500000,100.3400,100.4800,100.0200,100.2500,142337.36,1770001799999,14265700.208600,16956,64519.29,6466165.785300,0
1770001800000,100.2500,100.3000,98.8900,99.0000,430836.11,1770002099999,42863189.228900,33155,147269.32,14646506.050500,0
1770002100000,99.0000,99.1400,98.2800,98.6400,437632.98,1770002399999,43222399.960900,36175,208944.99,20635235.984000,0
1770002400000,98.6500,98.7600,96.7500,97.3800,1207508.60,1770002699999,117736271.758800,84415,547384.22,53375990.726300,0
1770002700000,97.3800,97.7000,96.6800,96.9400,454221.02,1770002999999,44133948.206500,43895,223417.82,21710786.145500,0
1770003000000,96.9400,97.4800,96.2300,96.5100,643312.12,1770003299999,62261576.493100,57413,301942.17,29236456.008200,0
1770003300000,96.5200,96.7400,95.8300,96.4100,479065.11,1770003599999,46134510.461600,43584,232854.42,22435902.350700,0
1770003600000,96.4000,97.2900,96.3700,97.0500,303192.33,1770003899999,29387055.489400,31428,152121.76,14740967.257700,0
1770003900000,97.0600,99.7200,96.9400,99.5500,629819.04,1770004199999,62002963.373100,52583,369990.82,36429804.513300,0
1770004200000,99.5600,100.0500,98.8700,99.5200,481428.01,1770004499999,47862432.879300,42922,258911.74,25746185.981400,0
1770004500000,99.5200,100.4000,99.5200,100.0000,364450.63,1770004799999,36437257.510700,32269,199022.89,19899539.483700,0
1770004800000,100.0100,100.1000,99.0900,99.1300,243386.90,1770005099999,24235216.271500,26393,122313.43,12178590.756100,0
1770005100000,99.1200,99.5800,98.7600,99.5700,164410.20,1770005399999,16280242.467800,18533,91197.61,9033122.381700,0
1770005400000,99.5700,99.6200,98.5800,98.8500,180047.42,1770005699999,17830158.460000,18813,81369.21,8061940.626000,0
1770005700000,98.8500,100.2500,98.7700,100.1100,229939.71,1770005999999,22896671.582300,25239,141143.11,14053205.526500,0
1770006000000,100.1100,100.8600,99.7200,100.8300,268953.56,1770006299999,26984423.599900,27378,154751.37,15528161.450200,0
1770006300000,100.8400,101.2900,100.6200,101.2300,277479.84,1770006599999,28019381.449600,26273,135858.34,13719388.283500,0
1770006600000,101.2200,101.7500,100.8500,101.2800,302424.24,1770006899999,30626582.113300,26777,148130.57,15002951.218600,0
1770006900000,101.2900,101.4600,101.0000,101.2000,151022.11,1770007199999,15283944.579400,16729,78678.24,7962091.731300,0
1770007200000,101.2000,101.2600,100.8500,100.8800,76168.10,1770007499999,7693143.701900,11853,34167.04,3451013.636000,0
1770007500000,100.8700,100.9100,100.4200,100.4400,126548.59,1770007799999,12733592.318000,14145,59802.45,6016891.639200,0
1770007800000,100.4400,100.8000,100.3100,100.4300,71322.68,1770008099999,7166578.289800,11111,39795.98,3998882.805000,0
1770008100000,100.4400,100.5800,100.1200,100.2600,99330.48,1770008399999,9965244.534900,11458,60410.56,6061289.785500,0
1770008400000,100.2600,100.4000,99.8000,100.3200,130689.20,1770008699999,13082394.517200,15038,57623.83,5770000.166500,0
1770008700000,100.3300,100.3600,99.3700,99.6300,164113.61,1770008999999,16390035.905400,18147,65051.50,6496617.297700,0
1770009000000,99.6400,99.7500,99.3800,99.5700,115274.72,1770009299999,11478360.429900,15225,50753.59,5053542.000700,0
1770009300000,99.5700,99.6700,98.8000,99.1500,240471.61,1770009599999,23839871.649000,23071,109396.73,10847717.858200,0
1770009600000,99.1500,99.2900,98.7700,99.1000,136404.85,1770009899999,13507248.481500,16502,68898.41,6823474.214500,0
1770009900000,99.0900,99.1900,98.0200,98.4700,341499.22,1770010199999,33598829.416800,26732,140787.17,13854784.369900,0
1770010200000,98.4700,98.8700,98.1400,98.2000,209897.24,1770010499999,20678483.312100,22386,98665.17,9722315.301400,0
1770010500000,98.1900,98.3900,97.5700,97.8200,302477.24,1770010799999,29602612.379900,26969,132025.67,12919976.532200,0
1770010800000,97.8300,98.3500,97.7400,98.0300,164572.65,1770011099999,16142564.650600,18703,94548.42,9275022.609100,0
1770011100000,98.0200,98.3200,97.7400,98.1500,172935.70,1770011399999,16950903.830000,20950,94055.54,9220491.230600,0
1770011400000,98.1400,98.8700,97.7900,98.1100,264081.47,1770011699999,25979119.780200,28007,128303.20,12625625.356800,0
1770011700000,98.1200,98.6000,98.1000,98.2200,117232.29,1770011999999,11523917.103100,15179,69398.95,6821183.194700,0
1770012000000,98.2200,98.3400,97.0000,98.0800,415839.98,1770012299999,40587104.000600,35466,194972.76,19034106.745300,0
1770012300000,98.0800,98.6400,97.8800,98.6200,169536.73,1770012599999,16648505.066600,21261,92389.73,9072467.351600,0
1770012600000,98.6200,98.7300,98.2200,98.5700,103291.56,1770012899999,10173176.272100,14860,48852.69,4812014.458100,0
1770012900000,98.5700,99.7800,98.3500,99.7700,302409.93,1770013199999,30020719.971100,31365,188858.52,18749824.298900,0
1770013200000,99.7600,99.9500,99.4300,99.4600,202834.68,1770013499999,20210198.914700,22762,95605.95,9526882.955600,0
1770013500000,99.4600,99.4900,98.5600,99.0900,194015.74,1770013799999,19196022.604000,20768,88187.32,8726403.496400,0
1770013800000,99.0800,99.5400,98.4200,98.5200,199735.96,1770014099999,19790416.133300,21527,105120.07,10423851.967600,0
1770014100000,98.5100,98.5500,97.4300,97.6300,460172.91,1770014399999,45058804.201600,37192,190189.12,18619111.753600,0
1770014400000,97.6300,101.3900,97.6300,100.6200,1037981.14,1770014699999,103947692.143000,79103,593237.19,59379032.279900,0
1770014700000,100.6200,101.3300,99.6800,99.8300,432181.13,1770014999999,43397129.541200,44911,209919.87,21089825.525800,0
1770015000000,99.8400,100.5900,99.5900,100.4500,186817.67,1770015299999,18719075.935900,22316,101828.96,10201585.296400,0
1770015300000,100.4500,101.0700,100.1600,100.6700,158503.22,1770015599999,15935218.578200,19466,101290.15,10184674.458900,0
1770015600000,100.6700,101.0800,100.4000,101.0000,180524.85,1770015899999,18177400.755100,23696,108146.74,10890527.671300,0
1770015900000,101.0000,101.5600,100.4400,101.2700,258433.43,1770016199999,26139984.718200,30069,157507.67,15933958.953400,0
1770016200000,101.2600,101.3000,100.6400,100.7500,137073.19,1770016499999,13837279.576200,16493,64443.91,6507328.984700,0
1770016500000,100.7500,101.3300,100.5400,101.2700,134301.04,1770016799999,13550880.446600,17741,68993.94,6963320.599100,0
1770016800000,101.2600,101.5200,100.7600,100.9900,153854.83,1770017099999,15554973.581300,16943,72838.62,7366115.476200,0
1770017100000,100.9900,101.2600,100.9100,101.2200,99689.15,1770017399999,10079690.386300,10973,52416.41,5300138.180800,0
1770017400000,101.2200,101.6100,101.1600,101.4100,108067.97,1770017699999,10959654.624700,14083,64014.80,6491634.646200,0
1770017700000,101.4200,102.0000,101.2800,101.7100,245785.79,1770017999999,25000600.685800,22671,130942.66,13319527.868000,0
1770018000000,101.7200,102.0000,101.5400,101.6900,81927.79,1770018299999,8336746.174400,12209,41189.41,4191905.455300,0
1770018300000,101.6900,102.3900,101.5900,101.8500,275402.01,1770018599999,28086794.137700,22720,187457.58,19114075.314800,0
1770018600000,101.8600,101.9000,101.3100,101.6400,103179.29,1770018899999,10478894.292600,14662,54240.59,5508203.709800,0
1770018900000,101.6400,101.9000,101.3100,101.3800,85033.71,1770019199999,8635488.660700,12440,38744.75,3935044.825100,0
1770019200000,101.3900,102.0000,101.3300,101.8500,161921.25,1770019499999,16457241.291600,19117,97131.08,9873675.623800,0
1770019500000,101.8500,102.0700,101.6000,101.9000,165098.07,1770019799999,16809649.981200,18347,100585.52,10240723.481800,0
1770019800000,101.9000,102.2900,101.8900,101.9200,126427.16,1770020099999,12902686.403000,15521,54121.60,5523535.274500,0
1770020100000,101.9300,102.4200,101.7100,102.4200,124451.53,1770020399999,12693404.820800,17193,66949.23,6829083.715600,0
1770020400000,102.4200,102.4200,101.6000,101.8100,119747.95,1770020699999,12206380.650900,16346,53824.54,5485416.443900,0
1770020700000,101.8100,101.8900,101.4300,101.5500,77013.42,1770020999999,7825676.968600,10878,33257.28,3379573.026700,0
1770021000000,101.5600,101.9600,101.5600,101.9100,68443.65,1770021299999,6965939.945800,10153,38965.33,3965496.955000,0
1770021300000,101.9100,102.2300,101.6700,102.0700,96333.48,1770021599999,9823444.527600,11936,55152.20,5623957.821100,0
1770021600000,102.0600,102.0600,101.7800,101.8600,34723.11,1770021899999,3537385.867700,5960,18792.99,1914549.962500,0
1770021900000,101.8600,102.0600,101.6400,101.9400,50451.13,1770022199999,5139360.142700,7255,30211.19,3078080.564600,0
1770022200000,101.9500,102.0500,101.8200,101.9400,40978.72,1770022499999,4177145.157100,6488,21385.20,2179855.204300,0
1770022500000,101.9400,101.9600,101.6400,101.6500,66855.80,1770022799999,6807399.024000,7218,22697.59,2310997.119600,0
1770022800000,101.6500,101.9900,101.3600,101.9400,91454.33,1770023099999,9290928.896800,11943,40513.23,4117132.111000,0
1770023100000,101.9400,101.9400,101.6300,101.7700,63480.15,1770023399999,6459000.802000,8567,29934.81,3046034.041500,0
1770023400000,101.7700,101.9100,101.6100,101.8700,46780.00,1770023699999,4761406.823800,7711,17119.84,1742468.293900,0
1770023700000,101.8800,102.1300,101.7100,102.0900,55182.37,1770023999999,5624410.641200,8586,28772.35,2932789.904500,0
1770024000000,102.0800,102.3900,101.8100,102.2100,86349.71,1770024299999,8823831.388400,9636,50130.27,5122806.132500,0
1770024300000,102.2100,102.6200,102.0300,102.5500,139165.23,1770024599999,14242203.938500,14993,81817.70,8373848.934100,0
1770024600000,102.5400,102.6800,102.1800,102.2500,161824.38,1770024899999,16580764.293400,17216,88654.65,9085931.830600,0
1770024900000,102.2400,103.1000,102.2400,102.6200,227948.99,1770025199999,23418311.889400,24091,138601.23,14242840.409300,0
1770025200000,102.6300,102.6800,102.2600,102.3900,93959.24,1770025499999,9629101.168700,11411,40947.06,4196690.725000,0
1770025500000,102.3900,103.1600,102.3800,103.0800,179868.40,1770025799999,18503185.825700,18318,107542.95,11063628.370400,0
1770025800000,103.0700,103.0800,102.6900,102.8300,95133.39,1770026099999,9786300.345500,11215,38582.66,3969199.392600,0
1770026100000,102.8400,102.9300,102.5600,102.7400,111833.75,1770026399999,11488348.237200,10396,49272.95,5061691.666200,0
1770026400000,102.7300,103.0000,102.6800,102.8100,65725.56,1770026699999,6759810.397800,9094,38718.34,3982271.517600,0
1770026700000,102.8000,103.2900,102.7500,103.1000,133002.83,1770026999999,13714042.576400,12068,68625.51,7076058.541100,0
1770027000000,103.0900,103.3900,103.0600,103.1700,106200.89,1770027299999,10964240.238900,10674,46248.40,4775178.525500,0
1770027300000,103.1700,103.2400,102.7400,102.9200,98569.37,1770027599999,10147432.523900,10654,34152.21,3515883.302800,0
1770027600000,102.9300,103.0800,102.8400,102.9200,81628.96,1770027899999,8404060.995900,9013,35493.53,3654535.592300,0
1770027900000,102.9200,103.0900,102.9200,103.0600,43777.02,1770028199999,4510079.767000,5950,25284.77,2604877.073000,0
1770028200000,103.0700,103.3000,102.9600,103.0700,64779.06,1770028499999,6681422.329500,8350,24445.33,2521573.374500,0
1770028500000,103.0800,103.0800,102.5800,102.5800,88399.27,1770028799999,9082391.177500,10520,33595.25,3451271.737000,0
1770028800000,102.5800,102.7400,102.5700,102.7000,64781.41,1770029099999,6650015.096900,7018,36910.22,3788877.603500,0
1770029100000,102.7000,102.7700,102.5600,102.6400,48181.12,1770029399999,4945889.289700,5962,24468.43,2511811.470600,0
1770029400000,102.6400,102.9700,102.6300,102.9000,36800.12,1770029699999,3783385.189600,5324,22821.06,2346474.508400,0
1770029700000,102.9000,102.9000,102.7400,102.8400,21635.64,1770029999999,2224368.720000,3585,10149.60,1043448.821500,0
1770030000000,102.8500,103.0200,102.7700,102.8500,41115.94,1770030299999,4231182.834300,6795,26245.49,2701064.581600,0
1770030300000,102.8400,103.1800,102.8200,102.9000,62563.57,1770030599999,6444302.960700,7832,30380.07,3129959.524000,0
1770030600000,102.9100,103.1800,102.6800,103.0900,37560.66,1770030899999,3866980.090700,6542,18681.24,1923601.052400,0
1770030900000,103.0900,103.1000,102.8200,103.0500,35100.47,1770031199999,3613778.457000,6227,15233.37,1568285.154300,0
1770031200000,103.0500,103.0800,102.8600,102.9600,33859.41,1770031499999,3486933.860100,4918,10473.42,1078552.788100,0
1770031500000,102.9500,103.1600,102.9200,103.1500,36879.94,1770031799999,3801200.494300,5133,18382.45,1894737.585900,0
1770031800000,103.1400,103.3700,103.0500,103.2500,79377.07,1770032099999,8191535.182500,9489,36877.78,3805392.630900,0
1770032100000,103.2400,103.2800,103.1100,103.2300,51025.37,1770032399999,5265898.675700,6021,25291.70,2610369.748100,0
1770032400000,103.2200,103.2200,102.8400,103.0200,61314.21,1770032699999,6316978.816700,7106,27791.74,2863259.883600,0
1770032700000,103.0100,103.0600,102.8600,103.0200,48659.97,1770032999999,5010780.807900,5839,27180.53,2799014.878500,0
1770033000000,103.0200,103.1900,102.9300,103.1000,45269.72,1770033299999,4665790.452600,6136,22255.32,2293847.905800,0
1770033300000,103.0900,103.0900,102.5800,102.7300,108477.84,1770033599999,11147078.972100,10074,44975.36,4620651.049400,0
1770033600000,102.7300,103.0800,102.7200,103.0500,68401.93,1770033899999,7035431.627100,8069,40183.77,4132676.780000,0
1770033900000,103.0600,103.2100,102.9300,103.1900,44356.12,1770034199999,4572148.931400,6009,19473.85,2007472.801300,0
1770034200000,103.1800,103.1800,102.9800,103.0800,34917.57,1770034499999,3599336.180100,5787,16084.42,1658181.786600,0
1770034500000,103.0900,103.2800,102.9800,103.0200,104707.94,1770034799999,10795225.496000,10349,61315.55,6321734.209200,0
1770034800000,103.0200,103.3700,102.9900,103.3300,102233.34,1770035099999,10553267.791300,8888,71013.23,7330913.454200,0
1770035100000,103.3400,103.7000,103.1500,103.2200,191354.70,1770035399999,19792427.734000,16509,103459.07,10701745.823700,0
1770035400000,103.2300,103.3000,103.0100,103.0100,67211.28,1770035699999,6931600.835100,8476,30122.30,3106615.207700,0
1770035700000,103.0100,103.1200,102.9100,103.0400,59373.34,1770035999999,6115720.618100,6825,21388.41,2203265.480700,0
1770036000000,103.0400,103.2500,102.8800,102.9800,48933.20,1770036299999,5043868.731600,6216,20108.10,2073080.857100,0
1770036300000,102.9800,103.2000,102.9300,103.0400,38347.47,1770036599999,3952248.131900,5856,20128.94,2074381.428700,0
1770036600000,103.0400,103.3300,102.9800,103.3300,51826.12,1770036899999,5347452.858000,5439,22166.29,2286946.484500,0
1770036900000,103.3400,103.4200,103.1600,103.2400,92835.96,1770037199999,9589487.760400,7937,51397.52,5309053.760900,0
1770037200000,103.2300,103.2400,102.8800,102.9900,88997.28,1770037499999,9170553.302900,8780,43748.05,4507872.178600,0
1770037500000,102.9900,102.9900,102.7600,102.8000,51195.85,1770037799999,5267410.480100,6590,22740.32,2339585.616900,0
1770037800000,102.7900,103.0200,102.7900,103.0000,39126.61,1770038099999,4026475.380700,5926,24743.80,2546423.583100,0
1770038100000,103.0000,103.0100,102.7700,102.8900,43119.33,1770038399999,4435035.577400,5628,22239.37,2287207.252800,0
1770038400000,102.9000,103.3100,102.8300,103.1100,86823.21,1770038699999,8954374.813700,10021,45076.68,4648208.305900,0
1770038700000,103.1200,103.2300,102.9300,102.9900,50293.90,1770038999999,5183222.424100,6777,18234.45,1879414.101400,0
1770039000000,103.0000,103.4000,102.9500,103.3300,122385.14,1770039299999,12632799.988700,10338,74788.94,7719395.290200,0
1770039300000,103.3300,103.6400,103.2800,103.3200,115180.65,1770039599999,11913999.407200,9675,57238.77,5920887.200800,0
1770039600000,103.3200,103.4000,103.1100,103.1700,60404.50,1770039899999,6236350.355400,7974,28990.21,2993306.407500,0
1770039900000,103.1800,103.2300,103.0200,103.1900,44466.60,1770040199999,4585287.427000,6728,18510.53,1908803.612300,0
1770040200000,103.2000,103.2900,102.9300,103.2100,77682.11,1770040499999,8010529.230700,8673,36627.68,3777630.721800,0
1770040500000,103.2100,103.5800,103.1300,103.2500,114694.74,1770040799999,11853156.893600,10985,57631.74,5956632.807300,0
1770040800000,103.2600,103.3500,103.0500,103.0700,65906.06,1770041099999,6801502.382700,8222,33973.58,3506403.805800,0
1770041100000,103.0700,103.1700,102.9600,103.0100,57405.21,1770041399999,5915642.178500,7305,35086.24,3615814.587900,0
1770041400000,103.0200,103.0500,102.2900,102.8300,319072.50,1770041699999,32750994.393100,22349,104282.67,10702300.615500,0
1770041700000,102.8400,102.9900,102.5700,102.7400,104500.25,1770041999999,10742986.677900,10480,57595.31,5921262.210100,0
1770042000000,102.7300,103.5800,102.7200,103.5100,237335.99,1770042299999,24510853.810000,16432,153418.56,15841070.665400,0
1770042300000,103.5000,103.5000,102.9600,103.3500,126207.19,1770042599999,13017635.013100,9772,67225.96,6932488.049500,0
1770042600000,103.3400,104.0900,103.2700,103.8600,447988.89,1770042899999,46477747.508100,44463,247454.57,25676866.414500,0
1770042900000,103.8600,104.5000,103.7800,104.3300,627781.18,1770043199999,65520140.047600,43576,342614.93,35760214.768800,0
1770043200000,104.3300,105.1100,104.1000,104.3200,582422.02,1770043499999,60954725.112700,39159,356319.19,37292751.988700,0
1770043500000,104.3200,104.7400,103.8800,103.9600,226837.60,1770043799999,23649845.132600,25094,95919.92,10003531.206100,0
1770043800000,103.9600,104.4000,103.8400,104.3500,129556.96,1770044099999,13491638.237300,18543,61629.95,6417948.738400,0
1770044100000,104.3400,104.4900,103.8000,103.9200,203750.19,1770044399999,21196992.549400,21488,83915.31,8730642.339900,0
1770044400000,103.9200,104.2200,103.5100,104.1400,219703.08,1770044699999,22830765.963400,26521,107809.91,11207284.070800,0
1770044700000,104.1400,104.5200,103.8000,104.4700,142782.54,1770044999999,14871392.564600,19205,85191.44,8874854.771100,0
1770045000000,104.4600,104.9900,104.2600,104.7000,178513.24,1770045299999,18672045.697300,21084,96171.58,10058805.227000,0
1770045300000,104.7000,105.3300,104.4400,104.9900,229258.55,1770045599999,24050671.614600,26264,126345.41,13256986.140400,0
1770045600000,104.9900,105.6500,104.9400,105.4200,345110.73,1770045899999,36351493.472500,28479,205027.48,21597951.681000,0
1770045900000,105.4100,105.8000,105.0600,105.1100,244133.24,1770046199999,25732789.161500,23524,115480.52,12176539.357400,0
1770046200000,105.1100,105.4600,104.8400,105.0900,138994.86,1770046499999,14615911.026100,18172,74238.72,7807183.905500,0
1770046500000,105.0900,105.9100,104.9400,105.7800,179728.24,1770046799999,18962612.586300,20350,102147.66,10777170.562000,0
1770046800000,105.7900,106.0600,105.3500,105.5100,224438.58,1770047099999,23731374.657400,22557,113113.12,11964507.652700,0
1770047100000,105.5200,105.6600,105.1000,105.2500,114791.62,1770047399999,12089982.328900,15798,61151.09,6440709.275300,0
1770047400000,105.2500,105.3100,104.6100,104.7200,163739.10,1770047699999,17172192.741200,17398,75953.29,7966125.526800,0
1770047700000,104.7100,104.7500,104.3100,104.6300,183453.76,1770047999999,19168916.580900,16525,85444.08,8928778.496900,0
1770048000000,104.6200,104.6500,104.3800,104.4100,122173.41,1770048299999,12766114.704200,14918,58714.99,6135671.790300,0
1770048300000,104.4200,104.9400,104.2000,104.8600,150495.30,1770048599999,15744542.325000,16047,88157.62,9224952.223900,0
1770048600000,104.8700,105.0400,104.7200,104.9500,119523.46,1770048899999,12539176.790600,13631,71195.29,7469978.119500,0
1770048900000,104.9500,105.4200,104.8500,105.3000,126755.10,1770049199999,13335249.995000,15658,73513.53,7734094.919800,0
1770049200000,105.2900,105.4300,105.0200,105.1500,88887.53,1770049499999,9354756.388900,12722,49956.63,5257661.697500,0
1770049500000,105.1500,105.2900,104.8000,105.2800,82642.77,1770049799999,8675732.984500,11343,45203.39,4746126.789300,0
1770049800000,105.2800,105.7100,104.9600,105.6100,151486.75,1770050099999,15959069.637900,16467,98352.54,10362017.775500,0
1770050100000,105.6100,105.6700,105.1800,105.2400,111444.24,1770050399999,11754285.346100,12411,58179.43,6136117.814300,0
1770050400000,105.2400,105.5300,105.1000,105.4200,73815.18,1770050699999,7770612.310500,9470,34787.52,3662746.519800,0
1770050700000,105.4200,105.4400,104.9100,104.9500,80596.43,1770050999999,8472802.387500,12315,34213.76,3597440.077200,0
1770051000000,104.9400,105.1000,104.6900,105.0600,96075.71,1770051299999,10075058.836400,11319,43265.60,4537701.926700,0
1770051300000,105.0700,105.0700,104.8400,104.9300,52996.58,1770051599999,5560935.043300,7731,25810.11,2708486.202800,0
1770051600000,104.9300,105.4400,104.8200,105.3000,124037.92,1770051899999,13051579.943400,15643,65265.62,6868143.755500,0
1770051900000,105.2900,105.4800,105.1400,105.2600,62071.51,1770052199999,6536643.924000,9208,33751.07,3554554.310700,0
1770052200000,105.2600,105.4000,105.0400,105.3000,59650.26,1770052499999,6277390.183300,7673,25394.91,2672834.871100,0
1770052500000,105.3000,105.4300,105.1700,105.3800,63037.83,1770052799999,6637941.912500,8965,38033.11,4004993.034200,0
1770052800000,105.3800,105.5300,105.2500,105.3400,43113.68,1770053099999,4543824.757500,8599,22363.59,2357128.449500,0
1770053100000,105.3300,105.3500,104.9400,105.0800,56130.43,1770053399999,5899672.150600,7590,21109.13,2218574.203700,0
1770053400000,105.0700,105.3300,104.9900,105.1300,39878.97,1770053699999,4194250.089100,6321,23590.50,2481246.048200,0
1770053700000,105.1200,105.3600,104.8400,104.8900,60912.64,1770053999999,6396569.142600,8806,22955.04,2410970.804500,0
1770054000000,104.9000,104.9200,104.4100,104.5400,122044.53,1770054299999,12768627.440500,14030,53583.71,5605302.603300,0
1770054300000,104.5500,104.9200,104.5000,104.7800,48945.68,1770054599999,5124873.646500,8113,25740.43,2695275.083500,0
1770054600000,104.7700,104.8800,104.3700,104.8100,88590.29,1770054899999,9261457.665000,10375,43889.19,4589163.300100,0
1770054900000,104.8100,104.8500,104.6100,104.7400,34463.01,1770055199999,3609140.608700,5760,18236.45,1910006.024400,0
1770055200000,104.7500,104.7900,104.5400,104.5500,53672.61,1770055499999,5616243.978000,7860,20074.58,2100685.057300,0
1770055500000,104.5600,104.5600,104.1900,104.3600,114131.38,1770055799999,11905679.403700,10773,57694.86,6018050.104100,0
1770055800000,104.3500,104.3600,104.1000,104.1600,115598.98,1770056099999,12045330.289100,8658,41857.26,4361448.224500,0
1770056100000,104.1500,104.3000,103.9000,104.2800,191278.90,1770056399999,19901366.107100,12575,76900.90,8002578.006200,0
1770056400000,104.2700,104.2900,104.0100,104.1800,96688.40,1770056699999,10069886.747300,8296,41966.09,4370552.506500,0
1770056700000,104.1800,104.2400,103.7900,103.9800,120421.24,1770056999999,12517659.728900,9397,54868.20,5704339.828600,0
1770057000000,103.9800,104.9700,103.9600,104.8400,145165.70,1770057299999,15175049.155800,13382,92810.70,9701272.094500,0
1770057300000,104.8500,104.8500,104.4500,104.6500,57451.04,1770057599999,6008016.160600,6872,28031.83,2931479.453100,0
1770057600000,104.6500,104.7200,104.2500,104.2600,46471.87,1770057899999,4852385.847600,6206,21529.01,2247773.819400,0
1770057900000,104.2600,104.5600,104.2500,104.3700,51769.16,1770058199999,5405128.754000,6114,31963.19,3337163.177000,0
1770058200000,104.3600,104.7300,104.2900,104.7200,54310.59,1770058499999,5673332.765200,7152,33850.20,3535744.297600,0
1770058500000,104.7200,104.8100,104.6000,104.6400,58067.04,1770058799999,6079772.431100,6987,26026.55,2725018.146500,0
1770058800000,104.6400,104.7600,104.3800,104.3800,51929.92,1770059099999,5431086.190500,7478,24325.72,2544054.541100,0
1770059100000,104.3900,104.4500,104.1600,104.2600,54944.52,1770059399999,5731258.992500,7124,31665.09,3302916.992400,0
1770059400000,104.2500,104.5800,104.2200,104.4100,58618.88,1770059699999,6122274.846300,6889,32182.59,3360729.662700,0
1770059700000,104.4000,104.5000,104.2600,104.2700,37256.04,1770059999999,3889442.971300,5068,24611.48,2569604.897400,0
1770060000000,104.2800,104.3000,104.0800,104.0900,35729.81,1770060299999,3722325.518400,5626,15999.11,1666818.204200,0
1770060300000,104.0800,104.1500,103.9300,104.1100,51639.60,1770060599999,5372361.558900,5494,27841.06,2896618.790000,0
1770060600000,104.1100,104.1900,103.8000,103.8400,85886.53,1770060899999,8929935.019300,8070,34005.76,3536149.641200,0
1770060900000,103.8400,103.9700,103.7300,103.7900,65713.54,1770061199999,6823465.128900,7129,37694.87,3914273.100700,0
1770061200000,103.7900,103.9500,103.7600,103.9200,29690.54,1770061499999,3083082.447900,4955,18138.20,1883503.675400,0
1770061500000,103.9200,103.9200,103.5500,103.6800,73530.49,1770061799999,7624961.223600,7998,30316.92,3143940.035300,0
1770061800000,103.6800,103.7800,103.4300,103.7500,98560.99,1770062099999,10207607.683500,8520,40044.12,4147979.295300,0
1770062100000,103.7400,104.1100,103.7300,103.8300,126020.92,1770062399999,13093856.352700,9266,75646.00,7859367.260400,0
1770062400000,103.8300,104.0000,103.5200,103.9900,130622.96,1770062699999,13551477.093700,14410,61227.10,6351823.594700,0
1770062700000,103.9900,104.2000,103.9400,103.9700,57579.11,1770062999999,5991880.341400,8795,32441.75,3376245.290300,0
1770063000000,103.9600,104.0500,103.7200,103.7600,33535.10,1770063299999,3482622.495100,5498,14653.45,1521753.287900,0
1770063300000,103.7700,104.0300,103.7200,103.7300,56748.02,1770063599999,5893519.531400,6833,27867.78,2893994.508800,0
1770063600000,103.7200,103.8700,103.5000,103.7600,51297.75,1770063899999,5319258.539700,6991,23733.72,2461415.704600,0
1770063900000,103.7600,103.8400,103.5700,103.6100,33855.46,1770064199999,3510461.028200,4801,17378.79,1801941.588400,0
1770064200000,103.6100,103.7000,103.3000,103.3500,117472.16,1770064499999,12154244.266400,10403,62954.27,6514125.477800,0
1770064500000,103.3500,103.5000,103.2500,103.4200,78086.29,1770064799999,8073111.085900,7453,33881.87,3503203.322800,0
1770064800000,103.4200,103.6200,103.4000,103.4500,24380.44,1770065099999,2523279.646500,4634,14400.51,1490408.247500,0
1770065100000,103.4400,103.5200,103.2900,103.4500,42703.81,1770065399999,4415662.665200,5415,17909.95,1851773.549500,0
1770065400000,103.4600,103.7400,103.4100,103.7300,70967.56,1770065699999,7352894.642600,7248,35987.48,3728480.676400,0
1770065700000,103.7400,104.0700,103.6500,103.7700,254562.54,1770065999999,26441033.791100,16273,129900.68,13493692.447500,0
1770066000000,103.7800,104.3900,103.7200,104.3800,119384.61,1770066299999,12426267.246900,11382,84493.80,8795402.450100,0
1770066300000,104.3800,104.6200,104.2500,104.5300,107186.52,1770066599999,11195029.452900,10106,54133.45,5654557.506800,0
1770066600000,104.5200,104.6900,104.4900,104.5600,49234.38,1770066899999,5148772.200100,5725,28224.04,2951761.591900,0
1770066900000,104.5700,104.7000,104.4300,104.5000,28846.18,1770067199999,3015759.902400,4698,13549.42,1416677.458800,0
1770067200000,104.5100,104.5700,104.3100,104.3500,29097.70,1770067499999,3038664.126900,4959,11322.78,1182475.329600,0
1770067500000,104.3600,104.4800,104.3300,104.4600,20640.17,1770067799999,2154985.761800,3334,11548.24,1205838.308200,0
1770067800000,104.4600,104.8200,104.4400,104.7300,53431.97,1770068099999,5592616.786600,5658,36312.72,3800429.234800,0
1770068100000,104.7200,104.9200,104.7000,104.7800,48956.30,1770068399999,5130183.961800,6366,25469.43,2669213.059500,0
1770068400000,104.7800,104.8800,104.6400,104.6800,33621.78,1770068699999,3522574.249100,4581,14205.29,1488580.274200,0
1770068700000,104.6800,104.8200,104.6700,104.7100,18585.49,1770068999999,1946629.860500,3436,13738.21,1438942.764600,0
1770069000000,104.7200,104.8900,104.6700,104.7900,44819.77,1770069299999,4695396.281100,5623,28953.93,3033388.548200,0
1770069300000,104.7800,104.8400,104.7000,104.7500,22785.89,1770069599999,2387129.265900,3438,10558.50,1106200.567100,0
1770069600000,104.7600,105.0100,104.7500,105.0000,68468.55,1770069899999,7183857.985100,6691,45285.26,4751508.723100,0
1770069900000,105.0000,105.1000,104.9100,105.0400,39515.71,1770070199999,4150501.166300,5351,16671.87,1751127.623000,0
1770070200000,105.0300,105.1300,104.8500,104.8900,34218.85,1770070499999,3594166.371000,4512,8762.83,920307.476100,0
1770070500000,104.8800,104.9100,104.6400,104.7800,26404.94,1770070799999,2765789.034600,4015,9544.78,999845.793100,0
1770070800000,104.7800,104.9300,104.6500,104.6800,16364.39,1770071099999,1714489.126000,3352,7951.83,833186.906500,0
1770071100000,104.6800,104.9100,104.5000,104.8200,56687.39,1770071399999,5935046.635000,4507,27362.00,2865981.150800,0
1770071400000,104.8300,105.0400,104.7400,105.0200,15765.04,1770071699999,1653681.361100,3043,10019.34,1051071.058800,0
1770071700000,105.0200,105.0200,104.8600,104.9100,11992.56,1770071999999,1258143.038300,2516,6498.71,681786.269000,0
1770072000000,104.9100,105.0200,104.8300,104.9600,24978.66,1770072299999,2620821.594800,3406,11913.60,1249846.551900,0
1770072300000,104.9600,105.0200,104.8500,104.9500,20003.08,1770072599999,2098841.708100,3985,6666.56,699571.695400,0
1770072600000,104.9500,104.9600,104.8200,104.9500,17954.42,1770072899999,1882883.670700,3325,5682.47,595973.505600,0
1770072900000,104.9500,104.9900,104.7200,104.9400,25878.82,1770073199999,2713140.611000,4241,13740.00,1440522.060200,0
1770073200000,104.9500,105.0000,104.6100,104.6900,47874.63,1770073499999,5015845.719400,7144,25442.77,2665637.834100,0
1770073500000,104.7000,104.8400,104.6300,104.7100,30376.67,1770073799999,3181197.821600,5065,12784.63,1338734.666900,0
1770073800000,104.7000,104.9000,104.6900,104.7900,21601.21,1770074099999,2263906.632800,4134,11066.55,1159823.790100,0
1770074100000,104.7900,104.8600,104.6300,104.7100,21054.90,1770074399999,2205343.276600,3820,9267.17,970671.790100,0
1770074400000,104.7000,104.7100,104.4700,104.5200,34403.35,1770074699999,3596837.734500,4499,13935.70,1456899.485500,0
1770074700000,104.5200,104.5300,104.3400,104.4100,27847.25,1770074999999,2907328.008000,3790,9820.73,1025355.907100,0
1770075000000,104.4200,104.6400,104.3500,104.6400,33405.02,1770075299999,3490559.550200,4438,22893.61,2392340.533300,0
1770075300000,104.6300,104.7600,104.5800,104.6900,50887.87,1770075599999,5327114.179000,5583,28557.75,2989694.837400,0
1770075600000,104.6800,104.7100,104.6000,104.6000,22358.25,1770075899999,2340045.259800,3275,12746.43,1334133.633300,0
1770075900000,104.6100,104.6600,104.4700,104.4900,15161.57,1770076199999,1585729.500300,2716,7771.10,812882.142800,0
1770076200000,104.4900,104.6500,104.4100,104.5400,29804.90,1770076499999,3114724.418200,4222,15897.11,1661225.713500,0
1770076500000,104.5400,104.5400,104.3400,104.4800,31781.38,1770076799999,3318491.338200,3621,10831.18,1130951.533700,0
1770076800000,104.4700,104.6000,104.0400,104.0700,112402.74,1770077099999,11715577.692200,9444,25990.33,2709654.126000,0
1770077100000,104.0800,104.1100,103.7400,103.8200,91398.43,1770077399999,9496172.168900,8575,36062.53,3746480.888100,0
1770077400000,103.8300,103.9900,103.6200,103.9700,54304.21,1770077699999,5634785.874600,7108,27897.29,2895175.503200,0
1770077700000,103.9700,103.9900,103.8200,103.9500,36891.26,1770077999999,3833220.747700,5929,20329.75,2112397.854400,0
1770078000000,103.9500,104.2600,103.9100,103.9600,80487.94,1770078299999,8377498.136600,7351,43843.46,4563334.650000,0
1770078300000,103.9500,104.3100,103.8600,104.2200,39841.78,1770078599999,4149340.571200,5932,17055.29,1775933.624300,0
1770078600000,104.2300,104.2300,103.7000,103.7700,57647.62,1770078899999,5995354.220900,7097,30424.88,3163677.615500,0
1770078900000,103.7700,103.9800,103.6200,103.9100,117801.18,1770079199999,12230420.108200,8697,78856.00,8187821.254400,0
1770079200000,103.9200,104.0200,103.8400,103.9800,30682.31,1770079499999,3189120.666300,4831,17903.53,1860897.016500,0
1770079500000,103.9900,104.2000,103.8700,103.8800,56296.18,1770079799999,5857457.723800,6285,26626.39,2770566.475600,0
1770079800000,103.8700,103.9000,103.6300,103.8600,52022.78,1770080099999,5397513.686200,5705,28647.94,2972152.960900,0
1770080100000,103.8500,104.1600,103.8200,104.0900,36181.00,1770080399999,3763191.459000,4724,18419.92,1915698.448700,0
1770080400000,104.1000,104.2400,103.8700,104.0200,65294.97,1770080699999,6792778.989000,8086,38064.12,3959896.532000,0
1770080700000,104.0200,104.0600,103.6800,103.7300,38209.47,1770080999999,3969089.498600,5984,14734.09,1530193.891300,0
1770081000000,103.7300,103.9700,103.7200,103.8500,21871.77,1770081299999,2271163.938100,4384,11290.32,1172363.192700,0
1770081300000,103.8600,103.9500,103.5200,103.5500,54426.63,1770081599999,5643991.341600,6215,21043.45,2182410.695000,0
1770081600000,103.5500,104.0900,103.4700,103.8300,53325.59,1770081899999,5532582.434100,7379,25361.04,2631046.532600,0
1770081900000,103.8200,104.0800,103.7600,103.8400,47499.93,1770082199999,4936136.362300,6255,22970.41,2387027.338900,0
1770082200000,103.8400,103.8400,103.5000,103.6500,43599.35,1770082499999,4518989.477100,7241,25424.06,2635090.271600,0
1770082500000,103.6500,103.7400,103.5000,103.6300,27501.90,1770082799999,2849634.841300,5220,15894.61,1646896.259700,0
1770082800000,103.6400,103.9800,103.6300,103.9700,36901.29,1770083099999,3829703.224800,5435,24511.54,2544108.952700,0
1770083100000,103.9700,104.1200,103.9000,103.9900,35507.97,1770083399999,3692543.799100,6100,21367.80,2222103.476800,0
1770083400000,104.0000,104.2700,103.9200,104.1900,42675.52,1770083699999,4444663.437300,6348,24234.00,2523919.528300,0
1770083700000,104.1900,104.3300,104.1200,104.3100,45859.35,1770083999999,4780264.889500,5120,28052.03,2924222.766100,0
1770084000000,104.3200,104.3400,103.9000,103.9100,46667.07,1770084299999,4858348.365000,6285,18635.77,1940216.375800,0
1770084300000,103.9200,103.9300,103.6600,103.6800,59802.47,1770084599999,6205762.976800,6433,20639.86,2141667.927500,0
1770084600000,103.6800,103.6900,103.1000,103.3200,170878.87,1770084899999,17655293.117900,13760,58886.22,6083712.608900,0
1770084900000,103.3200,103.6000,103.2400,103.4600,50430.19,1770085199999,5217465.765900,7316,31178.74,3225827.559900,0
1770085200000,103.4500,103.7000,103.4200,103.6900,46359.48,1770085499999,4802454.039600,6382,29008.05,3004961.574400,0
1770085500000,103.6800,103.6800,103.2800,103.4000,33540.33,1770085799999,3470030.628300,5698,14373.42,1487276.344100,0
1770085800000,103.4000,103.4000,102.8000,103.2200,141571.01,1770086099999,14592437.994100,13837,49820.51,5136260.432200,0
1770086100000,103.2300,103.4400,103.0100,103.0600,65496.63,1770086399999,6760052.130700,7098,26675.40,2755115.630000,0
1770086400000,103.0600,103.1800,102.8500,103.0900,76860.14,1770086699999,7915372.126900,7783,29004.01,2987624.089200,0
1770086700000,103.0800,103.1100,102.5600,102.6800,123094.78,1770086999999,12657567.043000,12610,53310.89,5482911.897000,0
1770087000000,102.6800,102.7300,102.5400,102.5500,98061.27,1770087299999,10063651.632700,9502,39447.80,4048656.448800,0
1770087300000,102.5500,102.7600,102.2600,102.3500,111036.15,1770087599999,11379538.366000,12056,48083.55,4928948.569400,0
1770087600000,102.3600,102.5000,102.0800,102.1400,216892.33,1770087899999,22190200.081500,17416,77781.85,7958859.068500,0
1770087900000,102.1500,102.7800,102.1500,102.5000,122359.70,1770088199999,12538706.110400,13485,71697.97,7347103.112900,0
1770088200000,102.5000,102.8200,102.5000,102.6900,98046.50,1770088499999,10072108.092000,7984,52859.42,5429921.976800,0
1770088500000,102.6800,102.8600,102.2900,102.3200,74326.92,1770088799999,7622942.142200,8825,43233.57,4434880.845200,0
1770088800000,102.3300,102.7700,102.1100,102.6700,101269.57,1770089099999,10364966.872800,10204,59208.97,6061859.877700,0
1770089100000,102.6700,102.9900,102.5900,102.9600,80084.25,1770089399999,8228951.899900,9048,51837.22,5326943.208900,0
1770089400000,102.9600,103.4900,102.8700,103.2700,139506.33,1770089699999,14393077.489900,13276,79200.18,8172623.920700,0
1770089700000,103.2600,103.6900,103.2400,103.5400,94910.83,1770089999999,9823509.214800,10462,54156.69,5605231.294500,0
1770090000000,103.5400,103.8800,103.5100,103.7600,76382.13,1770090299999,7924525.334000,8730,47237.98,4900729.935600,0
1770090300000,103.7600,103.8900,103.7300,103.7600,48155.63,1770090599999,4998469.242600,6615,22372.13,2322309.261400,0
1770090600000,103.7600,103.9600,103.6800,103.7600,54195.87,1770090899999,5625979.778000,7311,24609.65,2554947.021500,0
1770090900000,103.7600,104.3600,103.7200,104.1000,168300.19,1770091199999,17525238.487000,16177,104804.09,10911100.892600,0
1770091200000,104.0900,104.1000,103.8200,103.8700,68380.42,1770091499999,7107207.568600,8813,30985.65,3220963.836300,0
1770091500000,103.8700,104.0000,103.7900,103.9900,32951.39,1770091799999,3423341.236200,5603,16320.67,1695649.258200,0
1770091800000,103.9800,104.4400,103.9600,104.3600,58528.81,1770092099999,6102463.813700,8311,38705.23,4035667.896600,0
1770092100000,104.3700,104.4500,104.1400,104.2600,66380.64,1770092399999,6924180.844600,7832,36191.76,3775869.460900,0
1770092400000,104.2600,104.3400,104.1000,104.1200,25287.65,1770092699999,2635512.215000,4516,10647.13,1109761.639500,0
1770092700000,104.1100,104.1600,103.9800,103.9900,32880.93,1770092999999,3421649.244900,4461,12114.50,1260836.248400,0
1770093000000,103.9800,104.2000,103.9800,104.1400,36030.80,1770093299999,3750409.933500,5013,22031.57,2293448.981100,0
1770093300000,104.1500,104.3800,104.0900,104.3500,34201.54,1770093599999,3564293.938300,5564,21738.13,2265696.330900,0
1770093600000,104.3500,105.0000,104.3500,104.9900,153463.71,1770093899999,16076880.928400,12837,101839.48,10668087.557900,0
1770093900000,104.9900,105.0600,104.7700,104.7900,86638.81,1770094199999,9088379.750500,8076,44563.02,4675349.121400,0
1770094200000,104.7900,104.8700,104.5900,104.6400,37106.12,1770094499999,3885583.203900,4667,13728.60,1437831.180600,0
1770094500000,104.6300,104.7400,104.5500,104.6200,28196.14,1770094799999,2950314.338600,3588,11977.27,1253490.648600,0
1770094800000,104.6300,104.6800,104.3000,104.3200,46105.79,1770095099999,4815774.991000,6085,18705.70,1953870.745000,0
1770095100000,104.3200,104.5000,104.3200,104.3700,25053.24,1770095399999,2615327.827100,4454,15785.62,1647879.446000,0
1770095400000,104.3700,104.4500,103.8400,103.9000,87198.68,1770095699999,9076168.797500,8653,27309.19,2842455.335500,0
1770095700000,103.9100,103.9800,103.6100,103.6800,88752.88,1770095999999,9212087.153100,7947,29301.36,3042308.688900,0
1770096000000,103.6700,104.0500,103.6100,103.9400,43086.87,1770096299999,4473933.960800,5938,30550.47,3172544.894500,0
1770096300000,103.9400,103.9900,103.8200,103.9300,26557.86,1770096599999,2759181.799500,3484,11351.75,1179399.895300,0
1770096600000,103.9300,104.0300,103.8400,103.9500,28829.52,1770096899999,2996395.153700,5263,16648.29,1730370.281900,0
1770096900000,103.9500,104.1400,103.8800,103.9600,28945.04,1770097199999,3010307.814100,5406,14953.40,1555502.081800,0
1770097200000,103.9600,104.0300,103.8400,103.9600,21546.06,1770097499999,2239452.292600,4195,9868.74,1025880.613200,0
1770097500000,103.9500,104.1400,103.8700,104.0700,47538.45,1770097799999,4946489.996400,5337,21920.29,2280790.357100,0
1770097800000,104.0600,104.0600,103.8700,103.9200,28267.50,1770098099999,2938847.278400,4198,9917.03,1031073.171700,0
1770098100000,103.9100,103.9400,103.5800,103.6500,40522.10,1770098399999,4201883.399300,5717,14150.99,1467235.982600,0
1770098400000,103.6500,103.7500,103.5700,103.6600,47898.61,1770098699999,4964912.365900,6732,22660.35,2348853.983800,0
1770098700000,103.6500,103.6500,102.8800,103.0900,180725.04,1770098999999,18640107.480200,15688,58127.31,5993134.527900,0
1770099000000,103.0900,103.1400,102.9700,103.0300,58830.21,1770099299999,6062431.821400,6018,25534.12,2631303.214800,0
1770099300000,103.0200,103.5500,102.9700,103.5100,90111.49,1770099599999,9307120.882100,9002,52196.48,5389614.838500,0
1770099600000,103.5000,103.6000,103.3400,103.4300,77370.51,1770099899999,8005863.721900,7667,35715.62,3695668.188100,0
1770099900000,103.4300,104.0000,103.4000,103.7800,81412.59,1770100199999,8439943.544000,8566,50834.53,5269918.479300,0
1770100200000,103.7800,103.9200,103.6600,103.8900,47159.75,1770100499999,4893112.307800,6007,23304.09,2418208.695000,0
1770100500000,103.9000,104.0200,103.7500,103.7700,43407.15,1770100799999,4510551.027700,5841,17612.44,1830305.884800,0
1770100800000,103.7700,103.9100,103.7100,103.7400,27985.33,1770101099999,2904888.405900,3998,12391.51,1285969.355700,0
1770101100000,103.7300,103.9400,103.6200,103.8300,24652.07,1770101399999,2558084.706200,5214,16597.47,1722344.457000,0
1770101400000,103.8300,104.0200,103.8100,103.9400,25447.32,1770101699999,2644706.797400,4282,17178.14,1785386.394200,0
1770101700000,103.9400,104.0100,103.8200,103.9000,21413.82,1770101999999,2225276.431200,3927,12236.74,1271731.503200,0
1770102000000,103.9100,103.9900,103.6800,103.8200,36249.86,1770102299999,3765035.065600,5671,21409.86,2224232.442200,0
1770102300000,103.8200,104.2600,103.8000,104.2200,51608.59,1770102599999,5371231.044200,7853,31980.88,3328635.177100,0
1770102600000,104.2200,104.4700,104.1300,104.1600,64290.57,1770102899999,6703252.727500,8805,43044.86,4488746.292400,0
1770102900000,104.1600,104.2800,103.9300,104.0300,38150.60,1770103199999,3971323.840600,5912,16681.27,1736902.382600,0
1770103200000,104.0400,104.2200,104.0300,104.0900,25773.92,1770103499999,2684441.958300,4559,14974.34,1559686.731900,0
1770103500000,104.0800,104.2500,104.0300,104.1400,31460.67,1770103799999,3276461.897700,5059,17701.07,1843520.350500,0
1770103800000,104.1500,104.6800,104.0900,104.6300,64458.39,1770104099999,6731764.865500,9204,40060.28,4183291.918400,0
1770104100000,104.6400,104.8500,104.5000,104.6700,103221.68,1770104399999,10806248.262300,9978,44089.01,4616198.217200,0
1770104400000,104.6800,104.7700,104.5000,104.5700,59120.28,1770104699999,6186403.692300,5775,36964.88,3868273.617700,0
1770104700000,104.5700,104.7400,104.5600,104.7100,49670.65,1770104999999,5197206.138700,4855,17481.97,1829459.823600,0
1770105000000,104.7000,104.7900,104.5200,104.5700,24116.54,1770105299999,2523383.811300,4376,10392.42,1087456.087100,0
1770105300000,104.5600,104.6900,104.5200,104.6200,27683.29,1770105599999,2895323.564900,4668,14565.44,1523410.047800,0
1770105600000,104.6200,104.7000,104.4100,104.5800,64835.51,1770105899999,6778732.318400,7868,32454.31,3393506.951200,0
1770105900000,104.5800,104.6900,104.4400,104.5100,34837.36,1770106199999,3642539.510800,6266,16734.14,1749728.753400,0
1770106200000,104.5000,104.5100,104.1200,104.1900,102812.22,1770106499999,10722073.633200,8881,33269.27,3469936.687800,0
1770106500000,104.1800,104.4700,104.0600,104.4300,53517.46,1770106799999,5577306.190800,7109,27561.15,2873083.771800,0
1770106800000,104.4400,104.6700,104.3000,104.6300,27688.48,1770107099999,2893684.258400,4972,17561.49,1835622.240000,0
1770107100000,104.6300,104.9500,104.6300,104.7800,166430.41,1770107399999,17445011.086800,11285,127379.68,13350957.352900,0
1770107400000,104.7800,104.7900,104.5100,104.6200,45327.53,1770107699999,4743847.780500,5650,15552.90,1627567.782400,0
1770107700000,104.6300,104.8400,104.5500,104.7000,93685.27,1770107999999,9813792.630100,7054,64536.41,6760986.932800,0
1770108000000,104.7100,104.7900,104.6000,104.7300,49161.30,1770108299999,5146971.955800,4558,26682.20,2793857.587300,0
1770108300000,104.7400,104.7400,104.3400,104.4000,70262.84,1770108599999,7345299.451600,5626,18352.75,1918327.005200,0
1770108600000,104.4000,104.4300,104.2100,104.2100,58654.82,1770108899999,6120180.955000,4713,18066.52,1885075.442700,0
1770108900000,104.2100,104.2500,103.9900,104.0300,66391.74,1770109199999,6911044.866000,5841,28500.46,2966664.088300,0
1770109200000,104.0300,104.1200,103.9000,103.9600,53632.54,1770109499999,5578740.385100,6268,23630.89,2458636.235100,0
1770109500000,103.9700,104.1400,103.9400,103.9400,35611.88,1770109799999,3704604.740500,5631,17267.57,1796336.889700,0
1770109800000,103.9300,103.9300,103.0000,103.0500,369537.86,1770110099999,38194097.767900,26743,139623.91,14429666.193600,0
1770110100000,103.0500,103.2100,102.6000,103.0600,397973.21,1770110399999,40986894.345100,30213,172237.78,17742979.845700,0
1770110400000,103.0700,103.2300,102.6800,102.7100,97360.93,1770110699999,10030119.871300,11503,43374.98,4469975.725000,0
1770110700000,102.7100,102.7500,102.4300,102.5600,119944.68,1770110999999,12298897.625500,11071,55400.30,5681133.708900,0
1770111000000,102.5700,102.9200,102.4900,102.8800,113224.55,1770111299999,11630954.647400,11785,69649.43,7154886.628500,0
1770111300000,102.8800,103.3700,102.8500,103.1000,97136.29,1770111599999,10020687.600700,11101,59604.19,6148757.574400,0
1770111600000,103.0900,103.3400,103.0800,103.2200,82981.43,1770111899999,8567123.723700,7529,41649.09,4299622.229300,0
1770111900000,103.2100,103.3200,102.9800,103.0300,68752.26,1770112199999,7090764.416800,6960,24841.10,2562264.665100,0
1770112200000,103.0200,103.2000,102.9700,103.0800,45110.57,1770112499999,4650395.516600,5921,22075.23,2275752.778000,0
1770112500000,103.0700,103.1900,103.0000,103.0300,40723.03,1770112799999,4198342.636700,5175,17339.13,1787665.540400,0
1770112800000,103.0400,103.2500,102.8900,103.0500,73660.35,1770113099999,7591655.552900,8274,34168.59,3522417.078900,0
1770113100000,103.0500,103.1500,102.8600,103.0600,59275.55,1770113399999,6106497.032000,6897,27419.89,2825157.157200,0
1770113400000,103.0500,103.0500,102.7300,102.7900,72655.69,1770113699999,7471633.216800,7458,31167.15,3205483.744700,0
1770113700000,102.7900,102.8100,102.5600,102.6100,74163.17,1770113999999,7616287.940500,7230,26613.19,2733358.073800,0
1770114000000,102.6100,103.0100,102.5200,102.9200,95700.40,1770114299999,9838063.099800,8449,50929.38,5236478.982100,0
1770114300000,102.9300,103.0800,102.9100,102.9600,44161.61,1770114599999,4548281.615400,4987,24792.24,2553395.786100,0
1770114600000,102.9700,102.9700,102.6000,102.6500,39552.13,1770114899999,4064642.927800,5856,18804.72,1932743.573500,0
1770114900000,102.6400,102.7700,102.3800,102.7400,100347.07,1770115199999,10294511.230100,9140,40400.25,4145816.724900,0
1770115200000,102.7400,102.7700,102.5400,102.6700,32946.71,1770115499999,3382220.007400,4878,11193.84,1149228.334400,0
1770115500000,102.6600,102.7800,102.6400,102.7500,34819.67,1770115799999,3576242.026300,4959,23393.49,2402735.784500,0
1770115800000,102.7600,102.8300,102.6000,102.7800,39854.16,1770116099999,4093690.830000,5487,23532.98,2417452.948300,0
1770116100000,102.7800,102.8500,102.7200,102.8000,20215.78,1770116399999,2077800.702400,3317,10712.70,1101174.025900,0
1770116400000,102.8000,102.9700,102.7500,102.9700,40355.21,1770116699999,4150150.830500,5864,22534.81,2317647.724300,0
1770116700000,102.9800,103.1200,102.8600,103.0300,54105.84,1770116999999,5574211.818100,6382,30791.10,3172429.866500,0
1770117000000,103.0300,103.0700,102.9600,103.0000,25473.09,1770117299999,2624083.079800,3643,11404.70,1174871.283400,0
1770117300000,103.0000,103.1600,102.8700,102.9800,35829.11,1770117599999,3691401.251300,4893,17283.12,1780872.703800,0
1770117600000,102.9700,103.1700,102.9700,102.9900,48570.28,1770117899999,5006273.218900,4969,15340.21,1581173.744700,0
1770117900000,102.9800,103.0700,102.8800,102.9600,41669.69,1770118199999,4290870.402700,4823,17205.29,1771895.121200,0
1770118200000,102.9600,103.3000,102.8400,103.1700,69583.10,1770118499999,7167385.221900,7433,31424.65,3237842.004800,0
1770118500000,103.1800,103.3100,102.9600,102.9700,61029.20,1770118799999,6298622.959600,5700,29708.55,3066562.060500,0
1770118800000,102.9700,103.2400,102.9700,103.0700,40741.17,1770119099999,4201842.451800,4577,24667.80,2544053.225800,0
1770119100000,103.0800,103.3300,103.0600,103.2500,54582.54,1770119399999,5635387.853000,5420,35864.38,3702746.687600,0
1770119400000,103.2400,103.2600,103.0100,103.0900,31445.30,1770119699999,3242771.000400,3595,15500.57,1598768.165600,0
1770119700000,103.0900,103.1900,102.9000,102.9200,30654.71,1770119999999,3157778.506000,4194,13278.20,1367867.292000,0
1770120000000,102.9300,103.0100,102.4500,102.6000,137351.40,1770120299999,14099431.790500,11857,49565.03,5087832.689000,0
1770120300000,102.6000,102.7800,102.4200,102.7500,85872.35,1770120599999,8808833.620800,8590,45040.92,4621401.583200,0
1770120600000,102.7400,103.1700,102.7000,102.8900,75857.97,1770120899999,7810311.468200,8467,44705.11,4602759.611300,0
1770120900000,102.8900,102.9000,102.7200,102.8100,50036.18,1770121199999,5144848.884100,5433,29793.41,3063522.749100,0
1770121200000,102.8100,103.0100,102.7500,102.8600,37086.33,1770121499999,3814253.590800,4537,21912.73,2253661.990100,0
1770121500000,102.8600,103.2000,102.8500,103.1000,36358.36,1770121799999,3745939.647900,4774,19469.16,2006123.571000,0
1770121800000,103.0900,103.1700,102.8500,102.8600,46177.87,1770122099999,4757623.747800,5578,24166.84,2490031.702000,0
1770122100000,102.8600,103.1500,102.8200,103.1500,21754.52,1770122399999,2240950.284300,4107,11655.34,1200654.234100,0
1770122400000,103.1500,103.1900,103.0300,103.0300,34385.72,1770122699999,3545743.271300,4535,16397.22,1690903.277200,0
1770122700000,103.0400,103.2400,102.9700,103.1600,58506.26,1770122999999,6034111.285800,5825,31164.58,3214204.536600,0
1770123000000,103.1600,103.2000,102.9900,103.1900,42503.36,1770123299999,4382210.563700,4576,22681.60,2338752.352400,0
1770123300000,103.2000,103.2900,103.0300,103.0500,40189.66,1770123599999,4147383.335000,4764,18246.69,1883304.940700,0
1770123600000,103.0500,103.0600,102.8200,102.9400,51917.75,1770123899999,5343968.858100,5580,25998.58,2675905.942300,0
1770123900000,102.9500,103.3800,102.9400,103.1600,56651.30,1770124199999,5847564.466700,6730,32747.09,3379873.427200,0
1770124200000,103.1600,103.1900,103.0200,103.1200,33263.67,1770124499999,3429686.893900,4158,17663.11,1821095.998000,0
1770124500000,103.1200,103.2200,103.0100,103.0600,32191.39,1770124799999,3319126.971200,4218,17972.38,1853036.821500,0
1770124800000,103.0500,103.0700,102.6800,102.7500,132203.83,1770125099999,13588998.245300,8004,53934.81,5542484.998100,0
1770125100000,102.7400,103.0900,102.7400,103.0600,56547.65,1770125399999,5818943.058300,4973,32386.96,3332840.506100,0
1770125400000,103.0700,103.1500,102.8800,103.0300,51083.24,1770125699999,5262005.172600,5441,16921.45,1743126.299700,0
1770125700000,103.0300,103.3000,102.9200,103.1500,40652.77,1770125999999,4193171.498100,5703,18328.85,1890632.275200,0
1770126000000,103.1600,103.2100,102.9200,102.9300,31380.62,1770126299999,3233476.561900,3905,14495.12,1493562.642400,0
1770126300000,102.9400,103.1900,102.8800,103.1700,19011.37,1770126599999,1959239.315100,3704,10846.88,1117953.226800,0
1770126600000,103.1700,103.2500,103.0000,103.1500,35065.15,1770126899999,3616717.750800,5176,19848.38,2047223.695000,0
1770126900000,103.1500,103.5300,103.1500,103.3300,82843.20,1770127199999,8562026.306200,7855,42167.17,4358190.375300,0
1770127200000,103.3400,103.5800,103.2400,103.3100,74751.74,1770127499999,7731043.708600,7371,38786.32,4012092.676100,0
1770127500000,103.3100,103.3300,103.2000,103.2600,30456.09,1770127799999,3145163.050600,4347,13638.27,1408343.942600,0
1770127800000,103.2500,103.3000,103.0900,103.1400,37760.03,1770128099999,3894907.070200,4620,20637.16,2128644.538200,0
1770128100000,103.1400,103.2800,102.7300,102.7800,117952.94,1770128399999,12136665.625300,10677,49179.02,5061614.021000,0
1770128400000,102.7800,102.9700,102.7500,102.8800,63039.81,1770128699999,6484725.101500,5708,39812.69,4095402.637700,0
1770128700000,102.8800,103.2700,102.8800,103.1400,64073.41,1770128999999,6604470.889700,7572,31618.13,3259332.906400,0
1770129000000,103.1300,103.2200,102.5000,102.7600,164593.27,1770129299999,16913371.395100,19267,73140.38,7516642.085000,0
1770129300000,102.7600,102.9800,101.8000,101.9700,346272.14,1770129599999,35422665.411800,32537,124711.25,12763528.685000,0
1770129600000,101.9700,102.5000,101.5200,101.9400,387277.03,1770129899999,39466765.571900,29814,209906.55,21396088.870100,0
1770129900000,101.9400,102.2700,101.6000,101.8800,203006.81,1770130199999,20698055.135900,23324,111493.46,11367647.526500,0
1770130200000,101.8700,101.8700,101.1000,101.2100,271489.07,1770130499999,27525388.111100,23990,112409.70,11399619.712800,0
1770130500000,101.2100,101.2900,100.7000,100.7900,289145.40,1770130799999,29187498.169800,26207,128728.82,12994287.659900,0
1770130800000,100.7800,101.3200,100.4700,101.0500,356670.65,1770131099999,35975056.146100,32599,180419.86,18205045.428000,0
1770131100000,101.0500,101.6100,100.8400,101.4600,214340.48,1770131399999,21698997.804000,23109,122045.54,12357953.558100,0
1770131400000,101.4500,101.5500,100.4200,100.5000,285191.32,1770131699999,28743224.504900,21389,138609.31,13964133.563100,0
1770131700000,100.5000,101.0200,100.3000,100.6200,282261.28,1770131999999,28399113.508500,25536,155960.41,15696772.933600,0
1770132000000,100.6200,101.3100,100.5700,100.7200,180956.15,1770132299999,18271989.897700,23012,85724.20,8656373.818800,0
1770132300000,100.7100,102.7300,100.5700,102.0000,659855.90,1770132599999,67351961.445100,47320,365334.99,37268930.460300,0
1770132600000,102.0000,102.7000,101.5800,102.1500,257037.33,1770132899999,26249263.671700,27421,133916.01,13682602.970000,0
1770132900000,102.1400,102.3200,101.6800,101.8900,208185.36,1770133199999,21233474.341900,20908,138552.00,14134730.773000,0
1770133200000,101.9000,101.9800,101.1700,101.3200,195390.15,1770133499999,19830921.036800,15534,69795.53,7089693.346000,0
1770133500000,101.3100,102.3000,101.1700,102.1400,259736.75,1770133799999,26417610.533700,21489,157818.05,16050517.217600,0
1770133800000,102.1300,102.3900,101.7200,102.1400,158600.13,1770134099999,16194961.717100,18297,89811.15,9170514.618400,0
1770134100000,102.1300,102.6600,102.0800,102.5200,177647.30,1770134399999,18187330.140700,16849,104357.58,10682654.841700,0
1770134400000,102.5200,102.5200,101.9400,101.9700,130826.93,1770134699999,13366890.919300,15495,63270.67,6463656.310800,0
1770134700000,101.9700,102.1800,101.5900,101.7100,123549.80,1770134999999,12576782.240300,15499,55825.69,5683965.811500,0
1770135000000,101.7100,101.7400,101.1500,101.2500,191618.72,1770135299999,19422871.311700,15753,100751.40,10209383.577300,0
1770135300000,101.2500,101.2900,100.7000,100.9900,219222.82,1770135599999,22130742.422800,19242,109504.65,11055196.998400,0
1770135600000,100.9800,101.0100,100.3600,100.3700,170432.34,1770135899999,17154372.409300,15147,68693.12,6917642.242000,0
1770135900000,100.3700,100.7500,100.2200,100.2800,198248.16,1770136199999,19923035.294900,18551,92324.82,9280713.329600,0
1770136200000,100.2800,100.5700,99.8100,100.4400,359476.37,1770136499999,36025873.456700,29075,139896.54,14026489.677700,0
1770136500000,100.4400,100.9200,100.4400,100.9100,157283.23,1770136799999,15832444.053800,16941,80462.50,8100659.031000,0
1770136800000,100.9100,101.2400,100.7400,100.9900,131991.21,1770137099999,13329500.682200,16182,59967.09,6056845.140100,0
1770137100000,100.9900,101.1000,100.4200,100.9700,207466.95,1770137399999,20910015.730700,19260,111258.85,11214667.103900,0
1770137400000,100.9800,101.1100,100.4400,100.5300,108944.67,1770137699999,10964307.318700,13114,50515.77,5083073.026700,0
1770137700000,100.5300,101.0100,100.5300,100.6700,124518.32,1770137999999,12551549.971400,12607,66197.64,6672220.437900,0
1770138000000,100.6700,100.9300,100.6100,100.7400,84074.82,1770138299999,8472021.192600,11778,38545.30,3884106.418300,0
1770138300000,100.7300,100.8000,100.2800,100.3200,187845.42,1770138599999,18876562.189300,18712,69634.78,6995906.730700,0
1770138600000,100.3100,100.5300,99.7400,99.8000,266205.99,1770138899999,26642320.334600,23544,105573.33,10566813.934300,0
1770138900000,99.8000,100.2500,99.7600,100.0000,176401.38,1770139199999,17643085.099800,21008,98435.94,9845281.076000,0
1770139200000,100.0000,100.4200,99.8000,100.3000,169816.20,1770139499999,17011315.426900,18009,102104.64,10229505.878300,0
1770139500000,100.3000,100.4600,100.0100,100.2600,90541.30,1770139799999,9079166.984600,12619,45949.06,4607974.478700,0
1770139800000,100.2600,100.3600,99.9000,99.9000,67219.81,1770140099999,6734042.289000,11444,32501.65,3256363.265000,0
1770140100000,99.9000,100.1500,99.5400,99.6400,182087.23,1770140399999,18166197.431300,17810,73435.41,7328153.397300,0
1770140400000,99.6400,99.6500,98.9700,99.0000,299872.24,1770140699999,29772823.502600,22442,125171.97,12429152.333700,0
1770140700000,98.9900,99.5400,98.9400,99.0500,245686.05,1770140999999,24371185.146500,19525,137331.12,13626674.862400,0
1770141000000,99.0500,99.7100,99.0400,99.2200,183932.00,1770141299999,18285477.188100,17549,102663.90,10206499.656200,0
1770141300000,99.2200,99.3500,98.9800,99.0400,168834.61,1770141599999,16736196.438000,14995,74152.39,7350537.669800,0
1770141600000,99.0400,99.3600,98.7400,98.8000,277977.15,1770141899999,27535504.847300,25420,125252.66,12409333.331100,0
1770141900000,98.8000,99.3800,98.7900,99.1000,172170.86,1770142199999,17070228.037000,19047,75946.39,7530888.290500,0
1770142200000,99.0900,99.2600,98.6100,98.6300,170675.50,1770142499999,16873484.839300,17159,67588.54,6681667.442600,0
1770142500000,98.6300,98.8300,98.1700,98.5100,345935.72,1770142799999,34080671.306500,28843,147607.24,14542523.714700,0
1770142800000,98.5200,98.7400,97.6300,98.0900,566614.43,1770143099999,55611925.502300,40792,262691.14,25787062.154300,0
1770143100000,98.0900,98.1100,97.6500,97.8600,337174.89,1770143399999,32999655.100200,29232,162166.94,15873245.085800,0
1770143400000,97.8600,98.1500,97.5300,98.0700,225990.19,1770143699999,22118869.168500,22174,106653.00,10439553.755900,0
1770143700000,98.0800,98.1500,97.4500,97.8600,210038.39,1770143999999,20521394.802100,20768,95112.26,9293707.834500,0
1770144000000,97.8500,98.0700,97.2200,97.5000,289613.08,1770144299999,28253832.447000,24523,132142.93,12895803.389900,0
1770144300000,97.4900,97.7100,97.0600,97.0800,290907.26,1770144599999,28301653.146000,26181,124064.86,12071412.560300,0
1770144600000,97.0800,97.2400,96.8300,96.9800,305770.14,1770144899999,29652625.271000,25713,137622.51,13346515.624600,0
1770144900000,96.9800,97.4000,96.6000,96.7700,292705.70,1770145199999,28386602.248100,25126,144580.67,14023780.684700,0
1770145200000,96.7700,97.2000,96.6300,96.9900,246089.80,1770145499999,23847983.015400,22476,145355.89,14088390.832300,0
1770145500000,97.0000,97.9700,96.8400,97.8400,344439.09,1770145799999,33593807.048200,31241,196600.50,19178606.251800,0
1770145800000,97.8300,99.2600,97.8100,98.9700,716299.88,1770146099999,70655118.816500,52730,410834.62,40520284.103300,0
1770146100000,98.9700,99.5800,98.6000,99.3700,441098.73,1770146399999,43675787.589100,35538,256900.45,25440727.461300,0
1770146400000,99.3800,99.8700,98.8800,99.0300,415621.99,1770146699999,41282411.470000,30686,198270.98,19702584.676900,0
1770146700000,99.0300,99.4200,98.6600,99.3400,212654.09,1770146999999,21056204.935900,18857,115098.90,11399743.414600,0
1770147000000,99.3400,100.0300,99.1600,99.2900,362223.90,1770147299999,36083389.535800,30129,208551.42,20778090.421800,0
1770147300000,99.2900,99.5900,99.0900,99.2500,184476.02,1770147599999,18321523.358900,18657,99427.37,9875200.617800,0
1770147600000,99.2400,99.4700,98.9800,99.0900,150783.90,1770147899999,14962135.158500,14888,77578.56,7699057.039100,0
1770147900000,99.1000,99.1300,98.4600,98.7000,246803.35,1770148199999,24374223.168200,17518,103382.29,10207366.135500,0
1770148200000,98.6900,98.9500,98.3600,98.9500,232093.44,1770148499999,22921625.999000,18689,136759.15,13506733.792800,0
1770148500000,98.9500,99.2600,98.8400,98.9500,147704.82,1770148799999,14632120.956900,13854,88011.40,8719325.007700,0
1770148800000,98.9400,99.1300,98.5500,98.5900,157493.99,1770149099999,15568823.478200,15827,75494.48,7463880.780100,0
1770149100000,98.5900,98.6900,98.3300,98.4800,150330.99,1770149399999,14802818.057400,14170,69982.21,6891191.061200,0
1770149400000,98.4800,98.7000,98.3000,98.4300,108677.18,1770149699999,10701573.758100,10737,56827.77,5596660.683500,0
1770149700000,98.4200,99.1600,98.2300,98.9700,181547.40,1770149999999,17911991.683300,16349,106446.80,10505701.526200,0
1770150000000,98.9700,99.5900,98.8900,99.5900,222873.50,1770150299999,22116429.416700,20744,133392.10,13239508.727200,0
1770150300000,99.6000,100.2900,99.5000,100.0300,319045.22,1770150599999,31877996.474100,25748,191737.30,19156516.987900,0
1770150600000,100.0300,102.1200,100.0100,100.8700,855917.48,1770150899999,86477264.083200,63456,462001.38,46680628.354200,0
1770150900000,100.8600,101.0800,100.5500,101.0400,342250.24,1770151199999,34515705.138900,26311,179317.29,18085316.316500,0
1770151200000,101.0300,101.2300,100.7600,100.8100,248316.13,1770151499999,25089479.752900,18638,124468.15,12579436.734000,0
1770151500000,100.8100,101.2600,100.3200,100.5700,300225.32,1770151799999,30249344.675300,23052,128925.28,12989428.942900,0
1770151800000,100.5600,100.9900,100.5400,100.8500,143073.38,1770152099999,14417616.367700,14294,77191.43,7778217.962000,0
1770152100000,100.8600,101.1900,100.5100,101.0800,245201.29,1770152399999,24738685.189400,18097,134215.34,13545057.680000,0
1770152400000,101.0900,101.6300,100.8100,101.6200,407812.62,1770152699999,41263272.571400,28431,199334.13,20179972.555000,0
1770152700000,101.6200,101.7600,101.2200,101.6900,176730.06,1770152999999,17927324.189500,15895,83357.28,8456054.478800,0
1770153000000,101.6900,101.7100,101.1400,101.2700,141079.64,1770153299999,14310396.813400,13540,59609.28,6047949.366100,0
1770153300000,101.2800,101.4000,100.9200,101.1000,120870.91,1770153599999,12224460.458700,12974,56962.80,5760777.913300,0
1770153600000,101.1000,101.1600,100.8500,101.1400,69479.62,1770153899999,7016380.435600,8227,36240.73,3659710.810400,0
1770153900000,101.1400,101.3900,100.9800,101.0100,81673.74,1770154199999,8260623.335900,8861,39980.84,4044197.463300,0
1770154200000,101.0100,101.1900,100.8300,100.8700,93318.47,1770154499999,9425317.266900,10113,50731.38,5124716.881400,0
1770154500000,100.8600,100.9500,100.3800,100.4100,120022.36,1770154799999,12071433.562600,11898,45292.67,4554645.348100,0
1770154800000,100.4100,100.6200,100.4100,100.5100,85424.79,1770155099999,8587770.140800,7394,41613.12,4183347.238500,0
1770155100000,100.5100,100.7200,100.1900,100.2000,120970.06,1770155399999,12145611.451500,10879,50948.43,5116266.398900,0
1770155400000,100.2000,100.3300,99.8900,100.0100,126474.40,1770155699999,12666095.622400,10015,53556.04,5365021.041700,0
1770155700000,100.0000,100.2100,99.9700,100.1400,107124.75,1770155999999,10721174.181500,9207,61100.90,6115062.143200,0
1770156000000,100.1400,100.2100,99.6800,99.7500,126351.76,1770156299999,12617263.163200,12180,46612.24,4654890.070400,0
1770156300000,99.7500,99.8300,99.1100,99.2700,213872.10,1770156599999,21248483.724800,17109,96733.21,9609061.139300,0
1770156600000,99.2700,99.6800,99.2500,99.4800,104777.03,1770156899999,10418923.887300,9854,64336.79,6397838.279400,0
1770156900000,99.4800,99.5500,99.0900,99.4500,135436.73,1770157199999,13451585.201600,11733,61036.60,6062185.658200,0
1770157200000,99.4500,99.8200,99.2100,99.2300,102090.62,1770157499999,10167848.964100,11986,57927.36,5771267.056600,0
1770157500000,99.2400,99.6000,99.2400,99.4600,55497.32,1770157799999,5517451.402800,7042,31948.48,3176062.683300,0
1770157800000,99.4500,99.6200,99.2500,99.4300,54872.33,1770158099999,5458670.139100,7089,27039.96,2690160.739000,0
1770158100000,99.4300,99.6500,99.3100,99.3100,52662.08,1770158399999,5239485.476700,6855,28236.47,2809595.188100,0
1770158400000,99.3000,99.4800,99.0100,99.0200,65731.46,1770158699999,6522417.800500,8797,22396.51,2223038.989500,0
1770158700000,99.0100,99.0500,98.1100,98.1200,153558.93,1770158999999,15138417.909400,20217,52389.73,5164127.480200,0
1770159000000,98.1100,98.5800,98.0700,98.5500,96006.70,1770159299999,9439987.655500,13381,50190.93,4936319.815500,0
1770159300000,98.5500,98.6100,98.2500,98.4100,73458.14,1770159599999,7228347.320500,9339,33659.88,3312385.249200,0
1770159600000,98.4100,98.5300,97.7200,97.7400,231638.41,1770159899999,22715296.711100,21786,86245.42,8457986.786800,0
1770159900000,97.7300,97.9200,97.2600,97.8600,232726.53,1770160199999,22703947.165500,24314,115214.22,11242958.218700,0
1770160200000,97.8600,98.0900,97.8200,98.0500,113452.85,1770160499999,11111735.592100,13594,66710.17,6533918.420400,0
1770160500000,98.0600,98.2300,97.7000,97.7800,127989.41,1770160799999,12542731.657200,14681,71833.80,7040825.674200,0
1770160800000,97.7700,97.7700,97.3100,97.7400,164428.74,1770161099999,16040266.977900,17322,89639.69,8744641.571300,0
1770161100000,97.7500,98.1100,97.5900,97.8100,155348.96,1770161399999,15205673.334900,14719,96175.65,9413556.570100,0
1770161400000,97.8100,98.2000,97.6700,98.1600,103190.12,1770161699999,10107356.876500,12581,60160.52,5892761.788000,0
1770161700000,98.1500,98.2800,98.0000,98.2400,147422.88,1770161999999,14469390.630400,13187,71410.15,7008817.242400,0
1770162000000,98.2400,98.3300,97.8600,97.9400,78860.47,1770162299999,7735111.319900,8829,28876.19,2833270.027600,0
1770162300000,97.9300,98.0200,97.1100,97.5000,239110.42,1770162599999,23304841.980800,21372,88983.85,8674864.863300,0
1770162600000,97.5000,97.8400,97.5000,97.6200,137577.63,1770162899999,13438308.547200,10471,58224.61,5687014.259400,0
1770162900000,97.6300,97.8300,97.4900,97.8100,54961.41,1770163199999,5366778.604200,7960,32265.40,3151073.863000,0
1770163200000,97.8200,97.8900,97.3100,97.4800,130290.39,1770163499999,12710535.376500,15162,65398.38,6378813.420000,0
1770163500000,97.4800,97.7100,97.3400,97.4700,79967.47,1770163799999,7796932.811000,9866,43662.15,4256539.104300,0
1770163800000,97.4700,97.5200,97.0800,97.1300,84639.30,1770164099999,8233051.464200,10714,40403.10,3930728.039100,0
1770164100000,97.1300,97.7400,97.1200,97.7000,112875.13,1770164399999,11007179.087800,13350,66841.51,6519111.142500,0
1770164400000,97.7000,98.0300,97.6700,98.0100,155876.30,1770164699999,15254031.571400,12907,95706.51,9367282.684900,0
1770164700000,98.0100,98.2200,97.9000,98.0900,158394.24,1770164999999,15532719.994300,12724,75064.39,7361364.944700,0
1770165000000,98.1000,98.5000,97.9700,98.3500,106286.25,1770165299999,10445996.627500,11777,61981.61,6092829.414000,0
1770165300000,98.3600,98.6000,98.3300,98.5500,92598.93,1770165599999,9115834.209600,10442,50484.09,4969971.854900,0
1770165600000,98.5500,98.7300,98.3900,98.4800,81501.78,1770165899999,8031315.907600,9560,40643.83,4005959.865800,0
1770165900000,98.4900,98.6500,98.4300,98.5600,53951.09,1770166199999,5316067.691300,7541,26400.96,2601679.860400,0
1770166200000,98.5500,98.6200,98.0600,98.0600,73548.40,1770166499999,7233338.246700,9267,26227.59,2579708.760300,0
1770166500000,98.0600,98.1300,97.7700,97.9000,76224.34,1770166799999,7468634.400400,9193,28725.11,2815151.381600,0
1770166800000,97.9000,99.2100,97.9000,99.1800,165440.89,1770167099999,16336132.769000,19354,112369.99,11097094.904500,0
1770167100000,99.1800,99.2400,98.8000,99.1100,124063.83,1770167399999,12287963.118500,13301,44468.21,4404778.656300,0
1770167400000,99.1200,99.3700,99.0800,99.2800,103555.10,1770167699999,10275199.772500,10466,63380.51,6289115.846100,0
1770167700000,99.2800,99.4700,99.0800,99.0900,110401.86,1770167999999,10963219.215800,11303,60761.89,6034694.509900,0
1770168000000,99.0900,99.3900,99.0600,99.2100,61151.19,1770168299999,6069330.291400,7974,32590.45,3234631.728700,0
1770168300000,99.2100,99.4600,99.1300,99.3400,73995.24,1770168599999,7347001.614600,8764,39111.94,3883533.969800,0
1770168600000,99.3400,99.6000,99.2600,99.5200,132665.66,1770168899999,13190214.950600,12249,80584.50,8011790.861000,0
1770168900000,99.5200,99.5400,99.2700,99.3900,81347.14,1770169199999,8088339.186800,9277,30184.44,3001428.099100,0
1770169200000,99.3800,99.4700,99.1300,99.2200,104369.47,1770169499999,10362878.875600,10925,37264.33,3700280.708400,0
1770169500000,99.2200,99.2600,98.6000,98.8200,154565.28,1770169799999,15286040.565500,14574,47698.82,4718425.280200,0
1770169800000,98.8100,99.2900,98.6100,99.1800,69097.96,1770170099999,6830516.586100,10389,28193.77,2787930.943800,0
1770170100000,99.1700,99.1700,98.9600,99.0400,45473.42,1770170399999,4504183.546900,6319,19034.26,1885554.902000,0
1770170400000,99.0300,99.0400,98.7300,98.7400,53970.15,1770170699999,5338767.315500,8683,17373.61,1718806.887800,0
1770170700000,98.7400,99.1300,98.6900,98.9500,63485.37,1770170999999,6282610.868800,9514,29089.93,2879400.431900,0
1770171000000,98.9600,99.0800,98.6000,98.7000,63683.52,1770171299999,6291525.659200,9336,23138.01,2285733.406800,0
1770171300000,98.7200,99.0000,98.6400,98.6500,80602.04,1770171599999,7962316.026000,10264,38119.90,3765243.075600,0
1770171600000,98.6500,98.8300,98.4100,98.7500,78404.29,1770171899999,7730798.748900,9045,29951.92,2952930.370500,0
1770171900000,98.7600,98.8000,98.1700,98.2700,88052.84,1770172199999,8661295.106500,9634,30133.98,2963701.095900,0
1770172200000,98.2600,98.3100,98.0600,98.1900,74924.86,1770172499999,7356707.010300,8477,26090.42,2562309.938700,0
1770172500000,98.1900,98.3200,98.0700,98.2100,95239.25,1770172799999,9352238.977800,8860,36331.57,3568448.223600,0
1770172800000,98.2100,98.2500,97.5300,97.9700,155653.07,1770173099999,15221177.199100,14418,68021.97,6649833.083500,0
1770173100000,97.9600,98.1000,97.5100,97.5800,88291.69,1770173399999,8639312.578400,10212,40236.84,3937494.689500,0
1770173400000,97.5800,97.6800,97.3100,97.5600,108202.74,1770173699999,10545480.947700,11413,41662.84,4060710.218700,0
1770173700000,97.5700,97.9500,97.5400,97.8400,75185.88,1770173999999,7349719.571600,8884,45075.34,4406149.673300,0
1770174000000,97.8300,98.2700,97.8100,98.1100,96706.24,1770174299999,9479584.736300,12526,55395.51,5430348.437900,0
1770174300000,98.1200,98.7100,98.1200,98.6700,122710.95,1770174599999,12083697.152800,13299,65345.83,6432703.646200,0
1770174600000,98.6700,99.3700,98.6300,99.1100,194674.57,1770174899999,19282683.174700,18235,109362.37,10831071.150200,0
1770174900000,99.1000,99.2200,98.6000,98.7200,105119.17,1770175199999,10392905.033200,12098,44293.26,4380109.155600,0
1770175200000,98.7200,98.8500,98.7000,98.7800,40299.13,1770175499999,3980475.673100,5783,17223.83,1701261.624300,0
1770175500000,98.7800,98.9200,98.5400,98.6100,30496.52,1770175799999,3009496.896100,6128,12939.38,1276834.572000,0
1770175800000,98.6100,99.0300,98.5800,98.7300,101117.44,1770176099999,9992654.487100,9975,52118.34,5149154.895000,0
1770176100000,98.7300,99.4100,98.7100,99.3200,116094.29,1770176399999,11508089.408300,11967,71971.42,7134501.878500,0
1770176400000,99.3200,99.5800,99.0800,99.1200,196790.51,1770176699999,19552713.023300,14375,116733.53,11600269.617800,0
1770176700000,99.1200,99.2200,98.8900,98.9600,56865.99,1770176999999,5632624.050600,7030,25360.45,2512208.297900,0
1770177000000,98.9700,99.1700,98.9300,99.0700,32872.70,1770177299999,3255162.133800,5391,20638.37,2043600.114100,0
1770177300000,99.0600,99.1700,98.9700,99.0400,42412.88,1770177599999,4200999.769400,4662,18641.42,1846751.195100,0
1770177600000,99.0300,99.1100,98.8600,98.9700,45090.44,1770177899999,4462504.670300,6634,20361.36,2015222.076300,0
1770177900000,98.9700,99.2700,98.9700,99.1000,100656.46,1770178199999,9979499.517800,8373,33954.44,3366478.011400,0
1770178200000,99.1100,99.1800,98.9400,99.1000,45206.23,1770178499999,4478124.830900,6117,19253.07,1907271.195600,0
1770178500000,99.1000,99.1400,98.8700,98.8800,37149.93,1770178799999,3676509.479500,5553,11473.82,1135602.620500,0
1770178800000,98.8800,99.0000,98.7000,98.7000,44889.67,1770179099999,4436842.427800,6786,17660.68,1745762.139800,0
1770179100000,98.7000,98.8100,98.6200,98.7800,52823.37,1770179399999,5214514.383300,6728,19210.85,1896659.679100,0
1770179400000,98.7800,98.9600,98.6500,98.7800,51519.42,1770179699999,5089841.928600,6731,23842.75,2356012.169400,0
1770179700000,98.7800,98.9000,98.6800,98.7300,42019.40,1770179999999,4151097.653600,5107,11029.32,1089575.856400,0
1770180000000,98.7300,98.7600,98.4500,98.5100,71117.26,1770180299999,7011575.326600,7015,20670.19,2038170.866500,0
1770180300000,98.5000,98.5200,98.1900,98.2500,80559.82,1770180599999,7920827.102200,9200,24613.86,2420099.552600,0
1770180600000,98.2600,98.3100,97.9700,98.1400,72279.97,1770180899999,7092678.538500,7710,27095.08,2659073.670100,0
1770180900000,98.1400,98.1900,97.9500,98.0100,54862.07,1770181199999,5380386.888500,6827,22525.44,2209364.164100,0
1770181200000,98.0100,98.0600,97.7600,97.9000,102003.11,1770181499999,9986292.592100,10611,53543.05,5242723.501300,0
1770181500000,97.8900,98.0000,97.6800,97.9600,111782.32,1770181799999,10940985.001200,10271,54505.13,5335703.435900,0
1770181800000,97.9600,98.3500,97.9500,98.3100,117467.98,1770182099999,11538179.415600,10596,69895.23,6864529.173500,0
1770182100000,98.3000,98.3800,97.8000,97.8100,79969.27,1770182399999,7849443.878100,8550,24187.85,2375444.435100,0
1770182400000,97.8200,98.0800,97.7800,98.0600,58147.26,1770182699999,5692757.668500,6479,31370.38,3071315.702700,0
1770182700000,98.0700,98.2100,97.9900,98.0600,40067.60,1770182999999,3929585.920300,5345,20928.48,2052587.399300,0
1770183000000,98.0500,98.0700,97.8700,97.9800,43694.01,1770183299999,4280760.884700,5801,19356.70,1896400.036400,0
1770183300000,97.9800,98.0900,97.8100,97.8500,49768.82,1770183599999,4874385.359400,5677,12182.25,1193444.289100,0
1770183600000,97.8500,97.8800,97.4000,97.4800,166227.16,1770183899999,16220044.867400,13209,55045.53,5371040.483400,0
1770183900000,97.4700,97.7500,97.4700,97.5000,91556.36,1770184199999,8935256.990300,9133,55819.81,5447447.954700,0
1770184200000,97.5000,97.6100,96.2000,96.5800,613871.72,1770184499999,59432888.107900,40703,196934.73,19064045.577000,0
1770184500000,96.5900,96.9600,96.5800,96.8800,181576.27,1770184799999,17576263.200700,12771,94697.36,9165549.386400,0
1770184800000,96.8800,97.1800,96.6100,97.1700,182109.25,1770185099999,17645490.056400,14833,82435.54,7990051.999900,0
1770185100000,97.1600,97.6200,97.1000,97.6200,161972.43,1770185399999,15768700.753700,13564,100859.07,9819512.434400,0
1770185400000,97.6200,97.6500,97.4500,97.5200,104514.28,1770185699999,10195511.467400,9573,49644.19,4843342.794100,0
1770185700000,97.5300,97.6000,97.2900,97.4000,80732.30,1770185999999,7865182.673300,8639,43990.20,4285478.809500,0
1770186000000,97.4000,97.4800,97.0700,97.1400,100410.82,1770186299999,9760277.068600,10468,45401.16,4413660.230600,0
1770186300000,97.1400,97.5200,97.1400,97.3300,70067.15,1770186599999,6819416.521600,8046,36927.36,3594135.555500,0
1770186600000,97.3300,97.4800,97.1700,97.4600,78440.83,1770186899999,7633749.087000,8787,40079.55,3900864.412400,0
1770186900000,97.4600,98.4000,97.4500,98.2400,291571.06,1770187199999,28566596.623900,18610,198117.53,19409444.508200,0
1770187200000,98.2400,98.5000,98.2100,98.4000,136734.68,1770187499999,13449839.552700,10814,72228.39,7104824.570400,0
1770187500000,98.4000,98.6900,98.1300,98.2300,196940.60,1770187799999,19389263.458300,14894,97172.38,9570626.791900,0
1770187800000,98.2200,98.5700,98.0200,98.2000,223475.17,1770188099999,21966332.507600,13326,102501.34,10081946.082800,0
1770188100000,98.1900,98.2700,98.0800,98.1300,46749.82,1770188399999,4590304.012900,5528,24445.50,2400395.727500,0
1770188400000,98.1200,98.1300,97.5700,97.6600,135782.83,1770188699999,13282930.227900,13711,56386.20,5516176.655100,0
1770188700000,97.6500,97.7100,97.2800,97.3600,99570.76,1770188999999,9702200.950100,10691,39510.32,3849713.360300,0
1770189000000,97.3600,97.7600,97.3100,97.6800,163187.39,1770189299999,15919841.578500,12602,107440.63,10481730.767300,0
1770189300000,97.6900,97.8500,97.5600,97.7000,54616.36,1770189599999,5335202.646600,8120,29609.24,2892699.372100,0
1770189600000,97.7000,97.8100,97.4700,97.5300,65371.32,1770189899999,6381897.989800,8039,24160.21,2358778.491400,0
1770189900000,97.5200,97.8300,97.5100,97.7400,51139.32,1770190199999,4996707.568400,6656,32444.03,3169967.665700,0
1770190200000,97.7300,98.1100,97.6500,97.8200,101180.32,1770190499999,9903182.759800,11581,54649.45,5349073.076800,0
1770190500000,97.8100,98.1000,97.7700,98.0200,73429.00,1770190799999,7188911.755000,9194,42435.01,4154739.168200,0
1770190800000,98.0200,98.1700,97.8900,98.0100,140985.10,1770191099999,13824784.072300,9394,71789.94,7039206.166600,0
1770191100000,98.0200,98.1000,97.7300,97.8500,70559.53,1770191399999,6907145.163600,8148,22764.27,2228299.380500,0
1770191400000,97.8500,97.9700,97.8100,97.8300,36445.44,1770191699999,3567542.867900,5669,17244.10,1687966.686300,0
1770191700000,97.8300,97.8900,97.7300,97.8200,28838.16,1770191999999,2820595.849300,4369,11665.75,1141011.383100,0
1770192000000,97.8300,97.8800,97.0600,97.1400,142290.70,1770192299999,13864308.862500,14621,36474.69,3553372.032900,0
1770192300000,97.1300,97.3900,97.0900,97.3100,105555.06,1770192599999,10263424.909900,10322,49936.54,4855582.186400,0
1770192600000,97.3000,97.4600,97.1800,97.3200,57186.63,1770192899999,5564667.520600,7830,29037.98,2825527.702900,0
1770192900000,97.3200,97.8100,97.2500,97.6500,116506.94,1770193199999,11376871.138900,10546,77642.92,7581879.634400,0
1770193200000,97.6400,97.6900,97.0500,97.1400,69191.56,1770193499999,6735419.577700,7665,30104.51,2930321.676500,0
1770193500000,97.1400,97.2500,96.7300,96.7900,251444.20,1770193799999,24369559.681300,15764,87157.52,8444682.337300,0
1770193800000,96.7900,97.2200,96.6900,97.1900,112981.60,1770194099999,10955039.384900,11154,60242.25,5842933.581800,0
1770194100000,97.1800,97.3400,97.0000,97.2500,81144.94,1770194399999,7883504.797200,8935,41726.93,4054485.625100,0
1770194400000,97.2500,97.3200,97.1100,97.3100,41259.05,1770194699999,4011536.627400,5253,18753.37,1823547.211600,0
1770194700000,97.3100,97.6400,97.2600,97.4900,107587.31,1770194999999,10491300.145300,9670,55509.64,5413020.782700,0
1770195000000,97.4800,97.7200,97.4500,97.5000,59656.06,1770195299999,5820316.452600,6714,31174.21,3041785.583800,0
1770195300000,97.5000,97.6600,97.3800,97.6400,63291.76,1770195599999,6171462.400700,6456,36453.67,3555317.157000,0
1770195600000,97.6400,97.7100,97.3900,97.4300,63335.20,1770195899999,6179352.835700,7332,27357.58,2669641.155900,0
1770195900000,97.4400,97.5400,97.1700,97.2700,84263.17,1770196199999,8199678.741800,8603,37477.76,3647565.629200,0
1770196200000,97.2700,97.5500,97.1500,97.2100,149213.25,1770196499999,14524529.176900,11113,63968.82,6227385.755400,0
1770196500000,97.2100,97.3200,96.7400,96.9400,156822.11,1770196799999,15209164.485800,13599,65086.95,6311046.840400,0
1770196800000,96.9400,97.0800,96.6900,96.9300,110675.07,1770197099999,10719261.131300,10906,54681.37,5296537.201600,0
1770197100000,96.9300,97.0000,96.7500,96.9600,72176.43,1770197399999,6993408.135500,7052,37623.65,3645672.078400,0
1770197400000,96.9700,97.1600,96.8800,96.9900,51117.85,1770197699999,4959050.165300,6787,21446.86,2080867.453300,0
1770197700000,96.9800,97.0400,96.7000,96.9700,131030.85,1770197999999,12684049.952900,9081,42230.45,4089108.625600,0
1770198000000,96.9800,97.2100,96.8800,96.9500,86880.45,1770198299999,8431100.877800,9247,42027.68,4078104.147700,0
1770198300000,96.9500,97.0700,96.8800,97.0200,68916.27,1770198599999,6683195.987800,6409,33256.81,3225672.559600,0
1770198600000,97.0100,97.4300,96.9400,97.2900,69286.22,1770198899999,6734661.595900,8152,35495.22,3449910.250700,0
1770198900000,97.2800,97.3900,97.0400,97.0700,59229.73,1770199199999,5757094.641700,6099,20637.04,2005902.597700,0
1770199200000,97.0700,97.1600,96.9700,97.0700,47747.49,1770199499999,4634503.275800,6626,22609.12,2194567.037900,0
1770199500000,97.0700,97.2300,96.9000,96.9800,41991.16,1770199799999,4076658.960100,6595,19657.32,1908787.457100,0
1770199800000,96.9800,97.1000,96.9000,97.0100,33094.33,1770200099999,3210595.584900,5631,16148.19,1566528.372600,0
1770200100000,97.0100,97.1800,96.8300,97.0600,54096.01,1770200399999,5248729.388900,7150,25056.81,2431201.613000,0
1770200400000,97.0500,97.0900,96.9000,96.9200,31674.14,1770200699999,3072065.877800,4937,13696.50,1328486.930500,0
1770200700000,96.9200,97.0600,96.9200,96.9600,33159.91,1770200999999,3216164.072900,4546,12183.41,1181558.711900,0
1770201000000,96.9700,97.1500,96.9300,97.1400,37219.75,1770201299999,3612541.752800,5479,18827.46,1827487.197000,0
1770201300000,97.1400,97.1400,96.7600,96.9400,74740.85,1770201599999,7241187.701200,7821,30353.24,2940753.209200,0
1770201600000,96.9500,96.9900,96.8400,96.9200,34196.68,1770201899999,3314334.780300,4692,14641.05,1419090.193900,0
1770201900000,96.9200,96.9500,96.7000,96.8600,169301.62,1770202199999,16383331.284200,7856,63558.68,6153989.851900,0
1770202200000,96.8600,96.9800,96.8400,96.9500,47959.76,1770202499999,4647759.635600,4940,25566.53,2477851.041500,0
1770202500000,96.9500,97.0500,96.9300,96.9600,49682.67,1770202799999,4818848.791300,5210,26394.48,2560149.953100,0
1770202800000,96.9700,97.0100,95.0000,95.9900,1216927.82,1770203099999,116813786.481200,59634,424652.98,40759209.887800,0
1770203100000,96.0000,96.0900,94.5000,95.2200,1485753.58,1770203399999,141412873.664100,81054,675264.31,64294691.214700,0
1770203400000,95.2200,95.4800,94.7900,95.2500,325405.08,1770203699999,30983945.225600,24392,163925.33,15613759.793400,0
1770203700000,95.2500,95.9800,95.2200,95.4900,372343.78,1770203999999,35600527.927600,26648,224447.19,21466973.471200,0
1770204000000,95.5000,96.0300,95.4900,95.9900,205009.24,1770204299999,19645598.883800,18534,103674.22,9933817.782200,0
1770204300000,95.9900,96.6900,95.9800,96.2000,357345.08,1770204599999,34422781.616900,23574,200113.61,19277800.056900,0
1770204600000,96.2000,96.4000,95.9800,96.3700,155948.32,1770204899999,15000706.305100,14532,72875.31,7011880.428900,0
1770204900000,96.3600,96.9000,96.0500,96.4200,246315.16,1770205199999,23778164.027400,21342,138320.80,13355501.650100,0
1770205200000,96.4100,96.4700,96.0700,96.1800,97666.26,1770205499999,9397449.838800,10859,40381.08,3883930.759800,0
1770205500000,96.1800,96.3200,96.0500,96.1600,139070.27,1770205799999,13379970.550100,13240,65254.96,6279063.199600,0
1770205800000,96.1600,96.2300,95.8400,96.0200,99882.86,1770206099999,9587073.787200,11478,49532.25,4754272.648700,0
1770206100000,96.0100,96.2200,95.9700,96.0300,61936.56,1770206399999,5952003.262700,8047,30332.28,2915298.312700,0
1770206400000,96.0400,96.2500,95.9900,96.1100,65158.29,1770206699999,6261593.272400,10545,28123.63,2702927.132400,0
1770206700000,96.1200,96.1800,95.8600,96.0000,56807.17,1770206999999,5454083.729400,9636,24854.66,2386608.802800,0
1770207000000,96.0000,96.0900,95.8000,96.0200,67157.30,1770207299999,6445023.937400,10009,32384.54,3108159.573600,0
1770207300000,96.0200,96.5600,96.0000,96.5300,168182.84,1770207599999,16200528.021500,15473,96962.42,9341692.855300,0
1770207600000,96.5200,96.6900,96.2400,96.2800,80217.42,1770207899999,7742498.492400,11268,32081.54,3096933.278800,0
1770207900000,96.2800,96.3100,95.7700,95.8800,149731.01,1770208199999,14365093.361600,15847,61649.63,5913892.527400,0
1770208200000,95.8800,96.2800,95.8300,96.2800,88931.26,1770208499999,8544195.246900,10031,56115.91,5391746.153500,0
1770208500000,96.2900,96.4200,96.0300,96.1600,63156.37,1770208799999,6076355.958200,8392,29365.57,2825831.226400,0
1770208800000,96.1600,96.3000,96.0800,96.2600,30939.10,1770209099999,2976390.518400,5896,15505.20,1491707.867500,0
1770209100000,96.2600,96.3700,96.1900,96.2200,32255.68,1770209399999,3106376.418800,6280,14951.72,1440115.317800,0
1770209400000,96.2200,96.4800,96.1500,96.4000,28739.09,1770209699999,2768370.787600,6278,15764.94,1518771.564400,0
1770209700000,96.3900,96.5000,96.3400,96.4100,48327.40,1770209999999,4659576.515500,7027,26245.63,2530577.679700,0
1770210000000,96.4000,96.4200,96.0100,96.0300,134869.34,1770210299999,12977267.925600,10997,37185.04,3577907.431000,0
1770210300000,96.0400,96.2700,96.0100,96.1000,32729.63,1770210599999,3147130.715800,6323,16937.31,1628669.052200,0
1770210600000,96.1100,96.2700,96.0300,96.2000,45884.80,1770210899999,4412239.375100,6379,21123.78,2031187.109200,0
1770210900000,96.2100,96.3000,95.9200,95.9200,93672.00,1770211199999,9000282.704500,10921,34368.26,3302192.893400,0
1770211200000,95.9300,95.9500,95.5100,95.6300,165593.47,1770211499999,15847621.479400,15626,61260.54,5861934.782000,0
1770211500000,95.6300,95.8200,95.6200,95.6900,80389.52,1770211799999,7694155.266600,7857,40899.84,3914594.243100,0
1770211800000,95.7000,95.9000,95.1900,95.4000,195648.71,1770212099999,18682785.330200,19142,72761.84,6951237.975200,0
1770212100000,95.3900,95.4300,94.7800,94.7900,299743.38,1770212399999,28503575.153300,25900,137537.01,13080102.813900,0
1770212400000,94.7800,95.0800,94.6500,94.7500,304171.54,1770212699999,28850217.893600,24393,140455.13,13326351.949900,0
1770212700000,94.7600,95.1600,94.0700,94.3600,519966.60,1770212999999,49147229.323300,42360,204798.56,19367218.485200,0
1770213000000,94.3700,94.8400,94.3600,94.7200,270780.90,1770213299999,25620262.329400,24188,137456.64,13006640.935900,0
1770213300000,94.7200,94.7900,94.2000,94.3100,164654.20,1770213599999,15548180.814600,15855,71158.54,6719917.304000,0
1770213600000,94.3000,94.7500,94.2500,94.4700,206727.78,1770213899999,19545512.418600,18193,114596.25,10835216.253800,0
1770213900000,94.4700,94.7800,93.6400,93.9800,393052.41,1770214199999,37020736.190500,30346,134631.16,12693786.741100,0
1770214200000,93.9800,94.4300,93.8200,94.2500,272734.67,1770214499999,25679377.875200,21558,164635.31,15500157.946600,0
1770214500000,94.2400,94.3900,93.9200,94.3600,150932.94,1770214799999,14209249.711400,16024,77260.46,7274104.569200,0
1770214800000,94.3700,94.5500,94.0500,94.1100,164560.74,1770215099999,15523313.500800,18167,88047.18,8307658.230900,0
1770215100000,94.1100,94.3100,94.0600,94.2500,73915.68,1770215399999,6961050.648600,10369,35967.95,3387473.619600,0
1770215400000,94.2500,94.3700,93.0400,93.3600,789599.26,1770215699999,73816995.667000,60659,324099.55,30300233.098700,0
1770215700000,93.3700,94.9700,93.2900,94.3300,746218.92,1770215999999,70421965.597900,59482,400950.20,37842581.787000,0
1770216000000,94.3300,94.8800,93.9400,94.4000,332999.97,1770216299999,31424467.725000,33942,155546.64,14682634.687200,0
1770216300000,94.4000,94.8400,94.1400,94.6800,239159.54,1770216599999,22599403.518100,25620,104652.75,9892734.510800,0
1770216600000,94.6700,94.7100,93.4400,93.9200,323196.39,1770216899999,30362354.686900,29354,133708.32,12558696.394000,0
1770216900000,93.9100,94.2700,92.8100,93.0200,759727.63,1770217199999,70823429.305200,43208,355210.58,33111541.809700,0
1770217200000,93.0300,93.4300,92.1100,93.0200,967012.93,1770217499999,89672797.892900,73598,437679.02,40611110.623300,0
1770217500000,93.0100,93.7600,92.5000,93.5400,496901.56,1770217799999,46297905.163400,47462,286661.45,26714934.612200,0
1770217800000,93.5500,93.8300,93.2200,93.6400,287852.86,1770218099999,26934222.779400,32102,149497.57,13990370.661500,0
1770218100000,93.6400,93.8700,93.0200,93.0400,232464.62,1770218399999,21712248.035400,26806,107190.32,10011779.866600,0
1770218400000,93.0500,93.8900,93.0100,93.7500,203926.82,1770218699999,19053062.432200,28729,108907.42,10177042.839900,0
1770218700000,93.7600,94.1200,93.0600,93.3800,228290.74,1770218999999,21378002.995800,25400,118743.87,11131520.325100,0
1770219000000,93.3700,93.5100,92.0700,92.0900,335553.86,1770219299999,31099228.070300,33464,140687.58,13037874.972400,0
1770219300000,92.0900,92.5700,91.1900,92.1300,1022477.60,1770219599999,93941281.381600,72362,520917.42,47881965.963400,0
1770219600000,92.1300,92.9100,91.9300,92.5700,419551.73,1770219899999,38815838.143000,37144,211800.34,19594919.987800,0
1770219900000,92.5800,92.6600,92.0700,92.3400,326517.94,1770220199999,30158544.661200,28656,147158.27,13593441.547000,0
1770220200000,92.3300,92.6100,92.1500,92.6000,231368.17,1770220499999,21373708.976700,23825,122498.46,11318558.087500,0
1770220500000,92.6000,92.9400,92.4500,92.6900,224545.03,1770220799999,20816684.303500,21854,111495.44,10337893.894600,0
1770220800000,92.6900,92.8500,92.2900,92.4800,314826.56,1770221099999,29136554.001600,26505,165857.66,15347180.974000,0
1770221100000,92.4900,92.9500,92.1200,92.1900,215433.56,1770221399999,19922030.040800,21367,112382.95,10392820.186400,0
1770221400000,92.1900,93.0300,91.8500,92.3700,374836.05,1770221699999,34632329.151400,35431,183089.77,16919837.025900,0
1770221700000,92.3800,92.5300,91.6100,92.0000,431764.82,1770221999999,39714986.172700,33699,185230.40,17041006.844400,0
1770222000000,91.9900,92.3300,91.5300,92.2700,289183.41,1770222299999,26570571.951900,28592,144257.25,13256283.074200,0
1770222300000,92.2800,92.8600,91.9200,92.6900,295243.32,1770222599999,27305043.625700,28233,157951.82,14610741.575300,0
1770222600000,92.7100,92.7500,91.8100,91.8100,197933.10,1770222899999,18247344.308700,21093,102701.87,9468221.883900,0
1770222900000,91.8100,91.8600,90.8700,90.8700,599928.04,1770223199999,54763043.326700,41741,277008.54,25296255.500500,0
1770223200000,90.8800,91.4100,90.8800,91.1400,272464.49,1770223499999,24840743.540300,25287,167862.23,15304107.852700,0
1770223500000,91.1400,91.4700,90.9300,91.3400,221491.73,1770223799999,20192775.872200,23335,123270.95,11239341.393700,0
1770223800000,91.3300,92.0900,91.3100,91.7000,331575.34,1770224099999,30407671.942800,28930,160651.58,14734541.420200,0
1770224100000,91.7100,92.1000,91.6600,91.8900,246201.84,1770224399999,22633212.958900,22130,132667.19,12197393.003900,0
1770224400000,91.8800,92.1500,91.2900,91.6200,285616.02,1770224699999,26175070.160600,25850,145254.14,13312377.447500,0
1770224700000,91.6200,91.7800,91.1200,91.3000,260983.79,1770224999999,23846082.119000,22204,125950.10,11508188.170000,0
1770225000000,91.3000,92.3200,91.0200,92.1000,405866.82,1770225299999,37206676.155500,28989,228089.44,20916771.293300,0
1770225300000,92.1000,92.5400,91.6700,91.7000,285946.45,1770225599999,26321517.103300,23991,142866.97,13157524.831100,0
1770225600000,91.7100,91.7300,90.9200,91.0500,356742.67,1770225899999,32571507.798700,24350,151999.61,13876545.643800,0
1770225900000,91.0400,91.2200,90.4300,90.5000,570407.22,1770226199999,51728886.680100,37652,251858.82,22846495.402500,0
1770226200000,90.5000,91.2800,90.3100,90.9200,493727.61,1770226499999,44832457.326900,40971,271322.53,24640134.821500,0
1770226500000,90.9100,91.0400,90.0200,90.2700,418259.86,1770226799999,37834247.380600,29973,165447.27,14974553.887500,0
1770226800000,90.2700,91.0600,89.9200,90.9300,504416.12,1770227099999,45653295.600200,36062,258239.55,23385757.503600,0
1770227100000,90.9200,91.2100,90.6300,90.9700,284862.34,1770227399999,25905382.995500,22235,139688.30,12703829.120500,0
1770227400000,90.9800,91.0900,90.7200,90.9600,173362.88,1770227699999,15760045.838700,18084,84439.74,7676397.711000,0
1770227700000,90.9500,91.6100,90.9000,91.3500,317898.87,1770227999999,29017317.428400,24000,169199.51,15447516.546100,0
1770228000000,91.3500,91.4000,90.9200,90.9600,201915.94,1770228299999,18404029.934900,19469,100732.45,9181589.541900,0
1770228300000,90.9600,91.3200,90.2400,90.3300,375702.38,1770228599999,34136385.800200,28059,181529.23,16506089.328700,0
1770228600000,90.3400,91.3000,90.3200,90.6100,259637.72,1770228899999,23605497.356400,25854,126547.16,11506463.648500,0
1770228900000,90.6100,91.0000,90.2500,90.8300,261674.23,1770229199999,23713308.898200,25463,124192.20,11257997.376300,0
1770229200000,90.8400,91.0100,90.3800,90.4900,168688.56,1770229499999,15294960.536700,19048,77773.79,7052190.481900,0
1770229500000,90.4900,92.2000,90.4900,91.6800,391672.49,1770229799999,35786567.328600,31753,234147.04,21399635.471300,0
1770229800000,91.6800,91.9400,91.3200,91.6600,330736.43,1770230099999,30298189.894700,30202,196722.36,18023057.039100,0
1770230100000,91.6600,92.6200,91.4700,92.4700,487552.22,1770230399999,44909951.176600,36274,293717.16,27045949.815700,0
1770230400000,92.4700,93.1900,92.2100,92.9500,636013.46,1770230699999,59022414.330900,41987,348096.05,32304612.356800,0
1770230700000,92.9500,93.0200,92.2400,92.4600,253583.74,1770230999999,23495874.626500,23155,102088.48,9460016.111800,0
1770231000000,92.4600,92.5300,92.1300,92.4100,198577.29,1770231299999,18341398.632100,14427,97373.30,8994568.720300,0
1770231300000,92.4100,92.5800,92.1900,92.2400,232925.46,1770231599999,21515282.057200,14847,98924.55,9138705.292500,0
1770231600000,92.2300,93.9500,92.2000,93.5100,795700.25,1770231899999,74200894.991700,41406,480712.02,44833406.342600,0
1770231900000,93.5000,93.8700,93.2600,93.6500,380844.80,1770232199999,35609390.142800,26097,175747.33,16432454.501300,0
1770232200000,93.6500,94.0000,93.4400,93.8100,364013.08,1770232499999,34110962.329100,25447,193227.46,18109000.406700,0
1770232500000,93.8000,94.3700,93.6900,93.7500,525806.73,1770232799999,49470128.863900,31223,243907.60,22947770.265200,0
1770232800000,93.7500,93.8000,93.2200,93.6000,266861.12,1770233099999,24940259.096200,20715,114305.25,10682362.503400,0
1770233100000,93.5900,93.6700,93.2700,93.2900,117157.54,1770233399999,10944653.653200,11882,52051.86,4864127.996900,0
1770233400000,93.3000,93.7400,93.2500,93.6000,177404.06,1770233699999,16583803.819000,15827,97896.23,9152922.461400,0
1770233700000,93.5900,93.9500,93.5500,93.5700,212036.30,1770233999999,19886918.169900,16604,100657.57,9441006.175900,0
1770234000000,93.5700,94.1200,93.5200,94.0200,154024.37,1770234299999,14462501.013600,13572,91809.60,8621704.363000,0
1770234300000,94.0100,94.6700,93.9500,94.2200,368078.32,1770234599999,34731813.146800,25105,216921.75,20473175.902200,0
1770234600000,94.2200,94.6300,93.8500,94.2700,276480.22,1770234899999,26068010.514500,20285,147842.00,13939906.372100,0
1770234900000,94.2600,94.5700,94.1300,94.3200,257866.48,1770235199999,24334216.484200,20526,146910.17,13863010.790400,0
1770235200000,94.3200,94.4600,93.9000,93.9900,201470.45,1770235499999,18982039.408800,16728,101844.68,9596047.635400,0
1770235500000,94.0000,94.1700,93.6400,93.7100,199043.45,1770235799999,18676797.501500,16116,92293.50,8659702.353600,0
1770235800000,93.7100,93.7600,93.4900,93.5900,154218.92,1770236099999,14434945.737900,13198,74364.40,6960579.122000,0
1770236100000,93.6000,94.0900,93.5900,94.0400,124437.02,1770236399999,11678133.171300,11316,68461.83,6424088.673100,0
1770236400000,94.0400,94.1500,93.7000,93.7000,85290.08,1770236699999,8016628.702800,9764,30199.90,2839128.273400,0
1770236700000,93.7100,93.7400,93.2400,93.2800,128007.31,1770236999999,11963236.699700,12015,63604.66,5943903.812500,0
1770237000000,93.2900,93.4500,92.9900,93.3600,143076.41,1770237299999,13333298.450700,14998,69850.20,6509893.966400,0
1770237300000,93.3600,93.4500,93.1300,93.4000,51840.42,1770237599999,4835926.916500,8780,23999.61,2239139.348800,0
1770237600000,93.4100,93.4400,93.1300,93.2000,43564.42,1770237899999,4065008.940400,5945,20868.03,1947492.506400,0
1770237900000,93.2000,93.3100,93.0700,93.2000,53383.90,1770238199999,4974374.557900,6743,29249.18,2725459.481200,0
1770238200000,93.2100,93.2500,92.9400,93.1900,86520.23,1770238499999,8051375.679900,8654,40284.45,3749136.380900,0
1770238500000,93.2000,93.3700,93.1000,93.1900,109565.24,1770238799999,10215161.084800,8737,55712.11,5194862.312400,0
1770238800000,93.2000,93.3500,92.7100,92.9800,302965.96,1770239099999,28171337.018400,20403,125020.92,11624633.965900,0
1770239100000,92.9800,93.1100,92.3400,92.3900,195727.50,1770239399999,18123411.171800,19205,103502.14,9584381.454500,0
1770239400000,92.3800,92.8700,92.2800,92.7200,128526.81,1770239699999,11894153.926300,13705,80547.14,7453763.111300,0
1770239700000,92.7200,92.8400,92.1400,92.1700,136069.27,1770239999999,12566111.283100,11690,46194.10,4266612.074000,0
1770240000000,92.1800,92.2700,91.8300,91.9600,187455.46,1770240299999,17248270.245500,13384,86908.02,7996049.353300,0
1770240300000,91.9600,92.0600,91.4500,91.9700,337267.76,1770240599999,30956285.487600,20494,139865.41,12845370.556800,0
1770240600000,91.9700,92.3700,91.9600,92.2400,156613.68,1770240899999,14434835.276900,13761,83698.49,7714197.537900,0
1770240900000,92.2500,92.4400,91.9900,92.2700,132369.76,1770241199999,12206716.532100,12144,52064.82,4801300.776100,0
1770241200000,92.2600,92.3600,91.3300,91.5000,178290.85,1770241499999,16357187.332100,14937,78788.36,7225288.543600,0
1770241500000,91.5000,91.5400,90.7400,90.7800,362987.66,1770241799999,33082628.293500,23841,129037.12,11766879.144000,0
1770241800000,90.7800,91.1100,90.6800,90.7900,166699.30,1770242099999,15150257.545800,14772,94210.08,8563134.703700,0
1770242100000,90.7900,91.4800,90.6800,91.2800,267896.41,1770242399999,24417368.664200,17983,193269.61,17620086.406400,0
1770242400000,91.2700,91.3800,90.1500,90.2400,332313.14,1770242699999,30139852.454700,24822,123139.75,11170518.815700,0
1770242700000,90.2500,90.3000,89.1900,89.8900,824545.34,1770242999999,74038413.948200,48296,378019.88,33954534.662000,0
1770243000000,89.9000,90.4200,89.7800,90.3800,209873.20,1770243299999,18893168.849400,20184,131974.37,11881668.191300,0
1770243300000,90.3700,90.9600,90.3500,90.8100,244971.13,1770243599999,22227020.429300,21212,127902.96,11604842.083600,0
1770243600000,90.8100,92.4000,90.7400,92.2000,377176.49,1770243899999,34608444.076700,31596,252282.23,23146921.847100,0
1770243900000,92.2000,92.8500,92.0000,92.6600,278508.27,1770244199999,25753092.100100,26361,137887.49,12750416.054700,0
1770244200000,92.6600,92.8400,92.1900,92.4800,161180.68,1770244499999,14905168.557200,17817,73427.49,6790655.701900,0
1770244500000,92.4800,92.7600,91.7600,92.2300,173664.30,1770244799999,16000199.276500,20534,78598.82,7243578.397000,0
1770244800000,92.2300,92.3100,90.9800,91.1100,201011.77,1770245099999,18404299.475400,19967,80310.74,7355347.378400,0
1770245100000,91.1000,91.7500,91.1000,91.3500,80819.58,1770245399999,7391192.503400,11856,46282.44,4231121.257500,0
1770245400000,91.3600,91.4000,90.8500,91.1400,85073.48,1770245699999,7756026.271500,10874,43362.58,3954032.266600,0
1770245700000,91.1400,91.3800,90.5600,90.7800,113660.57,1770245999999,10332913.786900,13737,50961.51,4635301.304300,0
1770246000000,90.7700,91.0400,90.3600,90.5500,158308.90,1770246299999,14344146.003400,17151,88370.91,8007923.848400,0
1770246300000,90.5400,90.8000,90.2100,90.5600,125380.35,1770246599999,11353073.925800,14566,71830.87,6506614.548000,0
1770246600000,90.5500,90.9800,90.4000,90.9800,83278.17,1770246899999,7551685.526300,11587,47579.39,4315456.602200,0
1770246900000,90.9900,92.6000,90.6700,91.3100,502883.22,1770247199999,46075746.009600,31875,305078.39,27983104.085300,0
1770247200000,91.3100,91.8300,91.0200,91.7200,177799.17,1770247499999,16235304.737400,17475,71865.81,6564256.687100,0
1770247500000,91.7200,92.1000,91.6700,92.0700,149440.58,1770247799999,13744935.043000,15445,82789.38,7614624.787200,0
1770247800000,92.0800,92.4700,92.0400,92.4300,142718.01,1770248099999,13164368.518000,16111,76173.30,7027006.203300,0
1770248100000,92.4300,92.9000,92.2500,92.7600,167344.23,1770248399999,15484278.378200,16860,85249.76,7890113.137100,0
1770248400000,92.7600,92.7700,92.3700,92.5300,116923.92,1770248699999,10823000.743800,11725,48453.15,4485613.500800,0
1770248700000,92.5300,92.6500,92.4300,92.4400,71953.36,1770248999999,6659595.666000,9077,33618.54,3111756.556100,0
1770249000000,92.4400,92.5300,92.1500,92.3500,94957.99,1770249299999,8769894.089700,10012,45850.22,4234663.422500,0
1770249300000,92.3400,92.3700,91.9700,92.0700,112076.29,1770249599999,10321196.908500,9118,46136.37,4248109.672900,0
1770249600000,92.0700,92.1600,91.9100,91.9500,84239.47,1770249899999,7753647.990200,10494,40675.07,3744158.133500,0
1770249900000,91.9400,92.4200,91.9400,92.0600,123317.98,1770250199999,11362454.919600,12760,59892.72,5518994.222800,0
1770250200000,92.0600,92.2900,91.8000,91.8600,95600.76,1770250499999,8796371.773000,10505,44392.80,4085632.740200,0
1770250500000,91.8500,92.2000,91.8500,92.1500,68839.43,1770250799999,6332417.777600,8420,44186.89,4064799.402700,0
1770250800000,92.1600,92.4100,92.1300,92.1900,92307.34,1770251099999,8518395.218700,10201,53339.36,4922673.365600,0
1770251100000,92.2000,92.7200,92.1400,92.5600,145296.40,1770251399999,13429973.223500,12404,85971.55,7947215.906000,0
1770251400000,92.5500,92.5500,91.5700,91.6000,101070.39,1770251699999,9292025.810300,12250,34452.85,3166297.022000,0
1770251700000,91.6100,91.8900,91.3300,91.8300,84030.62,1770251999999,7696176.040300,12605,39662.30,3634053.677500,0
1770252000000,91.8200,92.1800,91.7800,91.9200,54323.17,1770252299999,4995761.787000,9420,25078.79,2306081.532300,0
1770252300000,91.9200,92.0000,91.6900,91.9800,44735.46,1770252599999,4108760.072000,7316,21178.63,1945428.236100,0
1770252600000,91.9800,92.0700,91.6900,91.8500,47880.80,1770252899999,4399537.288800,7812,19661.89,1806622.472100,0
1770252900000,91.8500,91.9100,91.6000,91.6900,33979.02,1770253199999,3118578.504800,6163,13812.69,1267662.081600,0
1770253200000,91.7000,91.9400,91.5500,91.8700,82702.76,1770253499999,7586624.449500,10348,46661.88,4280717.582000,0
1770253500000,91.8700,92.2800,91.8500,92.1900,113214.79,1770253799999,10422080.583800,11547,52625.97,4845534.412900,0
1770253800000,92.1800,92.5600,92.1600,92.3200,124520.54,1770254099999,11507877.469300,11890,65872.38,6088019.621900,0
1770254100000,92.3200,92.3300,91.0700,91.0800,220632.52,1770254399999,20185731.627300,20704,77038.30,7044108.286000,0
1770254400000,91.0900,91.1400,90.4800,91.1000,299174.63,1770254699999,27159601.788000,26925,129355.14,11742532.110200,0
1770254700000,91.1100,92.7300,91.1000,92.4700,332631.24,1770254999999,30599256.227000,36530,186895.85,17189832.544100,0
1770255000000,92.4600,92.8800,92.2000,92.7200,207298.59,1770255299999,19184711.418800,25914,100654.02,9317122.661500,0
1770255300000,92.7100,92.7400,92.3100,92.5600,149668.14,1770255599999,13847959.607000,17618,79982.08,7400024.316800,0
1770255600000,92.5600,92.5800,91.5600,91.9900,305481.26,1770255899999,28083063.245500,25067,126159.94,11594937.824200,0
1770255900000,91.9900,92.2000,91.8900,92.1600,89596.49,1770256199999,8243007.008600,11351,44114.03,4058786.198900,0
1770256200000,92.1500,92.2600,91.6500,91.8400,98981.52,1770256499999,9100733.817000,12632,53683.74,4934787.026600,0
1770256500000,91.8300,92.0000,91.8200,91.8900,29626.02,1770256799999,2722833.585300,6439,14912.71,1370616.193500,0
1770256800000,91.8800,92.1400,91.6500,91.6700,114914.03,1770257099999,10556893.581100,15198,42268.61,3883438.365400,0
1770257100000,91.6800,91.7700,91.2000,91.5200,164982.53,1770257399999,15086264.082700,19365,73570.72,6727399.279300,0
1770257400000,91.5200,91.6900,91.0300,91.0500,108608.90,1770257699999,9917690.036000,14693,53491.48,4884959.294100,0
1770257700000,91.0500,91.5800,90.6300,91.2900,354725.38,1770257999999,32301176.465300,33869,191905.62,17480156.434400,0
1770258000000,91.2900,91.6600,91.2500,91.6600,123200.92,1770258299999,11273646.141600,19484,68652.40,6282025.344800,0
1770258300000,91.6700,91.7800,91.2800,91.7300,79709.86,1770258599999,7298956.363600,12630,42443.46,3886922.696000,0
1770258600000,91.7300,92.0300,91.6500,91.8800,110770.74,1770258899999,10175754.075300,15593,62342.22,5727404.082000,0
1770258900000,91.8800,92.6700,91.8800,92.5100,248367.52,1770259199999,22966854.050900,24693,132432.46,12244359.744500,0
1770259200000,92.5100,92.5600,92.2800,92.3900,105657.07,1770259499999,9766476.295900,12820,61130.28,5650706.597800,0
1770259500000,92.3900,92.4500,91.2000,91.2800,211054.51,1770259799999,19335127.597500,20909,85793.81,7859082.459100,0
1770259800000,91.2900,91.5000,90.9600,91.2300,166237.89,1770260099999,15161869.236100,19949,84083.31,7670421.286000,0
1770260100000,91.2300,91.4700,90.6700,90.8700,222453.21,1770260399999,20237971.582500,21871,100396.25,9136247.538900,0
1770260400000,90.8600,91.3000,90.7200,90.8600,203741.09,1770260699999,18542681.754200,22302,118636.71,10797262.204700,0
1770260700000,90.8600,91.3600,90.2300,91.3500,279381.41,1770260999999,25319926.233700,29225,127695.19,11581079.054400,0
1770261000000,91.3500,91.6200,90.7300,90.7800,183301.65,1770261299999,16725367.946900,19843,84248.32,7691819.470200,0
1770261300000,90.7900,90.8800,90.1300,90.6700,259494.44,1770261599999,23476296.003700,26948,111697.17,10105384.605800,0
1770261600000,90.6700,91.6600,90.6600,91.1500,276195.24,1770261899999,25204860.544700,27162,161031.82,14693843.802000,0
1770261900000,91.1500,91.3100,90.8100,90.9300,109232.10,1770262199999,9942353.704300,13349,45952.17,4184891.812400,0
1770262200000,90.9400,90.9700,90.6600,90.8700,107915.08,1770262499999,9800996.430100,14138,57630.54,5234038.625400,0
1770262500000,90.8600,91.0200,90.6400,90.8900,123866.32,1770262799999,11253907.930700,15421,63113.12,5734621.456500,0
1770262800000,90.8800,91.3200,90.8700,91.0100,132948.58,1770263099999,12111473.638900,14769,76856.79,7001712.324900,0
1770263100000,91.0100,91.1600,90.7600,90.9700,84470.86,1770263399999,7685731.101500,11221,47270.47,4301667.118800,0
1770263400000,90.9800,91.0700,90.7400,90.9800,105797.46,1770263699999,9615381.107200,12616,54574.20,4960508.021200,0
1770263700000,90.9900,91.1600,90.9000,91.1000,122287.99,1770263999999,11132849.243800,13707,65122.33,5929263.487000,0
1770264000000,91.1000,91.2500,90.8900,90.9200,107254.39,1770264299999,9770809.040100,13493,54172.39,4935931.806200,0
1770264300000,90.9100,91.1900,90.4300,91.0600,279246.38,1770264599999,25344896.065000,26376,135875.70,12337143.127600,0
1770264600000,91.0500,91.6200,90.2700,90.4600,364012.18,1770264899999,33098452.183500,32874,163905.30,14913599.339100,0
1770264900000,90.4700,91.0100,90.2600,90.8200,207832.72,1770265199999,18831481.554200,22817,101630.69,9211385.428000,0
1770265200000,90.8200,91.4800,90.8200,91.0500,204892.40,1770265499999,18685966.491900,21230,113242.60,10328922.168100,0
1770265500000,91.0600,91.3000,90.5400,91.0100,163337.53,1770265799999,14846077.071000,16645,61678.37,5607878.380300,0
1770265800000,91.0000,91.0400,90.5400,90.6100,125857.24,1770266099999,11429242.259300,15459,76570.80,6953054.835500,0
1770266100000,90.6200,91.1200,90.6200,90.8700,89191.66,1770266399999,8107720.797400,12481,49074.53,4461123.584000,0
1770266400000,90.8700,91.8900,90.8300,91.7900,319555.99,1770266699999,29247848.238800,23743,207021.33,18948385.797800,0
1770266700000,91.7900,91.8300,91.3600,91.3900,90719.43,1770266999999,8315125.348000,11345,40466.45,3709472.949800,0
1770267000000,91.4000,91.5700,91.0000,91.0400,103937.34,1770267299999,9488059.113900,12346,41211.73,3763253.308800,0
1770267300000,91.0400,91.1600,90.8000,91.0800,107120.06,1770267599999,9746418.537600,11456,50221.35,4570280.015500,0
1770267600000,91.0800,91.2800,91.0500,91.2800,53236.43,1770267899999,4853670.554900,9947,29299.09,2671632.513400,0
1770267900000,91.2700,91.3700,90.8600,90.9500,72609.24,1770268199999,6614227.272100,11545,34501.90,3143126.189600,0
1770268200000,90.9500,91.6500,90.9000,91.4300,127538.09,1770268499999,11652676.055000,13798,81017.05,7403316.572500,0
1770268500000,91.4300,91.7500,90.9600,91.0700,138773.02,1770268799999,12677520.959100,14930,53335.94,4877119.498300,0
1770268800000,91.0800,91.1100,89.8700,90.2200,640414.39,1770269099999,57862111.623300,38882,266427.33,24077240.443500,0
1770269100000,90.2200,90.9600,89.9500,90.2400,452081.21,1770269399999,40871824.578100,28139,251260.84,22736713.004200,0
1770269400000,90.2500,90.5500,89.8500,90.3200,214962.74,1770269699999,19394378.668400,20279,91154.15,8225828.899400,0
1770269700000,90.3200,91.3800,90.3200,91.1900,382064.19,1770269999999,34756690.756500,27692,214667.04,19520479.486000,0
1770270000000,91.1900,92.0700,91.1500,91.7800,455717.82,1770270299999,41811582.824600,31236,264516.82,24273784.960100,0
1770270300000,91.7700,91.8700,90.9500,91.1900,327967.74,1770270599999,29972579.408200,26838,131792.58,12040840.755800,0
1770270600000,91.1900,91.6100,91.0600,91.2100,100183.51,1770270899999,9154875.935400,14200,63836.95,5833883.209000,0
1770270900000,91.2000,91.2300,91.0200,91.1300,63143.37,1770271199999,5753550.141700,8214,43732.32,3985005.895400,0
1770271200000,91.1200,91.2100,89.7600,90.0300,442816.64,1770271499999,39981354.330100,34747,175074.68,15807638.712800,0
1770271500000,90.0200,90.6500,89.6700,90.0300,474841.94,1770271799999,42772713.255500,29808,259610.18,23405956.403900,0
1770271800000,90.0200,90.4400,89.8800,90.2800,149803.54,1770272099999,13511601.753000,14748,79165.60,7142508.068900,0
1770272100000,90.2800,90.5100,89.8800,89.9200,121650.37,1770272399999,10971962.719600,13374,50782.87,4582399.648800,0
1770272400000,89.9300,90.0500,89.7000,89.8800,136035.58,1770272699999,12225654.384700,13533,62150.61,5586700.783000,0
1770272700000,89.8800,89.9800,89.7300,89.8800,127416.75,1770272999999,11450003.005500,12856,52797.42,4744993.978300,0
1770273000000,89.8800,90.3300,89.8200,90.2400,113510.05,1770273299999,10223391.868700,13386,72790.20,6556504.734100,0
1770273300000,90.2400,90.4300,89.9800,90.2800,108228.55,1770273599999,9769265.247200,13275,52154.28,4708439.256100,0
1770273600000,90.2900,90.4300,90.1200,90.1600,100389.15,1770273899999,9062526.714400,10644,35843.40,3236133.122100,0
1770273900000,90.1700,90.4500,89.6200,89.9900,203681.44,1770274199999,18325163.804300,21606,85798.06,7720256.286600,0
1770274200000,89.9800,90.1000,89.8600,90.0000,68797.28,1770274499999,6191517.938200,8773,34232.42,3081045.126100,0
1770274500000,90.0000,90.2700,89.9700,90.1600,57806.50,1770274799999,5210770.512800,8019,28539.82,2572622.682900,0
1770274800000,90.1600,91.6200,90.1000,91.4700,579761.38,1770275099999,52826219.392800,42763,346788.78,31592364.458300,0
1770275100000,91.4700,91.4700,90.6800,90.7800,204673.81,1770275399999,18649296.348600,20218,99738.01,9088820.399000,0
1770275400000,90.7900,90.8700,90.6500,90.7600,71407.29,1770275699999,6482006.715500,9219,43022.59,3905826.341000,0
1770275700000,90.7700,91.2200,90.5400,91.1900,133633.72,1770275999999,12147136.180200,15017,85661.47,7788439.685400,0
1770276000000,91.1900,91.4600,91.0100,91.2400,111046.18,1770276299999,10133088.185600,13062,63951.26,5836479.498200,0
1770276300000,91.2400,91.6300,91.2100,91.4200,148640.26,1770276599999,13596926.845400,14934,72802.69,6660583.296800,0
1770276600000,91.4200,91.4600,91.2200,91.3000,77250.84,1770276899999,7055918.227600,9433,36046.40,3292713.834300,0
1770276900000,91.3100,91.3700,91.0200,91.0700,66533.07,1770277199999,6066221.361100,8767,29234.16,2665371.988300,0
1770277200000,91.0700,91.2100,90.8200,91.1500,109350.46,1770277499999,9950979.693100,12110,60954.23,5547359.280900,0
1770277500000,91.1600,91.2600,90.8900,90.9800,60053.96,1770277799999,5470523.731800,7697,21551.38,1963221.228000,0
1770277800000,90.9800,91.0300,90.7600,91.0100,59034.05,1770278099999,5366115.899300,7715,27713.83,2519785.989900,0
1770278100000,91.0100,91.0100,90.3200,90.5000,136881.93,1770278399999,12390722.907500,13020,53975.85,4884729.661800,0
1770278400000,90.5100,90.9700,90.5100,90.9000,120491.20,1770278699999,10934320.015300,14769,58466.66,5306328.472300,0
1770278700000,90.9000,91.3300,90.8100,91.2100,130129.52,1770278999999,11857590.338300,12666,72349.31,6593144.217400,0
1770279000000,91.2100,91.2400,91.0000,91.0900,85031.31,1770279299999,7748188.198400,10582,30700.02,2797534.291000,0
1770279300000,91.0800,91.1600,90.7900,91.1100,66471.43,1770279599999,6049469.075200,8498,30731.23,2797191.066600,0
1770279600000,91.1100,91.2800,91.0300,91.2000,82439.09,1770279899999,7514780.562100,9244,45312.48,4130826.332400,0
1770279900000,91.2100,91.9700,91.1800,91.6800,325190.04,1770280199999,29818843.863800,18741,175239.29,16063238.169500,0
1770280200000,91.6700,92.4400,91.6400,92.1100,279532.35,1770280499999,25754795.919900,23049,170468.50,15704792.802000,0
1770280500000,92.1100,92.2300,91.8600,92.0800,128692.13,1770280799999,11847718.521800,13318,50275.12,4628847.946300,0
1770280800000,92.0900,92.1500,91.9100,91.9300,47033.89,1770281099999,4327860.598700,8973,22392.40,2060578.334100,0
1770281100000,91.9300,92.2000,91.7600,91.8500,103140.25,1770281399999,9477965.686100,12153,52218.32,4798896.700800,0
1770281400000,91.8400,91.9400,91.6700,91.8600,62094.05,1770281699999,5699856.384300,8440,32480.55,2981657.227400,0
1770281700000,91.8600,92.0000,91.7000,91.7300,69155.68,1770281999999,6352705.651200,8742,29683.39,2727022.647800,0
1770282000000,91.7400,91.9800,91.7000,91.9300,69439.02,1770282299999,6376468.505300,9065,39746.29,3649972.798400,0
1770282300000,91.9400,93.0400,91.8100,92.7600,359455.60,1770282599999,33283855.927800,30821,233774.79,21648573.583100,0
1770282600000,92.7700,92.9600,92.5400,92.8400,171638.09,1770282899999,15928824.430500,17625,81730.69,7585620.491900,0
1770282900000,92.8400,93.4000,92.7000,92.8700,200409.45,1770283199999,18652981.050900,20666,116444.72,10840568.793000,0
1770283200000,92.8700,93.0100,92.6300,92.7500,125843.49,1770283499999,11678227.261100,13459,66208.20,6144292.727900,0
1770283500000,92.7400,92.8200,92.6300,92.7600,53698.59,1770283799999,4979610.924200,7396,26660.14,2472171.309700,0
1770283800000,92.7600,92.8300,92.4000,92.4900,94543.91,1770284099999,8755432.481400,10720,51442.94,4764373.103900,0
1770284100000,92.4900,92.5000,92.2700,92.3900,86134.15,1770284399999,7959273.765200,9775,47443.26,4384315.790400,0
1770284400000,92.3900,92.6900,92.1900,92.3400,102289.04,1770284699999,9454301.502400,10678,49621.07,4589437.714400,0
1770284700000,92.3400,92.5000,92.2000,92.3000,48727.21,1770284999999,4500050.409900,6841,24350.79,2249189.553500,0
1770285000000,92.3000,92.6700,92.2800,92.5700,62589.85,1770285299999,5791789.557000,7802,41983.48,3884894.758600,0
1770285300000,92.5600,92.5700,92.3800,92.4700,50693.53,1770285599999,4688748.574600,5494,28650.74,2650487.069600,0
1770285600000,92.4700,92.5700,92.0300,92.0600,104912.86,1770285899999,9677839.079800,10603,34756.87,3206904.577000,0
1770285900000,92.0600,92.0900,91.6600,91.7200,149159.77,1770286199999,13694629.425200,13129,60049.61,5513219.398300,0
1770286200000,91.7300,92.0500,91.7300,91.9900,77063.95,1770286499999,7076744.533300,7997,46852.55,4303014.616400,0
1770286500000,91.9900,92.5300,91.9900,92.4600,98516.40,1770286799999,9087534.351200,10648,58686.87,5412524.726100,0
1770286800000,92.4600,92.6000,92.2700,92.4600,80468.03,1770287099999,7435385.815400,8070,30339.92,2803276.649400,0
1770287100000,92.4500,92.4700,92.3100,92.4000,47310.44,1770287399999,4370993.933200,5591,22481.98,2077081.601100,0
1770287400000,92.4100,92.4200,92.1100,92.1700,71287.87,1770287699999,6576617.700800,7061,26559.60,2450252.878700,0
1770287700000,92.1800,92.2000,91.8300,91.8700,100967.11,1770287999999,9286056.754700,8710,35090.28,3227059.848300,0
1770288000000,91.8600,91.8900,91.5000,91.5400,160410.72,1770288299999,14705273.698800,10607,65531.20,6007947.021300,0
1770288300000,91.5300,91.6300,90.7600,90.7800,345645.50,1770288599999,31502390.458700,21943,124845.25,11377809.460400,0
1770288600000,90.7900,91.0200,90.1800,90.3800,522244.75,1770288899999,47283031.380400,30853,220725.78,19987567.580800,0
1770288900000,90.3900,90.4900,89.7000,90.2200,544117.12,1770289199999,48997826.077300,29473,256323.74,23087185.949200,0
1770289200000,90.2300,90.5000,90.1100,90.2600,206498.82,1770289499999,18650117.105700,16974,106640.48,9632306.686000,0
1770289500000,90.2500,90.7300,90.2500,90.7200,122510.63,1770289799999,11091341.380700,13357,72354.81,6551515.632900,0
1770289800000,90.7200,90.7300,89.8000,89.9700,232831.34,1770290099999,20980403.859000,19614,83684.90,7542989.644000,0
1770290100000,89.9700,90.2000,89.7700,89.8800,222111.51,1770290399999,19985162.138700,17763,105099.89,9457431.497600,0
1770290400000,89.8700,89.9100,88.7800,88.9600,631406.36,1770290699999,56396186.520000,46035,235796.56,21074772.628200,0
1770290700000,88.9600,89.3500,88.6100,88.8700,441127.35,1770290999999,39250642.977300,35129,211998.65,18870083.410900,0
1770291000000,88.8700,89.2700,88.7700,89.1600,284093.37,1770291299999,25294096.304300,27610,165307.87,14720030.197200,0
1770291300000,89.1500,90.2100,88.9800,90.0600,370087.95,1770291599999,33160864.184400,29357,223757.12,20046347.157100,0
1770291600000,90.0600,90.7500,89.9700,90.2900,386438.08,1770291899999,34929493.406100,27798,199673.56,18051392.767100,0
1770291900000,90.2900,90.4800,89.9300,90.0600,298657.20,1770292199999,26926797.155900,21558,151434.94,13654283.704900,0
1770292200000,90.0700,90.1400,89.4500,89.5400,206817.72,1770292499999,18571367.894900,18374,102085.89,9168338.383600,0
1770292500000,89.5500,89.9600,89.5200,89.9200,101855.93,1770292799999,9136752.925100,11179,60101.15,5392070.719700,0
1770292800000,89.9300,90.7200,89.8900,90.5200,281574.18,1770293099999,25438177.577700,22537,173194.17,15644986.021600,0
1770293100000,90.5300,90.6100,89.6900,89.9400,236027.44,1770293399999,21272535.559100,19952,80754.94,7281358.008800,0
1770293400000,89.9400,90.1600,89.8100,89.8200,168581.68,1770293699999,15171790.205600,15268,71036.37,6394199.215600,0
1770293700000,89.8300,89.8700,88.7600,88.8000,415352.10,1770293999999,37071809.559800,32190,175792.10,15688708.197300,0
1770294000000,88.8000,89.2600,88.6500,88.6700,401521.35,1770294299999,35705914.958200,31838,198369.13,17640554.468100,0
1770294300000,88.6700,90.0600,88.6400,89.6100,544530.30,1770294599999,48704522.746500,38390,320187.91,28617020.167700,0
1770294600000,89.6200,89.9500,88.9500,89.4800,250534.20,1770294899999,22378570.944100,29000,126667.31,11313969.693500,0
1770294900000,89.4800,89.8000,89.1700,89.5000,232314.32,1770295199999,20807074.813300,24458,120824.20,10820649.405800,0
1770295200000,89.5000,89.7500,89.0200,89.2600,156132.52,1770295499999,13948470.137500,18585,77244.98,6901473.091100,0
1770295500000,89.2600,89.4600,89.0500,89.3200,145921.27,1770295799999,13023229.772400,19075,82479.29,7361642.191200,0
1770295800000,89.3100,89.7800,89.0600,89.0700,182880.66,1770296099999,16366093.591500,20842,100575.28,9004064.122500,0
1770296100000,89.0600,89.6200,88.7400,89.4700,208715.69,1770296399999,18616643.563000,20427,91093.57,8126863.608400,0
1770296400000,89.4600,89.5200,89.2100,89.4900,107088.22,1770296699999,9570118.966400,13169,51676.44,4618558.457400,0
1770296700000,89.4900,90.0000,89.4800,89.7100,194503.05,1770296999999,17458992.753000,18305,133049.56,11945385.961900,0
1770297000000,89.7100,89.8200,89.0600,89.1000,132178.57,1770297299999,11818737.290000,13921,55038.41,4923957.790800,0
1770297300000,89.0900,89.1400,88.6100,88.8200,326342.97,1770297599999,28997101.358500,26580,149280.78,13262042.435700,0
1770297600000,88.8200,88.9300,88.5100,88.8300,169658.19,1770297899999,15056933.712800,18721,71457.28,6343596.773100,0
1770297900000,88.8300,88.9600,88.2700,88.4000,248259.94,1770298199999,21960136.969700,21876,118895.03,10518765.117600,0
1770298200000,88.4100,88.9800,88.2900,88.9400,236995.96,1770298499999,21015573.860200,28552,127837.24,11335232.607800,0
1770298500000,88.9300,88.9500,88.3500,88.3600,125803.58,1770298799999,11160000.793100,16854,64003.43,5679473.143200,0
1770298800000,88.3600,88.5000,88.1800,88.4000,137819.99,1770299099999,12176028.926400,15989,69714.52,6160176.412200,0
1770299100000,88.4000,88.4600,88.1400,88.3100,130249.88,1770299399999,11500851.314200,13723,64232.78,5671651.051600,0
1770299400000,88.3100,88.7100,88.1500,88.6200,127127.77,1770299699999,11252714.191700,15467,75499.62,6682587.840700,0
1770299700000,88.6200,88.7200,88.2200,88.4400,164909.56,1770299999999,14601042.624900,13494,80909.26,7161846.073000,0
1770300000000,88.4400,90.0300,88.4300,89.5400,668903.25,1770300299999,59894865.757300,52124,381070.44,34123113.343400,0
1770300300000,89.5400,89.5400,89.0000,89.1800,181102.78,1770300599999,16169346.874400,19605,78956.57,7049595.383100,0
1770300600000,89.1700,89.6800,88.9600,89.4200,240161.71,1770300899999,21470654.868300,19085,119489.33,10682112.575800,0
1770300900000,89.4200,89.6700,89.0000,89.3100,152501.30,1770301199999,13616958.529300,16910,68882.95,6149848.959800,0
1770301200000,89.3000,89.6700,89.2100,89.6600,89458.56,1770301499999,8004228.056000,13305,51548.62,4613304.878100,0
1770301500000,89.6500,90.1000,89.6500,89.9600,225057.50,1770301799999,20232543.546800,19134,119355.06,10730352.906100,0
1770301800000,89.9600,90.5000,89.5200,90.4000,523071.25,1770302099999,47111497.684700,51933,282245.15,25429772.114800,0
1770302100000,90.4000,91.4300,90.2900,91.0700,677607.05,1770302399999,61572319.968700,57474,366633.18,33330980.932000,0
1770302400000,91.0600,91.1000,90.2100,90.2200,335547.24,1770302699999,30404641.030300,33702,149149.45,13518431.869500,0
1770302700000,90.2300,90.7700,89.7100,89.9300,384453.42,1770302999999,34674114.165600,35191,203520.62,18361433.507700,0
1770303000000,89.9300,90.1500,89.3500,89.4900,288019.13,1770303299999,25852901.586100,29822,131463.01,11803993.937000,0
1770303300000,89.4900,89.5000,88.2500,88.5600,571608.40,1770303599999,50709706.277200,44444,268084.65,23775807.568600,0
1770303600000,88.5700,88.9600,87.7300,88.0100,727769.19,1770303899999,64210703.554300,60303,326091.42,28781705.293900,0
1770303900000,88.0100,88.0800,87.0200,87.2800,739786.29,1770304199999,64628980.105500,57239,346829.10,30290547.784600,0
1770304200000,87.2800,87.5600,86.0400,86.3400,902336.52,1770304499999,78105741.727200,66118,419477.56,36307131.832200,0
1770304500000,86.3400,87.2200,86.2200,86.4100,583522.63,1770304799999,50628572.990400,48589,301116.79,26121709.602000,0
1770304800000,86.3900,86.4600,84.0100,84.9400,1934683.95,1770305099999,164480060.969800,113836,820886.29,69774135.829600,0
1770305100000,84.9500,85.8900,84.1100,84.1700,1000388.82,1770305399999,85056753.552200,65237,561602.80,47808621.230500,0
1770305400000,84.1800,85.3100,83.3600,83.7600,1274281.44,1770305699999,107231649.804900,81680,571808.29,48166042.264000,0
1770305700000,83.7600,85.2600,83.7600,85.2000,962367.21,1770305999999,81231325.331900,68226,505983.91,42712449.214300,0
1770306000000,85.2000,85.8800,84.7300,85.3700,605123.58,1770306299999,51706663.652500,52251,312720.06,26725665.730100,0
1770306300000,85.3800,85.6300,84.3900,84.8900,544289.83,1770306599999,46127329.326100,41416,292350.58,24771412.432400,0
1770306600000,84.8900,85.8400,84.7100,84.7200,823865.17,1770306899999,70355851.078800,52053,432759.81,36956031.024800,0
1770306900000,84.7100,84.9500,84.1300,84.5500,416700.76,1770307199999,35228289.478400,32257,193608.63,16370610.993600,0
1770307200000,84.5500,84.8500,83.9300,84.0600,504242.39,1770307499999,42531950.924300,41460,237411.56,20032080.403600,0
1770307500000,84.0600,84.7300,83.9400,84.0800,318458.06,1770307799999,26846044.422400,30366,154930.69,13059947.607700,0
1770307800000,84.0800,84.9300,83.6100,83.7700,464011.66,1770308099999,39048873.296000,37234,239056.98,20127032.090300,0
1770308100000,83.7700,84.8800,83.6800,84.1900,712289.29,1770308399999,60109632.297100,44148,378950.28,31968756.779500,0
1770308400000,84.2000,85.7500,84.1700,85.7400,450681.49,1770308699999,38245505.166200,38246,267301.47,22686414.168500,0
1770308700000,85.7500,85.9000,85.3100,85.5000,532263.62,1770308999999,45569371.593700,36497,294628.91,25227500.564900,0
1770309000000,85.5100,86.0800,84.9800,85.4600,363051.04,1770309299999,31028082.554600,35549,190483.65,16290433.611900,0
1770309300000,85.4600,85.7700,85.0400,85.0800,200889.31,1770309599999,17153687.189900,23372,90852.19,7759465.599600,0
1770309600000,85.0900,85.2900,84.4600,84.5000,243870.43,1770309899999,20680990.664100,23006,110944.58,9408333.966400,0
1770309900000,84.5000,84.7600,83.9300,84.7500,338980.36,1770310199999,28567482.529700,28105,184757.59,15572451.249500,0
1770310200000,84.7500,86.1800,84.7500,85.7600,520610.37,1770310499999,44527508.414800,40704,289892.90,24793690.247200,0
1770310500000,85.7500,85.9100,85.0100,85.5000,400398.46,1770310799999,34209464.721100,28665,211448.82,18063451.890900,0
1770310800000,85.4900,85.6600,84.6000,84.6600,265974.62,1770311099999,22612117.851700,26232,104586.80,8890317.441300,0
1770311100000,84.6600,84.9800,83.9300,84.0100,496641.80,1770311399999,41926656.405600,33704,217659.84,18391251.460300,0
1770311400000,84.0100,84.2300,83.6600,84.0200,359979.53,1770311699999,30217022.342100,31143,203355.38,17072205.304100,0
1770311700000,84.0100,84.0900,82.7400,82.8100,659017.43,1770311999999,54984128.629300,47268,231021.20,19292759.158600,0
1770312000000,82.8100,84.4900,82.3400,84.3900,1027620.15,1770312299999,85516379.227000,66473,568399.02,47346310.676100,0
1770312300000,84.3900,84.8200,83.9200,84.1900,472831.11,1770312599999,39882455.816800,38718,211401.13,17834869.550900,0
1770312600000,84.1800,84.4500,82.8600,83.2000,515845.76,1770312899999,43030751.645200,40997,214164.92,17861955.980600,0
1770312900000,83.1900,83.8500,83.0800,83.4000,259266.67,1770313199999,21646360.256400,27740,120268.49,10042343.254200,0
1770313200000,83.3900,84.1700,83.2500,83.5500,306347.34,1770313499999,25636523.456300,29540,153808.62,12873894.032700,0
1770313500000,83.5400,83.9800,83.0500,83.2200,242137.72,1770313799999,20218855.668300,26611,104924.88,8762326.208600,0
1770313800000,83.2300,83.6400,82.7800,82.8300,353278.09,1770314099999,29350587.777100,30372,158058.57,13133345.519800,0
1770314100000,82.8200,82.9400,82.5200,82.6400,351509.99,1770314399999,29073533.737100,29536,182254.60,15076622.072700,0
1770314400000,82.6400,83.2800,82.3700,82.6600,364346.98,1770314699999,30157482.835600,33341,178420.18,14769943.906300,0
1770314700000,82.6600,83.1000,82.5600,82.7400,193089.49,1770314999999,15983374.842300,24883,96801.31,8012673.658200,0
1770315000000,82.7400,83.1000,82.6900,82.8500,160109.82,1770315299999,13268746.736600,20430,80261.31,6651620.087700,0
1770315300000,82.8600,83.0200,81.9000,82.2700,651657.96,1770315599999,53590155.123800,41771,256180.64,21080547.987000,0
1770315600000,82.2700,82.6800,81.5200,82.5600,640998.32,1770315899999,52508317.874800,46974,319571.42,26196033.958400,0
1770315900000,82.5700,82.6600,81.6100,81.9700,432582.58,1770316199999,35470290.967000,33492,196490.30,16109759.617000,0
1770316200000,81.9700,82.2100,81.1200,81.6400,481664.24,1770316499999,39317824.352600,38808,224153.05,18314665.731500,0
1770316500000,81.6300,81.9800,81.2800,81.4800,272542.47,1770316799999,22243318.350700,27291,140235.80,11445822.685000,0
1770316800000,81.4900,81.8600,81.2100,81.4200,288507.84,1770317099999,23517404.255900,29788,157771.86,12861835.142800,0
1770317100000,81.4200,81.9500,81.1600,81.7400,300393.21,1770317399999,24509984.275100,29714,160656.59,13111534.877400,0
1770317400000,81.7300,82.4900,81.5500,82.2000,337423.10,1770317699999,27673086.984100,28457,222366.92,18243597.475100,0
1770317700000,82.2000,83.1700,82.0900,82.8900,405931.50,1770317999999,33610853.722500,35554,229718.96,19021804.347000,0
1770318000000,82.9000,83.1900,82.3300,82.6600,260377.32,1770318299999,21541169.567500,28290,130262.88,10776205.951100,0
1770318300000,82.6700,83.2700,82.3300,82.3600,262456.73,1770318599999,21702847.285800,26982,127098.18,10516788.264700,0
1770318600000,82.3600,82.9600,82.1600,82.5400,214176.82,1770318899999,17678649.340900,21572,110566.23,9128298.649900,0
1770318900000,82.5300,83.0700,82.3800,82.7900,248213.68,1770319199999,20538988.854000,24059,138087.89,11430196.275500,0
1770319200000,82.7900,82.8200,82.0000,82.1700,255020.33,1770319499999,20986318.795400,22004,93856.67,7727443.320100,0
1770319500000,82.1700,82.1900,81.6400,82.1300,265026.96,1770319799999,21703724.391600,20673,127653.35,10452395.067300,0
1770319800000,82.1200,82.6800,81.9200,82.5500,233214.59,1770320099999,19212426.377000,25802,125629.54,10349417.814600,0
1770320100000,82.5500,82.7100,82.2900,82.2900,234568.13,1770320399999,19353394.625200,18604,149952.54,12373944.977100,0
1770320400000,82.2900,82.3700,81.8500,81.9600,242942.69,1770320699999,19918428.459800,18374,140946.98,11553545.302600,0
1770320700000,81.9500,82.1100,81.5100,81.8500,238101.54,1770320999999,19476922.209100,18109,114475.43,9363374.650600,0
1770321000000,81.8600,82.0400,81.3500,81.7000,288240.24,1770321299999,23520808.318500,23257,145860.36,11903831.383700,0
1770321300000,81.7000,81.8700,81.4300,81.6300,139006.99,1770321599999,11345970.995800,15033,64122.39,5234043.418500,0
1770321600000,81.6300,82.2600,81.5700,81.6000,266752.25,1770321899999,21850574.485500,22883,163330.62,13382595.912600,0
1770321900000,81.6000,82.0800,81.2800,82.0100,414108.72,1770322199999,33832407.623500,25930,200650.14,16387525.791000,0
1770322200000,82.0100,82.0500,81.1800,81.2200,260001.84,1770322499999,21190718.902300,17536,103594.27,8449472.200700,0
1770322500000,81.2300,81.2700,80.2200,80.3200,1047203.17,1770322799999,84371840.355100,63046,451917.41,36411463.097200,0
1770322800000,80.3200,80.5300,78.8900,79.6500,2052136.12,1770323099999,163609887.061000,93302,818989.22,65314535.973100,0
1770323100000,79.6400,79.7000,77.7300,78.6400,2071668.93,1770323399999,162757569.669400,112890,876474.20,68892311.930100,0
1770323400000,78.6300,79.0000,77.9800,78.6800,865427.70,1770323699999,67978600.869400,65422,442282.86,34753242.819100,0
1770323700000,78.6700,79.2500,77.6000,79.0400,919141.57,1770323999999,72188123.933200,70060,487550.60,38317906.124700,0
1770324000000,79.0400,79.9800,79.0200,79.4000,563287.25,1770324299999,44765847.833900,50742,296189.93,23540921.257500,0
1770324300000,79.4000,79.6500,78.4700,78.6300,409148.68,1770324599999,32328203.503800,41636,201474.58,15921230.768100,0
1770324600000,78.6400,79.0000,77.9000,78.0700,536991.09,1770324899999,42062808.012000,51342,245892.65,19267217.317000,0
1770324900000,78.0700,79.2900,77.7900,78.7700,761669.51,1770325199999,59952153.973700,55213,455631.39,35869207.571500,0
1770325200000,78.7800,81.1400,78.6200,80.6900,1044899.96,1770325499999,83314951.153400,78403,553213.09,44117915.705900,0
1770325500000,80.6800,81.0700,79.8400,79.8400,461117.61,1770325799999,37050619.063800,44736,212190.17,17052048.811100,0
1770325800000,79.8500,80.0900,79.2100,79.2900,316831.93,1770326099999,25237375.775500,32563,131092.86,10445433.047100,0
1770326100000,79.2900,79.5800,78.5800,78.6400,294044.92,1770326399999,23255028.801100,32613,127344.09,10073193.101700,0
1770326400000,78.6300,80.5500,78.5500,79.8500,460878.96,1770326699999,36690588.881100,44691,243159.58,19355971.306900,0
1770326700000,79.8500,80.1900,78.8300,80.1900,386506.37,1770326999999,30723527.563700,37595,185473.70,14748438.761700,0
1770327000000,80.1900,80.8000,79.6100,79.6700,455265.84,1770327299999,36543202.997800,42291,228461.16,18344677.860700,0
1770327300000,79.6800,79.9000,79.0800,79.5400,282168.98,1770327599999,22413504.642200,30734,130657.23,10378931.661000,0
1770327600000,79.5400,79.9800,78.9500,79.2900,271242.05,1770327899999,21577749.745100,30532,135303.88,10767204.535200,0
1770327900000,79.2900,79.7100,78.8500,78.9600,234924.48,1770328199999,18631884.313000,28472,124990.37,9915013.169000,0
1770328200000,78.9700,79.1600,78.6800,78.9000,212675.37,1770328499999,16784563.038200,23777,106970.05,8443915.797900,0
1770328500000,78.9000,79.1800,78.2900,78.9300,274477.60,1770328799999,21610943.345000,26720,134523.51,10594936.946500,0
1770328800000,78.9400,79.4700,78.8100,79.1900,211886.56,1770329099999,16757499.991100,28007,109358.86,8649588.234900,0
1770329100000,79.1900,79.7500,78.1000,79.6000,502044.42,1770329399999,39631944.387000,43271,249480.08,19704009.017400,0
1770329400000,79.5900,79.9700,79.2600,79.3100,289317.59,1770329699999,23015082.011500,27233,157969.82,12567465.422700,0
1770329700000,79.3100,79.4700,77.4900,78.3600,672385.48,1770329999999,52639758.593500,45985,320349.16,25089175.868400,0
1770330000000,78.3500,78.4700,77.5700,77.9500,435115.31,1770330299999,33882802.302100,31635,211628.52,16480095.616500,0
1770330300000,77.9500,80.2000,77.6400,79.8500,854057.81,1770330599999,67644101.915400,50812,512501.26,40600160.455200,0
1770330600000,79.8500,80.5500,79.1300,79.6700,558898.17,1770330899999,44548415.702700,43809,296036.76,23598387.535500,0
1770330900000,79.6700,80.0900,79.3900,79.5600,216083.47,1770331199999,17228109.640200,18894,98620.80,7863998.369000,0
1770331200000,79.5500,79.9700,79.3500,79.9200,143171.77,1770331499999,11399632.686900,15077,84886.22,6760145.663800,0
1770331500000,79.9100,80.1400,79.3800,80.0300,130421.03,1770331799999,10410382.893800,16363,69959.04,5586763.428100,0
1770331800000,80.0300,80.6500,80.0000,80.1000,151835.01,1770332099999,12184349.992800,19150,95274.30,7646787.528600,0
1770332100000,80.1000,80.1400,79.7000,79.7600,132991.12,1770332399999,10626563.897000,13851,53423.31,4270606.472500,0
1770332400000,79.7700,80.9700,79.5000,80.9500,257133.52,1770332699999,20624374.967100,25515,142557.39,11448934.235300,0
1770332700000,80.9400,81.3300,80.7100,81.2200,402765.42,1770332999999,32635769.180600,32581,215772.78,17486076.747100,0
1770333000000,81.2200,81.5700,81.0200,81.0300,290509.95,1770333299999,23627724.350600,24802,131484.49,10696496.808600,0
1770333300000,81.0300,81.2000,80.4600,80.4600,186976.98,1770333599999,15113335.692100,20417,73208.00,5918795.869100,0
1770333600000,80.4700,80.5100,79.3700,79.4200,390199.25,1770333899999,31158321.712200,30481,168188.39,13421890.380700,0
1770333900000,79.4300,79.9600,79.4300,79.9300,203282.65,1770334199999,16198661.347500,19959,108228.64,8624908.899800,0
1770334200000,79.9300,80.3300,79.3000,79.3400,273428.27,1770334499999,21817097.169400,23542,90023.70,7188579.054900,0
1770334500000,79.3300,79.4200,78.8500,79.0000,402976.97,1770334799999,31853659.088000,29360,174424.55,13788864.615300,0
1770334800000,79.0000,79.1600,78.5600,78.7700,271067.09,1770335099999,21372430.972400,18609,124272.13,9799804.921500,0
1770335100000,78.7700,78.9900,78.5000,78.8600,299709.47,1770335399999,23612246.629200,20819,145785.38,11489957.475700,0
1770335400000,78.8500,78.8800,78.1500,78.2400,316873.10,1770335699999,24859518.601100,24485,115987.16,9102833.693000,0
1770335700000,78.2400,78.4300,78.0100,78.2900,168765.43,1770335999999,13201385.396500,17617,80719.22,6315335.395100,0
1770336000000,78.2900,78.7400,76.8900,77.5700,799377.46,1770336299999,62136331.380100,59005,326612.85,25409979.501400,0
1770336300000,77.5600,77.7300,75.8500,76.4200,1158139.99,1770336599999,88862156.067300,81882,541101.83,41546006.607700,0
1770336600000,76.4100,76.6800,71.3700,72.3000,2665163.01,1770336899999,197557156.592800,142952,1116785.43,82902584.431500,0
1770336900000,72.3200,73.5200,67.2900,67.5000,4646756.05,1770337199999,329186378.215700,252355,2088193.62,148449624.715600,0
1770337200000,67.5200,71.0400,67.3600,71.0200,2664059.10,1770337499999,184832301.524500,176518,1350062.15,93780116.583200,0
1770337500000,71.0300,72.2900,70.6800,71.1000,1333140.03,1770337799999,95111730.091900,106837,720276.77,51402179.855100,0
1770337800000,71.0900,73.2700,70.8800,73.0700,1109899.34,1770338099999,79927358.622500,92295,607457.67,43775152.322200,0
1770338100000,73.0900,75.8300,73.0400,75.2400,1257824.05,1770338399999,93451214.659400,91423,697347.49,51794796.005300,0
1770338400000,75.2500,75.4000,74.1400,74.9600,1042857.67,1770338699999,77862285.125200,65726,524742.76,39176125.067900,0
1770338700000,74.9500,76.0800,74.5800,75.2500,879294.66,1770338999999,66252587.340400,68179,483291.72,36422414.122700,0
1770339000000,75.2400,76.7900,75.2400,76.6500,819841.59,1770339299999,62463619.215100,68704,452864.23,34490989.139700,0
1770339300000,76.6400,76.6800,75.2300,75.4200,440952.50,1770339599999,33396234.287100,41541,219337.14,16606252.333900,0
1770339600000,75.4200,76.6500,75.4000,76.4700,584156.16,1770339899999,44401309.355700,52330,301699.01,22932793.115000,0
1770339900000,76.4700,77.1800,75.6500,76.9400,668268.48,1770340199999,51098256.283200,53997,330458.69,25273853.430000,0
1770340200000,76.9400,77.3900,76.1000,76.4200,554255.74,1770340499999,42548455.406500,49177,280532.48,21542627.651800,0
1770340500000,76.4300,77.2900,76.3000,76.7100,553461.41,1770340799999,42541192.960600,41859,240925.05,18511197.064000,0
1770340800000,76.7100,77.3600,76.6100,77.2500,337334.70,1770341099999,25968554.359800,31066,180133.74,13867203.618800,0
1770341100000,77.2400,77.4700,76.9200,77.1100,290355.09,1770341399999,22401156.943800,30644,139770.82,10785335.571400,0
1770341400000,77.1200,78.0300,76.8800,77.9700,406534.58,1770341699999,31514165.773300,37757,228595.68,17729355.719800,0
1770341700000,77.9700,78.4800,77.6300,77.8500,453759.30,1770341999999,35411184.528800,35952,256359.07,20010874.109600,0
1770342000000,77.8600,78.4700,77.7100,78.1700,279208.75,1770342299999,21799797.040500,30487,159680.09,12468418.126100,0
1770342300000,78.1800,79.5700,77.9500,79.5100,518333.92,1770342599999,40867615.701500,46171,320544.58,25281533.846100,0
1770342600000,79.5100,79.5200,78.8700,79.0900,373828.65,1770342899999,29619855.401500,32366,189158.33,14988705.069100,0
1770342900000,79.0900,79.6700,79.0900,79.4800,363074.98,1770343199999,28821399.575900,29945,182648.01,14497859.108800,0
1770343200000,79.4800,80.2200,79.3000,79.8400,486627.34,1770343499999,38807421.536000,44852,246072.93,19630121.915400,0
1770343500000,79.8400,79.9600,79.0700,79.3600,292689.17,1770343799999,23245376.387700,30863,120878.79,9601695.298000,0
1770343800000,79.3600,79.3600,77.7200,77.9400,822541.14,1770344099999,64387509.436900,50097,366138.36,28648847.627300,0
1770344100000,77.9400,78.1200,77.3700,77.6400,549357.26,1770344399999,42722124.221900,37218,275564.46,21438867.643900,0
1770344400000,77.6300,77.6700,76.7900,77.0400,513739.39,1770344699999,39661056.682100,35926,231911.18,17904454.569500,0
1770344700000,77.0500,77.4500,76.9200,77.2200,267783.81,1770344999999,20688631.891600,21593,133762.93,10335922.364000,0
1770345000000,77.2200,77.9900,76.9700,77.6100,536276.68,1770345299999,41552097.282500,32215,338278.31,26208575.513200,0
1770345300000,77.6100,78.1100,77.2400,78.0400,302570.34,1770345599999,23497197.485200,27185,166355.80,12919339.466400,0
1770345600000,78.0400,78.1400,77.6000,77.7000,244332.25,1770345899999,19041900.087100,24472,117034.97,9121127.137500,0
1770345900000,77.6900,77.8400,76.7200,77.1300,303497.11,1770346199999,23407602.312300,27170,150169.78,11582405.963100,0
1770346200000,77.1200,77.4800,76.5800,76.8200,239559.30,1770346499999,18452196.776500,23798,121119.56,9333153.788400,0
1770346500000,76.8200,76.9100,76.3400,76.8900,272024.01,1770346799999,20828276.031400,22236,136948.11,10488214.797000,0
1770346800000,76.8900,77.3500,76.7300,76.9000,259656.38,1770347099999,19994807.771600,28554,133364.36,10270504.022400,0
1770347100000,76.9000,77.1600,76.4200,76.8100,207814.30,1770347399999,15957543.109100,23892,93390.63,7171292.855000,0
1770347400000,76.8200,76.8900,76.2300,76.2500,254404.07,1770347699999,19460022.414000,24303,115377.55,8824732.457500,0
1770347700000,76.2500,76.9800,76.2500,76.6300,273560.80,1770347999999,20948652.834000,27343,147374.38,11285448.811700,0
1770348000000,76.6400,76.9600,76.0500,76.1400,242176.53,1770348299999,18523199.743800,24589,118050.34,9028738.285100,0
1770348300000,76.1500,76.8000,76.0300,76.6200,177962.08,1770348599999,13582225.571600,17413,91515.00,6984619.341300,0
1770348600000,76.6200,77.3000,76.5700,76.7300,203549.14,1770348899999,15669018.524100,21949,103973.95,8001661.166300,0
1770348900000,76.7200,76.9900,76.3700,76.4900,102306.25,1770349199999,7843233.271200,15482,45534.77,3491018.595500,0
1770349200000,76.4900,76.5000,76.0000,76.1300,174126.79,1770349499999,13271417.502500,16327,87716.27,6685916.756800,0
1770349500000,76.1300,76.3100,75.7300,76.0200,301230.90,1770349799999,22875896.478300,24939,128751.69,9779634.081200,0
1770349800000,76.0300,76.2900,75.6800,76.1900,221100.10,1770350099999,16806893.854500,21597,109245.53,8305168.877600,0
1770350100000,76.2000,76.7200,76.1900,76.6600,216976.55,1770350399999,16596148.743100,18053,118156.38,9037780.056200,0
1770350400000,76.6600,76.6900,76.1600,76.3200,241649.96,1770350699999,18472506.469600,18106,82786.88,6325622.844600,0
1770350700000,76.3100,76.6300,76.2000,76.3300,145339.00,1770350999999,11108401.687800,14236,67331.00,5146809.831800,0
1770351000000,76.3300,76.9900,76.2200,76.7300,170702.79,1770351299999,13082661.361600,16573,105020.36,8050462.533600,0
1770351300000,76.7200,77.1700,76.5800,77.0900,181966.09,1770351599999,13995947.677100,18001,102081.04,7852899.319800,0
1770351600000,77.0900,77.2600,76.8500,77.2400,156929.36,1770351899999,12094886.329200,15345,71472.09,5508942.778300,0
1770351900000,77.2300,77.8000,77.0600,77.4000,261924.93,1770352199999,20298931.696500,20524,152634.20,11829952.580800,0
1770352200000,77.4000,77.7300,77.2900,77.6500,124037.36,1770352499999,9612010.067600,15656,68402.76,5300562.188500,0
1770352500000,77.6400,77.6400,76.8200,77.0500,327053.68,1770352799999,25227693.329500,20210,98494.23,7599752.313500,0
1770352800000,77.0600,77.3300,76.8500,77.2700,96375.29,1770353099999,7423102.647900,11890,54276.14,4180258.002800,0
1770353100000,77.2700,77.8700,77.2600,77.8000,175583.74,1770353399999,13618980.887300,16877,83538.77,6480281.245100,0
1770353400000,77.8000,77.9700,77.6100,77.7400,143478.08,1770353699999,11161154.485000,15431,77685.28,6043131.174700,0
1770353700000,77.7300,77.8100,77.5400,77.6900,66013.92,1770353999999,5128380.681600,9554,34101.42,2648899.543700,0
1770354000000,77.6800,78.1900,77.5100,78.1300,178470.71,1770354299999,13914202.254200,18420,103978.68,8107061.812700,0
1770354300000,78.1200,78.7000,78.0500,78.2300,311142.27,1770354599999,24401982.764600,23317,192916.74,15129056.407600,0
1770354600000,78.2300,79.1400,78.1300,79.0500,356700.02,1770354899999,28075694.619400,21746,208903.78,16440808.128200,0
1770354900000,79.0500,79.1200,78.4800,78.8000,196552.25,1770355199999,15478918.097600,18190,89525.55,7049803.964000,0
1770355200000,78.8000,79.0900,78.6400,78.7100,159136.98,1770355499999,12553800.611600,16007,88728.85,6999668.829200,0
1770355500000,78.7100,78.9000,78.3700,78.8300,160378.50,1770355799999,12604994.298500,14171,69760.66,5485326.691700,0
1770355800000,78.8200,79.7200,78.7900,79.6600,227702.77,1770356099999,18061538.631500,21693,132906.00,10541804.683100,0
1770356100000,79.6600,79.8400,79.4100,79.7900,229223.30,1770356399999,18252979.118200,18923,137628.33,10959668.083600,0
1770356400000,79.7900,79.9600,79.5400,79.8700,181246.39,1770356699999,14460479.357000,15983,105354.78,8406644.664900,0
1770356700000,79.8700,80.0600,79.6100,80.0300,197498.91,1770356999999,15767940.045700,15531,110576.83,8829259.895200,0
1770357000000,80.0400,81.5600,79.9900,81.5300,635992.34,1770357299999,51369929.424200,42525,397608.69,32105165.945600,0
1770357300000,81.5200,81.5200,80.6100,81.0600,417891.22,1770357599999,33841593.171300,30737,205989.23,16677545.137600,0
1770357600000,81.0700,81.5100,80.9400,81.2500,317186.82,1770357899999,25796013.846400,25548,183413.43,14915879.061600,0
1770357900000,81.2400,81.3800,80.7800,81.2400,366598.13,1770358199999,29726170.645900,24116,160321.49,13000323.924200,0
1770358200000,81.2300,81.2300,80.7500,80.8100,205113.17,1770358499999,16603033.624200,18549,80591.08,6523495.796600,0
1770358500000,80.8000,80.9000,80.3300,80.4000,266157.67,1770358799999,21462258.730800,22623,110851.46,8941125.128600,0
1770358800000,80.4000,80.7200,80.1100,80.3500,228823.29,1770359099999,18398263.785500,19682,128269.52,10312827.472200,0
1770359100000,80.3500,80.3700,79.8800,80.2600,212354.96,1770359399999,17012708.386500,17838,101589.27,8140515.345700,0
1770359400000,80.2600,80.4800,79.9800,80.0100,154573.96,1770359699999,12399817.673200,15985,82563.13,6623494.468300,0
1770359700000,80.0100,80.1500,79.7000,79.8500,208964.81,1770359999999,16700055.454100,18565,98797.45,7897504.086400,0
1770360000000,79.8400,80.1500,79.4200,79.7400,258916.36,1770360299999,20672618.624800,19902,118610.12,9473827.589800,0
1770360300000,79.7500,80.0400,79.4000,79.4200,241505.25,1770360599999,19247872.503300,22719,122028.60,9726252.002000,0
1770360600000,79.4300,79.8500,79.4100,79.7000,146151.05,1770360899999,11640631.886800,15172,84355.95,6719011.163900,0
1770360900000,79.6900,79.7600,79.3100,79.4100,136394.77,1770361199999,10848684.849500,12026,66569.84,5296149.568900,0
1770361200000,79.4100,79.4600,78.9100,79.1600,319195.92,1770361499999,25270111.144100,23764,134368.90,10638856.273000,0
1770361500000,79.1600,79.4800,78.6700,78.7600,209913.82,1770361799999,16586140.801800,18342,82303.86,6505934.990800,0
1770361800000,78.7600,79.2500,78.6700,79.2200,160018.52,1770362099999,12621841.581600,14388,96244.49,7594069.927300,0
1770362100000,79.2200,79.2700,78.8100,78.9500,120852.40,1770362399999,9544020.809500,12550,56170.97,4436053.426800,0
1770362400000,78.9500,79.4400,78.9100,79.2100,269246.07,1770362699999,21333284.145300,21513,153857.48,12190689.588500,0
1770362700000,79.2100,79.4400,78.9500,79.4300,96154.96,1770362999999,7617172.802500,12929,47302.02,3747936.548000,0
1770363000000,79.4200,79.8900,79.3200,79.8500,196480.62,1770363299999,15651152.234200,16297,111813.93,8907278.887000,0
1770363300000,79.8500,80.0000,79.7000,79.8600,143476.12,1770363599999,11454042.495700,12970,79179.23,6321781.280800,0
1770363600000,79.8700,80.5500,79.5700,79.8500,410413.63,1770363899999,32862735.515600,21508,196491.98,15748562.710700,0
1770363900000,79.8500,80.1200,79.4700,79.4800,155055.63,1770364199999,12388044.487100,13765,62122.81,4964066.466700,0
1770364200000,79.4800,79.7200,79.1900,79.3200,215672.28,1770364499999,17133141.938600,18152,93891.43,7460934.197900,0
1770364500000,79.3300,79.5500,79.3000,79.5000,102887.15,1770364799999,8173709.606300,10649,57250.44,4548403.287300,0
1770364800000,79.4900,79.5600,78.9600,79.1800,183504.57,1770365099999,14537386.301100,19956,76980.10,6098877.060300,0
1770365100000,79.1900,80.1400,79.1900,80.0800,190781.20,1770365399999,15205694.411800,19821,119272.15,9502572.751800,0
1770365400000,80.0800,80.0800,79.5200,79.6400,139760.60,1770365699999,11152723.202600,13983,66390.70,5298933.848400,0
1770365700000,79.6500,79.7600,78.8500,79.1000,248428.42,1770365999999,19697068.402400,19989,107339.27,8510740.489400,0
1770366000000,79.0900,79.7300,79.0800,79.2600,162245.73,1770366299999,12887736.609400,17221,82152.91,6526186.373000,0
1770366300000,79.2600,79.6400,79.0200,79.1700,234006.59,1770366599999,18558990.022400,18512,108681.18,8620494.558600,0
1770366600000,79.1800,79.2100,78.6400,78.7000,274047.65,1770366899999,21630452.554000,21040,126853.68,10013289.916700,0
1770366900000,78.7100,79.2800,78.6600,79.2200,139508.14,1770367199999,11020898.264700,14436,76459.53,6040181.890500,0
1770367200000,79.2200,79.2200,78.5500,78.8700,262530.44,1770367499999,20707614.925600,18622,136645.21,10777417.555400,0
1770367500000,78.8600,79.1900,78.7700,79.1000,131593.41,1770367799999,10391308.553400,14520,62546.73,4938819.123000,0
1770367800000,79.1000,79.4400,78.9800,79.1700,112624.66,1770368099999,8921005.903500,12512,61382.50,4861892.303900,0
1770368100000,79.1700,79.4000,78.9100,78.9800,103084.43,1770368399999,8148020.005300,10748,47588.21,3761949.363400,0
1770368400000,78.9700,79.1800,78.8900,79.0300,122420.92,1770368699999,9673707.836300,12014,65585.13,5182815.987700,0
1770368700000,79.0200,79.3000,78.8400,79.1000,162021.83,1770368999999,12811563.990700,14604,85932.09,6795925.095000,0
1770369000000,79.1000,79.5100,78.9900,79.3200,165748.69,1770369299999,13128707.010300,12777,102835.58,8144783.130700,0
1770369300000,79.3200,79.6600,79.0600,79.4500,243389.28,1770369599999,19325636.681700,18952,134070.05,10646115.642000,0
1770369600000,79.4500,79.9900,79.2300,79.9200,298245.58,1770369899999,23748586.567200,22751,174037.17,13859407.955500,0
1770369900000,79.9100,80.0900,79.7300,80.0300,173500.95,1770370199999,13869318.947700,14230,109122.77,8724048.522400,0
1770370200000,80.0300,80.7300,79.9700,80.7100,262690.26,1770370499999,21125452.348200,21779,159387.46,12815199.814800,0
1770370500000,80.7100,80.9600,80.3900,80.4800,214538.94,1770370799999,17303460.422300,19713,107110.18,8641657.242900,0
1770370800000,80.4900,80.9800,80.3000,80.9400,131060.46,1770371099999,10563015.245100,16348,62312.81,5024161.083900,0
1770371100000,80.9400,81.3100,80.5500,81.2500,214837.68,1770371399999,17389786.367300,18064,122616.60,9927779.300200,0
1770371400000,81.2500,81.5800,81.2000,81.3900,193102.23,1770371699999,15724877.139100,16868,106510.66,8673963.741900,0
1770371700000,81.4000,81.4400,81.1200,81.2200,134174.54,1770371999999,10903782.393300,11694,52646.87,4278491.619300,0
1770372000000,81.2200,81.4700,80.9200,80.9300,296014.37,1770372299999,24006737.587500,17479,92361.56,7492408.442700,0
1770372300000,80.9300,81.2200,80.9100,81.2200,127943.80,1770372599999,10364970.624600,11035,67650.37,5480340.943000,0
1770372600000,81.2200,81.2600,80.6300,80.9800,178366.98,1770372899999,14423511.671700,14701,82472.99,6669871.969300,0
1770372900000,80.9800,81.8900,80.9800,81.7800,291148.52,1770373199999,23722539.529600,20258,189747.72,15465195.557100,0
1770373200000,81.7700,81.9800,81.1100,81.3200,263892.77,1770373499999,21521389.767300,19301,127179.33,10376372.207200,0
1770373500000,81.3300,81.5500,81.2800,81.4300,97512.09,1770373799999,7941055.013000,9228,53730.21,4375738.261400,0
1770373800000,81.4200,81.7100,81.3500,81.5300,134360.44,1770374099999,10954741.547700,13780,71153.81,5802551.132300,0
1770374100000,81.5400,81.7400,81.2000,81.2000,152544.42,1770374399999,12417260.476700,16050,78300.14,6373037.326100,0
1770374400000,81.2100,81.3100,80.9600,81.2900,131804.93,1770374699999,10692875.594400,13201,67453.44,5473419.238700,0
1770374700000,81.3000,81.4100,80.9400,80.9400,120392.13,1770374999999,9771732.389900,13128,66998.03,5439134.715700,0
1770375000000,80.9500,80.9900,80.6500,80.8600,160249.23,1770375299999,12947469.519200,14665,75067.89,6065133.979000,0
1770375300000,80.8600,81.0600,80.7100,80.7300,101638.16,1770375599999,8219555.739100,11554,50479.65,4083114.933400,0
1770375600000,80.7300,80.7700,80.3600,80.6700,197592.56,1770375899999,15914164.031200,16713,97018.68,7813904.276800,0
1770375900000,80.6700,80.7400,80.5700,80.5800,63899.40,1770376199999,5153330.339600,7084,35410.58,2855944.785300,0
1770376200000,80.5800,81.0200,80.5700,81.0100,98792.95,1770376499999,7988110.747300,10529,58089.14,4697070.697900,0
1770376500000,81.0000,81.1600,80.7400,80.8100,242190.47,1770376799999,19607176.018400,13568,131493.98,10645986.447800,0
1770376800000,80.8200,81.1400,80.7800,81.1100,82371.58,1770377099999,6667822.578700,7626,49237.44,3985165.140200,0
1770377100000,81.1000,81.1000,80.7600,80.9600,75068.08,1770377399999,6075986.579600,7620,35717.81,2890997.169900,0
1770377400000,80.9600,81.3100,80.8400,81.1700,207484.99,1770377699999,16837238.181800,12684,93875.63,7617507.659900,0
1770377700000,81.1700,81.6600,80.9900,81.2000,255591.65,1770377999999,20783093.249000,17648,148926.98,12115769.288700,0
1770378000000,81.1900,81.4800,81.0600,81.1400,152705.55,1770378299999,12411256.991700,11772,66526.55,5407694.682500,0
1770378300000,81.1400,81.2300,80.9000,81.0000,150768.85,1770378599999,12219810.678700,11810,69497.98,5632004.002900,0
1770378600000,81.0100,81.4000,81.0100,81.1200,147722.87,1770378899999,11999362.814200,12298,84167.65,6837269.518700,0
1770378900000,81.1200,81.3300,81.0000,81.2600,185279.74,1770379199999,15035502.355000,11860,113063.87,9175115.083100,0
1770379200000,81.2500,81.2500,80.9000,81.0200,144930.86,1770379499999,11751949.387800,12562,65308.39,5295151.450700,0
1770379500000,81.0200,81.1600,80.7200,81.0200,119405.17,1770379799999,9662404.108400,12613,49729.42,4024142.875700,0
1770379800000,81.0100,81.2200,80.8600,81.2000,87608.31,1770380099999,7096057.858500,8554,36572.44,2963228.433600,0
1770380100000,81.2100,81.3100,80.9900,81.3000,118796.62,1770380399999,9640021.627100,10933,52022.41,4222260.235800,0
1770380400000,81.3000,81.8600,81.2800,81.8300,160422.89,1770380699999,13081342.009000,14045,79032.18,6445686.842600,0
1770380700000,81.8200,81.8300,81.4800,81.5600,93246.15,1770380999999,7612044.108300,9859,43619.04,3560777.874900,0
1770381000000,81.5500,81.5500,81.1000,81.3100,164527.36,1770381299999,13379191.415200,14058,70075.21,5698136.948500,0
1770381300000,81.3100,81.4600,81.2000,81.3000,75494.96,1770381599999,6139281.184100,9463,38863.60,3160725.794000,0
1770381600000,81.3000,81.7300,81.2500,81.3700,111306.45,1770381899999,9072077.913900,11041,61559.97,5018160.913900,0
1770381900000,81.3600,81.7000,81.3500,81.4800,83262.39,1770382199999,6789162.758200,8948,42764.30,3486672.225400,0
1770382200000,81.4800,81.6300,81.3900,81.4600,72850.03,1770382499999,5936357.703200,8141,35623.84,2903047.615500,0
1770382500000,81.4500,81.8500,81.4500,81.7800,117724.22,1770382799999,9613145.986600,10780,66828.55,5457544.865600,0
1770382800000,81.7800,82.3300,81.5800,82.2100,310318.69,1770383099999,25420934.886900,21478,182933.65,14985469.280100,0
1770383100000,82.2100,82.3300,81.8400,82.0200,278720.37,1770383399999,22884784.710900,18837,130830.39,10741543.757000,0
1770383400000,82.0200,82.7500,81.9400,82.7200,447975.21,1770383699999,36871629.213000,24745,318143.34,26180712.403200,0
1770383700000,82.7200,82.8400,82.1100,82.8300,368632.07,1770383999999,30417772.692400,27077,204162.08,16850540.141000,0
1770384000000,82.8400,83.3100,82.7300,83.1700,441428.17,1770384299999,36659985.419600,30828,258720.95,21488029.097800,0
1770384300000,83.1800,83.1800,82.3800,82.6800,326517.09,1770384599999,27009159.279200,22981,174989.99,14478904.670600,0
1770384600000,82.6800,82.8800,82.3100,82.7000,221183.04,1770384899999,18267146.323300,20459,107443.24,8876844.275500,0
1770384900000,82.7000,83.2000,82.6300,83.0400,258439.66,1770385199999,21427777.660600,22469,171200.27,14195605.360800,0
1770385200000,83.0400,83.6000,82.7900,83.3600,434625.88,1770385499999,36192780.847200,26124,232271.93,19351935.289900,0
1770385500000,83.3600,83.6700,83.2100,83.6600,215092.02,1770385799999,17949804.542400,18437,116085.85,9687543.960400,0
1770385800000,83.6700,83.7500,82.9600,83.5800,354462.66,1770386099999,29546675.945200,23320,170672.03,14238103.176600,0
1770386100000,83.5800,83.6900,82.9900,83.0100,180455.71,1770386399999,15033867.683500,14105,92669.16,7722555.925900,0
1770386400000,83.0100,83.1400,82.6000,82.7100,335915.73,1770386699999,27837438.491500,24255,139276.14,11548943.253600,0
1770386700000,82.7000,82.8200,82.3000,82.5400,257161.80,1770386999999,21231141.001100,21756,113589.64,9377945.894100,0
1770387000000,82.5400,82.6400,82.2600,82.6200,161446.71,1770387299999,13310130.733100,14945,84326.81,6953471.779000,0
1770387300000,82.6200,82.7100,82.4400,82.4800,137061.06,1770387599999,11314752.519600,13732,56634.26,4676082.461500,0
1770387600000,82.4800,82.4800,81.8200,81.8400,357885.01,1770387899999,29369662.968100,23299,157309.66,12907755.478600,0
1770387900000,81.8400,82.5600,81.8200,82.4700,229975.77,1770388199999,18908444.719200,17923,126949.88,10436728.239900,0
1770388200000,82.4700,84.3300,82.3800,83.7300,1140977.39,1770388499999,95041792.362600,72627,645975.24,53837985.652600,0
1770388500000,83.7300,84.3400,83.3400,83.7600,658418.42,1770388799999,55259859.772700,47569,323711.33,27172971.692700,0
1770388800000,83.7600,84.2700,83.5400,84.2600,347412.31,1770389099999,29116538.321100,27123,165228.01,13851976.725900,0
1770389100000,84.2600,85.1400,84.0300,84.2500,690259.38,1770389399999,58447202.982200,45365,377091.73,31938316.624500,0
1770389400000,84.2400,84.7800,83.9400,84.0700,399002.30,1770389699999,33647121.913400,30781,182102.29,15362233.236700,0
1770389700000,84.0800,84.3900,83.5900,84.1000,368098.26,1770389999999,30891323.672300,28710,186564.08,15664935.666500,0
1770390000000,84.1100,84.3300,83.6600,84.2500,515720.55,1770390299999,43289555.754100,41228,249582.55,20951871.245100,0
1770390300000,84.2400,84.5100,83.7000,84.1700,324684.42,1770390599999,27297991.066300,34655,175154.05,14724876.871900,0
1770390600000,84.1800,84.7300,83.5000,83.5000,442245.29,1770390899999,37174122.259400,32847,258030.75,21681654.471000,0
1770390900000,83.5000,84.0000,83.3100,83.8000,309888.70,1770391199999,25921987.081500,30038,154631.38,12936172.198700,0
1770391200000,83.8100,84.3100,83.6700,84.1100,298613.73,1770391499999,25081847.805800,29591,166759.76,14004142.375800,0
1770391500000,84.1000,84.2500,83.6300,83.9400,170092.35,1770391799999,14266407.596200,19912,90273.71,7571537.299900,0
1770391800000,83.9300,84.4400,83.8100,84.4300,235083.94,1770392099999,19774162.582900,24383,119480.16,10051536.285200,0
1770392100000,84.4300,84.5900,84.1200,84.4100,310841.69,1770392399999,26224411.807600,20785,123269.85,10400368.211700,0
1770392400000,84.4100,84.6100,84.0800,84.4700,216121.61,1770392699999,18229374.371100,18592,117980.24,9951453.884400,0
1770392700000,84.4700,84.9800,84.2900,84.8800,417507.13,1770392999999,35363696.590800,24778,237309.48,20101417.789500,0
1770393000000,84.8700,84.8700,84.1400,84.2400,287158.51,1770393299999,24271909.153200,20522,101968.58,8618028.726200,0
1770393300000,84.2400,84.5200,84.1800,84.4000,155136.58,1770393599999,13085808.634300,14471,79194.11,6680422.519500,0
1770393600000,84.3900,84.4100,83.5000,84.2500,529887.58,1770393899999,44516695.036000,31452,264858.94,22270405.195000,0
1770393900000,84.2500,84.8600,84.1500,84.6900,256357.44,1770394199999,21662429.029300,23390,156453.62,13221121.075000,0
1770394200000,84.6900,85.2200,84.6100,85.0200,361553.52,1770394499999,30712708.606900,25784,197349.50,16766040.755100,0
1770394500000,85.0200,85.5400,84.8000,85.5200,319094.98,1770394799999,27164304.555600,26055,170721.33,14539561.541200,0
1770394800000,85.5200,86.0000,85.4000,85.6400,504029.72,1770395099999,43204728.622600,32636,273860.50,23476784.674300,0
1770395100000,85.6400,86.4000,85.3600,85.9800,401058.66,1770395399999,34463101.876400,31438,234541.69,20162243.389300,0
1770395400000,85.9900,86.3200,85.7400,86.3200,393318.91,1770395699999,33831882.053000,29094,176388.94,15172046.811800,0
1770395700000,86.3200,86.9000,86.2700,86.4900,433356.50,1770395999999,37547014.941200,30284,220268.66,19083876.933000,0
1770396000000,86.4900,86.6700,86.2000,86.6000,258333.11,1770396299999,22328997.941900,21628,137179.59,11858557.366800,0
1770396300000,86.6000,86.9600,86.4100,86.7200,294561.03,1770396599999,25536898.441700,24510,161721.26,14021037.135100,0
1770396600000,86.7100,87.0800,86.3300,87.0500,358834.51,1770396899999,31119792.309400,22506,197572.06,17136164.294100,0
1770396900000,87.0600,87.1000,86.0400,86.5800,330023.77,1770397199999,28533885.082000,25059,157336.67,13602292.278600,0
1770397200000,86.5700,86.6000,86.0200,86.4600,208103.18,1770397499999,17960547.521700,22663,91759.27,7918940.886800,0
1770397500000,86.4600,87.1200,86.2000,87.1000,225267.37,1770397799999,19507659.825600,20874,130792.70,11330775.055300,0
1770397800000,87.1100,87.3400,86.5300,86.6200,337919.64,1770398099999,29380624.192800,27846,183791.48,15981657.471900,0
1770398100000,86.6300,87.5300,86.4900,87.3200,328514.93,1770398399999,28603623.998200,25964,192737.28,16784652.017900,0
1770398400000,87.3300,87.4800,87.1000,87.3100,205946.84,1770398699999,17977246.062800,18581,99156.69,8656324.896400,0
1770398700000,87.3000,87.9700,87.1000,87.8800,449238.55,1770398999999,39406383.148000,25496,246220.83,21592004.187700,0
1770399000000,87.8800,88.5900,87.8100,87.9500,546913.94,1770399299999,48263353.808600,34964,342465.94,30222213.140100,0
1770399300000,87.9500,87.9600,87.0400,87.4100,426835.90,1770399599999,37307304.382500,31458,210658.40,18404653.823400,0
1770399600000,87.4100,87.6000,86.9600,87.0000,303253.75,1770399899999,26460903.652500,26872,137977.26,12041886.935300,0
1770399900000,87.0000,87.3900,86.8100,87.0300,240964.81,1770400199999,20995616.645700,22249,114231.59,9954876.470800,0
1770400200000,87.0200,87.1100,86.3200,86.5200,313911.28,1770400499999,27195220.400900,23934,141035.51,12218868.350600,0
1770400500000,86.5100,87.0600,86.4000,86.5800,200556.44,1770400799999,17393156.054900,18935,111047.15,9631358.428700,0
1770400800000,86.5700,86.7300,86.1000,86.2400,249651.22,1770401099999,21575378.976200,22152,105250.57,9099712.114800,0
1770401100000,86.2400,86.3600,85.1000,85.2700,678000.61,1770401399999,58040891.045200,42691,291578.13,24961842.324900,0
1770401400000,85.2700,86.0700,85.2700,85.8500,287608.48,1770401699999,24652351.968700,25523,143081.07,12263919.881400,0
1770401700000,85.8500,85.9200,85.4500,85.6800,164471.16,1770401999999,14098268.521600,19746,86977.18,7456051.353700,0
1770402000000,85.6800,85.8100,85.2500,85.3600,254789.14,1770402299999,21782794.036400,23242,101863.79,8710063.159400,0
1770402300000,85.3600,85.7300,85.3000,85.5600,204863.61,1770402599999,17514532.820000,19407,113541.43,9707852.551200,0
1770402600000,85.5700,86.1000,85.4900,86.0700,182494.11,1770402899999,15645808.631200,18731,109773.37,9412963.574300,0
1770402900000,86.0700,86.7100,85.7900,86.5500,247007.31,1770403199999,21307358.864800,23171,139524.81,12036634.757000,0
1770403200000,86.5500,86.6300,86.3600,86.3800,159304.62,1770403499999,13777439.794400,14572,68409.79,5917153.687900,0
1770403500000,86.3800,86.6600,86.1900,86.5000,155826.73,1770403799999,13472396.207700,15303,66970.41,5789969.099300,0
1770403800000,86.5000,86.5600,85.9500,86.2900,136414.56,1770404099999,11762863.498400,14780,54573.20,4706279.870400,0
1770404100000,86.2800,86.4400,85.9700,86.0300,90559.53,1770404399999,7800343.093000,11792,45059.12,3881594.929400,0
1770404400000,86.0300,86.3900,85.9200,86.2800,94266.26,1770404699999,8121680.920500,13371,52519.09,4525239.820500,0
1770404700000,86.2800,86.3300,85.7800,85.8000,115260.45,1770404999999,9927011.200700,14362,49427.76,4258869.969900,0
1770405000000,85.8000,86.0300,85.5400,85.7500,197172.82,1770405299999,16907329.310300,17219,84239.23,7223100.170000,0
1770405300000,85.7400,85.9700,85.4100,85.9500,119171.11,1770405599999,10206629.552000,14787,57852.34,4956230.008200,0
1770405600000,85.9500,86.2000,85.7800,86.1700,162813.27,1770405899999,14001227.379400,16349,103717.65,8919783.058600,0
1770405900000,86.1700,86.5200,86.0400,86.2400,217735.46,1770406199999,18796553.475800,16507,115909.74,10006236.707000,0
1770406200000,86.2500,86.7200,86.0800,86.5300,179609.63,1770406499999,15530101.521100,14971,102382.59,8850673.365600,0
1770406500000,86.5400,86.6900,86.2800,86.6600,143519.18,1770406799999,12414532.388400,12778,73586.16,6364269.541900,0
1770406800000,86.6700,86.8300,86.3500,86.6500,151324.76,1770407099999,13111868.618700,13384,78672.35,6817484.955000,0
1770407100000,86.6500,87.3500,86.5600,87.1000,313755.15,1770407399999,27278621.815600,21759,177206.56,15409511.437800,0
1770407400000,87.1000,87.2000,86.7600,87.0600,172500.42,1770407699999,15010312.614600,15433,82056.33,7140994.744900,0
1770407700000,87.0600,87.2000,86.8100,86.9700,117761.47,1770407999999,10240097.652500,13661,61007.79,5305358.738300,0
1770408000000,86.9700,87.0700,86.7700,86.9100,78443.67,1770408299999,6817764.679500,12279,34556.24,3003412.755800,0
1770408300000,86.9200,86.9300,86.6600,86.7400,111929.19,1770408599999,9712743.527700,12500,41318.56,3586097.773700,0
1770408600000,86.7400,86.9800,86.4800,86.7100,114825.90,1770408899999,9958174.805000,12716,51804.78,4493555.743400,0
1770408900000,86.7100,87.0700,86.6100,87.0400,145168.80,1770409199999,12609957.416200,15050,62181.95,5401926.228500,0
1770409200000,87.0400,87.2300,86.9100,86.9900,121798.58,1770409499999,10602314.779500,13255,59140.87,5148033.597900,0
1770409500000,86.9900,87.2400,86.9000,87.1000,65639.78,1770409799999,5716226.107900,9463,34649.81,3017486.854100,0
1770409800000,87.1000,87.7500,86.9500,87.6500,267263.98,1770410099999,23366560.363300,18513,172791.72,15109754.566100,0
1770410100000,87.6500,87.8700,87.1300,87.2600,224148.32,1770410399999,19637504.970200,20460,114434.43,10028832.983000,0
1770410400000,87.2500,87.3900,87.0100,87.2700,143848.83,1770410699999,12536384.087200,13103,70670.34,6159932.827200,0
1770410700000,87.2700,87.3900,86.9500,87.1500,151093.34,1770410999999,13167793.912700,12461,58438.02,5094328.371800,0
1770411000000,87.1500,87.5800,87.0000,87.0700,123239.86,1770411299999,10762105.295500,13781,70791.05,6182669.764700,0
1770411300000,87.0700,87.0700,86.7300,86.8300,326475.01,1770411599999,28362951.754000,22131,158082.82,13733844.207600,0
1770411600000,86.8300,87.2900,86.7000,86.9700,125566.29,1770411899999,10926380.106300,16907,56501.28,4917447.960700,0
1770411900000,86.9800,87.0200,86.5000,86.8600,164077.76,1770412199999,14238273.813400,15169,67605.47,5868183.659100,0
1770412200000,86.8600,87.1400,86.8500,87.0300,87558.50,1770412499999,7618416.092400,9497,36783.98,3200690.235800,0
1770412500000,87.0300,87.6400,86.9600,87.5700,175529.68,1770412799999,15327016.721100,15923,98040.40,8560538.447600,0
1770412800000,87.5700,87.9300,87.5300,87.7300,141496.34,1770413099999,12413992.679200,13281,84658.63,7427355.712800,0
1770413100000,87.7300,88.0000,87.7200,87.8400,115199.08,1770413399999,10125974.975100,12377,68783.96,6046773.126500,0
1770413400000,87.8300,87.8400,87.3600,87.4300,87113.00,1770413699999,7634008.634900,10692,31036.69,2719844.486600,0
1770413700000,87.4300,87.7500,87.4000,87.6900,47252.16,1770413999999,4137946.734000,8177,27571.89,2414880.582900,0
1770414000000,87.6900,87.8700,87.6500,87.7800,57106.71,1770414299999,5011561.002700,7439,26476.28,2323899.947400,0
1770414300000,87.7800,88.0300,87.7000,87.8800,104717.93,1770414599999,9200553.466800,10239,49509.36,4350256.808800,0
1770414600000,87.8700,88.1300,87.7800,87.8300,69095.94,1770414899999,6079823.906900,9254,34076.81,2998718.855200,0
1770414900000,87.8400,88.0700,87.8400,87.9700,45631.82,1770415199999,4014310.266800,6798,23310.57,2050553.274100,0
1770415200000,87.9700,88.3600,87.8500,88.2600,141695.20,1770415499999,12492104.145300,12302,88248.58,7781755.099700,0
1770415500000,88.2600,88.7500,88.1800,88.7000,251200.16,1770415799999,22231497.841400,16862,157418.86,13934551.780600,0
1770415800000,88.7000,88.7200,88.0200,88.3100,143428.58,1770416099999,12680030.298200,13134,51693.90,4570514.291200,0
1770416100000,88.3200,88.5400,88.2300,88.5000,109921.13,1770416399999,9717072.174600,9646,56558.39,5000645.131300,0
1770416400000,88.5000,88.7500,88.4500,88.6900,117638.07,1770416699999,10421803.479300,9571,59136.61,5239296.880600,0
1770416700000,88.6900,89.0000,88.6000,88.7300,196403.54,1770416999999,17440606.843600,14956,122202.77,10853163.426300,0
1770417000000,88.7200,89.1700,88.6500,89.0900,141805.50,1770417299999,12603978.342400,12961,89439.62,7951230.594400,0
1770417300000,89.0800,89.7400,88.9600,89.3700,246835.67,1770417599999,22061222.467700,21344,144427.08,12910359.773600,0
1770417600000,89.3800,89.4500,89.0700,89.1400,101687.24,1770417899999,9077353.105100,12936,45977.40,4104912.815800,0
1770417900000,89.1400,89.5900,88.9000,89.4300,86912.68,1770418199999,7759003.949500,14181,46113.52,4118712.865400,0
1770418200000,89.4300,89.5200,89.2700,89.4800,52100.93,1770418499999,4657476.237900,10148,28041.30,2506944.385100,0
1770418500000,89.4700,89.4800,89.0300,89.1000,58728.25,1770418799999,5237353.703800,11504,25944.91,2313771.864200,0
1770418800000,89.0900,89.4700,88.8800,89.4200,139989.33,1770419099999,12479823.609900,15793,62102.29,5537330.048700,0
1770419100000,89.4100,89.5300,88.7500,88.8200,152315.02,1770419399999,13578853.214800,16513,56773.09,5063095.946600,0
1770419400000,88.8100,88.8400,88.3100,88.4100,168096.22,1770419699999,14878095.500100,15203,66267.03,5864595.230000,0
1770419700000,88.4200,88.4200,87.6100,87.7400,272391.83,1770419999999,23973543.124800,23121,101811.50,8960632.946100,0
1770420000000,87.7300,88.0800,87.2500,87.5300,241267.43,1770420299999,21128146.372200,21573,104588.49,9164145.315300,0
1770420300000,87.5400,87.7900,87.4900,87.6500,139721.29,1770420599999,12249151.052700,13816,86802.42,7610142.039900,0
1770420600000,87.6600,88.2300,87.6300,88.1200,137247.57,1770420899999,12074238.704400,15263,83562.91,7351239.021500,0
1770420900000,88.1200,88.4200,87.9600,88.0600,106373.44,1770421199999,9374789.770300,12147,53368.55,4703129.071900,0
1770421200000,88.0600,88.1400,87.6800,87.7000,97999.40,1770421499999,8607757.713500,11009,38993.97,3426400.348700,0
1770421500000,87.7000,87.8600,87.4900,87.6900,95538.41,1770421799999,8372801.045500,10187,51831.86,4542775.660700,0
1770421800000,87.6900,87.7400,87.3600,87.5400,75423.43,1770422099999,6602066.231700,9601,36026.48,3153511.438700,0
1770422100000,87.5500,87.5500,87.3500,87.4200,66379.37,1770422399999,5803968.581700,7585,28392.29,2482560.394600,0
1770422400000,87.4100,87.4200,86.5900,86.7100,306361.91,1770422699999,26617322.357200,30010,118494.71,10293042.992900,0
1770422700000,86.7000,86.7700,86.2700,86.3800,309435.50,1770422999999,26769349.280600,30082,133666.14,11563243.704300,0
1770423000000,86.3800,86.9900,86.3700,86.9200,166597.56,1770423299999,14455637.763300,18723,82291.00,7139621.929400,0
1770423300000,86.9200,87.0300,86.4700,86.6100,171315.89,1770423599999,14871964.664400,20389,90380.63,7847400.388700,0
1770423600000,86.6100,86.9300,86.5700,86.6500,130410.62,1770423899999,11311054.994400,17505,70410.00,6107019.606300,0
1770423900000,86.6400,86.8100,86.0400,86.2700,194119.41,1770424199999,16762481.941200,18275,70268.97,6070263.243700,0
1770424200000,86.2700,86.5900,86.2500,86.5100,155335.03,1770424499999,13423691.332100,16179,78853.63,6814421.901200,0
1770424500000,86.5000,86.5000,86.1200,86.1700,131370.04,1770424799999,11337328.115100,16873,60850.97,5251223.348700,0
1770424800000,86.1800,86.4400,86.1300,86.1600,79125.56,1770425099999,6829874.785900,10686,33249.02,2869996.227600,0
1770425100000,86.1600,86.4400,86.1500,86.4000,102607.59,1770425399999,8855893.432400,11862,40814.82,3522979.848800,0
1770425400000,86.4100,86.9900,86.3800,86.7600,152097.78,1770425699999,13193893.238500,16330,91333.93,7921913.190900,0
1770425700000,86.7600,86.7800,86.3700,86.5100,94331.44,1770425999999,8167459.653200,9886,30456.27,2635872.543100,0
1770426000000,86.5100,86.5300,86.1300,86.4400,88555.42,1770426299999,7643593.959700,10728,48323.68,4170805.370500,0
1770426300000,86.4400,86.6600,86.3000,86.3200,91925.80,1770426599999,7949983.928100,11445,50749.60,4389734.433600,0
1770426600000,86.3300,86.3300,85.8400,85.9500,162188.76,1770426899999,13945923.906300,14536,67570.54,5810853.691300,0
1770426900000,85.9500,86.3500,85.9200,86.1300,89889.64,1770427199999,7743173.095000,10717,45394.87,3910509.340600,0
1770427200000,86.1200,86.4400,86.0700,86.2300,84922.36,1770427499999,7320755.474500,9482,40542.60,3495290.610900,0
1770427500000,86.2300,86.5000,86.2100,86.3400,45238.94,1770427799999,3907547.967000,6873,25702.09,2220004.287500,0
1770427800000,86.3400,86.5500,86.2100,86.5000,61834.08,1770428099999,5341029.003100,7771,31335.46,2707139.997700,0
1770428100000,86.5100,86.8800,86.4700,86.7500,109070.34,1770428399999,9457882.570700,10448,65550.21,5683300.314900,0
1770428400000,86.7400,86.8500,86.6300,86.6500,68465.39,1770428699999,5939128.095900,6890,31174.11,2704238.739900,0
1770428700000,86.6400,87.4300,86.5700,87.3300,196296.65,1770428999999,17099268.193900,17016,100761.11,8777545.478300,0
1770429000000,87.3300,87.4300,87.0000,87.1200,111200.53,1770429299999,9699445.230300,11118,46293.42,4039997.794700,0
1770429300000,87.1200,87.2400,87.0600,87.0600,33092.17,1770429599999,2884147.440000,5560,14398.90,1255030.456400,0
1770429600000,87.0600,87.0900,86.7500,87.0400,87772.73,1770429899999,7629030.719700,10934,41527.73,3609676.194300,0
1770429900000,87.0500,87.1700,86.7400,86.8100,68973.02,1770430199999,5995256.129800,9274,22403.16,1948730.535200,0
1770430200000,86.8200,87.2000,86.7900,87.0500,66512.16,1770430499999,5790327.157900,7854,26714.23,2325646.413000,0
1770430500000,87.0400,87.1900,86.9000,87.0800,46540.95,1770430799999,4049562.946500,7053,19017.90,1654865.387600,0
1770430800000,87.0800,87.2200,87.0500,87.2200,34702.72,1770431099999,3023444.721000,5723,19546.98,1703108.211600,0
1770431100000,87.2100,87.4800,87.2100,87.3200,43419.64,1770431399999,3792089.542000,7181,24008.67,2096996.682800,0
1770431400000,87.3300,87.5400,87.0800,87.2200,64904.73,1770431699999,5667374.542400,8181,33073.61,2888814.874500,0
1770431700000,87.2200,87.3600,87.1200,87.2400,40749.57,1770431999999,3554751.899900,5562,24438.98,2131831.811500,0
1770432000000,87.2500,87.3400,87.1000,87.2200,27846.22,1770432299999,2429489.300100,5248,14924.38,1302133.013400,0
1770432300000,87.2200,87.2200,86.7200,86.7900,84098.52,1770432599999,7305533.961500,9454,24778.64,2151834.178500,0
1770432600000,86.7800,87.0700,86.7400,87.0700,42367.59,1770432899999,3681907.757100,5393,22414.84,1947907.797700,0
1770432900000,87.0700,87.3000,86.9500,87.2300,55141.99,1770433199999,4805684.515700,6245,35579.64,3101351.197300,0
1770433200000,87.2400,87.7300,87.1700,87.4800,143125.04,1770433499999,12524500.067500,11737,81114.14,7098037.551300,0
1770433500000,87.4700,87.7000,87.1600,87.6800,79696.18,1770433799999,6968296.367900,9000,44678.50,3907412.958400,0
1770433800000,87.6700,88.1900,87.6600,88.0200,187821.83,1770434099999,16528885.036400,16251,106077.92,9333942.443900,0
1770434100000,88.0200,88.1600,87.8300,87.9300,113585.23,1770434399999,9994137.837600,11538,53265.60,4687360.828500,0
1770434400000,87.9300,87.9600,87.7400,87.9500,37385.05,1770434699999,3284342.956800,6076,17299.32,1519784.243300,0
1770434700000,87.9500,88.3100,87.9500,88.1600,85144.49,1770434999999,7506414.915800,9344,54215.61,4779440.238200,0
1770435000000,88.1500,88.1500,87.9100,87.9900,55616.90,1770435299999,4894532.676800,8100,23135.02,2036028.344300,0
1770435300000,88.0000,88.1700,87.9500,88.0600,55107.90,1770435599999,4854462.880600,6407,31179.58,2746681.953600,0
1770435600000,88.0500,88.2500,87.8100,88.1100,87655.81,1770435899999,7710734.024700,8757,56189.72,4942125.453100,0
1770435900000,88.1000,88.1200,87.7000,87.9000,94527.05,1770436199999,8305864.762200,7963,43844.45,3852346.532800,0
1770436200000,87.8900,88.1100,87.8600,88.0200,57821.93,1770436499999,5085721.326500,6255,36647.41,3223188.393700,0
1770436500000,88.0200,88.0700,87.8200,88.0100,47171.45,1770436799999,4148684.196600,6478,22746.11,2000626.434700,0
1770436800000,88.0100,88.4500,87.8100,88.1600,147087.41,1770437099999,12959265.592300,17078,85474.68,7531906.189300,0
1770437100000,88.1600,88.3500,87.9900,88.1900,75632.44,1770437399999,6667361.872100,11858,40640.38,3582986.934400,0
1770437400000,88.1900,88.7400,88.0800,88.6100,161078.18,1770437699999,14252888.449500,16898,101064.89,8943043.140800,0
1770437700000,88.6000,88.7800,88.3200,88.5100,139216.27,1770437999999,12328160.324300,13318,73394.64,6501932.579900,0
1770438000000,88.5100,88.9700,88.3900,88.7500,160406.08,1770438299999,14242351.231400,14760,104929.27,9317670.399400,0
1770438300000,88.7600,88.7600,88.0300,88.1600,133162.10,1770438599999,11758892.983600,14574,62437.15,5512873.857000,0
1770438600000,88.1700,88.5900,88.0800,88.3500,65121.22,1770438899999,5755430.681100,9470,30843.20,2726102.051100,0
1770438900000,88.3600,88.3600,87.9900,87.9900,68413.18,1770439199999,6029356.546500,9328,23548.92,2075812.838600,0
1770439200000,88.0000,88.0500,87.2100,87.3700,183712.71,1770439499999,16087185.465400,17023,63553.28,5564107.506000,0
1770439500000,87.3700,87.5700,87.3500,87.4400,72182.57,1770439799999,6312499.253000,8693,43336.60,3790373.956800,0
1770439800000,87.4400,87.5300,87.3900,87.5200,40433.31,1770440099999,3536580.019900,6464,22626.25,1979143.171500,0
1770440100000,87.5100,87.6800,87.3600,87.6500,38947.27,1770440399999,3407672.698000,5401,20411.32,1786634.770200,0
1770440400000,87.6400,87.9500,87.5800,87.8000,57722.36,1770440699999,5067091.650900,8219,31349.29,2751923.036200,0
1770440700000,87.8000,88.2200,87.7300,88.1200,61053.52,1770440999999,5375955.978200,7676,33596.06,2958064.903900,0
1770441000000,88.1300,88.1700,87.9100,88.1000,43893.22,1770441299999,3864699.777100,6105,24070.97,2119428.090400,0
1770441300000,88.1000,88.4200,88.1000,88.2800,50473.52,1770441599999,4456289.410700,7410,29996.01,2648659.427700,0
1770441600000,88.2700,88.4900,88.2000,88.4600,51724.64,1770441899999,4571480.226600,6993,21395.34,1890878.640200,0
1770441900000,88.4500,88.5700,87.8100,87.9000,199771.52,1770442199999,17615550.467500,18001,69229.03,6105957.361900,0
1770442200000,87.9000,88.0700,87.6600,87.8300,122781.49,1770442499999,10789442.870900,11560,47778.79,4199698.181600,0
1770442500000,87.8300,88.2300,87.8300,87.9500,93729.55,1770442799999,8248382.080600,8767,61439.21,5407010.587900,0
1770442800000,87.9600,88.0200,87.8700,87.9100,46606.12,1770443099999,4098545.350000,5613,22982.55,2021059.087000,0
1770443100000,87.9100,88.0300,87.8700,88.0100,37294.06,1770443399999,3280442.592200,4778,18679.41,1643053.707600,0
1770443400000,88.0100,88.0300,87.5500,87.5600,83966.50,1770443699999,7364910.553900,8667,28806.02,2526752.120900,0
1770443700000,87.5700,87.7500,87.4900,87.7500,99645.61,1770443999999,8726323.570200,7562,41556.43,3640346.498200,0
1770444000000,87.7400,87.9300,87.6500,87.9300,43415.21,1770444299999,3810211.000000,6319,22024.30,1933170.790600,0
1770444300000,87.9300,88.1700,87.7500,87.8800,89859.73,1770444599999,7906694.099400,8925,40779.67,3589128.645700,0
1770444600000,87.8900,88.0000,87.6300,87.8600,52275.31,1770444899999,4589792.329400,6817,20094.43,1764427.326400,0
1770444900000,87.8500,87.8600,87.4800,87.4900,88389.61,1770445199999,7742777.661100,8070,25980.99,2276183.840200,0
1770445200000,87.5000,87.7900,87.4800,87.6500,33387.51,1770445499999,2927670.124200,5201,20742.41,1819039.271000,0
1770445500000,87.6500,87.9500,87.6500,87.7700,32383.61,1770445799999,2844420.559300,4852,15761.10,1384405.241700,0
1770445800000,87.7600,87.9000,87.6500,87.7600,46485.06,1770446099999,4079825.456700,5791,30764.92,2700251.253700,0
1770446100000,87.7600,87.9200,87.7600,87.8600,20457.46,1770446399999,1797382.658400,3565,11974.60,1052056.050100,0
1770446400000,87.8600,87.9700,87.4500,87.5200,53753.20,1770446699999,4713308.712300,5951,19762.65,1733411.784600,0
1770446700000,87.5200,87.5700,87.2700,87.3600,110827.12,1770446999999,9688021.574900,11334,45035.31,3937460.275300,0
1770447000000,87.3700,87.4200,86.8400,86.8600,182738.41,1770447299999,15921987.912300,16688,59702.42,5203128.905600,0
1770447300000,86.8700,86.9600,86.1600,86.2100,347989.26,1770447599999,30123727.581300,25186,142462.76,12333258.275800,0
1770447600000,86.2100,86.5900,86.0600,86.1800,338083.27,1770447899999,29194942.533500,25509,140607.67,12144573.582200,0
1770447900000,86.1900,86.2700,85.2400,85.4800,645227.53,1770448199999,55288193.871000,40129,235543.91,20176951.849400,0
1770448200000,85.4900,85.7900,84.7700,84.8100,493376.78,1770448499999,42083023.945500,35050,187819.15,16033142.598700,0
1770448500000,84.8200,85.2700,84.1500,84.7100,919741.94,1770448799999,77807690.262300,57190,421450.21,35656387.024000,0
1770448800000,84.7100,85.2500,84.6000,84.9100,429721.99,1770449099999,36469554.582000,33061,214806.32,18229994.470000,0
1770449100000,84.9100,85.4100,84.9000,85.2600,239169.03,1770449399999,20368780.385300,25393,126512.25,10775301.322500,0
1770449400000,85.2700,85.4200,84.6300,84.8100,295154.39,1770449699999,25094340.007300,22722,128187.13,10901877.564700,0
1770449700000,84.8200,85.3900,84.7900,85.2900,236256.49,1770449999999,20113225.954200,21670,114904.09,9779771.440300,0
1770450000000,85.3000,86.3600,85.2900,85.9200,490856.66,1770450299999,42194362.468500,37387,261299.81,22456953.549500,0
1770450300000,85.9200,85.9500,85.3400,85.5400,252856.43,1770450599999,21643700.824200,21080,91492.26,7829704.931700,0
1770450600000,85.5500,85.6500,85.3300,85.4400,127763.61,1770450899999,10922360.434000,12461,49832.99,4261647.012100,0
1770450900000,85.4300,85.5000,85.2300,85.2400,109810.80,1770451199999,9368155.904700,10187,39798.91,3395835.556600,0
1770451200000,85.2400,85.3100,84.8100,85.1900,174235.43,1770451499999,14827384.248200,16643,61689.75,5250883.710900,0
1770451500000,85.1900,85.5400,84.9200,84.9700,135267.35,1770451799999,11534961.791300,14939,58128.96,4959730.569900,0
1770451800000,84.9700,85.2800,84.9000,85.0300,183960.99,1770452099999,15653650.142400,14721,97577.27,8304143.093500,0
1770452100000,85.0300,85.1100,84.6800,84.9500,139591.15,1770452399999,11847914.147000,12636,59777.83,5074229.676600,0
1770452400000,84.9500,85.3300,84.9500,85.1600,123196.47,1770452699999,10488536.346200,11440,72233.68,6150145.861400,0
1770452700000,85.1700,85.2500,84.9200,84.9300,74029.29,1770452999999,6298970.319100,8445,37730.50,3210822.610900,0
1770453000000,84.9300,85.2800,84.9000,85.0800,91627.49,1770453299999,7796430.907300,9255,54529.58,4639980.772600,0
1770453300000,85.0700,85.1500,84.9000,84.9000,82858.69,1770453599999,7045927.415700,8000,23070.42,1961782.662200,0
1770453600000,84.9100,85.2200,84.8900,85.0400,54408.52,1770453899999,4630512.134600,6009,27848.17,2370102.758900,0
1770453900000,85.0400,85.4500,85.0400,85.3500,95535.96,1770454199999,8150883.129700,8617,52944.27,4516724.664600,0
1770454200000,85.3500,85.6600,85.3000,85.4800,100025.23,1770454499999,8554750.578800,8658,54260.68,4641140.431600,0
1770454500000,85.4700,85.5200,85.2900,85.2900,53493.14,1770454799999,4568789.626000,5840,20812.23,1777657.937000,0
1770454800000,85.3000,85.5600,85.1700,85.4000,81135.27,1770455099999,6926670.377000,8100,35419.59,3024920.504100,0
1770455100000,85.3900,85.4800,85.2200,85.4400,56433.70,1770455399999,4816541.405400,7107,26361.80,2249873.041600,0
1770455400000,85.4400,85.6700,85.3400,85.6400,107283.01,1770455699999,9173638.348900,8382,64130.11,5483866.802100,0
1770455700000,85.6400,85.6600,85.3100,85.3800,60251.59,1770455999999,5149270.001500,5946,31279.28,2673131.863200,0
1770456000000,85.3800,85.6300,85.2800,85.6100,40703.65,1770456299999,3477790.862700,5389,23601.73,2016735.326600,0
1770456300000,85.6100,85.6300,85.2200,85.2600,43346.18,1770456599999,3701715.418300,5838,19480.83,1663825.294600,0
1770456600000,85.2500,85.3100,84.7800,85.0200,137565.51,1770456899999,11693068.164700,11817,51303.25,4359764.405800,0
1770456900000,85.0200,85.1500,84.8200,84.8300,99394.17,1770457199999,8449965.682600,8383,30417.42,2586250.660400,0
1770457200000,84.8300,84.9900,84.7500,84.9000,77210.62,1770457499999,6552656.899200,7811,37905.18,3217175.165100,0
1770457500000,84.8900,84.9900,84.7500,84.9000,92721.60,1770457799999,7869517.660000,7814,35298.25,2996595.525300,0
1770457800000,84.9000,85.1600,84.8900,85.1000,71005.21,1770458099999,6034799.494000,7050,41923.25,3563815.888300,0
1770458100000,85.0900,85.2400,85.0600,85.1900,74371.26,1770458399999,6332417.278900,6940,48050.60,4091493.391300,0
1770458400000,85.1800,85.4600,85.0900,85.2500,62588.91,1770458699999,5337730.922300,7751,37290.94,3180612.765000,0
1770458700000,85.2600,85.3000,85.0300,85.0800,59685.59,1770458999999,5082229.818000,7392,22454.92,1912371.580500,0
1770459000000,85.0800,85.1500,84.9400,85.0800,52255.95,1770459299999,4444524.568100,5411,17274.07,1469415.134500,0
1770459300000,85.0800,85.1700,84.9300,84.9600,62017.33,1770459599999,5272730.500300,6209,26179.02,2225999.416100,0
1770459600000,84.9700,85.2300,84.9600,85.2300,43236.00,1770459899999,3679189.378900,5247,27555.19,2345398.557900,0
1770459900000,85.2300,85.3700,85.1100,85.1300,63525.09,1770460199999,5416859.536300,5898,30673.43,2615521.157100,0
1770460200000,85.1200,85.2800,84.8100,84.8200,76774.67,1770460499999,6526059.181700,7295,32037.15,2723415.255000,0
1770460500000,84.8300,84.9500,84.4400,84.4700,158916.15,1770460799999,13454430.315800,10940,57969.53,4910853.223800,0
1770460800000,84.4700,84.8300,84.4500,84.7700,100030.94,1770461099999,8469297.014900,8401,48576.53,4112937.924900,0
1770461100000,84.7700,84.8800,84.5100,84.6600,88676.60,1770461399999,7508548.678600,8049,35612.74,3015545.354900,0
1770461400000,84.6600,84.9900,84.6600,84.9100,63900.09,1770461699999,5423906.782600,7186,41377.07,3512048.249600,0
1770461700000,84.9000,85.0800,84.8900,84.9400,70045.90,1770461999999,5953443.954300,5962,39461.78,3353989.115200,0
1770462000000,84.9300,85.0400,84.7600,84.9400,45094.49,1770462299999,3828205.442800,6117,20525.24,1742903.631700,0
1770462300000,84.9400,85.1100,84.8200,84.9100,82270.22,1770462599999,6991985.223000,7152,49493.30,4207074.567100,0
1770462600000,84.9200,84.9600,84.6600,84.6700,54529.02,1770462899999,4624058.077700,6019,23826.05,2020624.115700,0
1770462900000,84.6600,84.8300,84.6400,84.8000,32885.91,1770463199999,2786013.581700,5471,14047.28,1190140.037600,0
1770463200000,84.8000,84.9000,84.5700,84.5800,38931.22,1770463499999,3298403.382100,5408,13967.64,1183732.856600,0
1770463500000,84.5800,84.7000,84.5200,84.6300,51063.76,1770463799999,4319397.642700,5563,22306.64,1886997.853800,0
1770463800000,84.6300,84.8900,84.6300,84.7700,76624.29,1770464099999,6495436.594500,6709,41262.08,3497810.427300,0
1770464100000,84.7600,84.8400,84.5800,84.6300,39604.21,1770464399999,3355171.450000,5132,14876.36,1260238.436100,0
1770464400000,84.6400,84.7300,84.5800,84.6500,41027.14,1770464699999,3473233.485200,4748,15233.49,1289670.760600,0
1770464700000,84.6600,84.8400,84.6100,84.6700,56727.44,1770464999999,4806144.775900,6388,30345.38,2570941.713400,0
1770465000000,84.6800,84.9600,84.6600,84.8100,74567.20,1770465299999,6324592.940500,6652,35267.95,2991563.224100,0
1770465300000,84.8100,85.1600,84.8100,84.8500,221028.51,1770465599999,18788097.585500,11044,158662.63,13486733.618600,0
1770465600000,84.8500,85.3200,84.7800,85.2800,207774.65,1770465899999,17679068.104400,18090,126122.61,10732572.009300,0
1770465900000,85.2700,85.8900,85.0900,85.8000,248858.39,1770466199999,21283800.917900,20517,154658.04,13228704.634300,0
1770466200000,85.8000,86.0600,85.5200,85.8300,205422.97,1770466499999,17622932.520800,16667,122117.04,10477563.366900,0
1770466500000,85.8200,87.1500,85.6500,87.0200,568176.94,1770466799999,49176826.945600,39477,342812.80,29672774.934900,0
1770466800000,87.0100,87.0100,85.9700,86.1000,296117.04,1770467099999,25563724.740700,22118,126353.52,10910751.873800,0
1770467100000,86.0900,86.3600,85.9100,86.1700,134606.70,1770467399999,11593484.227600,12153,78071.83,6725984.380200,0
1770467400000,86.1700,86.8000,86.1300,86.5600,226093.22,1770467699999,19582638.476300,21626,131852.09,11419968.462200,0
1770467700000,86.5700,86.7000,86.1500,86.1700,135386.54,1770467999999,11700635.681100,13318,54166.81,4682727.077100,0
1770468000000,86.1700,86.3300,85.9800,86.0700,130710.25,1770468299999,11259344.921000,12398,57009.63,4911153.915100,0
1770468300000,86.0700,86.3900,85.9700,86.3300,87967.11,1770468599999,7582054.066700,9672,44031.60,3796573.913500,0
1770468600000,86.3200,86.4300,85.9600,85.9700,86363.65,1770468899999,7438081.715200,9499,37619.61,3240184.848500,0
1770468900000,85.9700,86.2300,85.9400,86.1600,77641.62,1770469199999,6681912.309400,8337,48785.85,4198327.727900,0
1770469200000,86.1600,86.5900,86.0600,86.3500,100988.63,1770469499999,8717049.619400,11782,57734.11,4984242.541700,0
1770469500000,86.3500,86.3700,86.1500,86.2700,47587.40,1770469799999,4106224.754400,7208,25751.67,2222225.898800,0
1770469800000,86.2800,86.3000,85.9600,86.0300,73350.23,1770470099999,6314833.947000,7282,33738.31,2905095.678600,0
1770470100000,86.0400,86.2400,86.0000,86.1700,57876.67,1770470399999,4983429.046300,6367,32013.67,2756871.844600,0
1770470400000,86.1800,86.2800,86.0600,86.2500,54835.84,1770470699999,4725994.925000,6089,28781.73,2480462.188300,0
1770470700000,86.2500,86.2600,86.1000,86.1800,39380.09,1770470999999,3394693.171500,5510,16287.55,1403990.702500,0
1770471000000,86.1800,86.2300,85.6500,85.8000,150780.76,1770471299999,12943524.394900,11558,72183.80,6195171.535900,0
1770471300000,85.8000,85.9100,85.4800,85.5000,125502.69,1770471599999,10750839.258800,11918,55139.74,4724652.521200,0
1770471600000,85.5100,85.8200,85.5100,85.7200,82706.26,1770471899999,7086081.213500,7728,54302.22,4652011.264800,0
1770471900000,85.7300,86.0100,85.6900,85.9800,45945.49,1770472199999,3945275.938100,5933,29659.04,2546928.972300,0
1770472200000,85.9800,86.1400,85.9200,86.0200,60495.35,1770472499999,5204387.678000,6461,24735.10,2128132.502600,0
1770472500000,86.0100,86.0700,85.9000,86.0600,35415.20,1770472799999,3045328.959800,4422,15415.17,1325721.489200,0
1770472800000,86.0700,86.2200,85.9600,86.0400,46896.03,1770473099999,4035703.711300,6330,21858.02,1881247.972500,0
1770473100000,86.0400,86.2300,85.9100,86.2200,53647.14,1770473399999,4617393.056800,5911,23767.25,2046101.539700,0
1770473400000,86.2100,86.4600,86.0200,86.2400,110822.72,1770473699999,9561444.519800,10431,46380.90,4001865.095400,0
1770473700000,86.2400,86.2900,85.9900,86.2300,59602.65,1770473999999,5134668.330500,6900,30018.42,2586236.637700,0
1770474000000,86.2400,86.4100,86.2000,86.3600,41543.95,1770474299999,3586066.965000,5102,17891.98,1544453.086300,0
1770474300000,86.3700,86.5500,86.1200,86.1400,74290.15,1770474599999,6416428.298700,6793,34889.64,3014606.032700,0
1770474600000,86.1400,86.2100,85.9000,85.9400,56752.66,1770474899999,4884446.913000,6138,23798.12,2048255.315400,0
1770474900000,85.9400,86.0600,85.4300,85.6300,193878.12,1770475199999,16621340.986600,14360,83392.44,7146326.924100,0
1770475200000,85.6200,85.9700,85.6000,85.9500,96013.75,1770475499999,8240931.961700,10336,50924.36,4371138.519100,0
1770475500000,85.9600,86.0000,85.4300,85.5800,152548.93,1770475799999,13065038.556200,12325,63638.76,5451329.025300,0
1770475800000,85.5900,85.8300,85.5900,85.6500,73988.27,1770476099999,6340527.266400,7747,40496.53,3470394.820100,0
1770476100000,85.6500,85.7900,85.6000,85.7100,53728.79,1770476399999,4604423.339200,6047,30664.39,2627953.700400,0
1770476400000,85.7100,86.1000,85.5900,86.0200,116832.88,1770476699999,10030397.285500,12005,69005.41,5925079.301500,0
1770476700000,86.0200,86.2500,85.9800,86.1600,99653.40,1770476999999,8582246.462400,11692,56196.81,4839936.400700,0
1770477000000,86.1700,86.2200,85.8500,86.1300,62657.54,1770477299999,5390119.417900,7520,32419.06,2789446.597900,0
1770477300000,86.1400,86.2500,85.9600,86.2200,74627.06,1770477599999,6427074.160000,8879,40531.40,3490816.170800,0
1770477600000,86.2300,86.8000,86.2300,86.5600,358449.24,1770477899999,31024452.097400,19059,181111.60,15671830.377900,0
1770477900000,86.5600,86.6000,86.4400,86.5200,90774.45,1770478199999,7853408.701300,7947,46613.32,4032722.718400,0
1770478200000,86.5200,86.9100,86.3600,86.5500,227771.50,1770478499999,19735136.552300,17924,112266.39,9731639.456800,0
1770478500000,86.5600,86.6700,86.3400,86.4100,78123.77,1770478799999,6755831.911400,8177,38495.47,3329437.933800,0
1770478800000,86.4200,86.4500,86.1500,86.2600,58490.13,1770479099999,5047010.782700,7093,26103.81,2252831.882500,0
1770479100000,86.2700,86.4400,86.2600,86.2700,31944.08,1770479399999,2757579.543500,5099,16951.46,1463451.943500,0
1770479400000,86.2800,86.4200,86.0700,86.3700,85750.54,1770479699999,7394298.969500,8556,49856.67,4299695.874300,0
1770479700000,86.3600,86.5200,86.3200,86.5200,36438.60,1770479999999,3149498.030200,4943,19109.06,1651798.069700,0
1770480000000,86.5100,86.6900,86.3900,86.5500,61715.62,1770480299999,5340586.974800,7920,37670.84,3259697.358100,0
1770480300000,86.5600,88.0000,86.1100,87.1900,1717361.12,1770480599999,149602525.504400,95928,893209.47,77825500.490500,0
1770480600000,87.1800,88.0700,86.5400,87.1700,2560875.35,1770480899999,223096029.321500,140104,1295878.27,112915917.713700,0
1770480900000,87.1800,87.8600,86.6900,86.7800,1451888.82,1770481199999,126636257.166300,93742,754062.33,65779836.669200,0
1770481200000,86.7800,87.2100,86.6300,86.9700,154879.47,1770481499999,13468542.643400,14953,80243.47,6977834.841200,0
1770481500000,86.9700,87.1000,86.7400,86.7800,71419.05,1770481799999,6203019.106000,8304,31238.16,2713604.746200,0
1770481800000,86.7900,87.0600,86.7700,86.9400,46228.76,1770482099999,4017835.456400,8010,25823.84,2244527.089900,0
1770482100000,86.9300,87.1700,86.6600,87.1100,60471.73,1770482399999,5254844.313100,7993,26556.78,2307771.549100,0
1770482400000,87.1100,87.1900,86.9000,87.1000,52262.37,1770482699999,4547876.847400,6514,24315.43,2115933.382200,0
1770482700000,87.1000,87.1500,86.8200,86.9300,51024.12,1770482999999,4437624.318600,7661,25735.30,2238039.584700,0
1770483000000,86.9200,87.0000,86.7000,86.9300,41886.26,1770483299999,3638578.677000,6150,17210.36,1495092.953000,0
1770483300000,86.9300,87.0800,86.7100,86.9900,47521.36,1770483599999,4130135.659900,6497,23012.07,2000173.087000,0
1770483600000,87.0000,87.1500,86.8300,87.1300,65393.54,1770483899999,5690562.783700,8824,31035.79,2700880.440300,0
1770483900000,87.1200,87.1900,86.7200,86.7800,91438.74,1770484199999,7949150.396100,9948,38846.10,3378250.972300,0
1770484200000,86.7900,86.8200,86.4200,86.4800,78699.80,1770484499999,6812283.413000,9714,23673.50,2049096.855900,0
1770484500000,86.4900,86.9600,86.4300,86.9400,67639.53,1770484799999,5860900.616800,9166,34037.93,2949603.618400,0
1770484800000,86.9400,87.0900,86.8200,86.9800,57470.77,1770485099999,4998458.146300,6685,24977.58,2172447.479600,0
1770485100000,86.9800,87.3400,86.9600,87.2700,86969.69,1770485399999,7582464.753800,8211,52001.34,4533838.538300,0
1770485400000,87.2700,87.3100,87.0100,87.1300,62288.17,1770485699999,5430717.302600,6925,26122.59,2277336.652100,0
1770485700000,87.1300,87.6500,87.1200,87.6500,95283.75,1770485999999,8335951.376300,11368,57780.65,5055221.069000,0
1770486000000,87.6500,87.6700,87.3300,87.4600,63286.87,1770486299999,5535818.101500,7343,32189.34,2815673.198600,0
1770486300000,87.4600,87.6100,87.4100,87.4600,45037.53,1770486599999,3940841.980700,6518,19741.92,1727437.026700,0
1770486600000,87.4500,87.4900,87.3100,87.3300,36206.63,1770486899999,3163641.581800,5059,15293.09,1336255.083900,0
1770486900000,87.3400,87.5900,87.2000,87.5800,39516.56,1770487199999,3452856.909800,5248,25816.49,2256321.512200,0
1770487200000,87.5700,87.6500,87.3800,87.5900,50946.44,1770487499999,4459818.779100,7147,27622.62,2418130.611100,0
1770487500000,87.5900,87.9000,87.5500,87.5700,101120.31,1770487799999,8871490.479000,9874,55195.84,4842777.557800,0
1770487800000,87.5700,87.6600,87.4800,87.4900,37417.27,1770488099999,3276719.516700,5336,15072.17,1320053.687900,0
1770488100000,87.4900,87.9600,87.4700,87.9100,70468.89,1770488399999,6184294.946200,7578,36773.98,3227088.804300,0
1770488400000,87.9100,88.3700,87.8700,88.1000,209453.88,1770488699999,18458374.673300,16482,124829.78,11001198.146400,0
1770488700000,88.0900,88.2600,88.0100,88.2600,58424.98,1770488999999,5148276.164800,6788,34167.22,3010773.916900,0
1770489000000,88.2600,88.6500,88.1300,88.6300,159067.14,1770489299999,14063137.093700,13378,101338.90,8961216.463100,0
1770489300000,88.6300,88.8400,88.3900,88.6000,139322.37,1770489599999,12349858.375500,12671,85014.74,7537496.303500,0
1770489600000,88.6000,88.8400,88.4500,88.7500,79437.82,1770489899999,7042842.424300,8561,40672.48,3606221.843400,0
1770489900000,88.7500,89.1500,88.6500,89.1100,131821.33,1770490199999,11720138.782800,11950,79822.79,7098885.158900,0
1770490200000,89.1100,89.1300,88.7100,88.8200,102696.47,1770490499999,9133793.683500,10186,54001.81,4803757.581800,0
1770490500000,88.8200,88.8200,88.5200,88.6500,94086.86,1770490799999,8341577.979500,8809,39823.90,3530911.862000,0
1770490800000,88.6500,88.6600,88.4200,88.6000,63728.14,1770491099999,5642154.377900,8659,30552.77,2705113.313400,0
1770491100000,88.5900,88.7300,88.3500,88.3500,62018.73,1770491399999,5492512.743900,7879,26804.84,2374490.916900,0
1770491400000,88.3600,88.3700,88.1100,88.2300,68038.27,1770491699999,6002022.489000,8213,26054.54,2298576.109800,0
1770491700000,88.2300,88.3900,88.2100,88.3100,55372.63,1770491999999,4889328.219700,6536,24855.76,2194537.514600,0
1770492000000,88.3000,88.6100,88.2500,88.6100,37232.27,1770492299999,3292422.743300,5558,20896.04,1848054.211100,0
1770492300000,88.6100,88.6500,88.3300,88.4400,119144.46,1770492599999,10543062.748800,7809,43392.67,3840031.441300,0
1770492600000,88.4400,88.4600,87.9300,88.1200,113494.44,1770492899999,9999287.449700,9985,43379.36,3822571.593500,0
1770492900000,88.1200,88.5700,88.1200,88.3500,88095.31,1770493199999,7784946.469500,7516,32353.29,2858156.858600,0
1770493200000,88.3400,88.4800,88.2000,88.2400,44899.55,1770493499999,3965071.634800,4880,17744.55,1567246.518200,0
1770493500000,88.2400,88.4900,88.1700,88.3700,65160.55,1770493799999,5756251.340100,6397,29836.14,2635687.972900,0
1770493800000,88.3700,88.4000,88.2100,88.2500,47615.16,1770494099999,4205576.779200,4837,17749.69,1567759.842500,0
1770494100000,88.2600,88.2600,88.0500,88.2200,47768.54,1770494399999,4210019.125700,5325,20574.51,1813497.875200,0
1770494400000,88.2100,88.4100,88.1600,88.3500,70519.44,1770494699999,6225797.740300,7320,33571.48,2964678.203600,0
1770494700000,88.3500,88.3900,87.9600,87.9900,102015.12,1770494999999,8998558.518300,7778,27139.84,2392831.211800,0
1770495000000,87.9900,88.1900,87.9200,88.0700,56225.20,1770495299999,4949025.059200,5591,31923.55,2809967.995000,0
1770495300000,88.0700,88.1700,88.0000,88.0900,20102.34,1770495599999,1770576.697800,3828,6872.53,605361.893200,0
1770495600000,88.0800,88.2500,88.0600,88.2300,30978.97,1770495899999,2731252.072100,4140,17657.52,1556740.916600,0
1770495900000,88.2400,88.5200,88.2400,88.4400,55374.06,1770496199999,4895831.889700,5838,36323.87,3211715.821000,0
1770496200000,88.4400,88.5800,88.3000,88.5700,50754.73,1770496499999,4488638.889900,5973,23819.97,2107034.513400,0
1770496500000,88.5700,88.8200,88.5700,88.8000,49999.09,1770496799999,4436575.713700,6206,27215.16,2415003.458000,0
1770496800000,88.8000,88.8500,88.6400,88.6500,35227.18,1770497099999,3127350.670900,5375,14175.91,1258652.466900,0
1770497100000,88.6400,88.8500,88.6400,88.7100,33787.49,1770497399999,2998697.922200,4994,18887.20,1676273.636500,0
1770497400000,88.7100,89.1300,88.7000,88.9000,117371.67,1770497699999,10442703.207300,10302,81053.28,7212363.716700,0
1770497700000,88.9000,88.9000,88.5900,88.8300,75391.32,1770497999999,6692205.079200,6086,39541.26,3510087.058900,0
1770498000000,88.8300,89.1100,88.6900,88.8000,84386.63,1770498299999,7502692.627300,8692,41833.47,3720291.106000,0
1770498300000,88.7900,88.9200,88.6200,88.6500,36547.40,1770498599999,3244667.503900,4523,19027.24,1689587.056100,0
1770498600000,88.6500,88.8600,88.6300,88.7800,33118.58,1770498899999,2938288.191200,5202,14543.68,1290344.208900,0
1770498900000,88.7700,88.7700,88.5300,88.6000,41069.62,1770499199999,3639274.762400,4920,17862.08,1582730.340000,0
1770499200000,88.5900,88.7100,88.5400,88.6400,23885.60,1770499499999,2116932.870500,3375,13999.06,1240796.665200,0
1770499500000,88.6400,88.9000,88.6300,88.6600,43387.78,1770499799999,3851389.836700,4994,28660.41,2544451.444300,0
1770499800000,88.6700,88.8500,88.6300,88.7900,31593.29,1770500099999,2804785.219800,4121,14688.31,1304067.827600,0
1770500100000,88.7900,88.8800,88.4600,88.4700,47851.91,1770500399999,4244392.878800,4864,15570.62,1381741.543700,0
1770500400000,88.4600,88.5900,88.3800,88.3900,41016.62,1770500699999,3630100.879200,4858,19593.73,1734087.409100,0
1770500700000,88.3800,88.4000,88.1700,88.2700,69457.28,1770500999999,6130639.830000,6843,37807.58,3337013.019700,0
1770501000000,88.2700,88.2800,88.1800,88.2400,30102.68,1770501299999,2655568.940300,3282,16393.69,1446176.790600,0
1770501300000,88.2400,88.2600,88.0200,88.1200,80169.60,1770501599999,7064591.029100,5905,35149.56,3097341.241400,0
1770501600000,88.1300,88.2700,88.0800,88.2100,30533.41,1770501899999,2692402.589300,4545,19374.88,1708679.438600,0
1770501900000,88.2200,88.6900,88.2100,88.5600,99189.60,1770502199999,8776121.849100,8395,58080.01,5137667.359500,0
1770502200000,88.5600,88.6200,88.3600,88.5500,54484.42,1770502499999,4821576.834900,6203,24598.25,2177259.799300,0
1770502500000,88.5600,88.5800,88.1400,88.2800,35193.20,1770502799999,3107798.207900,5580,13566.24,1198000.741800,0
1770502800000,88.2800,88.4200,88.2100,88.2600,28542.77,1770503099999,2521272.160200,3836,18443.05,1629263.666400,0
1770503100000,88.2600,88.3700,88.2400,88.3700,12235.32,1770503399999,1080448.819000,2590,6237.15,550735.259500,0
1770503400000,88.3800,88.4800,88.3300,88.3500,23951.30,1770503699999,2117172.607600,3517,11923.29,1053976.108800,0
1770503700000,88.3400,88.4800,88.1000,88.3100,26261.91,1770503999999,2318577.142800,4194,11839.18,1045371.608400,0
1770504000000,88.3000,88.4400,88.2300,88.4300,42291.77,1770504299999,3735190.379100,3849,16796.54,1483735.149300,0
1770504300000,88.4400,88.4400,88.1400,88.1700,38111.65,1770504599999,3361758.901200,3314,27129.31,2392840.407400,0
1770504600000,88.1700,88.3900,88.1600,88.2200,28604.65,1770504899999,2525250.680700,3812,11272.08,994792.024900,0
1770504900000,88.2100,88.3800,88.1600,88.2100,15863.71,1770505199999,1400561.300900,3020,7295.52,644165.761100,0
1770505200000,88.2100,88.2900,87.6800,87.7200,102614.41,1770505499999,9016666.130000,12558,31813.11,2794816.694400,0
1770505500000,87.7200,87.9000,87.2800,87.3400,166449.27,1770505799999,14568304.213600,14846,59660.64,5222159.024700,0
1770505800000,87.3500,87.4700,87.2400,87.4300,86775.39,1770506099999,7580206.628500,9394,32143.15,2808025.317300,0
1770506100000,87.4400,87.5300,87.1600,87.1700,60660.00,1770506399999,5296784.534400,7420,21620.17,1888351.320600,0
1770506400000,87.1800,87.2800,86.8000,87.2800,156842.86,1770506699999,13648000.935600,13594,62537.05,5443379.832900,0
1770506700000,87.2800,87.4600,87.2100,87.3300,43067.31,1770506999999,3760859.135400,6023,26626.32,2325128.309400,0
1770507000000,87.3400,87.4100,87.2600,87.3400,44470.63,1770507299999,3884074.143500,6178,21812.14,1905250.714100,0
1770507300000,87.3500,87.6100,87.3500,87.4900,46359.47,1770507599999,4056477.949000,6175,25411.32,2223536.058100,0
1770507600000,87.4900,87.6300,87.4700,87.6000,26060.45,1770507899999,2281427.881100,3770,11415.89,999455.060200,0
1770507900000,87.6000,87.6900,87.4700,87.6600,42050.73,1770508199999,3683391.937300,5434,18284.71,1601580.056200,0
1770508200000,87.6500,87.7700,87.6000,87.6900,31451.51,1770508499999,2758040.176100,4358,17787.38,1559850.124900,0
1770508500000,87.7000,87.7100,87.5000,87.5100,22845.76,1770508799999,2001566.540800,3363,7654.90,670649.760700,0
1770508800000,87.5200,87.5800,87.2400,87.5800,61804.55,1770509099999,5402359.663600,8014,24313.04,2125315.183600,0
1770509100000,87.5800,87.6000,87.3300,87.3400,33282.06,1770509399999,2912413.091800,6195,13030.64,1140232.476000,0
1770509400000,87.3300,87.5700,87.3100,87.3800,41733.12,1770509699999,3649291.632600,5780,18201.68,1591709.083900,0
1770509700000,87.3800,87.4400,87.1000,87.1300,60791.98,1770509999999,5303332.272800,7108,22191.26,1936449.427300,0
1770510000000,87.1300,87.2300,87.0300,87.1100,41255.80,1770510299999,3594067.878500,5551,18037.88,1571571.183300,0
1770510300000,87.1100,87.3100,87.0600,87.1300,32057.28,1770510599999,2795722.305800,4924,20851.71,1818754.890800,0
1770510600000,87.1200,87.3200,87.0600,87.1900,51326.02,1770510899999,4476433.107200,5270,29909.00,2608853.174200,0
1770510900000,87.1900,87.5000,87.0900,87.4000,42336.03,1770511199999,3696864.665100,6147,21483.53,1876389.538500,0
1770511200000,87.3900,87.3900,87.0300,87.0300,47632.53,1770511499999,4153000.107400,6684,17567.88,1531676.970700,0
1770511500000,87.0400,87.3600,87.0300,87.3000,83768.86,1770511799999,7300950.618500,8033,43130.68,3759501.843200,0
1770511800000,87.3000,87.4300,87.1200,87.1200,29686.86,1770512099999,2591878.536800,4517,12422.01,1084566.765600,0
1770512100000,87.1200,87.3100,87.1100,87.2700,26308.83,1770512399999,2294193.703900,3517,16465.36,1436019.631500,0
1770512400000,87.2700,87.5300,87.2400,87.4900,37100.90,1770512699999,3241998.932700,5686,18349.99,1603708.952800,0
1770512700000,87.4800,87.6000,87.4300,87.5700,27739.81,1770512999999,2427854.688200,4338,14448.52,1264569.927400,0
1770513000000,87.5700,87.8800,87.4900,87.8400,44584.76,1770513299999,3911495.242500,5796,27225.04,2388675.339300,0
1770513300000,87.8300,87.8300,87.6200,87.6800,32715.95,1770513599999,2869790.691900,4716,15203.60,1333557.216300,0
1770513600000,87.6700,87.7000,87.4600,87.4800,21783.02,1770513899999,1908083.559000,3630,10556.37,924700.421800,0
1770513900000,87.4700,87.5400,87.4100,87.5300,16596.86,1770514199999,1451656.434300,2964,7329.86,641116.351200,0
1770514200000,87.5300,87.7300,87.4600,87.6300,29156.76,1770514499999,2554842.888800,4423,14774.27,1294547.379100,0
1770514500000,87.6200,87.8800,87.6200,87.8100,30311.19,1770514799999,2660439.394900,4806,15202.78,1334412.838700,0
1770514800000,87.8000,87.8700,87.6400,87.7600,22114.35,1770515099999,1940680.503300,3673,9011.72,790926.680700,0
1770515100000,87.7500,87.8400,87.6300,87.6700,37878.46,1770515399999,3323186.560200,4505,20227.48,1774774.619000,0
1770515400000,87.6800,87.9300,87.6700,87.8700,43999.81,1770515699999,3865501.734800,4869,28018.88,2461484.530600,0
1770515700000,87.8700,87.8900,87.6600,87.7900,55965.78,1770515999999,4912840.418400,4568,26770.62,2350854.650800,0
1770516000000,87.8000,87.8300,87.5900,87.6600,39316.39,1770516299999,3447540.563900,6055,16339.73,1432622.876100,0
1770516300000,87.6500,87.8200,87.6400,87.8000,17044.07,1770516599999,1495056.498300,3910,7080.76,620988.417100,0
1770516600000,87.8000,87.8700,87.7000,87.7200,19348.73,1770516899999,1698817.869600,3976,12566.65,1103464.062000,0
1770516900000,87.7100,87.7800,87.6100,87.7300,24528.83,1770517199999,2150588.026700,3969,13634.29,1195340.935700,0
1770517200000,87.7300,88.1500,87.7300,87.9300,83912.07,1770517499999,7382763.321100,8043,60139.82,5291162.990800,0
1770517500000,87.9400,87.9400,87.5100,87.6100,58658.63,1770517799999,5144063.662400,5716,22263.69,1952290.843600,0
1770517800000,87.6100,87.7700,87.4000,87.4000,65499.03,1770518099999,5737385.242800,6854,21948.29,1922863.898900,0
1770518100000,87.4100,87.4100,87.1000,87.1400,81055.33,1770518399999,7068600.694600,8390,34228.73,2985428.472800,0
1770518400000,87.1300,87.2700,87.0900,87.2100,32917.60,1770518699999,2869457.848800,5164,14130.64,1231726.988200,0
1770518700000,87.2000,87.2800,87.0700,87.2000,37775.86,1770518999999,3293753.086600,5096,21503.99,1875266.669800,0
1770519000000,87.2100,87.3100,86.8300,86.9200,97443.26,1770519299999,8476045.733800,7983,24002.27,2089041.296800,0
1770519300000,86.9300,87.2200,86.9300,87.1900,51605.42,1770519599999,4493211.557200,5049,26221.34,2283338.085400,0
1770519600000,87.2000,87.4000,87.1800,87.2200,46985.29,1770519899999,4102317.294800,6479,18664.74,1629449.430800,0
1770519900000,87.2300,87.3000,87.0200,87.1500,81126.52,1770520199999,7069606.889900,7079,33442.88,2914626.746100,0
1770520200000,87.1500,87.1700,87.0200,87.1600,29930.78,1770520499999,2607228.998100,3763,18096.59,1576402.083900,0
1770520500000,87.1600,87.2100,87.0300,87.0600,22206.47,1770520799999,1934766.966600,3632,10220.88,890638.478800,0
1770520800000,87.0500,87.3700,87.0200,87.2700,36315.60,1770521099999,3168003.022300,5163,23268.53,2029774.796100,0
1770521100000,87.2800,87.4300,87.2600,87.3000,22406.23,1770521399999,1957338.373400,3302,13740.16,1200334.500200,0
1770521400000,87.3100,87.4700,87.1600,87.4300,29953.61,1770521699999,2614847.559800,4479,16208.39,1415363.988200,0
1770521700000,87.4300,87.4400,87.2300,87.2400,22310.67,1770521999999,1948152.585200,3405,8868.36,774365.154300,0
1770522000000,87.2500,87.2600,87.0400,87.1200,21550.26,1770522299999,1877520.930800,3681,10425.76,908341.740200,0
1770522300000,87.1100,87.1600,86.8300,86.8400,59740.18,1770522599999,5194063.470400,5718,15139.12,1316385.551000,0
1770522600000,86.8400,86.8700,86.7200,86.7500,65569.78,1770522899999,5690906.830100,6368,26350.13,2287243.778300,0
1770522900000,86.7600,86.8000,86.6300,86.7400,60021.01,1770523199999,5203340.255400,5578,28970.47,2511725.855200,0
1770523200000,86.7400,86.8600,86.7100,86.8400,49250.08,1770523499999,4273953.925600,5392,23283.69,2020623.858900,0
1770523500000,86.8300,86.9900,86.8200,86.9600,47610.76,1770523799999,4137748.359500,4827,34220.03,2973968.470800,0
1770523800000,86.9700,87.0000,86.7000,86.7600,52021.77,1770524099999,4517604.242500,5322,20761.57,1803648.645300,0
1770524100000,86.7600,86.9600,86.5300,86.9300,66471.76,1770524399999,5762697.234700,7915,25905.84,2247277.088500,0
1770524400000,86.9400,87.1000,86.9100,87.0800,44873.18,1770524699999,3904330.906400,5423,26391.46,2296327.406200,0
1770524700000,87.0700,87.2300,87.0600,87.1300,30529.16,1770524999999,2660338.753100,4051,16846.62,1468169.112200,0
1770525000000,87.1300,87.2300,87.0700,87.0800,22890.51,1770525299999,1994948.074100,3871,11800.93,1028537.759100,0
1770525300000,87.0800,87.1100,86.8400,87.0700,33260.40,1770525599999,2893674.963000,5174,11512.49,1001690.310300,0
1770525600000,87.0700,87.1200,87.0400,87.0900,17310.79,1770525899999,1507505.340600,2642,9894.06,861671.443300,0
1770525900000,87.1000,87.1700,86.9700,87.1200,20680.73,1770526199999,1800518.658300,3391,11199.91,975147.223500,0
1770526200000,87.1300,87.2000,87.0800,87.1000,19657.74,1770526499999,1712826.357800,2677,10465.36,911947.965200,0
1770526500000,87.1000,87.3300,87.1000,87.3200,41431.54,1770526799999,3613662.085600,4408,31209.95,2722248.437400,0
1770526800000,87.3200,87.3300,87.1100,87.1700,35992.05,1770527099999,3139458.125500,4939,13052.85,1138566.159300,0
1770527100000,87.1700,87.2900,87.1500,87.2400,12049.50,1770527399999,1050773.973600,3214,7478.95,652224.658900,0
1770527400000,87.2300,87.4500,87.2300,87.4200,41131.29,1770527699999,3592564.385600,4943,24350.10,2127089.508200,0
1770527700000,87.4300,87.4800,87.2600,87.2900,26629.78,1770527999999,2327114.343200,3798,12017.57,1050123.211500,0
1770528000000,87.3000,87.3000,87.1400,87.2400,25443.45,1770528299999,2218558.569600,3180,9147.28,797693.134000,0
1770528300000,87.2300,87.2400,87.1300,87.2100,19063.86,1770528599999,1662053.810400,2203,10444.88,910641.789500,0
1770528600000,87.2100,87.2100,87.0000,87.0100,30818.94,1770528899999,2683778.129000,4141,11138.40,969952.246600,0
1770528900000,87.0100,87.1100,86.9500,87.0900,22624.74,1770529199999,1968973.466800,2895,11982.50,1042877.496000,0
1770529200000,87.0900,87.1300,87.0100,87.0500,13642.06,1770529499999,1187773.298400,2218,3582.30,311936.873300,0
1770529500000,87.0500,87.1600,87.0200,87.1200,17833.61,1770529799999,1553071.095500,2323,10525.58,916689.817400,0
1770529800000,87.1100,87.1100,87.0200,87.1000,10794.41,1770530099999,939807.011000,2043,5642.68,491271.994000,0
1770530100000,87.0900,87.2200,87.0800,87.2000,14469.61,1770530399999,1261364.273900,2402,8520.25,742741.378400,0
1770530400000,87.2100,87.2400,86.9500,86.9700,28321.70,1770530699999,2467011.211200,4362,10360.88,902515.101400,0
1770530700000,86.9600,87.0600,86.8600,86.9800,28962.14,1770530999999,2517823.777400,4569,12687.44,1103276.605500,0
1770531000000,86.9800,87.2800,86.9500,87.2600,32057.22,1770531299999,2792071.905400,5125,21978.11,1914388.764800,0
1770531300000,87.2700,87.4200,87.0800,87.4100,56783.72,1770531599999,4956080.794400,6841,36310.79,3169785.237000,0
1770531600000,87.4000,87.4300,87.3100,87.3900,31497.20,1770531899999,2752092.952700,4225,14406.45,1258850.160800,0
1770531900000,87.3800,87.4000,87.2700,87.3500,22634.72,1770532199999,1977126.406400,3817,10363.21,905337.521700,0
1770532200000,87.3500,87.3500,87.1800,87.1800,15757.66,1770532499999,1375048.838600,3078,6939.33,605611.806100,0
1770532500000,87.1900,87.3200,87.1900,87.2600,11845.16,1770532799999,1033661.932200,2462,4603.58,401742.089800,0
1770532800000,87.2700,87.2800,87.0700,87.1300,33176.02,1770533099999,2892664.927400,3107,6463.60,563447.091900,0
1770533100000,87.1400,87.2800,87.0900,87.1400,22648.15,1770533399999,1975123.951600,3092,15870.21,1384305.539400,0
1770533400000,87.1300,87.1600,87.0000,87.1100,16691.71,1770533699999,1453300.732600,2671,6059.33,527583.982200,0
1770533700000,87.1000,87.1600,87.0000,87.0800,20184.94,1770533999999,1757830.292500,2723,7649.98,666159.876500,0
1770534000000,87.0800,87.1900,86.9400,86.9900,48866.41,1770534299999,4255596.173200,4639,27421.42,2387976.937800,0
1770534300000,86.9800,87.1300,86.8100,86.8500,51751.35,1770534599999,4499018.859600,5889,14678.74,1276452.673000,0
1770534600000,86.8500,87.0700,86.7100,86.9700,73371.33,1770534899999,6376515.586900,6859,41260.89,3586638.567100,0
1770534900000,86.9700,87.0600,86.8400,86.8600,29334.88,1770535199999,2550949.173100,4141,12820.26,1114855.771200,0
1770535200000,86.8500,86.8600,86.5900,86.8000,101755.55,1770535499999,8820073.254100,7889,46840.42,4060373.787600,0
1770535500000,86.8100,86.9300,86.8000,86.8300,30096.30,1770535799999,2614375.163700,3951,18617.45,1617206.507400,0
1770535800000,86.8200,87.0300,86.6800,87.0000,42704.51,1770536099999,3708050.149600,6154,22408.02,1946387.131300,0
1770536100000,86.9900,87.0900,86.8700,86.9500,28620.43,1770536399999,2489720.326900,4587,13321.41,1158871.945300,0
1770536400000,86.9400,86.9500,86.8100,86.8900,15882.35,1770536699999,1379775.141600,3000,8480.89,736809.770800,0
1770536700000,86.9000,87.0700,86.8700,87.0200,26015.25,1770536999999,2263102.202200,4000,10979.32,954966.569200,0
1770537000000,87.0100,87.1500,87.0000,87.1400,25687.93,1770537299999,2236793.075400,3711,16700.79,1454318.967800,0
1770537300000,87.1400,87.3200,87.0900,87.3200,66453.78,1770537599999,5797227.390900,5007,45353.57,3956909.162400,0
1770537600000,87.3200,87.6000,87.1400,87.4800,95524.02,1770537899999,8343680.033600,9009,59547.36,5201706.320400,0
1770537900000,87.4800,87.4800,87.2300,87.2600,55699.61,1770538199999,4865208.218100,6799,30538.33,2667683.241600,0
1770538200000,87.2700,87.2700,87.0700,87.1400,31977.46,1770538499999,2787455.109000,5510,13469.29,1174107.405600,0
1770538500000,87.1500,87.1700,86.8500,86.9100,67785.59,1770538799999,5896492.575300,6124,23427.92,2037532.089800,0
1770538800000,86.9100,87.7600,86.9100,87.7300,149257.33,1770539099999,13046671.967800,14168,89431.40,7815974.566500,0
1770539100000,87.7200,88.0800,87.5600,87.8200,182953.92,1770539399999,16063596.188100,16454,106667.97,9367133.434500,0
1770539400000,87.8100,88.7500,87.5700,88.6400,335395.58,1770539699999,29607877.052600,30407,214465.24,18931763.131400,0
1770539700000,88.6400,88.7500,88.3000,88.3800,163719.60,1770539999999,14491485.769800,16270,78272.93,6928232.049300,0
1770540000000,88.3900,88.4300,88.2200,88.2600,61577.15,1770540299999,5438387.660700,8574,28279.98,2497916.785400,0
1770540300000,88.2500,88.5100,88.0900,88.4700,132020.09,1770540599999,11660435.132800,11836,80574.49,7118422.187900,0
1770540600000,88.4700,88.4900,88.1600,88.3800,76173.34,1770540899999,6725820.590700,9726,40152.20,3545233.659200,0
1770540900000,88.3700,88.6800,88.3000,88.5500,81985.87,1770541199999,7258915.535800,8237,48000.67,4250018.278600,0
1770541200000,88.5400,88.6000,88.3100,88.4100,94677.11,1770541499999,8372867.117600,9921,43526.48,3849105.260400,0
1770541500000,88.4100,88.9300,88.3700,88.6500,122428.67,1770541799999,10852147.824200,13155,82170.02,7282594.975300,0
1770541800000,88.6500,88.6500,88.2700,88.3500,80136.05,1770542099999,7085413.234400,9822,33458.81,2957874.977000,0
1770542100000,88.3500,88.4900,88.1800,88.3900,80803.02,1770542399999,7137139.768000,7610,43418.63,3835988.425300,0
1770542400000,88.3800,88.5700,88.2700,88.4400,43569.01,1770542699999,3851500.284900,5655,25175.31,2225700.526600,0
1770542700000,88.4400,88.4600,88.3100,88.3100,31331.90,1770542999999,2769634.889200,4261,11340.00,1002462.123900,0
1770543000000,88.3200,88.5800,88.1800,88.1900,92654.61,1770543299999,8191290.894600,7159,27395.71,2422257.444000,0
1770543300000,88.1800,88.1800,87.6700,87.9100,206996.22,1770543599999,18186139.568600,16465,105542.16,9272651.559900,0
1770543600000,87.9200,87.9900,87.5400,87.5500,85739.87,1770543899999,7518160.400400,8319,36917.30,3237235.092400,0
1770543900000,87.5500,87.7700,87.5400,87.6200,50380.03,1770544199999,4416590.410300,6487,30177.43,2645583.072800,0
1770544200000,87.6300,87.6900,87.4500,87.6600,54824.30,1770544499999,4800672.511700,7087,30080.76,2634372.524600,0
1770544500000,87.6700,87.7800,87.5100,87.5200,40863.72,1770544799999,3582656.450900,5486,21660.40,1899171.552100,0
1770544800000,87.5200,87.9100,87.5200,87.7600,73320.86,1770545099999,6434412.420500,8282,43475.64,3815287.875800,0
1770545100000,87.7500,88.0500,87.7100,87.8200,43496.93,1770545399999,3821844.990500,6850,29358.58,2579647.889400,0
1770545400000,87.8200,87.8800,87.6300,87.7000,32634.08,1770545699999,2862494.445700,5393,12414.05,1088908.361700,0
1770545700000,87.7000,87.9000,87.6600,87.7400,29668.80,1770545999999,2605036.876000,5292,17914.77,1573148.598800,0
1770546000000,87.7400,87.8500,86.6700,86.8500,374133.23,1770546299999,32589458.649000,26899,144088.01,12545267.619400,0
1770546300000,86.8400,86.8400,86.3400,86.5500,273352.93,1770546599999,23662243.997500,19145,96673.54,8369824.596300,0
1770546600000,86.5500,86.6800,86.4100,86.6000,129598.70,1770546899999,11217511.548800,12132,78898.81,6829294.320400,0
1770546900000,86.6000,86.9200,86.5900,86.8500,92175.79,1770547199999,8001050.662500,9344,54869.14,4763016.997300,0
1770547200000,86.8400,86.8700,86.7400,86.8000,30581.65,1770547499999,2654715.990200,4369,16435.91,1426875.298500,0
1770547500000,86.8100,87.0000,86.7200,86.9300,44906.58,1770547799999,3900669.950000,6473,28946.33,2514805.098800,0
1770547800000,86.9400,87.0600,86.8400,86.9100,52783.55,1770548099999,4589346.398400,6274,29555.05,2569619.499500,0
1770548100000,86.9200,86.9200,86.7500,86.8100,39229.20,1770548399999,3406198.821400,4693,15069.09,1308543.996200,0
1770548400000,86.8100,87.1100,86.6700,87.0500,59275.76,1770548699999,5151482.626600,8203,38237.97,3324167.180800,0
1770548700000,87.0400,87.2200,87.0100,87.0400,58791.50,1770548999999,5121676.641700,6376,29791.69,2595558.396800,0
1770549000000,87.0400,87.3900,86.8800,87.3500,75915.42,1770549299999,6616138.614300,8584,44600.70,3888634.510800,0
1770549300000,87.3500,87.7600,87.2200,87.3200,156798.17,1770549599999,13720491.170400,15779,82652.16,7234572.258200,0
1770549600000,87.3200,87.4000,87.2000,87.2800,53448.94,1770549899999,4667146.013600,6150,27069.98,2363889.065500,0
1770549900000,87.2800,87.5200,87.2100,87.4500,37795.93,1770550199999,3302863.021900,5156,22203.22,1940424.851400,0
1770550200000,87.4500,88.2100,87.4000,87.9100,216478.07,1770550499999,19030621.401700,18168,131910.10,11596179.852700,0
1770550500000,87.9100,88.1500,87.8100,87.9900,177357.51,1770550799999,15599990.410400,12870,90452.32,7955674.448400,0
1770550800000,87.9900,88.0600,87.8400,87.9500,77031.31,1770551099999,6773540.201000,7962,28518.98,2507883.211600,0
1770551100000,87.9500,88.1200,87.8400,87.9600,74060.75,1770551399999,6515891.180300,7497,43032.34,3786394.028700,0
1770551400000,87.9600,88.2400,87.9300,88.2000,137456.75,1770551699999,12110296.846000,12142,70800.76,6237829.785800,0
1770551700000,88.2000,88.2200,88.0000,88.1600,58858.00,1770551999999,5187366.906400,6976,29801.41,2626607.151900,0
1770552000000,88.1700,88.2500,87.9300,88.1700,77233.07,1770552299999,6801878.417700,8759,32748.50,2884932.562400,0
1770552300000,88.1700,88.2200,87.9100,87.9700,66385.88,1770552599999,5843815.899500,7059,33226.93,2925213.082800,0
1770552600000,87.9700,88.0000,87.7600,87.8100,53952.02,1770552899999,4741072.594400,6647,11930.91,1048388.422300,0
1770552900000,87.8100,87.9900,87.7200,87.7600,49142.76,1770553199999,4316618.128200,6589,22508.85,1977231.868200,0
1770553200000,87.7700,87.8500,87.6300,87.7000,42268.62,1770553499999,3708219.923900,5972,17760.84,1558356.730800,0
1770553500000,87.7100,88.0900,87.7000,88.0800,65627.15,1770553799999,5766024.370900,7272,46241.59,4063386.886400,0
1770553800000,88.0700,88.1100,87.8700,87.8700,43709.13,1770554099999,3846225.000400,6321,20770.63,1827783.319700,0
1770554100000,87.8600,88.3200,87.8100,88.0200,81663.47,1770554399999,7195655.414600,9249,51346.31,4524783.274300,0
1770554400000,88.0200,88.0300,87.6000,87.7100,101312.40,1770554699999,8890763.622900,9248,37430.04,3284627.646500,0
1770554700000,87.7100,88.0700,87.6300,88.0100,64842.93,1770554999999,5698466.219100,7780,37824.64,3324274.669600,0
1770555000000,88.0100,88.0800,87.9000,87.9900,70308.66,1770555299999,6186434.491000,7426,28938.87,2546476.819100,0
1770555300000,87.9900,88.1800,87.9000,88.0700,102013.28,1770555599999,8984083.381900,8821,68215.17,6008369.420100,0
1770555600000,88.0700,88.3200,87.8800,87.9400,130486.91,1770555899999,11497626.086800,12599,66542.24,5864655.928900,0
1770555900000,87.9400,87.9500,87.6700,87.9400,120395.21,1770556199999,10572471.169100,9726,67904.57,5963724.838500,0
1770556200000,87.9300,88.0900,87.8900,87.9300,41453.04,1770556499999,3647274.576100,5266,20842.05,1833666.105500,0
1770556500000,87.9300,88.4400,87.8800,88.4200,71772.84,1770556799999,6333376.106900,7410,45874.68,4048213.268500,0
1770556800000,88.4200,88.7600,88.3100,88.7400,178006.65,1770557099999,15762408.804500,12481,113812.73,10080424.091200,0
1770557100000,88.7300,88.8200,88.1900,88.5700,261854.66,1770557399999,23175249.075300,15729,94163.29,8340062.458600,0
1770557400000,88.5600,88.6300,88.3300,88.3500,79431.18,1770557699999,7025532.841300,8966,34112.39,3017424.638000,0
1770557700000,88.3500,88.5000,88.1300,88.3000,77975.70,1770557999999,6884371.755800,8718,34316.69,3030593.729300,0
1770558000000,88.3000,88.4600,88.1700,88.2100,81869.24,1770558299999,7231534.740600,7854,37943.68,3352074.556500,0
1770558300000,88.2100,88.3800,88.1200,88.1800,71879.05,1770558599999,6341960.611200,7393,27854.19,2458355.224700,0
1770558600000,88.1800,88.3800,88.1700,88.3500,38711.13,1770558899999,3417401.156200,4727,26181.41,2311152.266900,0
1770558900000,88.3600,88.5200,88.2400,88.5000,60117.89,1770559199999,5314128.421000,6071,33176.16,2932812.239600,0
1770559200000,88.5000,88.6700,88.3700,88.5100,81516.00,1770559499999,7216551.548200,9395,34615.98,3064722.439800,0
1770559500000,88.5100,88.6000,88.2800,88.3000,69029.87,1770559799999,6105192.009200,6882,19209.31,1699055.394200,0
1770559800000,88.3000,88.4800,88.2700,88.3000,41736.74,1770560099999,3687058.966300,6387,17679.72,1562025.115100,0
1770560100000,88.3000,88.4200,88.0000,88.0200,84991.86,1770560399999,7494201.637100,8045,29894.07,2636970.804400,0
1770560400000,88.0200,88.1400,87.9400,88.0800,65146.53,1770560699999,5735699.910300,7551,29312.31,2581145.412700,0
1770560700000,88.0700,88.2900,88.0600,88.1900,46201.57,1770560999999,4073789.428500,5807,27865.15,2457155.114200,0
1770561000000,88.2000,88.4600,88.1900,88.4000,46167.89,1770561299999,4077162.108000,5686,30726.86,2713924.512500,0
1770561300000,88.4000,88.4400,88.3000,88.4100,36756.31,1770561599999,3248291.025900,4751,16738.18,1479218.798400,0
1770561600000,88.4000,88.4000,88.1400,88.2300,66472.57,1770561899999,5867004.074300,5742,17977.67,1586363.664200,0
1770561900000,88.2400,88.4000,88.1800,88.2500,28288.42,1770562199999,2497579.268200,5358,15099.94,1333173.482900,0
1770562200000,88.2400,88.4100,88.2200,88.3100,53881.97,1770562499999,4758335.026100,4966,24458.63,2159713.736300,0
1770562500000,88.3100,88.3900,88.1600,88.3700,28624.01,1770562799999,2526700.289700,3876,15909.05,1404432.839300,0
1770562800000,88.3800,88.7100,88.2700,88.4000,102682.85,1770563099999,9090937.566500,10482,68729.51,6085266.569600,0
1770563100000,88.4000,88.6300,88.3700,88.4900,62666.24,1770563399999,5546170.481300,7123,31118.20,2754037.496500,0
1770563400000,88.4800,88.6300,88.3800,88.4900,59210.14,1770563699999,5238712.133500,6267,29858.66,2642065.738300,0
1770563700000,88.5000,88.5200,88.3000,88.4600,79816.84,1770563999999,7056534.749100,7776,33773.29,2986052.916100,0
1770564000000,88.4700,88.6900,88.2700,88.3300,84294.55,1770564299999,7455814.013900,8077,33690.40,2980288.265100,0
1770564300000,88.3400,88.3800,87.2600,87.4800,366995.30,1770564599999,32182875.987500,24802,138807.41,12168528.824300,0
1770564600000,87.4800,87.7500,87.3900,87.7000,141133.63,1770564899999,12362266.476900,12952,80737.78,7073472.071700,0
1770564900000,87.6900,87.8100,87.4600,87.6800,97694.15,1770565199999,8559939.244600,9379,56992.31,4993949.633100,0
1770565200000,87.6900,87.8800,87.6200,87.7400,63955.88,1770565499999,5610364.993100,7223,36743.21,3223429.051900,0
1770565500000,87.7400,87.8100,87.3700,87.3900,78165.61,1770565799999,6848237.910800,7322,27038.96,2369094.282300,0
1770565800000,87.3900,87.6800,87.3400,87.6400,59157.34,1770566099999,5176137.834500,6879,34019.97,2977270.172100,0
1770566100000,87.6400,87.8100,87.6100,87.7100,63269.08,1770566399999,5550237.713400,6138,35003.06,3070898.288500,0
1770566400000,87.7100,87.8200,87.4100,87.8200,82800.95,1770566699999,7254296.097800,9818,46222.72,4050476.725000,0
1770566700000,87.8200,87.8500,87.4100,87.4700,69447.38,1770566999999,6081970.470000,8895,27226.45,2384755.289700,0
1770567000000,87.4600,87.5400,87.3000,87.3100,70132.97,1770567299999,6131089.395200,7914,30610.60,2676477.157900,0
1770567300000,87.3200,87.6200,87.3200,87.5700,36921.94,1770567599999,3229325.246400,5995,19643.04,1718363.950400,0
1770567600000,87.5800,87.7400,87.5100,87.5300,54305.89,1770567899999,4760096.680400,6019,33059.49,2898178.326000,0
1770567900000,87.5400,87.7100,87.4900,87.5200,21880.56,1770568199999,1917109.509400,4147,10347.14,906596.386600,0
1770568200000,87.5300,87.5300,87.3500,87.3600,32606.98,1770568499999,2851503.736000,5021,15104.82,1321034.072100,0
1770568500000,87.3500,87.4200,86.7500,86.8400,246093.01,1770568799999,21416237.203800,18050,82806.89,7207983.160200,0
1770568800000,86.8300,86.8500,86.4300,86.5900,238115.33,1770569099999,20624855.077800,17121,104684.07,9068758.834800,0
1770569100000,86.5900,86.7000,85.9000,85.9900,379737.53,1770569399999,32771949.321100,26825,155755.20,13453373.781400,0
1770569400000,85.9900,86.2400,85.6800,85.9100,274949.71,1770569699999,23613339.374100,26478,128898.78,11073131.699500,0
1770569700000,85.9200,86.2500,85.9200,86.1400,167424.02,1770569999999,14420201.879500,13457,86190.20,7422439.620000,0
1770570000000,86.1300,86.6000,86.0900,86.5500,168523.47,1770570299999,14565309.260300,13902,100741.87,8706709.902300,0
1770570300000,86.5400,86.7800,86.5000,86.7700,104243.25,1770570599999,9030823.506800,9772,60538.72,5245399.989600,0
1770570600000,86.7600,86.7800,86.5900,86.6000,78186.21,1770570899999,6778446.389700,6783,37160.08,3222284.585400,0
1770570900000,86.5900,87.0500,86.5500,86.8100,122199.98,1770571199999,10612179.713700,12152,66318.17,5759734.379400,0
1770571200000,86.8000,86.9000,86.4000,86.4500,93026.44,1770571499999,8058677.719300,8958,38083.25,3299787.557400,0
1770571500000,86.4400,86.6600,86.4200,86.5600,52661.94,1770571799999,4557109.578000,5561,28596.33,2474559.491000,0
1770571800000,86.5700,86.8000,86.5500,86.7900,43243.11,1770572099999,3748299.335100,6364,25193.01,2183858.918600,0
1770572100000,86.7900,87.0000,86.7500,86.8600,78478.49,1770572399999,6819055.563500,6732,36226.58,3147838.824200,0
1770572400000,86.8500,86.9600,86.7400,86.9000,43087.22,1770572699999,3742776.216700,4875,23091.07,2005854.074300,0
1770572700000,86.9000,86.9000,86.7400,86.8000,24882.21,1770572999999,2159957.043000,4062,13015.72,1129800.006000,0
1770573000000,86.8000,87.0000,86.6600,86.7300,50174.22,1770573299999,4357334.584400,5883,21673.06,1882671.870300,0
1770573300000,86.7400,86.9000,86.7300,86.8600,30647.88,1770573599999,2661214.476400,3492,19772.98,1717191.654100,0
1770573600000,86.8500,87.3700,86.8400,87.2600,97450.88,1770573899999,8490791.302700,9072,68544.99,5972726.834600,0
1770573900000,87.2600,87.3300,87.1400,87.2900,58777.82,1770574199999,5128866.338100,6589,31426.38,2742342.434300,0
1770574200000,87.2900,87.3400,87.2000,87.2300,55797.41,1770574499999,4869392.592000,5119,25437.39,2220181.413800,0
1770574500000,87.2200,87.5200,87.1500,87.2700,74607.40,1770574799999,6517513.887500,7404,34924.52,3051703.142000,0
1770574800000,87.2800,87.3800,87.1300,87.2500,31961.94,1770575099999,2788285.056200,4921,14789.68,1290352.736800,0
1770575100000,87.2500,87.4500,87.2100,87.3600,47940.01,1770575399999,4188178.760300,4598,28603.31,2498679.197300,0
1770575400000,87.3600,88.1400,87.3600,88.1000,272227.51,1770575699999,23914157.415700,19196,175688.97,15431469.501100,0
1770575700000,88.1000,88.5700,88.0000,88.1800,249859.28,1770575999999,22067688.427400,17813,132299.17,11685337.584100,0
1770576000000,88.1800,88.2700,88.0100,88.1500,57155.36,1770576299999,5038241.262800,6484,29926.31,2638603.651900,0
1770576300000,88.1600,88.3700,88.0700,88.0900,74684.78,1770576599999,6587001.178800,7480,27019.10,2384084.271000,0
1770576600000,88.0900,88.1300,87.8200,87.8800,127980.74,1770576899999,11258479.346100,9999,56469.25,4966802.278200,0
1770576900000,87.8800,87.9400,87.7500,87.7500,31280.52,1770577199999,2748339.378900,4395,15588.03,1369773.270100,0
1770577200000,87.7500,88.0300,87.7300,87.7700,46063.45,1770577499999,4048099.053200,6719,28681.08,2520928.462000,0
1770577500000,87.7700,87.9800,87.7600,87.9600,18695.67,1770577799999,1642668.954600,4828,9546.83,838928.076700,0
1770577800000,87.9500,88.1000,87.7600,87.9500,28868.46,1770578099999,2537324.535100,5627,13660.20,1200835.542500,0
1770578100000,87.9500,88.1600,87.9400,87.9600,35753.01,1770578399999,3147498.142000,5448,20189.50,1777501.002000,0
1770578400000,87.9500,88.1800,87.9400,88.0800,32222.15,1770578699999,2838056.473100,4902,17584.04,1548613.476400,0
1770578700000,88.0800,88.0900,87.8700,87.8800,37751.84,1770578999999,3321610.087300,4037,14584.73,1283344.771700,0
1770579000000,87.8800,88.0900,87.8800,87.9800,39304.83,1770579299999,3458249.608500,4977,14829.42,1304641.994300,0
1770579300000,87.9700,88.2700,87.9700,88.1600,36740.29,1770579599999,3238330.490800,4919,21227.31,1871192.888900,0
1770579600000,88.1600,88.2800,88.0500,88.1800,38338.68,1770579899999,3380092.647300,4331,18911.53,1667314.064800,0
1770579900000,88.1900,88.2300,87.9800,88.1500,25885.63,1770580199999,2280773.098300,3965,10079.73,888230.882800,0
1770580200000,88.1400,88.5400,88.1300,88.3800,235742.23,1770580499999,20838256.872600,12259,131571.41,11628739.016900,0
1770580500000,88.3900,88.4900,88.2600,88.3400,73119.64,1770580799999,6462272.438000,5446,32680.71,2888289.895500,0
1770580800000,88.3400,88.3500,87.4000,87.4900,210930.12,1770581099999,18505142.135600,16671,91057.08,7988862.012300,0
1770581100000,87.4800,87.6300,87.4000,87.5000,78842.44,1770581399999,6899202.044100,7896,53456.04,4677895.911800,0
1770581400000,87.5000,87.5800,87.4700,87.5600,28369.47,1770581699999,2483319.673700,4463,15324.00,1341445.888600,0
1770581700000,87.5600,87.7700,87.4900,87.7200,52573.81,1770581999999,4608559.853100,6232,33473.61,2934034.809200,0
1770582000000,87.7200,87.7400,87.2800,87.4000,87187.27,1770582299999,7621654.239400,6940,34625.53,3026163.690800,0
1770582300000,87.4000,87.4300,87.1600,87.3300,87819.35,1770582599999,7665700.921800,6777,43897.75,3831978.386400,0
1770582600000,87.3200,87.4700,87.2500,87.4100,34642.85,1770582899999,3026341.734200,4603,21522.79,1880232.718500,0
1770582900000,87.4100,87.5100,87.4000,87.4000,31516.28,1770583199999,2756130.300800,3638,22302.46,1950393.418300,0
1770583200000,87.4000,87.5400,87.3400,87.3500,47289.75,1770583499999,4135331.601000,4290,26884.23,2350918.974400,0
1770583500000,87.3600,87.4500,86.9500,87.0100,102924.99,1770583799999,8969417.099800,8805,33141.62,2890058.887100,0
1770583800000,87.0000,87.0900,86.6900,86.7400,106578.25,1770584099999,9259878.453100,7794,37944.61,3296318.618900,0
1770584100000,86.7400,86.8500,86.7000,86.8400,51702.38,1770584399999,4486754.806700,4416,27024.60,2345247.066900,0
1770584400000,86.8500,87.0600,86.6900,87.0100,70672.04,1770584699999,6141358.573000,7106,29847.47,2593976.564100,0
1770584700000,87.0100,87.0800,86.9400,87.0500,27817.46,1770584999999,2420397.824800,4428,17135.52,1491014.579600,0
1770585000000,87.0400,87.2100,86.9400,87.1100,57496.37,1770585299999,5006953.592400,5556,36453.96,3174894.440200,0
1770585300000,87.1200,87.2500,87.0800,87.1900,31054.86,1770585599999,2707298.283200,3723,17261.12,1504750.541200,0
1770585600000,87.1800,87.2900,87.0500,87.2300,54196.19,1770585899999,4725823.555300,5403,31061.00,2708538.358000,0
1770585900000,87.2300,87.2800,87.0500,87.0600,34606.50,1770586199999,3016448.449200,3845,10895.40,949860.121600,0
1770586200000,87.0600,87.1200,86.7000,86.7800,95120.39,1770586499999,8260028.046500,7050,36468.48,3166292.439100,0
1770586500000,86.7700,86.7700,86.1900,86.3200,197612.11,1770586799999,17075570.505400,13533,82552.92,7132054.001200,0
1770586800000,86.3200,86.4500,86.2800,86.3400,47429.21,1770587099999,4096604.898200,5368,25003.93,2159789.964900,0
1770587100000,86.3300,86.6200,86.3300,86.4500,38429.07,1770587399999,3323893.637300,5368,22907.60,1981317.983500,0
1770587400000,86.4500,86.4700,86.1700,86.4100,47194.11,1770587699999,4073089.831600,6097,20383.27,1759480.854700,0
1770587700000,86.4100,86.6300,86.3900,86.5400,36021.08,1770587999999,3115166.881300,4269,25648.82,2218025.959300,0
1770588000000,86.5500,86.7500,86.5200,86.7300,35043.27,1770588299999,3035366.179300,5125,19108.50,1655255.202400,0
1770588300000,86.7300,86.8700,86.6700,86.7000,43871.45,1770588599999,3807579.696700,5206,19597.91,1701002.455300,0
1770588600000,86.6900,86.8400,86.5900,86.8300,48473.09,1770588899999,4202555.736400,5318,25808.52,2237566.618400,0
1770588900000,86.8200,87.0200,86.7400,86.9400,51043.35,1770589199999,4436137.216100,5338,30907.14,2686414.715600,0
1770589200000,86.9400,87.0600,86.8200,86.9800,34615.71,1770589499999,3009433.480800,4470,18280.34,1589544.766800,0
1770589500000,86.9800,87.0000,86.6500,86.6800,30456.93,1770589799999,2643147.362900,3744,10778.29,935116.770500,0
1770589800000,86.6800,86.7500,86.5900,86.7400,24173.00,1770590099999,2094732.000600,3196,13261.40,1149324.668100,0
1770590100000,86.7400,86.8700,86.3700,86.6300,47273.10,1770590399999,4093293.011200,5985,18415.88,1594413.970700,0
1770590400000,86.6400,86.9700,86.5600,86.8200,38553.14,1770590699999,3344901.219400,5662,21736.87,1885821.984900,0
1770590700000,86.8300,87.0000,86.8000,86.9600,18736.58,1770590999999,1628509.996500,3410,11768.27,1022791.533500,0
1770591000000,86.9600,87.0200,86.8200,86.8700,16099.74,1770591299999,1399530.713000,3379,8859.18,770233.084700,0
1770591300000,86.8700,87.2000,86.8300,87.0700,52357.39,1770591599999,4558993.572600,6607,36357.08,3165769.563500,0
1770591600000,87.0700,88.0200,87.0400,87.9300,191828.04,1770591899999,16815978.208800,16611,103731.05,9091469.471000,0
1770591900000,87.9400,89.0900,87.8500,88.5200,688323.26,1770592199999,60971023.967900,50369,409717.01,36299147.398600,0
1770592200000,88.5200,88.5300,87.4700,87.9200,266396.98,1770592499999,23412603.996600,28000,107742.85,9465841.646300,0
1770592500000,87.9100,88.1500,87.4600,87.6100,169669.45,1770592799999,14902292.793000,20650,68124.24,5984865.009100,0
1770592800000,87.6100,87.8100,86.4200,86.4600,417986.44,1770593099999,36364813.127700,30115,172628.21,15016343.959400,0
1770593100000,86.4600,87.0300,86.4400,86.5800,197308.73,1770593399999,17117806.128400,16749,118005.10,10238876.667600,0
1770593400000,86.5800,86.8300,86.2300,86.2900,232009.29,1770593699999,20074756.757400,20811,106612.08,9226735.250300,0
1770593700000,86.2900,86.5800,86.0000,86.3700,194735.38,1770593999999,16799360.304900,22079,91921.69,7931981.411600,0
1770594000000,86.3700,86.7800,86.2500,86.7500,135612.24,1770594299999,11736088.506900,13910,83370.49,7214635.381700,0
1770594300000,86.7600,87.2900,86.6800,87.2800,137088.93,1770594599999,11921690.293500,14895,79781.95,6939169.608700,0
1770594600000,87.2800,87.5200,87.1400,87.2100,131185.40,1770594899999,11455527.505000,12442,65232.28,5697319.727700,0
1770594900000,87.2100,87.2200,86.8200,86.9200,75459.69,1770595199999,6564164.238000,8362,24685.18,2147361.241400,0
1770595200000,86.9100,87.1300,86.4600,86.7700,173649.38,1770595499999,15066105.434900,15989,85130.90,7386439.430100,0
1770595500000,86.7800,87.0100,86.6100,86.9500,86018.53,1770595799999,7467772.138800,11585,50520.48,4386125.431300,0
1770595800000,86.9400,87.0500,86.7100,87.0400,56463.59,1770596099999,4907811.085000,9221,33577.68,2919265.036000,0
1770596100000,87.0500,87.1300,86.6100,86.8800,57404.29,1770596399999,4986455.724600,9517,25472.65,2212289.454500,0
1770596400000,86.8800,87.2900,86.8700,87.2500,58786.98,1770596699999,5119453.319600,8263,31082.31,2707004.347300,0
1770596700000,87.2500,87.4000,86.7600,86.8700,117688.87,1770596999999,10256075.284700,10878,68483.26,5969589.623900,0
1770597000000,86.8600,87.0200,86.5600,86.9500,51129.86,1770597299999,4439824.862200,9474,26178.44,2273717.992200,0
1770597300000,86.9400,86.9700,86.5600,86.7500,54061.32,1770597599999,4687218.811000,7956,32904.88,2852639.117300,0
1770597600000,86.7600,86.8100,86.3000,86.5600,100935.39,1770597899999,8728294.163300,11411,36609.92,3166504.567500,0
1770597900000,86.5500,86.9400,86.3400,86.9200,60238.58,1770598199999,5219328.384000,9369,34802.84,3016778.242100,0
1770598200000,86.9100,87.0900,86.8100,86.9200,46548.88,1770598499999,4047009.411200,7243,28195.28,2451390.404900,0
1770598500000,86.9200,87.0900,86.8300,87.0100,37330.14,1770598799999,3246773.724000,5719,17279.43,1502914.441600,0
1770598800000,87.0000,87.2600,86.8700,87.0000,60936.29,1770599099999,5305481.318900,10065,28117.36,2448382.986300,0
1770599100000,86.9900,86.9900,86.5900,86.9200,67825.63,1770599399999,5885165.695200,9398,32461.11,2816618.137100,0
1770599400000,86.9300,86.9300,86.7100,86.7900,24712.77,1770599699999,2145882.238500,4848,11150.91,968205.605200,0
1770599700000,86.7900,87.2100,86.6100,87.1900,55102.91,1770599999999,4792540.715200,8799,28786.05,2503443.003700,0
1770600000000,87.1900,87.9300,87.1300,87.7800,238513.80,1770600299999,20894110.763100,18198,130744.34,11452836.209600,0
1770600300000,87.7800,87.8700,87.3400,87.3800,62664.09,1770600599999,5491955.374700,10121,28027.54,2457085.124700,0
1770600600000,87.3800,87.4300,87.1200,87.1600,79481.36,1770600899999,6937083.544300,9780,37069.83,3235774.983400,0
1770600900000,87.1500,87.1700,86.5400,86.5800,146770.84,1770601199999,12733333.915000,12927,61495.40,5333798.290200,0
1770601200000,86.5800,86.6200,85.6600,86.1900,448254.14,1770601499999,38559100.738100,25400,174115.25,14978202.942700,0
1770601500000,86.1900,86.4000,85.8700,85.8700,140814.24,1770601799999,12130923.089500,15541,65334.29,5629083.812300,0
1770601800000,85.8800,86.5300,85.8300,86.3600,187151.75,1770602099999,16138758.620800,16677,109180.79,9416312.877200,0
1770602100000,86.3600,86.4300,86.1600,86.3500,48950.03,1770602399999,4225594.801500,6627,23430.68,2023066.485500,0
1770602400000,86.3500,86.5000,86.1300,86.4900,79741.79,1770602699999,6882843.236700,9344,47902.65,4135731.047500,0
1770602700000,86.4900,86.8100,86.2300,86.5500,121954.69,1770602999999,10553430.737200,11663,60566.00,5241490.861500,0
1770603000000,86.5500,86.7200,86.4300,86.4700,41304.98,1770603299999,3575268.301500,6339,17351.80,1502032.143000,0
1770603300000,86.4700,86.6000,86.3900,86.4400,30833.44,1770603599999,2667086.834800,5097,16129.91,1395444.886000,0
1770603600000,86.4500,86.6300,86.3700,86.5000,32024.27,1770603899999,2770046.542000,5729,12675.67,1096447.636400,0
1770603900000,86.5000,86.6400,86.3900,86.6000,27359.91,1770604199999,2367321.253700,4424,13062.66,1130283.493700,0
1770604200000,86.6100,86.8000,86.5000,86.6000,40243.93,1770604499999,3487984.470800,5770,22732.24,1970395.668900,0
1770604500000,86.5900,86.9400,86.5900,86.8800,46587.56,1770604799999,4044183.348800,6243,25771.54,2237189.963100,0
1770604800000,86.8700,87.8400,86.8100,87.5200,486370.93,1770605099999,42589026.369800,23644,252587.76,22109448.527500,0
1770605100000,87.5100,87.5700,87.2900,87.4000,98280.01,1770605399999,8590206.104800,8733,47443.80,4146700.085800,0
1770605400000,87.4000,87.4000,86.9800,87.0400,63879.68,1770605699999,5569635.425700,7556,25387.71,2213430.155700,0
1770605700000,87.0400,87.1200,86.9100,86.9600,42866.08,1770605999999,3730042.556600,5182,27347.45,2379597.157000,0
1770606000000,86.9600,87.1700,86.9100,87.1100,67738.10,1770606299999,5895594.574800,7457,41839.92,3641609.684400,0
1770606300000,87.1000,87.2400,86.9300,86.9600,57594.41,1770606599999,5015766.772100,7033,24406.99,2126275.531400,0
1770606600000,86.9600,87.0300,86.7800,86.8700,56881.81,1770606899999,4941337.765300,5722,21060.80,1829400.469100,0
1770606900000,86.8800,87.2600,86.8600,87.0800,79292.73,1770607199999,6904931.865300,8547,42623.90,3711741.094600,0
1770607200000,87.0700,87.1700,86.8600,86.9200,55339.58,1770607499999,4813975.666200,5751,25031.11,2177361.817400,0
1770607500000,86.9200,87.0900,86.9100,87.0800,37870.62,1770607799999,3295365.321200,3500,22179.74,1929985.221500,0
1770607800000,87.0800,87.5600,87.0800,87.4200,116388.04,1770608099999,10167180.640700,10241,68395.97,5974701.938000,0
1770608100000,87.4100,87.5500,87.2900,87.5300,82704.46,1770608399999,7227925.907100,7812,30604.09,2675100.141800,0
1770608400000,87.5400,87.8500,87.4400,87.6000,134435.26,1770608699999,11780526.290500,11546,69782.70,6116019.423200,0
1770608700000,87.6000,87.7000,87.4700,87.5600,73939.69,1770608999999,6476443.622200,7904,37539.53,3288176.431600,0
1770609000000,87.5500,87.8400,87.4000,87.7400,50657.96,1770609299999,4438978.920300,7485,27213.03,2384984.378500,0
1770609300000,87.7300,87.8600,87.4400,87.6200,60960.23,1770609599999,5342996.566400,7427,32658.65,2862444.336500,0
1770609600000,87.6100,87.6700,87.3500,87.3600,49115.80,1770609899999,4298148.040500,7184,26064.38,2281321.017800,0
1770609900000,87.3700,87.4600,87.2900,87.3500,40845.53,1770610199999,3568903.085200,6270,19351.00,1690810.858700,0
1770610200000,87.3500,87.3800,87.1600,87.2000,40533.74,1770610499999,3536883.279500,5876,16589.16,1447712.692000,0
1770610500000,87.2100,87.4600,87.1600,87.4400,69303.61,1770610799999,6048436.765400,5593,48040.32,4192936.456700,0
1770610800000,87.4300,87.5800,87.3400,87.5000,57206.98,1770611099999,5003987.123800,5981,37429.25,3274347.795100,0
1770611100000,87.5000,87.5600,87.4300,87.5100,32039.24,1770611399999,2803407.731900,3898,20743.17,1815161.367500,0
1770611400000,87.5100,87.5100,87.2000,87.2000,63584.16,1770611699999,5554311.388800,5611,27028.17,2359775.573400,0
1770611700000,87.2100,87.2600,86.9000,86.9800,86690.28,1770611999999,7544244.830900,6803,30524.68,2657605.470700,0
1770612000000,86.9900,87.0900,86.9100,87.0600,41082.40,1770612299999,3574136.182900,4459,24806.13,2157959.696700,0
1770612300000,87.0600,87.1500,86.9800,87.0600,33682.09,1770612599999,2932510.856600,3922,15948.50,1388719.552900,0
1770612600000,87.0600,87.0800,86.9100,86.9100,30980.18,1770612899999,2694412.699300,3615,13281.58,1155139.507200,0
1770612900000,86.9100,87.1700,86.9100,87.0600,21568.06,1770613199999,1877780.467700,3200,13799.96,1201313.870600,0
1770613200000,87.0500,87.0600,86.8200,86.9800,60814.97,1770613499999,5285991.128200,6364,24473.83,2127355.009000,0
1770613500000,86.9800,87.1800,86.9500,87.0600,68703.03,1770613799999,5983273.852400,6437,39011.36,3397338.007000,0
1770613800000,87.0600,87.1300,86.8700,86.8800,48896.17,1770614099999,4255869.865700,4136,30717.18,2674046.155300,0
1770614100000,86.8900,87.0600,86.8400,86.8600,32519.55,1770614399999,2827057.092300,3984,10996.95,956154.041500,0
1770614400000,86.8700,87.0600,86.8500,87.0000,25154.86,1770614699999,2187839.192700,3306,11459.73,996724.762900,0
1770614700000,86.9900,87.1200,86.9700,87.0400,44196.12,1770614999999,3845983.857600,4265,24682.32,2148033.668400,0
1770615000000,87.0500,87.2400,87.0100,87.2100,36302.35,1770615299999,3162422.226500,4865,18654.65,1625268.992800,0
1770615300000,87.2100,87.4100,87.1500,87.1600,50591.01,1770615599999,4415789.778300,5386,21540.44,1880386.536500,0
1770615600000,87.1700,87.2000,87.0900,87.1300,25622.36,1770615899999,2232725.593600,3291,13881.27,1209574.633600,0
1770615900000,87.1300,87.1300,86.9600,87.0700,27439.76,1770616199999,2388106.774400,3530,10304.28,896646.399800,0
1770616200000,87.0700,87.3300,87.0600,87.2300,33198.79,1770616499999,2894971.945300,3652,17668.67,1540644.160900,0
1770616500000,87.2300,87.2500,87.1100,87.1900,30491.58,1770616799999,2657880.703000,3093,14030.27,1223031.316600,0
1770616800000,87.2000,87.2000,86.5700,86.6500,171470.42,1770617099999,14879764.309600,13273,70926.84,6154918.116600,0
1770617100000,86.6600,86.7100,86.4500,86.5800,106132.34,1770617399999,9187979.390000,7863,61096.44,5289925.053200,0
1770617400000,86.5700,86.7100,86.4800,86.6000,45825.57,1770617699999,3968197.129100,4888,27901.20,2416261.587000,0
1770617700000,86.6000,86.6000,86.0300,86.0900,222567.67,1770617999999,19199386.054000,13470,68181.95,5882341.154000,0
1770618000000,86.0900,86.1700,85.8800,86.0100,154734.25,1770618299999,13312546.998100,11116,73253.50,6303517.193500,0
1770618300000,86.0100,86.1300,85.9100,86.0300,85890.48,1770618599999,7388763.613100,7428,46421.14,3993701.121400,0
1770618600000,86.0200,86.1900,85.9700,86.1300,67146.18,1770618899999,5782469.483200,7242,44023.75,3791424.913600,0
1770618900000,86.1400,86.3700,86.1000,86.2900,42989.88,1770619199999,3706823.777600,5086,22085.14,1904137.607700,0
1770619200000,86.2800,86.3800,86.1800,86.3000,35165.88,1770619499999,3034140.375800,4420,21359.57,1843182.656700,0
1770619500000,86.3100,86.3600,86.2300,86.2900,25238.92,1770619799999,2178205.653400,4021,12476.40,1076773.646600,0
1770619800000,86.3000,86.4200,86.2300,86.3900,29789.57,1770620099999,2571854.428500,4173,14681.36,1267442.386800,0
1770620100000,86.3900,86.4900,86.3400,86.3700,46784.28,1770620399999,4042655.810300,5042,19045.18,1645914.230000,0
1770620400000,86.3700,86.3700,86.0000,86.0800,84307.29,1770620699999,7262320.365400,8311,34531.31,2974058.587400,0
1770620700000,86.0800,86.3600,85.9500,86.2900,73888.27,1770620999999,6365664.515800,7749,42411.44,3654404.250500,0
1770621000000,86.3000,86.5100,86.3000,86.3900,63004.79,1770621299999,5444299.922200,6367,36199.13,3128066.720700,0
1770621300000,86.4000,86.4800,86.2300,86.4500,30525.49,1770621599999,2635895.733600,5024,14138.35,1220977.196300,0
1770621600000,86.4400,86.5000,86.2600,86.4000,39403.54,1770621899999,3403606.699200,5331,20261.30,1750281.642600,0
1770621900000,86.3900,86.4000,86.2700,86.3000,23819.08,1770622199999,2056385.952800,3916,13751.11,1187210.118200,0
1770622200000,86.3000,86.3800,86.0600,86.1900,56607.32,1770622499999,4880470.009000,6456,27672.34,2385997.897800,0
1770622500000,86.1900,86.2500,85.5000,85.7500,373195.71,1770622799999,32014219.091400,14575,137301.81,11777835.988900,0
1770622800000,85.7500,85.8000,85.2700,85.3700,282722.22,1770623099999,24175221.856700,18939,106166.70,9077928.511800,0
1770623100000,85.3600,85.4300,85.1200,85.3100,145130.43,1770623399999,12379526.892600,12095,62602.49,5341374.770200,0
1770623400000,85.3100,85.5100,85.2800,85.4600,63712.97,1770623699999,5443308.072400,7624,43020.76,3675751.796000,0
1770623700000,85.4700,85.5300,85.4100,85.4300,37413.73,1770623999999,3197821.863400,4880,20270.88,1732687.935200,0
1770624000000,85.4300,85.5500,85.2600,85.4000,95668.61,1770624299999,8170269.181200,8859,49734.45,4247676.987300,0
1770624300000,85.4000,85.5300,85.2200,85.4000,102091.43,1770624599999,8716238.316400,8723,48817.26,4168740.859200,0
1770624600000,85.4000,85.5700,85.2800,85.3700,86160.74,1770624899999,7358773.402300,7254,43814.77,3742720.931100,0
1770624900000,85.3800,85.4200,84.8100,84.8900,264609.53,1770625199999,22490275.749100,17254,90652.33,7705612.796000,0
1770625200000,84.8900,85.0100,84.7100,84.9200,174048.88,1770625499999,14773548.658900,14177,90620.13,7692204.784500,0
1770625500000,84.9300,84.9300,84.6100,84.6800,104575.52,1770625799999,8863077.478800,9778,38771.74,3286750.074500,0
1770625800000,84.6800,84.7000,83.7600,84.1100,536497.37,1770626099999,45143395.970100,35891,204632.63,17217080.633600,0
1770626100000,84.1200,84.4800,84.1100,84.4800,172838.98,1770626399999,14573032.255700,15429,94436.97,7962563.002100,0
1770626400000,84.4800,84.6000,84.3500,84.4900,118388.15,1770626699999,10001421.524800,10105,73855.53,6239995.946300,0
1770626700000,84.4900,84.6600,84.4000,84.5000,107349.47,1770626999999,9076154.795400,10316,52192.72,4413282.199500,0
1770627000000,84.5000,84.5900,84.3000,84.5000,93174.42,1770627299999,7866626.870800,8013,45988.89,3883249.514700,0
1770627300000,84.5000,84.7300,84.4700,84.5000,80886.89,1770627599999,6843083.482300,7541,38882.76,3290324.761700,0
1770627600000,84.5000,84.7400,84.4900,84.5900,106579.64,1770627899999,9020373.131700,9897,64174.86,5431178.263400,0
1770627900000,84.6000,84.8600,84.6000,84.7000,85166.84,1770628199999,7217236.736500,9060,48797.06,4135570.734000,0
1770628200000,84.7100,84.7500,84.4900,84.4900,53304.52,1770628499999,4511167.047200,6188,17839.89,1510240.882100,0
1770628500000,84.4900,84.5700,84.2500,84.3600,95980.14,1770628799999,8101732.793200,8682,42332.07,3573761.006000,0
1770628800000,84.3600,84.5100,84.2700,84.3500,65298.51,1770629099999,5508523.119900,6475,33636.48,2837568.291400,0
1770629100000,84.3500,84.6300,84.3500,84.5200,67776.29,1770629399999,5728815.684100,6170,42309.44,3575575.926100,0
1770629400000,84.5100,84.5900,84.2600,84.4200,33969.69,1770629699999,2868421.822400,5256,18637.01,1573885.038400,0
1770629700000,84.4300,84.4800,84.0500,84.0700,93396.32,1770629999999,7864559.242900,8471,29787.44,2509480.550900,0
1770630000000,84.0600,84.1100,83.9700,84.0600,132249.45,1770630299999,11113910.066900,8651,55448.49,4659976.695600,0
1770630300000,84.0500,84.1800,83.9700,84.0800,77627.81,1770630599999,6527572.051000,7010,42002.07,3532254.867200,0
1770630600000,84.0900,84.0900,83.8800,84.0800,97556.50,1770630899999,8193254.492000,7736,55731.91,4680800.913600,0
1770630900000,84.0800,84.2700,83.9700,84.2700,100222.72,1770631199999,8432806.864200,7845,54567.28,4592330.926400,0
1770631200000,84.2700,84.3200,84.0300,84.0500,117218.99,1770631499999,9869962.766400,9803,39285.40,3307939.924400,0
1770631500000,84.0500,84.3000,83.9800,84.2900,76336.36,1770631799999,6421839.669700,7911,41069.51,3455798.879500,0
1770631800000,84.2900,84.4300,84.0800,84.0900,72333.30,1770632099999,6099334.576700,7285,36243.17,3056387.206200,0
1770632100000,84.0800,84.1400,83.6200,83.7500,220862.62,1770632399999,18500560.646300,16322,90024.82,7541862.304700,0
1770632400000,83.7500,83.8700,83.6400,83.7100,110940.27,1770632699999,9291290.623600,10003,51271.98,4294275.424000,0
1770632700000,83.7100,83.8000,83.5200,83.6800,147037.31,1770632999999,12301359.862700,11310,72567.29,6071937.481300,0
1770633000000,83.6900,83.7400,83.1100,83.2300,396619.75,1770633299999,33084091.440100,20227,156973.26,13088382.689300,0
1770633300000,83.2300,83.4000,82.9800,83.1600,249389.84,1770633599999,20753142.446900,17346,114065.25,9493125.528300,0
1770633600000,83.1500,83.3000,82.8500,82.9900,247255.24,1770633899999,20515827.892300,18193,115405.22,9576660.469100,0
1770633900000,82.9900,83.2400,82.8200,82.9300,145716.66,1770634199999,12099505.571100,12613,84087.97,6984810.985600,0
1770634200000,82.9400,83.3200,82.9300,83.2400,112525.65,1770634499999,9361664.693100,10442,70912.11,5899574.057500,0
1770634500000,83.2300,83.3100,83.1600,83.2000,64902.11,1770634799999,5402018.909400,6041,30147.44,2509487.261800,0
1770634800000,83.1900,83.6800,83.1900,83.5300,180675.94,1770635099999,15082727.262400,15023,104108.12,8690853.204400,0
1770635100000,83.5300,83.6000,83.3900,83.4900,70407.27,1770635399999,5878685.956500,7406,35771.13,2986855.559900,0
1770635400000,83.5000,83.5000,83.2400,83.2600,81384.88,1770635699999,6783006.997600,6635,31600.39,2633676.253400,0
1770635700000,83.2600,83.4800,83.1800,83.1900,71928.22,1770635999999,5994123.654000,7180,41912.73,3493395.301500,0
1770636000000,83.2000,83.4900,83.1800,83.4000,49178.40,1770636299999,4099667.941100,5641,28828.58,2403025.931400,0
1770636300000,83.4000,83.5800,83.3800,83.4300,60693.10,1770636599999,5068473.711500,5140,37257.91,3111178.527900,0
1770636600000,83.4400,83.6300,83.3000,83.4100,67757.49,1770636899999,5655404.922800,7338,34407.48,2872387.726000,0
1770636900000,83.4100,83.5300,83.3700,83.5100,39222.62,1770637199999,3273092.396100,4909,21784.93,1818132.019800,0
1770637200000,83.5100,83.6300,83.3600,83.3900,60273.83,1770637499999,5035312.739600,5954,25030.89,2091425.458600,0
1770637500000,83.3900,83.5100,83.2600,83.3300,59697.83,1770637799999,4977522.287000,6194,28061.85,2340009.677200,0
1770637800000,83.3300,83.4400,83.2100,83.3900,57591.63,1770638099999,4798709.542100,6257,29696.40,2474466.926300,0
1770638100000,83.3800,83.4400,83.3100,83.4300,28114.57,1770638399999,2343777.199500,3120,13091.64,1091501.122300,0
1770638400000,83.4400,83.7400,83.3900,83.7100,88281.79,1770638699999,7377388.835200,8575,56835.03,4750093.085300,0
1770638700000,83.7000,83.8600,83.6000,83.8400,137791.32,1770638999999,11537792.110400,11112,75413.70,6315912.581400,0
1770639000000,83.8300,83.9700,83.7300,83.8500,120200.34,1770639299999,10081755.246700,9748,72556.96,6085618.754000,0
1770639300000,83.8600,83.8600,83.6900,83.8000,57734.54,1770639599999,4836978.277500,5708,28501.74,2388038.098800,0
1770639600000,83.8000,83.8100,83.7100,83.7700,28046.57,1770639899999,2349332.981200,3578,13702.77,1147859.548800,0
1770639900000,83.7600,83.8000,83.6900,83.7700,26506.19,1770640199999,2219306.916700,3127,12584.11,1053667.364500,0
1770640200000,83.7700,83.9400,83.7100,83.8400,43576.12,1770640499999,3652682.572700,5005,25328.28,2123210.457400,0
1770640500000,83.8400,84.1600,83.8300,84.1000,80499.28,1770640799999,6764047.423700,8014,53521.74,4497303.386800,0
1770640800000,84.0900,84.3300,84.0900,84.2600,102505.85,1770641099999,8636341.398400,8503,62811.43,5291313.398900,0
1770641100000,84.2600,84.3000,84.1100,84.1100,72510.40,1770641399999,6107357.108000,5703,39173.23,3299894.102800,0
1770641400000,84.1200,84.1300,83.9500,83.9900,64951.11,1770641699999,5458286.701900,5738,26953.24,2265231.763000,0
1770641700000,83.9800,84.0400,83.8500,84.0100,57728.08,1770641999999,4846504.477400,5006,27437.76,2303745.940200,0
1770642000000,84.0000,84.0700,83.8600,83.9300,61619.47,1770642299999,5174720.489900,6083,33166.49,2785362.637700,0
1770642300000,83.9300,84.2800,83.8500,84.2200,60896.02,1770642599999,5118649.542200,6696,37300.87,3136140.408000,0
1770642600000,84.2200,84.5800,84.1800,84.4100,135618.37,1770642899999,11451419.801100,11526,89610.52,7566821.248200,0
1770642900000,84.4200,84.4200,84.1600,84.3700,55981.69,1770643199999,4719534.334200,5979,20585.88,1735240.290600,0
1770643200000,84.3700,84.5400,84.2900,84.4900,58155.41,1770643499999,4908882.005600,5560,31258.27,2639045.365300,0
1770643500000,84.4800,84.4900,84.3300,84.4200,44027.65,1770643799999,3716246.789800,4415,22552.20,1903541.320700,0
1770643800000,84.4100,84.4100,84.0500,84.0900,62306.77,1770644099999,5245971.435800,6287,22553.49,1899031.659400,0
1770644100000,84.0800,84.2500,84.0100,84.2400,52484.26,1770644399999,4414143.407400,5238,28097.55,2363417.247800,0
1770644400000,84.2400,84.2600,84.0100,84.0900,59165.67,1770644699999,4977197.998700,5346,29653.47,2494538.774100,0
1770644700000,84.1000,84.2000,83.9400,83.9800,46391.46,1770644999999,3899677.759700,5676,21312.90,1791971.604700,0
1770645000000,83.9800,84.0700,83.7700,83.8300,146072.14,1770645299999,12255404.351500,9868,54410.92,4565210.996600,0
1770645300000,83.8200,83.8800,83.6900,83.7300,116621.55,1770645599999,9769906.900700,8717,52609.00,4407895.521100,0
1770645600000,83.7200,84.0500,83.7100,83.7700,123307.29,1770645899999,10340852.946200,9888,60759.81,5096313.113900,0
1770645900000,83.7700,83.8800,83.5100,83.7400,187396.44,1770646199999,15673703.249300,13498,80014.40,6693354.809700,0
1770646200000,83.7500,83.8600,83.5600,83.8000,106753.09,1770646499999,8936999.616500,9893,54668.90,4577100.441900,0
1770646500000,83.8000,83.9400,83.5600,83.7500,112515.36,1770646799999,9422423.616500,10272,61755.08,5171671.247500,0
1770646800000,83.7500,83.9600,83.7000,83.8500,84732.70,1770647099999,7103332.264200,8774,48177.19,4038982.992900,0
1770647100000,83.8600,84.1400,83.8300,83.8800,136936.91,1770647399999,11500316.786000,11502,77239.07,6486890.497700,0
1770647400000,83.8700,83.9800,83.5500,83.7800,241110.49,1770647699999,20189274.298400,25108,134003.53,11219834.869100,0
1770647700000,83.7800,84.7400,83.5500,84.6700,428028.07,1770647999999,36022055.010100,36341,262460.61,22093131.000500,0
1770648000000,84.6700,85.2100,84.5500,84.5500,404175.16,1770648299999,34314570.684500,32312,224606.25,19074585.535800,0
1770648300000,84.5600,84.9500,84.4800,84.9000,214639.44,1770648599999,18176669.615500,22185,117612.02,9959810.322500,0
1770648600000,84.9000,85.0700,84.6900,84.9700,209372.82,1770648899999,17776352.232000,23371,85384.93,7250281.880300,0
1770648900000,84.9800,85.1000,84.7000,84.9000,143046.32,1770649199999,12142545.793800,14614,61145.20,5190263.095800,0
1770649200000,84.9100,85.6500,84.8900,85.6400,329119.48,1770649499999,28078415.319900,26619,186660.53,15929297.498600,0
1770649500000,85.6400,85.7700,85.2400,85.3400,205633.35,1770649799999,17597680.135900,21125,102133.88,8742737.558200,0
1770649800000,85.3500,85.3700,84.9100,85.0500,124082.72,1770650099999,10558622.405400,12439,52801.27,4492851.729300,0
1770650100000,85.0500,85.3200,84.6600,84.7400,167029.31,1770650399999,14181902.002300,14249,67230.86,5712398.506400,0
1770650400000,84.7500,84.7500,84.3900,84.4700,164223.51,1770650699999,13882438.397100,13404,77800.19,6577842.524700,0
1770650700000,84.4700,84.6100,84.2700,84.4100,136118.81,1770650999999,11490304.652500,12133,62730.01,5296545.769100,0
1770651000000,84.4100,84.7000,84.3300,84.6700,141422.11,1770651299999,11958867.645200,12228,87720.60,7419866.676100,0
1770651300000,84.6800,85.5500,84.6800,85.3800,242500.23,1770651599999,20656902.175700,21262,154978.60,13196906.396200,0
1770651600000,85.3800,85.7200,85.3200,85.5400,162639.37,1770651899999,13913321.386000,16083,89060.83,7618776.088400,0
1770651900000,85.5400,85.6800,85.2100,85.4000,126951.95,1770652199999,10845063.020700,12790,47127.67,4025870.608400,0
1770652200000,85.4000,85.4000,84.9600,85.2900,121282.07,1770652499999,10332772.058100,12397,51715.97,4406292.252200,0
1770652500000,85.3000,85.4800,85.1300,85.2300,103386.98,1770652799999,8818593.628500,11049,57300.66,4888664.724400,0
1770652800000,85.2300,85.4600,85.0500,85.1600,87449.67,1770653099999,7451132.854400,10819,46505.64,3963024.590500,0
1770653100000,85.1700,85.2100,84.7500,84.8800,88596.33,1770653399999,7525977.929000,11939,41015.42,3484334.861700,0
1770653400000,84.8700,85.0800,84.7700,84.9000,65553.90,1770653699999,5565418.083000,8583,37850.56,3213806.070100,0
1770653700000,84.9000,85.1800,84.8100,84.9200,79011.85,1770653999999,6715928.863600,9364,49119.76,4175209.677200,0
1770654000000,84.9200,85.3600,84.8900,85.3000,72387.46,1770654299999,6168811.224200,8911,46001.58,3919783.146600,0
1770654300000,85.3100,85.5100,85.1700,85.4200,55838.77,1770654599999,4765356.960000,7407,35095.23,2995330.344100,0
1770654600000,85.4300,85.5400,85.1700,85.2100,66841.19,1770654899999,5706351.605400,9318,33329.43,2845859.628100,0
1770654900000,85.2200,85.3400,85.0900,85.2100,52289.94,1770655199999,4456427.866200,7616,29030.78,2474345.143900,0
1770655200000,85.2200,86.1600,85.1600,86.0000,244485.22,1770655499999,20968862.585100,22313,166845.73,14310166.680600,0
1770655500000,86.0000,86.8600,85.9700,86.3600,536841.28,1770655799999,46447173.662100,37701,313035.87,27085758.984000,0
1770655800000,86.3600,86.4000,85.9300,86.1700,191586.64,1770656099999,16510559.893500,16801,104831.62,9035887.232500,0
1770656100000,86.1700,86.3500,86.0100,86.0400,109996.08,1770656399999,9481526.244900,10103,47192.22,4069245.030900,0
1770656400000,86.0500,86.3900,85.9900,86.1700,92669.14,1770656699999,7988979.986400,12603,48431.11,4175759.481600,0
1770656700000,86.1700,86.2200,85.7400,85.8700,182094.53,1770656999999,15650879.695200,13743,78916.27,6784146.182400,0
1770657000000,85.8700,85.9900,85.5700,85.7000,95433.49,1770657299999,8185037.051300,9595,42371.17,3634841.534800,0
1770657300000,85.7000,86.2400,85.7000,86.1200,102214.17,1770657599999,8793297.252300,10446,61632.61,5301836.413800,0
1770657600000,86.1200,86.2400,86.0700,86.1300,65763.37,1770657899999,5665116.745700,6318,35211.36,3033280.124800,0
1770657900000,86.1300,86.5000,85.9600,86.5000,120209.26,1770658199999,10369027.216600,9204,74085.63,6392755.191600,0
1770658200000,86.4900,87.1800,86.4000,86.9100,254724.53,1770658499999,22118954.262400,20282,148140.26,12861468.259900,0
1770658500000,86.9100,87.7900,86.8500,87.7400,584759.33,1770658799999,51224844.760700,32389,306932.67,26886881.286600,0
1770658800000,87.7400,88.0000,87.3900,87.8200,351047.05,1770659099999,30793130.095500,23110,190641.94,16726884.505600,0
1770659100000,87.8100,87.8900,87.4100,87.6400,211736.03,1770659399999,18547458.941400,17864,113592.85,9950373.128500,0
1770659400000,87.6400,87.7400,87.5400,87.6600,103664.84,1770659699999,9083535.073700,10799,50404.83,4416627.042100,0
1770659700000,87.6700,88.0600,87.6600,87.7400,142870.19,1770659999999,12549325.277600,13797,74728.41,6564399.003400,0
1770660000000,87.7300,88.5000,87.6500,88.3600,304026.73,1770660299999,26810648.940700,23442,164011.62,14464634.150100,0
1770660300000,88.3700,88.6600,88.2400,88.4300,340141.00,1770660599999,30091649.019200,25037,147798.00,13076693.128200,0
1770660600000,88.4300,88.4800,87.8900,87.9800,162739.55,1770660899999,14359684.075800,16830,55664.79,4914130.925600,0
1770660900000,87.9800,88.2900,87.7200,87.8700,166245.32,1770661199999,14618531.231700,14860,77548.20,6820178.900200,0
1770661200000,87.8700,87.9600,87.0900,87.3300,291884.24,1770661499999,25514228.749200,24609,131994.98,11538113.872600,0
1770661500000,87.3200,87.3800,87.0100,87.3100,157571.56,1770661799999,13734942.963200,12283,85963.96,7493666.857700,0
1770661800000,87.3100,87.8200,87.1500,87.6400,192777.40,1770662099999,16869985.616900,18014,98505.45,8622029.037700,0
1770662100000,87.6500,87.8500,87.4700,87.5300,87794.75,1770662399999,7693294.739700,8732,42787.40,3748351.204700,0
1770662400000,87.5300,87.7200,87.3500,87.6800,77612.41,1770662699999,6792908.021700,7889,45459.21,3978624.544500,0
1770662700000,87.6700,87.9500,87.4800,87.5700,88075.59,1770662999999,7723247.821500,10855,39536.07,3468083.557700,0
1770663000000,87.5600,87.6700,87.1700,87.2600,155006.94,1770663299999,13555440.821100,9446,82901.95,7251613.069100,0
1770663300000,87.2600,87.4600,87.1900,87.4600,60509.88,1770663599999,5283077.938000,5596,30689.57,2679767.306600,0
1770663600000,87.4500,87.5300,87.0800,87.3600,125136.26,1770663899999,10924629.833000,9602,73196.69,6389278.558000,0
1770663900000,87.3700,87.4100,87.1500,87.2800,71901.42,1770664199999,6274833.265300,6737,34086.35,2974528.068600,0
1770664200000,87.2800,87.4400,87.1000,87.4200,58213.58,1770664499999,5080677.334900,6519,27137.10,2368592.299100,0
1770664500000,87.4300,87.6900,87.2800,87.3700,131782.68,1770664799999,11522321.821300,9608,79387.60,6940625.758200,0
1770664800000,87.3700,87.4600,87.1400,87.3900,132222.67,1770665099999,11545106.316100,9052,76367.79,6668715.998000,0
1770665100000,87.4000,87.4900,87.3200,87.4600,69212.37,1770665399999,6049643.505300,7071,31776.84,2777576.365800,0
1770665400000,87.4600,87.9800,87.4000,87.8000,114154.03,1770665699999,10018933.669700,11916,56620.81,4970094.363000,0
1770665700000,87.7900,88.1800,87.7500,88.0300,214862.45,1770665999999,18906484.237400,14349,129286.17,11376903.059500,0
1770666000000,88.0300,88.0400,87.8600,87.9000,56294.47,1770666299999,4951116.732600,6519,21205.76,1865113.045700,0
1770666300000,87.9000,88.0300,87.6100,87.9200,72468.65,1770666599999,6363873.113200,9045,34900.80,3065358.486500,0
1770666600000,87.9100,88.0600,87.8100,87.9000,74406.70,1770666899999,6542262.575900,8275,32032.82,2816901.605500,0
1770666900000,87.8900,88.0400,87.7500,87.9000,40935.84,1770667199999,3597826.446500,6398,18866.21,1658246.764600,0
1770667200000,87.8900,87.9100,87.5900,87.7600,79204.62,1770667499999,6947225.720800,10200,37070.11,3251875.140200,0
1770667500000,87.7600,88.2800,87.7000,87.8700,108384.65,1770667799999,9540914.675200,11207,58444.62,5145123.991000,0
1770667800000,87.8600,88.0800,87.7900,87.9300,62850.96,1770668099999,5526590.499500,6778,29068.90,2555776.919700,0
1770668100000,87.9300,87.9400,87.2500,87.3800,117781.10,1770668399999,10301688.516800,11758,50378.39,4405287.419800,0
1770668400000,87.3700,87.6200,87.1500,87.4900,79974.33,1770668699999,6988975.006300,8453,39157.30,3422472.242800,0
1770668700000,87.4900,87.4900,87.1200,87.2600,82149.56,1770668999999,7169995.276500,7949,27977.29,2442168.991100,0
1770669000000,87.2600,87.5000,87.1500,87.3600,61719.72,1770669299999,5388963.825600,8018,27390.38,2392193.163900,0
1770669300000,87.3500,87.6700,87.2700,87.5500,36765.05,1770669599999,3215510.217100,6489,19258.38,1684477.444500,0
1770669600000,87.5500,87.7000,87.5000,87.6700,37454.88,1770669899999,3281778.447900,5316,18634.43,1633044.087600,0
1770669900000,87.6600,87.8100,87.5700,87.7100,56936.51,1770670199999,4993631.594000,6500,26489.57,2323190.978100,0
1770670200000,87.7000,87.7400,87.5300,87.6300,36611.05,1770670499999,3208402.178100,6211,15456.34,1354525.068700,0
1770670500000,87.6300,87.9200,87.5200,87.7000,91383.55,1770670799999,8017807.574200,8351,47418.08,4160175.679800,0
1770670800000,87.7000,87.8400,87.5400,87.6000,41181.61,1770671099999,3609872.007500,6810,18125.19,1588931.735800,0
1770671100000,87.6100,87.6900,87.3800,87.4800,46165.43,1770671399999,4039498.704300,6947,14673.59,1284266.785700,0
1770671400000,87.4800,87.5200,87.3500,87.3600,27746.21,1770671699999,2425577.356300,4846,10599.44,926690.531300,0
1770671700000,87.3600,87.4400,87.1500,87.3100,47180.47,1770671999999,4117600.228200,5678,22662.49,1977467.784300,0
1770672000000,87.3100,87.4200,87.2100,87.3600,23391.49,1770672299999,2042067.495100,4230,12521.35,1093012.951400,0
1770672300000,87.3500,87.3900,87.2100,87.2200,26493.23,1770672599999,2311927.536200,4027,11577.14,1010478.115200,0
1770672600000,87.2200,87.2900,86.5000,86.6200,249834.16,1770672899999,21691690.858100,18047,79358.36,6887503.922300,0
1770672900000,86.6300,86.7500,86.5100,86.6800,77434.80,1770673199999,6707468.736300,7137,42105.19,3647091.480600,0
1770673200000,86.6700,86.8300,86.6100,86.7400,42430.19,1770673499999,3680902.071000,5280,21854.28,1896073.615500,0
1770673500000,86.7300,86.7900,86.4500,86.7400,79203.85,1770673799999,6859743.606200,7079,33597.31,2910817.343700,0
1770673800000,86.7400,87.6000,86.7300,87.5500,155564.77,1770674099999,13564224.596900,13355,112577.75,9816599.997400,0
1770674100000,87.5600,87.5600,87.1800,87.2700,51545.08,1770674399999,4499429.446700,5570,27333.29,2385816.090400,0
1770674400000,87.2700,87.4500,87.1200,87.3400,67791.94,1770674699999,5915617.054400,8135,33932.08,2961313.815300,0
1770674700000,87.3400,87.5000,87.2700,87.3600,62274.42,1770674999999,5441081.929800,6260,30400.79,2656015.291900,0
1770675000000,87.3700,87.5300,87.2700,87.4300,64524.26,1770675299999,5639244.761400,6257,35635.56,3114623.321900,0
1770675300000,87.4200,87.4900,87.1700,87.2300,58100.25,1770675599999,5073651.140200,5896,23844.92,2082420.497600,0
1770675600000,87.2300,87.2500,87.0100,87.0500,66724.69,1770675899999,5813177.729900,6217,28361.28,2471267.544100,0
1770675900000,87.0600,87.1700,87.0300,87.1400,24166.54,1770676199999,2104608.239900,3131,9744.74,848698.045900,0
1770676200000,87.1400,87.2300,87.0500,87.1000,25845.10,1770676499999,2251851.587000,3757,11772.29,1025562.747100,0
1770676500000,87.1100,87.1700,86.9300,87.1100,36587.72,1770676799999,3184690.951700,4994,16102.80,1401901.937900,0
1770676800000,87.1000,87.1700,86.9800,87.0800,21488.42,1770677099999,1871181.083800,3613,10802.02,940629.088300,0
1770677100000,87.0800,87.2600,87.0100,87.0500,14876.18,1770677399999,1296165.831900,3555,7326.41,638486.864100,0
1770677400000,87.0500,87.0800,86.9000,86.9100,16469.27,1770677699999,1432629.033900,3050,6339.35,551414.699700,0
1770677700000,86.9000,87.1000,86.9000,87.0500,18228.83,1770677999999,1586367.267100,3529,10989.84,956307.035000,0
1770678000000,87.0600,87.2600,86.9500,87.1500,26205.62,1770678299999,2282038.386900,5758,13668.90,1190605.089900,0
1770678300000,87.1500,87.3600,87.1200,87.3000,31443.82,1770678599999,2743920.720100,5262,16656.95,1453463.691400,0
1770678600000,87.3000,87.3000,86.8900,87.0600,31559.14,1770678899999,2748925.058600,5921,14999.67,1306475.395800,0
1770678900000,87.0600,87.1300,86.9500,87.0000,21450.92,1770679199999,1866986.666600,4210,10751.21,935725.133600,0
1770679200000,87.0100,87.0800,86.8300,86.9200,33669.84,1770679499999,2927782.208500,4863,17629.25,1533323.028200,0
1770679500000,86.9100,86.9900,86.8000,86.8900,55937.31,1770679799999,4860275.101200,5322,35138.61,3053365.696600,0
1770679800000,86.8800,86.9300,86.8200,86.9100,20320.05,1770680099999,1765484.539600,3568,8764.14,761489.323400,0
1770680100000,86.9200,87.0300,86.8600,87.0000,20861.60,1770680399999,1814159.896900,3478,12310.74,1070640.785900,0
1770680400000,87.0000,87.1600,86.9900,87.0200,29010.04,1770680699999,2526242.400000,3623,16277.44,1417596.631400,0
1770680700000,87.0100,87.0100,86.7500,86.7800,30610.54,1770680999999,2658908.049500,4262,9934.80,863149.381400,0
1770681000000,86.7700,86.8200,86.6700,86.7600,23839.39,1770681299999,2067520.438800,3289,11431.29,991467.075100,0
1770681300000,86.7600,86.7700,86.5900,86.7100,35981.21,1770681599999,3119162.836500,3390,17449.88,1512873.582400,0
1770681600000,86.7100,86.8500,86.6000,86.6100,25154.86,1770681899999,2182901.718500,4229,12371.89,1073665.715500,0
1770681900000,86.6000,86.7300,86.4800,86.5400,55871.68,1770682199999,4837077.760900,6341,24764.25,2144054.192300,0
1770682200000,86.5400,86.8300,86.5200,86.8200,37316.07,1770682499999,3234929.773100,5144,20285.63,1758520.230300,0
1770682500000,86.8200,86.8800,86.5600,86.5600,37269.83,1770682799999,3233445.235800,5136,14322.45,1242763.196400,0
1770682800000,86.5600,86.6300,86.3400,86.3900,63265.29,1770683099999,5469064.366400,6736,24824.90,2146284.895900,0
1770683100000,86.4000,86.5500,86.3600,86.5200,27913.03,1770683399999,2413612.798200,3628,13320.94,1152016.251800,0
1770683400000,86.5100,86.6800,86.4600,86.6800,20859.61,1770683699999,1806348.000900,3548,14468.17,1252906.684600,0
1770683700000,86.6700,86.6800,86.5000,86.5800,24641.11,1770683999999,2134307.103600,3956,8783.10,760665.698200,0
1770684000000,86.5700,86.5700,86.2700,86.3600,50756.02,1770684299999,4384142.456000,6049,19331.98,1669855.262200,0
1770684300000,86.3500,86.4200,86.2500,86.2500,44386.89,1770684599999,3832657.218000,5156,22199.17,1916900.392400,0
1770684600000,86.2600,86.5400,86.2600,86.3800,32736.90,1770684899999,2827856.569200,4701,18378.67,1587689.530200,0
1770684900000,86.3800,86.4800,86.3400,86.3600,18984.75,1770685199999,1640350.478100,3068,11234.32,970677.788700,0
1770685200000,86.3600,86.7300,86.3200,86.6300,31892.67,1770685499999,2760273.502900,5097,19396.74,1678621.770000,0
1770685500000,86.6300,86.9900,86.5100,86.9300,66155.18,1770685799999,5742565.000400,7742,38185.98,3315098.681600,0
1770685800000,86.9400,87.0800,86.8200,86.9700,90730.17,1770686099999,7893254.452600,7579,59395.47,5167487.013100,0
1770686100000,86.9700,87.1600,86.8800,87.0800,40496.77,1770686399999,3524461.997100,6360,25158.62,2189998.367300,0
1770686400000,87.0700,87.2900,87.0700,87.1600,65007.47,1770686699999,5669356.280200,7046,39655.51,3458555.929200,0
1770686700000,87.1700,87.4400,87.1400,87.2800,45344.25,1770686999999,3959786.717800,5985,23614.99,2062394.825400,0
1770687000000,87.2800,87.3200,86.9800,87.2500,58784.43,1770687299999,5124325.208500,7957,17883.44,1558815.707400,0
1770687300000,87.2400,87.4400,87.0200,87.3200,44112.58,1770687599999,3844880.611600,5899,25391.24,2212972.232000,0
1770687600000,87.3200,87.3400,87.1800,87.2900,22405.92,1770687899999,1955020.568600,3631,11643.23,1015873.062500,0
1770687900000,87.3000,87.4300,87.1900,87.2500,28728.34,1770688199999,2508285.515800,4675,11375.11,993276.254600,0
1770688200000,87.2500,87.3600,87.0900,87.2400,34240.35,1770688499999,2986104.466400,4777,14228.38,1241088.883800,0
1770688500000,87.2300,87.2800,87.1100,87.2200,23084.06,1770688799999,2012747.414700,3843,9527.81,830774.089800,0
1770688800000,87.2200,87.2300,87.0800,87.0800,23561.69,1770689099999,2053367.586900,4340,9403.68,819577.894500,0
1770689100000,87.0900,87.2800,87.0200,87.0200,52762.29,1770689399999,4601747.833000,5033,35907.10,3132319.950700,0
1770689400000,87.0300,87.0500,86.8900,86.9400,48305.90,1770689699999,4200213.075600,5826,17855.17,1552533.219100,0
1770689700000,86.9400,87.1700,86.8100,86.8900,40918.26,1770689999999,3558065.310000,5297,21121.34,1836977.911400,0
1770690000000,86.8900,87.0400,86.8600,86.9900,20141.87,1770690299999,1751337.284000,3778,11064.30,962048.086600,0
1770690300000,86.9800,87.0000,86.6700,86.7000,30039.72,1770690599999,2607727.005100,4374,11623.52,1009057.958600,0
1770690600000,86.7000,86.7500,86.5800,86.6300,45407.03,1770690899999,3935069.523100,5683,22308.19,1933276.361400,0
1770690900000,86.6300,86.6500,86.4600,86.5000,41209.44,1770691199999,3566380.048200,6264,19843.06,1717435.212700,0
1770691200000,86.5000,86.6000,86.4300,86.4600,22865.07,1770691499999,1977441.438800,3260,8342.99,721759.202800,0
1770691500000,86.4500,86.7100,86.3600,86.6100,52731.67,1770691799999,4564572.244600,6009,32557.36,2818678.069600,0
1770691800000,86.6000,86.7100,86.5500,86.5900,42041.93,1770692099999,3642608.984400,3673,28319.47,2453907.294200,0
1770692100000,86.5800,86.6300,86.5000,86.6200,19466.91,1770692399999,1685280.149300,2876,11292.50,977671.368900,0
1770692400000,86.6200,86.8100,86.5700,86.6000,34594.85,1770692699999,2998691.102000,4722,18814.82,1631361.156200,0
1770692700000,86.5900,86.6000,86.1000,86.1800,103066.99,1770692999999,8889519.340300,9263,35394.60,3052695.788900,0
1770693000000,86.1800,86.3700,86.1700,86.3100,56120.84,1770693299999,4842404.906200,5840,31329.25,2703428.671400,0
1770693300000,86.3200,86.3600,85.7000,85.7200,169719.62,1770693599999,14593834.500500,14746,48370.84,4160217.370300,0
1770693600000,85.7300,85.9800,85.7000,85.8700,104233.69,1770693899999,8949072.617400,7894,48268.16,4144279.463700,0
1770693900000,85.8700,85.9700,85.6800,85.7900,147692.89,1770694199999,12671543.921900,11431,58147.88,4988803.021800,0
1770694200000,85.7800,85.7800,85.2000,85.5200,280494.57,1770694499999,23965451.259900,19329,102816.64,8783194.695000,0
1770694500000,85.5200,85.6600,85.4600,85.6100,94401.04,1770694799999,8076647.208500,8200,40043.55,3426352.914800,0
1770694800000,85.6100,85.6300,85.3800,85.4700,59110.04,1770695099999,5055017.370100,5477,34977.99,2991306.079900,0
1770695100000,85.4700,85.6700,85.4100,85.6300,75670.36,1770695399999,6475731.050700,5857,41608.71,3560028.718000,0
1770695400000,85.6400,85.8200,85.6200,85.7800,43552.52,1770695699999,3733110.637600,4493,34122.52,2924964.982500,0
1770695700000,85.7800,85.8900,85.7400,85.8000,56315.86,1770695999999,4833610.336700,4392,36527.05,3135375.537300,0
1770696000000,85.8000,85.9800,85.7200,85.9800,65788.68,1770696299999,5646910.940300,5588,23717.54,2036450.282400,0
1770696300000,85.9800,86.2900,85.9800,86.2200,109625.56,1770696599999,9445580.285500,8141,56516.20,4868988.635900,0
1770696600000,86.2200,86.3500,86.1400,86.3200,87299.24,1770696899999,7529860.065800,7017,43528.68,3754977.321700,0
1770696900000,86.3100,86.4500,86.2500,86.3500,63276.31,1770697199999,5463503.619200,6105,34830.41,3007542.275100,0
1770697200000,86.3400,86.4400,86.2500,86.2500,30505.79,1770697499999,2634134.625100,3459,16707.20,1442671.578800,0
1770697500000,86.2500,86.4200,86.1600,86.3800,57019.30,1770697799999,4918386.042800,5113,20615.54,1779065.253700,0
1770697800000,86.3700,86.3700,86.2100,86.2700,17629.53,1770698099999,1521132.108100,2832,9268.46,799754.034200,0
1770698100000,86.2700,86.5200,86.2600,86.3300,37166.70,1770698399999,3211008.919800,4810,23533.48,2033329.189000,0
1770698400000,86.3300,86.3400,86.1700,86.2900,33820.61,1770698699999,2916085.300000,3656,13564.16,1169482.804400,0
1770698700000,86.2900,86.3500,86.2200,86.3400,21595.64,1770698999999,1863384.235700,2854,9756.74,841875.076400,0
1770699000000,86.3500,86.5500,86.3200,86.5400,35339.74,1770699299999,3055258.827800,3603,23738.48,2052329.981600,0
1770699300000,86.5400,86.6200,86.4700,86.5000,28760.24,1770699599999,2489082.325400,3029,18727.87,1620901.933900,0
1770699600000,86.4900,86.5200,86.3700,86.4100,35584.40,1770699899999,3075787.001100,3468,13361.28,1154848.243900,0
1770699900000,86.4200,86.4200,86.2600,86.4200,23078.72,1770700199999,1992544.232200,3207,8872.81,766118.032200,0
1770700200000,86.4200,86.5000,86.3400,86.4800,19805.67,1770700499999,1711601.428600,2922,9880.14,853919.924200,0
1770700500000,86.4800,86.4900,86.1500,86.2400,35315.63,1770700799999,3046755.637600,4726,15905.45,1372163.425500,0
1770700800000,86.2500,86.2800,86.0900,86.1800,51249.72,1770701099999,4416013.092300,4375,14142.05,1218723.777700,0
1770701100000,86.1900,86.1900,86.0000,86.0400,23777.28,1770701399999,2046434.672600,3584,8088.67,696113.180000,0
1770701400000,86.0400,86.2400,85.8300,86.2300,60604.44,1770701699999,5208805.562200,7147,27838.42,2393184.291900,0
1770701700000,86.2300,86.5300,86.1800,86.2600,73825.96,1770701999999,6375624.726400,8695,42083.36,3634382.682800,0
1770702000000,86.2600,86.3400,85.8300,85.9500,55189.11,1770702299999,4748161.235000,6752,23844.74,2051478.129600,0
1770702300000,85.9400,85.9900,85.6100,85.7500,72977.34,1770702599999,6259103.937800,7445,30397.30,2608334.518000,0
1770702600000,85.7500,85.8700,85.5400,85.8600,89222.11,1770702899999,7646618.894000,9922,41142.91,3527218.460600,0
1770702900000,85.8500,85.9800,85.8000,85.8900,68503.19,1770703199999,5885246.042900,5549,49644.20,4265299.597200,0
1770703200000,85.8800,85.9800,85.7800,85.9200,30516.09,1770703499999,2620938.344000,4371,14693.66,1262205.426500,0
1770703500000,85.9200,85.9800,85.6700,85.7100,86464.53,1770703799999,7419485.127500,8723,27944.88,2398640.688400,0
1770703800000,85.7000,85.7100,85.5700,85.6400,66851.99,1770704099999,5724377.078200,5548,19452.92,1665683.397600,0
1770704100000,85.6400,85.7000,85.5300,85.6800,45602.25,1770704399999,3904357.800900,5690,20757.57,1777280.032000,0
1770704400000,85.6900,85.7300,85.3000,85.3900,117349.30,1770704699999,10026151.344600,9127,47038.19,4019223.898800,0
1770704700000,85.3800,85.4800,85.2200,85.3700,62356.39,1770704999999,5321740.041500,5838,31258.00,2667807.288600,0
1770705000000,85.3700,85.5400,85.3500,85.4100,50202.68,1770705299999,4289003.963900,5609,21165.05,1808287.439800,0
1770705300000,85.4000,85.5300,85.3400,85.3400,33413.89,1770705599999,2855094.733300,3999,12950.09,1106627.581100,0
1770705600000,85.3400,85.3500,85.0300,85.1000,149039.95,1770705899999,12688229.886300,12221,65487.72,5574894.566800,0
1770705900000,85.1000,85.1400,84.3400,84.6000,446343.48,1770706199999,37806733.086200,30541,168373.21,14261982.089700,0
1770706200000,84.6000,84.6700,84.2700,84.3000,167025.91,1770706499999,14100744.023200,14265,78392.04,6618792.321100,0
1770706500000,84.3100,84.5600,84.2600,84.5500,138386.35,1770706799999,11687854.874400,9601,73525.04,6209475.298600,0
1770706800000,84.5600,85.0700,84.5200,84.9800,202417.87,1770707099999,17163633.976000,14695,99197.80,8413310.584700,0
1770707100000,84.9700,85.0500,84.8700,84.9300,98702.65,1770707399999,8384868.016800,7913,31619.68,2686204.956700,0
1770707400000,84.9300,85.0000,84.7000,84.7600,101229.56,1770707699999,8590146.385200,8282,40888.68,3470226.030700,0
1770707700000,84.7600,84.7700,84.4200,84.5400,98919.71,1770707999999,8361398.435900,7685,49406.83,4175950.079700,0
1770708000000,84.5300,84.7400,84.4300,84.6400,124708.42,1770708299999,10550029.514500,7735,83295.82,7047893.283100,0
1770708300000,84.6400,84.7400,84.5700,84.7200,53607.00,1770708599999,4536920.170700,4191,26140.34,2212593.928900,0
1770708600000,84.7100,84.8400,84.5700,84.5900,76328.44,1770708899999,6466976.268900,5634,32054.83,2716793.462200,0
1770708900000,84.6000,84.6600,84.4700,84.5500,45998.01,1770709199999,3889307.946000,4687,16602.62,1403818.919400,0
1770709200000,84.5500,84.6000,84.4800,84.5300,21302.30,1770709499999,1800573.945900,3128,10636.38,899054.430200,0
1770709500000,84.5300,84.6400,84.4400,84.4700,54849.18,1770709799999,4637962.921400,4664,36492.71,3085999.373700,0
1770709800000,84.4700,84.5600,84.3600,84.4400,56275.99,1770710099999,4752985.030900,4349,29475.89,2489646.147900,0
1770710100000,84.4500,84.6400,84.4500,84.5900,36536.36,1770710399999,3089463.535900,3472,18778.51,1588004.498100,0
1770710400000,84.5800,84.7300,84.5300,84.5900,57908.58,1770710699999,4900701.264000,5469,26287.04,2224845.314900,0
1770710700000,84.5900,84.8400,84.5400,84.6400,103988.98,1770710999999,8805812.828900,7851,46996.93,3980156.042700,0
1770711000000,84.6500,84.7200,84.3600,84.4100,107171.53,1770711299999,9062597.490800,7677,45239.89,3826224.441400,0
1770711300000,84.4200,84.4200,84.1100,84.3100,170410.80,1770711599999,14354757.265700,11411,66724.57,5620575.305200,0
1770711600000,84.3000,84.7800,84.2000,84.7000,94346.45,1770711899999,7978770.955700,8222,54571.89,4615324.368600,0
1770711900000,84.6900,84.7100,84.3900,84.4200,71111.25,1770712199999,6012188.710700,5911,32308.08,2731528.764600,0
1770712200000,84.4200,84.4400,84.2800,84.4400,95207.39,1770712499999,8031682.096600,6773,47418.30,4000572.939400,0
1770712500000,84.4400,84.5300,84.2100,84.5000,69907.12,1770712799999,5897854.684300,6221,31290.26,2640315.263900,0
1770712800000,84.5000,84.6700,84.4300,84.5600,67922.75,1770713099999,5744268.545500,6388,34584.14,2924724.790400,0
1770713100000,84.5500,84.6600,84.4800,84.6100,75105.34,1770713399999,6353825.590300,4331,51446.93,4352779.355300,0
1770713400000,84.6200,84.6900,84.4600,84.6900,87568.08,1770713699999,7405778.852000,6039,47467.86,4015105.960600,0
1770713700000,84.6900,84.6900,84.5700,84.5900,38733.63,1770713999999,3277087.558000,3240,12446.08,1053060.588400,0
1770714000000,84.5800,84.9600,84.5400,84.9500,171867.49,1770714299999,14577705.741200,10593,101652.63,8621253.976100,0
1770714300000,84.9500,84.9500,84.7100,84.9300,90310.67,1770714599999,7658450.670800,6895,50933.44,4319199.422900,0
1770714600000,84.9300,84.9500,84.7500,84.8300,52114.39,1770714899999,4422317.244200,4446,22841.80,1938343.114900,0
1770714900000,84.8400,85.0300,84.8000,85.0200,68847.16,1770715199999,5846114.610700,5829,42020.05,3568283.067500,0
1770715200000,85.0200,85.0200,84.7600,84.8900,62553.37,1770715499999,5306140.298100,5091,31321.80,2656588.701300,0
1770715500000,84.8900,84.8900,84.7300,84.7500,55255.20,1770715799999,4684826.937100,4363,21939.09,1860119.310900,0
1770715800000,84.7500,84.7700,84.6000,84.6400,72031.77,1770716099999,6098767.986700,5663,21218.72,1796629.171200,0
1770716100000,84.6400,84.7000,84.5500,84.6400,37384.15,1770716399999,3163272.744000,4152,14759.80,1248950.275500,0
1770716400000,84.6400,84.7300,84.5700,84.7000,39502.99,1770716699999,3344515.621400,3710,23550.12,1994055.334200,0
1770716700000,84.7100,84.7800,84.4500,84.4700,73236.30,1770716999999,6192692.036600,5152,27409.61,2317833.170000,0
1770717000000,84.4700,84.5200,84.2100,84.5000,104089.58,1770717299999,8783214.677000,6493,36096.86,3045928.633600,0
1770717300000,84.4900,84.5400,84.4700,84.5100,16411.84,1770717599999,1386890.367300,1929,7744.21,654437.898300,0
1770717600000,84.5100,84.7000,84.4100,84.4500,71246.17,1770717899999,6023794.605200,6022,30578.84,2586192.006700,0
1770717900000,84.4500,84.5200,84.3800,84.4800,27259.44,1770718199999,2301935.607700,4082,16258.67,1373045.505300,0
1770718200000,84.4700,84.5000,84.3600,84.4900,23462.44,1770718499999,1981042.602100,3550,12600.58,1063963.631900,0
1770718500000,84.5000,84.5000,84.2300,84.3100,48796.74,1770718799999,4114560.556100,4999,18143.44,1529806.777700,0
1770718800000,84.3100,84.4500,84.2600,84.4500,29861.83,1770719099999,2518540.260100,3665,18098.85,1526395.163900,0
1770719100000,84.4500,84.6800,84.4400,84.4800,58189.57,1770719399999,4921351.535900,5678,35450.21,2998294.903300,0
1770719400000,84.4800,84.4900,84.2500,84.2800,46808.58,1770719699999,3946814.012800,4275,17879.80,1507589.334000,0
1770719700000,84.2800,84.2800,84.1700,84.2200,55322.74,1770719999999,4659819.671200,4879,23906.94,2013786.753100,0
1770720000000,84.2300,84.2700,84.2200,84.2300,18885.63,1770720299999,1591097.793400,2582,10761.36,906651.922500,0
1770720300000,84.2400,84.3100,84.1400,84.2200,47211.43,1770720599999,3975044.906400,4024,18209.23,1533187.869000,0
1770720600000,84.2200,84.2800,84.1400,84.1900,19700.48,1770720899999,1658883.661400,3139,11856.35,998364.331500,0
1770720900000,84.1800,84.2400,84.1600,84.1600,16766.29,1770721199999,1411623.438200,2832,9380.57,789816.241000,0
1770721200000,84.1700,84.2300,84.0200,84.2000,119113.31,1770721499999,10018590.595000,8579,50229.89,4225882.914800,0
1770721500000,84.2100,84.4000,84.1200,84.1700,71822.02,1770721799999,6052572.518900,6535,40987.75,3454156.408900,0
1770721800000,84.1800,84.2700,84.0700,84.2200,40313.70,1770722099999,3393372.715200,4435,20588.83,1733145.402300,0
1770722100000,84.2300,84.3200,84.1500,84.2700,41387.14,1770722399999,3485977.768000,3971,23014.42,1938542.534700,0
1770722400000,84.2700,84.3100,84.1500,84.2900,42581.30,1770722699999,3586767.353700,4162,22378.11,1885113.942100,0
1770722700000,84.3000,84.3400,84.2500,84.3400,26963.82,1770722999999,2272860.663600,3284,14839.40,1250924.887400,0
1770723000000,84.3400,84.5500,84.2700,84.4600,82348.03,1770723299999,6952866.232700,7222,51468.05,4345578.131500,0
1770723300000,84.4600,84.4600,84.2800,84.3100,42873.26,1770723599999,3616573.390900,4348,26928.33,2271532.100900,0
1770723600000,84.3100,84.3200,83.7300,84.0000,263250.85,1770723899999,22096619.674500,14223,84481.32,7089999.990700,0
1770723900000,83.9900,84.1800,83.8100,84.0600,118050.26,1770724199999,9914764.172700,8844,54785.70,4601927.427300,0
1770724200000,84.0500,84.1500,83.7200,83.7900,103013.17,1770724499999,8638878.159300,8756,46985.51,3940657.482500,0
1770724500000,83.7900,83.8200,83.6900,83.7900,98619.31,1770724799999,8260888.071300,5864,54376.44,4555377.707400,0
1770724800000,83.7800,84.1100,83.7800,84.0000,93003.61,1770725099999,7812324.322400,8123,56031.63,4706788.944600,0
1770725100000,84.0000,84.2000,83.7400,84.0500,174646.41,1770725399999,14666952.115100,9950,63632.84,5348288.234000,0
1770725400000,84.0400,84.1200,83.9900,84.0100,39367.86,1770725699999,3308710.927500,4284,15116.62,1270549.319700,0
1770725700000,84.0200,84.1300,83.9600,84.0000,40393.16,1770725999999,3394960.337100,3882,17790.84,1495305.408500,0
1770726000000,84.0100,84.2100,84.0000,84.1800,42829.29,1770726299999,3603100.109900,4776,27252.39,2292834.242400,0
1770726300000,84.1800,84.2000,84.1200,84.1200,41575.87,1770726599999,3498863.942300,3899,17534.49,1475726.898000,0
1770726600000,84.1300,84.3200,84.0200,84.0500,93831.54,1770726899999,7900165.786300,6782,64060.33,5394009.184200,0
1770726900000,84.0600,84.0600,83.9500,83.9800,43072.08,1770727199999,3618469.272600,4977,18939.41,1591180.372700,0
1770727200000,83.9800,84.0200,83.8200,83.8600,54617.48,1770727499999,4583426.598300,4870,25998.85,2181598.139200,0
1770727500000,83.8500,83.9300,83.5800,83.8900,132147.00,1770727799999,11069399.991700,9679,52082.43,4364759.978800,0
1770727800000,83.9000,84.0100,83.8700,83.9100,70455.56,1770728099999,5915571.959900,5740,44970.81,3775986.599400,0
1770728100000,83.9100,84.0000,83.8900,83.8900,41149.95,1770728399999,3454632.594800,3184,13886.91,1165853.803900,0
1770728400000,83.8900,83.9900,83.7600,83.7800,56650.65,1770728699999,4751587.017100,6158,29925.02,2510206.069700,0
1770728700000,83.7800,83.9900,83.6100,83.9000,126640.27,1770728999999,10616411.357900,10578,60001.16,5030145.754400,0
1770729000000,83.9000,83.9900,83.7200,83.9800,55680.48,1770729299999,4667797.892800,5609,31416.16,2633938.622200,0
1770729300000,83.9800,84.2100,83.8500,84.0400,160208.42,1770729599999,13470389.585200,8554,98135.51,8251207.661500,0
1770729600000,84.0400,84.1800,83.9700,84.1800,45732.44,1770729899999,3845162.684600,4421,26334.04,2214219.478300,0
1770729900000,84.1800,84.2600,84.1000,84.1700,38758.41,1770730199999,3262978.203600,4583,24143.27,2032770.315700,0
1770730200000,84.1700,84.7200,83.9900,84.6800,259284.02,1770730499999,21891655.612200,17994,158005.87,13343880.271500,0
1770730500000,84.6800,84.7100,84.5000,84.5800,114580.45,1770730799999,9693910.402700,8409,58440.30,4944287.604000,0
1770730800000,84.5800,84.6600,84.4900,84.6500,53094.64,1770731099999,4491035.382500,5502,23752.36,2009315.884900,0
1770731100000,84.6600,84.7000,84.4400,84.4600,70299.55,1770731399999,5947539.369600,6227,35051.69,2965949.574200,0
1770731400000,84.4500,84.6400,84.3700,84.6200,51577.60,1770731699999,4358187.293200,5087,24526.04,2072659.809200,0
1770731700000,84.6200,84.6600,84.5300,84.5900,57511.72,1770731999999,4865263.165600,4462,33308.33,2817687.167500,0
1770732000000,84.6000,84.6100,84.3400,84.3400,67469.37,1770732299999,5698685.030900,6833,23582.41,1991797.115500,0
1770732300000,84.3300,84.5400,84.3300,84.5200,38806.71,1770732599999,3277691.376400,4326,18117.79,1530203.588000,0
1770732600000,84.5200,84.6000,84.4200,84.5100,45577.63,1770732899999,3851889.594500,4726,22052.22,1863701.765700,0
1770732900000,84.5200,85.1800,84.5100,85.0500,256194.91,1770733199999,21760221.224700,18402,160294.52,13615297.428400,0
1770733200000,85.0600,85.0700,84.4000,84.4300,226284.08,1770733499999,19160198.803100,14672,103613.03,8773934.830300,0
1770733500000,84.4300,84.4400,84.0300,84.1800,176595.78,1770733799999,14869689.945700,11599,89678.42,7550301.138600,0
1770733800000,84.1800,84.7300,84.1300,84.4900,240284.91,1770734099999,20284905.752400,21973,108840.82,9188098.719300,0
1770734100000,84.5000,84.6000,83.6300,83.9300,399842.78,1770734399999,33577605.676200,27493,147621.60,12400507.364600,0
1770734400000,83.9400,83.9400,83.1700,83.6200,599678.04,1770734699999,50057639.236100,39488,263868.05,22028514.841200,0
1770734700000,83.6200,83.7500,83.1400,83.3100,277629.90,1770734999999,23155333.726300,22423,134095.87,11182988.897000,0
1770735000000,83.3100,83.9600,83.2200,83.9000,255336.77,1770735299999,21366548.138800,20793,143009.61,11967755.807500,0
1770735300000,83.8900,84.0500,83.6500,83.6600,199159.81,1770735599999,16698661.084400,13664,108648.99,9111530.321200,0
1770735600000,83.6600,83.7400,83.3700,83.5900,165993.15,1770735899999,13867706.592400,15826,81192.63,6783358.347400,0
1770735900000,83.5900,84.4200,83.4600,84.1400,303280.99,1770736199999,25496962.470900,22076,187885.59,15796047.555300,0
1770736200000,84.1500,84.3900,83.6500,83.7500,144923.04,1770736499999,12172703.507900,17033,64743.69,5439302.772000,0
1770736500000,83.7600,84.0000,83.5600,83.9600,165581.55,1770736799999,13872220.471400,15628,86479.44,7246406.049600,0
1770736800000,83.9600,84.3500,83.8900,84.0200,160543.19,1770737099999,13504762.310900,14737,79316.67,6673135.090500,0
1770737100000,84.0200,84.4400,84.0000,84.1100,111561.76,1770737399999,9395784.155100,11928,49205.76,4143774.019700,0
1770737400000,84.1200,84.4900,84.0900,84.2100,158354.51,1770737699999,13353806.118700,14187,101222.87,8536381.050200,0
1770737700000,84.2100,84.4800,84.0900,84.2100,137768.56,1770737999999,11610262.242700,14204,64269.36,5417661.357400,0
1770738000000,84.2100,84.4300,84.1000,84.2400,103406.77,1770738299999,8715016.821600,11412,43469.97,3664103.995000,0
1770738300000,84.2400,84.3700,83.9700,84.3200,111334.32,1770738599999,9370199.402700,11625,57343.45,4826758.726200,0
1770738600000,84.3200,84.3200,83.9000,84.3100,94469.04,1770738899999,7945602.231100,11125,40380.78,3396391.648600,0
1770738900000,84.3100,84.3900,83.9600,84.2400,119756.02,1770739199999,10083027.794100,10634,46950.81,3953324.677100,0
1770739200000,84.2400,84.3000,83.9600,83.9700,81926.89,1770739499999,6893314.454900,9365,32923.92,2770213.020300,0
1770739500000,83.9800,84.1800,83.7100,83.9500,138169.56,1770739799999,11597229.986400,12938,57658.44,4840098.342100,0
1770739800000,83.9500,84.8900,83.9300,84.7200,210929.57,1770740099999,17824683.996600,16000,130087.70,10994503.272700,0
1770740100000,84.7200,84.8000,84.4000,84.4400,137179.71,1770740399999,11604162.090200,14212,67565.21,5716107.602000,0
1770740400000,84.4400,84.4900,84.1200,84.3700,104193.53,1770740699999,8782881.295000,10464,58230.76,4909219.027900,0
1770740700000,84.3800,84.5600,84.2900,84.3000,64415.52,1770740999999,5439145.366700,7778,34182.26,2886424.629400,0
1770741000000,84.3000,84.3900,84.1200,84.3500,80329.65,1770741299999,6766863.542500,8690,44617.64,3758552.468300,0
1770741300000,84.3500,84.8000,84.3200,84.6900,140381.15,1770741599999,11872444.476500,9721,61147.09,5171570.185100,0
1770741600000,84.6800,84.7800,84.3900,84.4900,98123.53,1770741899999,8303712.381900,8802,48847.38,4134023.036900,0
1770741900000,84.4900,84.6500,84.3000,84.3700,52731.67,1770742199999,4455376.709500,7110,28930.75,2444066.887700,0
1770742200000,84.3800,84.4100,84.1100,84.2800,81177.59,1770742499999,6837670.042700,7619,42520.03,3582245.395200,0
1770742500000,84.2800,84.5000,84.2300,84.4200,49387.15,1770742799999,4167790.995800,5405,25700.79,2168702.778600,0
1770742800000,84.4100,84.4200,84.1500,84.2000,68656.51,1770743099999,5787065.862000,7278,32463.06,2736166.386400,0
1770743100000,84.2100,84.3400,84.1400,84.3000,49979.32,1770743399999,4209923.980500,5897,29489.51,2483892.625000,0
1770743400000,84.2900,84.3700,84.1600,84.2300,35393.86,1770743699999,2981650.670600,5326,16371.91,1379321.949200,0
1770743700000,84.2400,84.6600,84.1800,84.5600,84976.47,1770743999999,7177206.415500,8249,54816.64,4629793.664200,0
1770744000000,84.5600,84.7300,84.4200,84.5400,108009.97,1770744299999,9136498.825500,8032,58034.58,4910081.573200,0
1770744300000,84.5300,84.7000,84.4600,84.5000,67360.52,1770744599999,5696808.754300,6147,40684.31,3440896.840100,0
1770744600000,84.5000,84.9200,84.4500,84.8000,102150.88,1770744899999,8657261.091900,10161,64168.47,5438480.977900,0
1770744900000,84.7900,85.0700,84.7400,84.9100,133323.12,1770745199999,11319154.412000,9915,71638.24,6083032.015000,0
1770745200000,84.9000,85.1000,84.8200,84.8900,79441.15,1770745499999,6750554.042600,8113,45018.11,3825722.322200,0
1770745500000,84.9000,85.0100,84.8000,84.8200,46453.57,1770745799999,3943571.076900,6027,26285.87,2231604.594200,0
1770745800000,84.8200,84.9500,84.6500,84.7100,38704.11,1770746099999,3282269.125700,5094,19669.39,1668155.892400,0
1770746100000,84.7200,84.8700,84.6500,84.8700,42125.45,1770746399999,3569946.978900,4298,26833.57,2274243.486600,0
1770746400000,84.8700,84.9300,84.5200,84.5300,65375.33,1770746699999,5539452.254100,7702,30333.88,2570994.745200,0
1770746700000,84.5300,84.5700,84.3100,84.4600,74662.54,1770746999999,6302141.459500,7760,34020.98,2871250.879300,0
1770747000000,84.4600,84.4900,84.2200,84.3800,117011.89,1770747299999,9869449.081300,7895,70029.50,5907147.815300,0
1770747300000,84.3800,84.5400,84.3200,84.4800,54824.30,1770747599999,4628326.252900,5980,30933.05,2611445.473300,0
1770747600000,84.4900,84.5300,83.8800,84.0000,177884.38,1770747899999,14958357.488600,13357,73774.34,6204261.390400,0
1770747900000,84.0100,84.0800,83.3300,83.3900,224715.54,1770748199999,18772816.114200,16529,81532.06,6811099.841400,0
1770748200000,83.3800,83.6300,83.0400,83.1500,198706.50,1770748499999,16556572.479300,15887,100067.75,8341176.297400,0
1770748500000,83.1500,83.6300,83.1300,83.5100,120827.01,1770748799999,10081174.832300,11152,71749.96,5986505.683700,0
1770748800000,83.5100,83.6000,83.3000,83.3700,55279.18,1770749099999,4612957.217600,6222,26293.21,2194190.246900,0
1770749100000,83.3600,83.4200,82.6600,82.7900,292181.82,1770749399999,24220528.527800,20736,102708.50,8514475.067300,0
1770749400000,82.7800,83.0300,82.7700,82.9400,90725.36,1770749699999,7520532.702000,9619,58165.77,4821640.011100,0
1770749700000,82.9400,83.1600,82.8200,82.8900,101944.37,1770749999999,8462618.622000,8853,57785.25,4797376.232800,0
1770750000000,82.8900,83.0300,82.5600,82.6400,127059.85,1770750299999,10523649.009800,12056,62004.03,5136013.775000,0
1770750300000,82.6400,82.9400,82.6200,82.8900,110028.43,1770750599999,9111005.783900,9638,69059.47,5718267.136500,0
1770750600000,82.8900,82.9600,82.6900,82.8900,58583.78,1770750899999,4852191.369300,6897,33065.26,2738802.907200,0
1770750900000,82.8800,82.9600,82.3900,82.6400,194186.63,1770751199999,16042550.812000,13564,80130.59,6624177.080800,0
1770751200000,82.6500,82.7900,82.5900,82.7500,53002.67,1770751499999,4383071.693300,5569,28895.64,2389201.474700,0
1770751500000,82.7400,82.7800,82.5400,82.7600,80292.65,1770751799999,6635896.327100,6745,50636.20,4185459.488700,0
1770751800000,82.7600,83.1400,82.7600,82.9600,100105.49,1770752099999,8302629.122900,8881,58455.48,4847951.248100,0
1770752100000,82.9500,83.4700,82.9200,83.4000,115535.59,1770752399999,9629653.650200,11543,68174.59,5681903.353000,0
1770752400000,83.4100,83.4100,83.2700,83.3500,62416.27,1770752699999,5201886.700800,5470,34438.04,2870211.748700,0
1770752700000,83.3500,83.4500,83.2100,83.2800,49602.97,1770752999999,4134268.656700,5953,28554.69,2380206.977600,0
1770753000000,83.2900,83.2900,82.9800,82.9900,61950.88,1770753299999,5150353.680300,5841,26676.29,2217863.022500,0
1770753300000,83.0000,83.0800,82.9400,83.0500,38473.87,1770753599999,3193827.926300,3938,23498.39,1950699.508700,0
1770753600000,83.0400,83.1900,82.8400,82.9100,58354.87,1770753899999,4843197.142000,6442,30647.60,2544372.815900,0
1770753900000,82.9200,82.9900,82.7300,82.7500,77136.38,1770754199999,6391280.079600,5964,31868.75,2640769.312700,0
1770754200000,82.7500,82.7900,82.5900,82.6100,80275.69,1770754499999,6637337.169600,5765,44798.01,3704301.759700,0
1770754500000,82.6100,82.8200,82.6000,82.7700,73070.71,1770754799999,6044122.807800,6242,36044.42,2981608.671600,0
1770754800000,82.7700,82.9000,82.6700,82.6800,44769.88,1770755099999,3706122.564400,4074,26515.62,2195152.430600,0
1770755100000,82.6800,82.8000,82.5700,82.6500,70206.55,1770755399999,5804538.252700,5405,33088.10,2736254.812600,0
1770755400000,82.6400,83.0000,82.3100,82.3900,247042.34,1770755699999,20419624.098300,14241,107568.82,8896965.808000,0
1770755700000,82.4000,82.6300,82.2500,82.6000,126364.60,1770755999999,10415676.530900,8937,61574.68,5076163.407000,0
1770756000000,82.6000,82.7100,82.5300,82.7100,46098.80,1770756299999,3808330.325200,4813,29858.90,2466733.688400,0
1770756300000,82.7100,82.8500,82.5400,82.6800,53579.65,1770756599999,4431828.520000,6079,29592.01,2448131.251900,0
1770756600000,82.6800,82.7000,82.4400,82.6400,52411.34,1770756899999,4329332.285600,6315,25613.52,2115712.791100,0
1770756900000,82.6400,82.7500,82.5000,82.6000,88958.84,1770757199999,7351428.662800,7100,40758.15,3368118.305600,0
1770757200000,82.5900,82.8100,82.5400,82.7300,64391.23,1770757499999,5326535.557400,7662,34927.94,2889092.020000,0
1770757500000,82.7300,82.8900,82.6800,82.7300,42358.75,1770757799999,3506261.453200,5224,25000.61,2069549.809000,0
1770757800000,82.7400,82.7600,82.5900,82.6500,31575.45,1770758099999,2610612.455700,4168,19006.95,1571496.024800,0
1770758100000,82.6500,82.7700,82.6100,82.7500,27007.67,1770758399999,2233644.687900,3596,17126.58,1416503.233000,0
1770758400000,82.7400,82.8200,82.5900,82.6300,28293.45,1770758699999,2340462.952400,3379,14669.49,1213519.541900,0
1770758700000,82.6300,82.6800,82.3300,82.3500,63143.06,1770758999999,5210001.378800,5165,22404.91,1848520.740000,0
1770759000000,82.3500,82.4000,81.8400,81.9600,244865.96,1770759299999,20096556.635400,17224,97754.88,8024331.221300,0
1770759300000,81.9500,82.1200,81.8800,82.0600,71947.02,1770759599999,5899768.626600,6714,39579.97,3245781.600900,0
1770759600000,82.0600,82.1800,81.8900,82.1300,87177.86,1770759899999,7149282.586700,7593,41730.69,3422399.045600,0
1770759900000,82.1300,82.4100,82.1100,82.2800,65778.29,1770760199999,5412838.065600,5606,37562.84,3090867.606700,0
1770760200000,82.2900,82.4600,82.2800,82.4400,41818.17,1770760499999,3445486.391500,4507,30661.13,2526103.265700,0
1770760500000,82.4400,82.4900,82.2800,82.4100,48317.60,1770760799999,3981519.333100,4568,25892.36,2133628.159000,0
1770760800000,82.4200,82.6400,82.4200,82.5900,51868.95,1770761099999,4281070.802700,5601,31143.23,2570400.813800,0
1770761100000,82.5900,82.6400,82.3100,82.4100,47781.69,1770761399999,3940483.036900,4784,22305.77,1839300.811700,0
1770761400000,82.4100,82.5200,82.3600,82.3700,36022.15,1770761699999,2969478.705400,3891,19610.58,1616603.159900,0
1770761700000,82.3800,82.5200,82.3600,82.3600,24182.15,1770761999999,1993384.696700,2993,12433.37,1024869.801900,0
1770762000000,82.3600,82.5300,82.3300,82.5100,35385.90,1770762299999,2916692.207000,3344,19916.48,1641509.239200,0
1770762300000,82.5100,82.6300,82.4400,82.6200,48530.44,1770762599999,4005797.254500,4371,30980.21,2557157.651700,0
1770762600000,82.6100,82.7400,82.5500,82.7200,51326.37,1770762899999,4241109.225500,3961,24689.98,2040131.871200,0
1770762900000,82.7300,82.9100,82.7300,82.8600,50599.19,1770763199999,4190374.325500,4665,31753.47,2629738.623400,0
1770763200000,82.8700,82.9500,82.6000,82.7000,38707.18,1770763499999,3203768.147200,4583,21960.10,1818008.709500,0
1770763500000,82.7100,82.7800,82.5700,82.6300,26531.18,1770763799999,2193543.769900,4146,14086.20,1164566.484400,0
1770763800000,82.6300,82.6900,82.5900,82.6400,16936.12,1770764099999,1399503.365500,2391,9095.80,751624.010700,0
1770764100000,82.6500,82.8000,82.5100,82.5500,41699.44,1770764399999,3447398.913900,4190,18673.72,1544130.473500,0
1770764400000,82.5400,82.6900,82.4800,82.5400,40546.33,1770764699999,3347542.011400,4970,23162.31,1912525.233600,0
1770764700000,82.5400,82.5600,82.3900,82.4800,49279.93,1770764999999,4064165.110700,5390,20841.69,1718776.666000,0
1770765000000,82.4900,82.5900,82.4500,82.5100,33178.20,1770765299999,2738258.275600,3757,18592.69,1534390.756900,0
1770765300000,82.5100,82.5200,82.3100,82.4800,53462.66,1770765599999,4407063.927800,4759,24910.79,2053758.893000,0
1770765600000,82.4800,82.6200,82.4600,82.4600,49054.29,1770765899999,4048869.095300,4747,29034.23,2396680.296400,0
1770765900000,82.4600,82.6800,82.4600,82.6400,43485.16,1770766199999,3592082.385600,4285,29990.53,2477350.256700,0
1770766200000,82.6300,82.9100,82.5900,82.7500,50014.31,1770766499999,4139216.255800,5299,29500.25,2441103.778600,0
1770766500000,82.7400,82.9000,82.7200,82.8100,27448.59,1770766799999,2272972.588300,3628,16276.10,1347974.320100,0
1770766800000,82.8100,82.9200,82.7100,82.8800,43510.84,1770767099999,3603180.556500,4648,26167.93,2167406.952800,0
1770767100000,82.8900,82.9600,82.7500,82.8800,60258.62,1770767399999,4993173.902200,5362,29226.33,2421576.265100,0
1770767400000,82.8800,82.9200,82.7900,82.8900,30280.44,1770767699999,2508811.380500,3331,13194.91,1093232.612500,0
1770767700000,82.8900,82.9600,82.8500,82.9500,18117.25,1770767999999,1502012.575000,2648,10754.88,891689.049600,0
1770768000000,82.9600,83.0900,82.8800,83.0600,55558.86,1770768299999,4611111.752100,6306,35142.64,2917060.691700,0
1770768300000,83.0600,83.2700,83.0400,83.1400,73449.22,1770768599999,6108757.439600,6833,43804.29,3643145.698000,0
1770768600000,83.1500,83.1600,82.9400,82.9900,47726.93,1770768899999,3963120.408900,5433,18973.40,1575843.874700,0
1770768900000,82.9900,83.1800,82.9600,83.1400,35317.16,1770769199999,2933353.436600,3821,25221.56,2094978.743600,0
1770769200000,83.1400,83.3400,83.0900,83.2700,64023.56,1770769499999,5329165.040600,5304,43811.86,3647209.514200,0
1770769500000,83.2700,83.4700,83.2500,83.4200,86296.84,1770769799999,7196992.042300,6239,60252.79,5024832.393300,0
1770769800000,83.4200,83.4700,83.3400,83.4400,41027.73,1770770099999,3422562.837300,4791,17797.12,1484847.706400,0
1770770100000,83.4500,83.6800,83.3800,83.4200,96085.98,1770770399999,8029619.856200,7705,51063.10,4266867.063100,0
1770770400000,83.4200,83.4600,83.2200,83.3000,51067.33,1770770699999,4255353.535900,5236,22087.41,1840644.612700,0
1770770700000,83.3100,83.3800,83.2100,83.3700,44076.22,1770770999999,3670635.426100,4529,17520.95,1459466.411500,0
1770771000000,83.3700,83.5600,83.3200,83.5400,24044.58,1770771299999,2006320.717500,3288,12829.25,1070621.016400,0
1770771300000,83.5400,83.5500,83.4100,83.4200,24427.88,1770771599999,2039424.275900,3009,8330.65,695498.888900,0
1770771600000,83.4100,83.6100,83.3700,83.5700,44024.77,1770771899999,3676454.044600,4868,31851.13,2659770.653700,0
1770771900000,83.5700,83.5700,83.2600,83.3600,35737.42,1770772199999,2979686.696500,4366,14186.76,1182988.504400,0
1770772200000,83.3500,83.4300,83.2500,83.4300,31526.26,1770772499999,2627178.793600,3499,14285.96,1190613.523000,0
1770772500000,83.4200,83.5400,83.3800,83.5300,28416.86,1770772799999,2371103.203500,3359,14728.24,1228931.340200,0
1770772800000,83.5300,83.5400,83.1500,83.1700,31948.69,1770773099999,2661000.974000,3706,9474.39,789227.908000,0
1770773100000,83.1800,83.2900,83.1400,83.2300,25867.44,1770773399999,2152427.998100,3079,13295.76,1106351.061900,0
1770773400000,83.2400,83.4700,83.2400,83.4700,37763.96,1770773699999,3148947.434500,4101,22742.82,1896587.330500,0
1770773700000,83.4700,83.6500,83.4300,83.4500,43792.97,1770773999999,3658403.954800,4608,25315.07,2114877.278300,0
1770774000000,83.4600,83.7400,83.4600,83.6700,33049.50,1770774299999,2763758.352800,4400,18777.78,1570372.085700,0
1770774300000,83.6600,83.7400,83.5400,83.5900,21131.03,1770774599999,1766814.259800,3368,8783.98,734466.296500,0
1770774600000,83.5900,83.7100,83.5000,83.6100,33178.86,1770774899999,2774007.688400,3040,16846.46,1408441.158000,0
1770774900000,83.6100,83.7300,83.5500,83.7300,30794.69,1770775199999,2575522.799700,3755,19059.04,1594105.731000,0
1770775200000,83.7200,84.1600,83.6600,84.0200,184177.90,1770775499999,15455895.664600,12773,121541.90,10198690.763200,0
1770775500000,84.0100,84.0300,83.8900,84.0100,45699.66,1770775799999,3837499.044100,5022,24225.74,2034270.370900,0
1770775800000,84.0000,84.0700,83.8600,83.8600,39255.49,1770776099999,3296108.658200,5062,13589.62,1140960.762800,0
1770776100000,83.8700,84.1000,83.8600,84.0600,34258.97,1770776399999,2878312.888700,4744,16596.51,1394275.635400,0
1770776400000,84.0600,84.3400,84.0200,84.1400,85227.02,1770776699999,7176298.175400,7702,48249.88,4062963.428600,0
1770776700000,84.1400,84.2900,84.0700,84.1700,42056.22,1770776999999,3539555.535000,4990,16790.30,1413175.642700,0
1770777000000,84.1700,84.2900,84.1600,84.1900,31282.46,1770777299999,2634562.711400,4522,15309.92,1289364.128600,0
1770777300000,84.1800,84.2300,83.9800,83.9900,42139.79,1770777599999,3544889.709500,5013,15480.34,1302441.466300,0
1770777600000,83.9900,84.0900,83.9000,83.9300,60071.72,1770777899999,5045378.785200,5889,26170.06,2198143.602400,0
1770777900000,83.9200,83.9500,83.5500,83.5900,96806.80,1770778199999,8106014.542600,9404,28282.20,2368000.966700,0
1770778200000,83.5900,83.7000,83.5600,83.6100,34350.33,1770778499999,2873073.256700,4588,16326.81,1365488.847600,0
1770778500000,83.6100,83.6900,83.4600,83.4900,35209.53,1770778799999,2942713.951300,4537,16238.08,1357337.343900,0
1770778800000,83.4900,83.5700,83.2300,83.4000,84393.76,1770779099999,7040632.852800,9287,42127.37,3515590.682100,0
1770779100000,83.4000,83.6100,83.2900,83.5700,75699.19,1770779399999,6318618.245300,9116,25445.07,2124550.811300,0
1770779400000,83.5600,83.6100,83.2100,83.2100,38438.58,1770779699999,3206041.576700,5513,14651.62,1222424.909500,0
1770779700000,83.2100,83.2400,82.6000,82.6300,217063.75,1770779999999,18004016.454200,17251,73399.76,6088069.857900,0
1770780000000,82.6200,82.9400,82.5300,82.9100,171898.39,1770780299999,14210272.126800,13700,83074.52,6868263.882900,0
1770780300000,82.9100,83.2800,82.9000,83.0200,88441.38,1770780599999,7346894.114200,8782,45390.75,3771182.106600,0
1770780600000,83.0200,83.2500,82.9700,83.1500,49852.36,1770780899999,4144886.198700,5968,27752.84,2307590.294600,0
1770780900000,83.1400,83.3500,83.1400,83.3000,40075.38,1770781199999,3336939.515300,5109,25896.77,2156453.296000,0
1770781200000,83.3000,83.8000,83.3000,83.6500,108061.57,1770781499999,9038210.153800,11180,57859.00,4837614.084500,0
1770781500000,83.6600,83.7300,83.5000,83.5000,45279.70,1770781799999,3785584.941600,5524,16213.07,1355627.165600,0
1770781800000,83.5000,83.5700,83.3200,83.3300,46248.02,1770782099999,3857901.398200,4714,22313.99,1861366.104200,0
1770782100000,83.3400,83.4300,83.2100,83.2800,64505.28,1770782399999,5374345.337900,5036,21212.43,1767206.938800,0
1770782400000,83.2700,83.4900,83.2500,83.3400,49003.32,1770782699999,4085357.327200,5911,23301.91,1942913.775900,0
1770782700000,83.3500,83.4100,83.0600,83.2200,46485.27,1770782999999,3869650.196700,5869,21937.59,1826326.542400,0
1770783000000,83.2200,83.2200,82.8400,82.8900,97214.03,1770783299999,8068644.171900,7916,37625.11,3122464.225200,0
1770783300000,82.9000,82.9900,82.6700,82.9500,101898.15,1770783599999,8445036.884500,8714,56777.56,4706291.528300,0
1770783600000,82.9500,82.9700,82.2600,82.5000,161643.17,1770783899999,13339458.615600,13602,53990.77,4454014.495800,0
1770783900000,82.5100,82.7300,82.4700,82.5200,110572.18,1770784199999,9132795.604000,10751,48261.46,3986635.903300,0
1770784200000,82.5200,82.5800,82.2500,82.3700,134386.72,1770784499999,11078404.427300,13225,67730.34,5585385.864800,0
1770784500000,82.3600,82.5200,81.9600,82.0900,188578.73,1770784799999,15500895.115000,16194,84218.67,6925210.065800,0
1770784800000,82.0900,82.2700,81.8800,82.1100,205582.09,1770785099999,16869913.166000,15984,102160.93,8385954.208700,0
1770785100000,82.1200,82.3600,82.0900,82.3000,99245.54,1770785399999,8160439.661300,10120,52739.07,4336844.116800,0
1770785400000,82.3000,82.3500,81.6400,81.7600,204317.37,1770785699999,16738666.793400,15576,62785.17,5143818.428600,0
1770785700000,81.7600,81.9900,81.6300,81.9200,81974.67,1770785999999,6705036.675200,9065,41194.96,3370490.642900,0
1770786000000,81.9200,82.3200,81.9000,82.1500,126648.65,1770786299999,10401725.556000,11017,90153.20,7404623.617900,0
1770786300000,82.1500,82.2900,82.1400,82.2900,35767.86,1770786599999,2940405.432000,5455,22273.49,1831147.077400,0
1770786600000,82.2900,82.3500,82.0900,82.1800,48504.85,1770786899999,3988752.100100,5494,19248.35,1582608.832000,0
1770786900000,82.1800,82.3100,82.0000,82.0200,50867.92,1770787199999,4179376.870700,5679,22069.22,1813776.744900,0
1770787200000,82.0200,82.2200,81.9600,82.1000,52636.27,1770787499999,4321704.355400,5108,26123.91,2145175.706200,0
1770787500000,82.0900,82.1300,81.9500,82.0300,39315.43,1770787799999,3224483.176300,3896,17154.72,1407038.316700,0
1770787800000,82.0300,82.1000,81.9400,82.0100,41739.83,1770788099999,3422915.854300,4398,18253.41,1496788.983000,0
1770788100000,82.0100,82.1300,81.8800,82.0200,62183.60,1770788399999,5097752.550600,6359,31478.55,2580640.846700,0
1770788400000,82.0100,82.0600,81.7600,81.7800,59679.07,1770788699999,4888205.468900,5861,27693.18,2268833.657200,0
1770788700000,81.7800,81.9100,81.6700,81.8900,52527.47,1770788999999,4297077.078400,5516,28480.52,2330345.359000,0
1770789000000,81.8900,81.9900,81.8400,81.9100,42987.48,1770789299999,3521626.090600,4059,17258.82,1413892.374600,0
1770789300000,81.9100,81.9400,81.8000,81.8500,32387.85,1770789599999,2651137.993500,3621,10789.55,883237.328400,0
1770789600000,81.8500,81.9300,81.7800,81.7900,73597.01,1770789899999,6024235.932700,6254,29902.17,2447908.350500,0
1770789900000,81.7800,81.8200,81.2200,81.2300,276798.91,1770790199999,22547660.366900,18475,93024.13,7575091.033500,0
1770790200000,81.2300,81.3500,80.7400,80.8800,392990.92,1770790499999,31832655.537400,25595,146306.81,11853020.303900,0
1770790500000,80.8700,81.0500,80.5200,80.7900,358655.48,1770790799999,28966121.368900,23927,162682.71,13142038.677500,0
1770790800000,80.7900,81.2600,80.6400,81.2000,251929.01,1770791099999,20381840.368000,16950,138232.26,11190909.168200,0
1770791100000,81.2000,81.6000,81.2000,81.4600,193826.89,1770791399999,15786921.655500,13222,95892.74,7809358.818200,0
1770791400000,81.4700,81.6100,81.3000,81.3200,125910.42,1770791699999,10252458.719100,9316,56747.96,4621900.570100,0
1770791700000,81.3200,81.4400,81.2800,81.3400,45618.67,1770791999999,3711091.028500,5342,24973.57,2031644.223200,0
1770792000000,81.3300,81.3700,81.0800,81.1200,114124.50,1770792299999,9269375.052000,7780,32783.31,2662938.293200,0
1770792300000,81.1200,81.1900,80.8600,80.8900,114926.77,1770792599999,9310078.036500,9524,40464.70,3279042.107400,0
1770792600000,80.9000,81.0200,80.6700,80.9000,154254.46,1770792899999,12473909.040500,10728,80178.75,6483898.256800,0
1770792900000,80.9000,80.9500,80.7700,80.8200,95646.04,1770793199999,7734164.254800,6708,56854.69,4597996.059900,0
1770793200000,80.8300,80.8800,80.6500,80.8600,124714.14,1770793499999,10072931.493900,8807,64728.37,5228311.048300,0
1770793500000,80.8700,81.1200,80.6700,80.6900,122856.97,1770793799999,9942818.531100,10032,63041.93,5103344.360400,0
1770793800000,80.7000,80.7600,80.5500,80.6300,77953.91,1770794099999,6285071.750000,6933,36935.82,2978049.768100,0
1770794100000,80.6400,80.6700,80.3300,80.5800,192560.81,1770794399999,15499721.359100,12434,86280.01,6948503.505800,0
1770794400000,80.5900,80.6200,80.2300,80.6000,116370.18,1770794699999,9360183.662300,9045,51151.01,4115312.906800,0
1770794700000,80.6000,80.8000,80.5100,80.7500,121340.84,1770794999999,9790298.237800,8737,75599.35,6100369.060700,0
1770795000000,80.7400,80.9500,80.6100,80.9400,113404.88,1770795299999,9158458.114000,8833,64069.52,5174708.675100,0
1770795300000,80.9400,81.1900,80.9100,80.9900,104136.05,1770795599999,8438508.868700,8998,56745.89,4598285.180000,0
1770795600000,80.9800,81.1300,80.8600,81.1300,79364.19,1770795899999,6427183.779500,6495,43878.20,3554186.466900,0
1770795900000,81.1200,81.2700,81.0700,81.0700,87135.70,1770796199999,7072163.471300,7018,47468.15,3853164.340900,0
1770796200000,81.0800,81.3300,81.0600,81.2100,60003.86,1770796499999,4873782.040100,5661,39221.82,3186130.262600,0
1770796500000,81.2200,81.2200,80.9500,80.9600,62749.74,1770796799999,5084597.122700,5017,23551.57,1908505.377600,0
1770796800000,80.9500,81.0300,80.8400,80.8600,63445.02,1770797099999,5135918.704100,6013,26515.21,2146651.838900,0
1770797100000,80.8600,81.0300,80.5300,80.6600,116038.60,1770797399999,9368794.898100,10087,45348.79,3662128.612200,0
1770797400000,80.6500,80.8800,80.4800,80.7800,90636.13,1770797699999,7318545.575300,8347,42785.32,3454853.492700,0
1770797700000,80.7800,80.9700,80.6600,80.9300,74398.05,1770797999999,6014176.378700,7207,39715.82,3210684.977400,0
1770798000000,80.9300,81.0800,80.8700,80.9100,57727.01,1770798299999,4674019.102600,6111,34401.34,2785712.468800,0
1770798300000,80.9100,80.9900,80.7400,80.8500,33858.64,1770798599999,2736903.005800,4441,14025.82,1133604.818400,0
1770798600000,80.8400,80.9800,80.7100,80.9200,47259.44,1770798899999,3821035.252200,5238,23306.88,1884498.372100,0
1770798900000,80.9200,81.1500,80.8300,80.9000,60199.64,1770799199999,4874771.705900,6039,36015.70,2916843.472300,0
1770799200000,80.9000,81.0700,80.8500,81.0600,39267.94,1770799499999,3179001.264700,4295,21319.44,1726489.263200,0
1770799500000,81.0500,81.1600,81.0100,81.0100,82274.87,1770799799999,6673241.194400,5892,52111.35,4226977.482000,0
1770799800000,81.0200,81.1600,80.8500,80.9100,46316.81,1770800099999,3751577.697300,4650,15953.57,1292611.729800,0
1770800100000,80.9100,81.0800,80.8700,81.0400,25477.76,1770800399999,2063296.887900,3694,15916.41,1288988.907000,0
1770800400000,81.0400,81.2500,80.9700,80.9900,85781.73,1770800699999,6958200.210200,6776,38767.45,3145359.259800,0
1770800700000,80.9900,81.0800,80.8000,80.8700,90823.86,1770800999999,7348432.801800,7035,34212.41,2768111.228900,0
1770801000000,80.8800,80.9700,80.8400,80.9400,46771.31,1770801299999,3784075.853000,4420,27685.02,2239884.809300,0
1770801300000,80.9400,81.1000,80.8000,80.9300,89442.03,1770801599999,7237908.559600,6536,34933.89,2827302.858000,0
1770801600000,80.9200,81.0000,80.7600,80.8400,33641.66,1770801899999,2720971.035200,3894,18286.46,1479182.240400,0
1770801900000,80.8400,81.0800,80.8300,81.0500,40042.42,1770802199999,3242311.070700,3604,28703.49,2324531.030200,0
1770802200000,81.0500,81.2300,81.0200,81.0200,87938.47,1770802499999,7134399.779600,6614,46629.01,3783274.372600,0
1770802500000,81.0200,81.1300,80.9800,81.0000,25524.01,1770802799999,2068878.486800,3087,10528.89,853425.732200,0
1770802800000,81.0000,81.0600,80.8700,80.9700,53028.84,1770803099999,4292669.048200,4156,30100.71,2436210.006400,0
1770803100000,80.9700,80.9800,80.6700,80.7100,110247.92,1770803399999,8906058.474100,6656,37798.48,3053443.970800,0
1770803400000,80.7200,80.8400,80.6200,80.6800,69138.81,1770803699999,5580679.074200,5840,43901.80,3543521.126200,0
1770803700000,80.6800,80.7700,80.6300,80.7600,30924.10,1770803999999,2495873.192200,2983,18456.96,1489721.678900,0
1770804000000,80.7500,80.8000,80.5300,80.6000,108221.40,1770804299999,8727314.613500,7941,50000.18,4032580.667600,0
1770804300000,80.6100,80.7400,80.5400,80.6000,53357.00,1770804599999,4302168.600200,5660,26474.77,2134832.619500,0
1770804600000,80.6000,80.8900,80.5700,80.6600,54543.87,1770804899999,4404026.932800,5693,24540.78,1981679.420900,0
1770804900000,80.6500,80.7800,80.6300,80.6900,45935.42,1770805199999,3706528.313500,4193,15240.74,1229896.957900,0
1770805200000,80.6900,80.8800,80.6300,80.7800,48126.03,1770805499999,3887357.044500,4004,25713.75,2077511.677800,0
1770805500000,80.7800,80.9700,80.6800,80.8700,75823.70,1770805799999,6131943.592300,5004,44479.97,3597185.319000,0
1770805800000,80.8800,80.8900,80.5100,80.5200,39579.88,1770806099999,3194428.363500,4455,15390.80,1242910.831700,0
1770806100000,80.5200,80.5700,80.3300,80.5400,161641.06,1770806399999,13001804.510000,10447,69425.53,5584722.026800,0
1770806400000,80.5400,80.6900,80.4900,80.6300,96757.04,1770806699999,7797598.163700,6120,56673.38,4567080.512400,0
1770806700000,80.6300,80.7400,80.5400,80.5600,55675.93,1770806999999,4489518.270600,5412,25063.60,2021250.934200,0
1770807000000,80.5600,80.7000,80.3800,80.4800,120408.22,1770807299999,9690968.499500,8271,53510.80,4306890.590700,0
1770807300000,80.4700,80.7500,80.3600,80.6700,63295.93,1770807599999,5098678.430000,6506,38763.42,3122999.204400,0
1770807600000,80.6600,80.9700,80.6100,80.9500,112393.22,1770807899999,9085448.016500,9529,52858.22,4273295.734200,0
1770807900000,80.9600,81.0100,80.7700,80.8500,69691.15,1770808199999,5636153.974700,6460,32426.00,2622572.933300,0
1770808200000,80.8500,80.9600,80.8100,80.8100,29830.68,1770808499999,2412468.921500,3799,14004.77,1132731.485300,0
1770808500000,80.8100,81.0800,80.7600,81.0300,59417.15,1770808799999,4810480.593800,5500,38652.66,3129714.562300,0
1770808800000,81.0300,81.2900,81.0300,81.2600,235223.60,1770809099999,19095635.982600,11280,157896.30,12818860.396300,0
1770809100000,81.2600,81.4400,81.1400,81.3000,148857.20,1770809399999,12102008.577100,9668,84098.19,6836616.362900,0
1770809400000,81.3100,81.3700,81.2200,81.2900,73804.27,1770809699999,5999609.220900,6049,29091.44,2365013.339800,0
1770809700000,81.3000,81.4000,81.2600,81.2700,46279.11,1770809999999,3764366.032000,4388,29790.07,2423332.624500,0
1770810000000,81.2700,81.2800,81.0700,81.1100,63411.57,1770810299999,5145619.859600,4611,23387.95,1897719.274800,0
1770810300000,81.1200,81.1800,81.0100,81.1500,70440.88,1770810599999,5712207.679200,4703,44141.70,3579773.473300,0
1770810600000,81.1500,81.3200,81.1100,81.2500,128623.11,1770810899999,10447095.990100,6750,74584.90,6057446.131700,0
1770810900000,81.2400,81.2500,81.1800,81.2100,40168.13,1770811199999,3262168.865600,3364,14465.55,1174845.032000,0
1770811200000,81.2000,81.2500,80.9600,80.9700,89716.52,1770811499999,7276241.072200,7562,39163.45,3176831.591200,0
1770811500000,80.9800,81.3500,80.9800,81.1600,167263.55,1770811799999,13581854.990800,10252,85569.98,6948592.309300,0
1770811800000,81.1700,81.1800,80.9000,80.9400,70399.66,1770812099999,5703332.509400,5121,28667.63,2322666.699300,0
1770812100000,80.9300,81.0400,80.9100,81.0200,73063.34,1770812399999,5916439.971500,4925,47376.06,3836391.236300,0
1770812400000,81.0200,81.4100,81.0200,81.3800,143647.87,1770812699999,11678131.667800,8770,81320.04,6610503.617700,0
1770812700000,81.3800,81.4000,81.1900,81.2300,127445.51,1770812999999,10359954.502000,6775,36149.65,2938709.590600,0
1770813000000,81.2400,81.2800,81.1500,81.2300,36217.88,1770813299999,2941407.034500,4005,19039.62,1546428.488900,0
1770813300000,81.2300,81.4200,81.1500,81.2200,106384.25,1770813599999,8648721.767400,6528,65007.16,5284914.109400,0
1770813600000,81.2200,81.2200,81.0700,81.1400,67444.07,1770813899999,5471414.875700,5068,23270.40,1887836.794200,0
1770813900000,81.1400,81.1500,81.0300,81.1100,27644.13,1770814199999,2241616.271800,3288,10729.76,870056.928700,0
1770814200000,81.1200,81.1800,81.0600,81.1400,29139.58,1770814499999,2364229.510200,3236,13787.96,1118708.806000,0
1770814500000,81.1400,81.1800,81.0700,81.1300,29170.79,1770814799999,2367026.305100,2759,16147.43,1310322.186500,0
1770814800000,81.1400,81.2300,81.0600,81.0700,52199.76,1770815099999,4235886.903200,4426,24281.09,1970446.700300,0
1770815100000,81.0800,81.2800,80.9400,80.9900,69937.44,1770815399999,5669437.517800,6427,26856.32,2177426.711000,0
1770815400000,80.9900,81.0200,80.8500,81.0100,105730.99,1770815699999,8556420.696600,6196,46846.46,3791753.946000,0
1770815700000,81.0200,81.0200,80.8400,80.9000,83824.37,1770815999999,6783065.632300,5404,49341.34,3992730.835000,0
1770816000000,80.8900,81.0700,80.8900,80.9300,47815.43,1770816299999,3872192.744400,4589,22830.57,1848955.917700,0
1770816300000,80.9400,80.9400,80.6300,80.8500,114249.22,1770816599999,9227201.690700,7962,45351.71,3662743.876400,0
1770816600000,80.8400,81.8200,80.5800,81.6500,681358.89,1770816899999,55407998.677100,43239,390230.99,31739231.897700,0
1770816900000,81.6500,81.6700,81.2400,81.5400,223070.00,1770817199999,18169020.127400,16518,99084.11,8069422.531300,0
1770817200000,81.5500,81.5500,81.1000,81.2300,112860.50,1770817499999,9171029.003500,8828,48367.34,3929685.556100,0
1770817500000,81.2300,81.5100,81.1800,81.3700,91890.87,1770817799999,7476561.127500,9065,52067.80,4236823.767500,0
1770817800000,81.3700,81.4500,80.8600,81.1300,119017.98,1770818099999,9648850.629300,10204,54581.29,4424380.832300,0
1770818100000,81.1400,81.7700,81.1400,81.6100,140145.57,1770818399999,11426434.877600,10877,84660.30,6902307.390700,0
1770818400000,81.6100,82.1900,81.5500,82.0200,339953.57,1770818699999,27852658.112000,22321,197552.30,16189080.349800,0
1770818700000,82.0200,82.2000,81.7700,82.0600,260018.56,1770818999999,21323932.549100,16355,157448.43,12912698.267600,0
1770819000000,82.0600,83.1300,81.9600,82.8200,759299.14,1770819299999,62757518.980400,39136,452900.98,37428627.908000,0
1770819300000,82.8100,82.9500,82.5500,82.6300,281983.35,1770819599999,23340859.342100,21114,151858.41,12574976.423700,0
1770819600000,82.6300,82.6300,81.8300,81.8600,309756.31,1770819899999,25450616.410000,19415,125005.69,10267533.904000,0
1770819900000,81.8600,82.0600,81.7800,81.8700,185404.34,1770820199999,15189606.744100,12161,126657.37,10376760.686400,0
1770820200000,81.8700,82.2600,81.1500,81.3700,385790.07,1770820499999,31537065.980300,32104,168593.18,13786017.034600,0
1770820500000,81.3800,81.6000,80.9700,81.0000,390171.27,1770820799999,31697226.524100,28591,173242.10,14074344.173700,0
1770820800000,81.0000,81.2000,80.6100,81.0800,309223.04,1770821099999,25028812.964100,28704,139499.90,11292708.284900,0
1770821100000,81.0800,81.2900,80.5500,80.6600,236916.53,1770821399999,19160360.366400,24470,106114.48,8583255.499200,0
1770821400000,80.6700,80.8800,80.3000,80.6900,368984.76,1770821699999,29749866.014300,26821,170703.87,13769082.004300,0
1770821700000,80.6900,80.8100,79.7000,79.9100,541775.62,1770821999999,43340567.896800,37564,228587.97,18282035.247700,0
1770822000000,79.9000,80.2900,79.4700,79.6200,456358.34,1770822299999,36442695.811500,34875,225480.34,18014824.215900,0
1770822300000,79.6200,79.9100,78.7300,78.9200,666063.59,1770822599999,52732405.505400,42933,300376.91,23786041.765000,0
1770822600000,78.9200,79.3300,78.5200,79.1500,476259.34,1770822899999,37559178.490800,31772,231975.89,18300404.050200,0
1770822900000,79.1500,79.5500,78.8900,79.2900,366115.97,1770823199999,29011924.356000,32884,212278.33,16825280.341400,0
1770823200000,79.2900,79.8600,79.0300,79.3900,345704.88,1770823499999,27465229.608900,29586,194588.40,15460701.047000,0
1770823500000,79.3900,79.6300,79.0000,79.3300,214184.56,1770823799999,16991007.933300,23649,124864.65,9905842.810400,0
1770823800000,79.3300,79.5700,79.2500,79.5200,209205.59,1770824099999,16618420.940500,21733,119691.63,9507859.031400,0
1770824100000,79.5200,79.8500,79.3800,79.6700,192683.68,1770824399999,15340415.025400,19576,115555.29,9201067.707500,0
1770824400000,79.6800,80.1800,79.6500,80.0700,274974.10,1770824699999,21984443.027400,21753,162063.61,12957053.960100,0
1770824700000,80.0800,80.2200,79.5000,79.5000,176709.70,1770824999999,14116211.258200,16988,83671.12,6687577.166900,0
1770825000000,79.5000,80.0100,79.3000,79.9200,177551.85,1770825299999,14139796.709300,16538,106765.42,8502827.180800,0
1770825300000,79.9100,80.1400,79.6100,79.6500,138972.91,1770825599999,11101651.079900,13074,67942.60,5429092.211300,0
1770825600000,79.6600,79.8700,79.5000,79.7400,161238.24,1770825899999,12840259.539900,14807,98239.68,7823966.849800,0
1770825900000,79.7400,79.9100,79.6800,79.8600,126472.12,1770826199999,10093859.540700,13103,64818.05,5172763.839600,0
1770826200000,79.8700,80.7000,79.8300,80.6500,297471.53,1770826499999,23915389.707200,24651,168530.47,13550124.822900,0
1770826500000,80.6500,80.7900,80.3300,80.5100,133993.46,1770826799999,10786727.953100,15776,61156.98,4924937.054200,0
1770826800000,80.5000,80.8800,80.3900,80.5300,120658.42,1770827099999,9726952.274100,14553,68021.51,5484076.155900,0
1770827100000,80.5200,80.6700,79.9500,79.9700,143279.60,1770827399999,11493258.940900,13304,55994.30,4493866.492000,0
1770827400000,79.9700,80.1300,79.7300,79.8900,129346.78,1770827699999,10339142.081300,13234,75950.48,6071780.025100,0
1770827700000,79.9000,79.9400,79.0000,79.0800,443208.59,1770827999999,35129529.640700,25729,171861.81,13618572.866400,0
1770828000000,79.0900,79.3700,79.0900,79.1100,148417.91,1770828299999,11759251.125500,12222,81359.93,6446608.303800,0
1770828300000,79.1100,79.2800,78.6600,78.8000,268307.51,1770828599999,21194325.883700,16399,92255.33,7290415.131700,0
1770828600000,78.8000,78.9600,78.6400,78.8700,147321.58,1770828899999,11613079.522500,13892,92049.79,7255969.668000,0
1770828900000,78.8700,78.9400,78.6600,78.6800,90082.53,1770829199999,7098110.609200,10422,53978.29,4253247.615400,0
1770829200000,78.6700,78.7300,77.9200,78.1500,529188.60,1770829499999,41428626.711800,34806,243928.29,19095955.420000,0
1770829500000,78.1500,78.5600,78.1500,78.5500,202191.22,1770829799999,15842404.551500,17796,122934.42,9633379.911300,0
1770829800000,78.5400,78.8100,78.5000,78.7100,157390.62,1770830099999,12381891.272400,16037,87192.51,6859845.153300,0
1770830100000,78.7100,79.1600,78.7100,79.0200,218103.95,1770830399999,17210772.428600,19256,139178.37,10983006.172500,0
1770830400000,79.0200,79.5800,79.0200,79.3200,232896.30,1770830699999,18467317.239200,19094,139094.53,11028271.331300,0
1770830700000,79.3200,79.8000,79.3100,79.7800,171036.27,1770830999999,13621205.594900,15322,99431.58,7919379.071800,0
1770831000000,79.7800,79.9900,79.4500,79.6500,154035.81,1770831299999,12275509.068500,16100,78474.43,6253900.773700,0
1770831300000,79.6500,79.8300,79.5300,79.5700,107799.81,1770831599999,8590419.632200,12892,63152.50,5032661.591300,0
1770831600000,79.5700,79.6700,79.3300,79.3800,140537.32,1770831899999,11167803.955400,11449,78359.22,6226967.157300,0
1770831900000,79.3800,79.3900,79.0700,79.2800,135284.70,1770832199999,10715167.384300,11765,64237.83,5088114.293800,0
1770832200000,79.2800,79.5300,79.1300,79.2500,94300.37,1770832499999,7483291.662000,10041,61154.74,4854081.502000,0
1770832500000,79.2600,79.2700,78.9500,78.9600,92386.73,1770832799999,7306399.906500,8084,44682.53,3533437.912200,0
1770832800000,78.9600,79.0900,78.8400,78.8700,137896.29,1770833099999,10891028.708100,11941,88665.52,7003049.404300,0
1770833100000,78.8700,78.8800,78.5800,78.6300,105241.98,1770833399999,8285704.764600,12058,48339.42,3806504.534500,0
1770833400000,78.6400,78.8400,78.4600,78.8200,106824.41,1770833699999,8400822.510700,11922,63798.68,5018218.509800,0
1770833700000,78.8100,79.5000,78.8000,79.3400,243018.37,1770833999999,19256387.960300,18175,141812.76,11232416.337700,0
1770834000000,79.3300,79.7000,79.1800,79.6300,92340.74,1770834299999,7333662.557900,10850,57631.23,4577726.382600,0
1770834300000,79.6200,79.8800,79.5500,79.6100,92564.30,1770834599999,7372879.423000,9820,51597.17,4110135.743300,0
1770834600000,79.6100,79.6600,79.3600,79.4700,74726.49,1770834899999,5942826.843400,8141,33024.34,2626473.963600,0
1770834900000,79.4700,79.7600,79.3400,79.7100,161185.12,1770835199999,12810342.258600,9849,102578.75,8152512.599700,0
1770835200000,79.7100,79.8500,79.5700,79.7100,79764.19,1770835499999,6356322.246000,7268,37722.31,3006869.043600,0
1770835500000,79.7100,79.9300,79.6500,79.9000,107756.24,1770835799999,8600934.574000,9261,71108.74,5676348.989500,0
1770835800000,79.9100,79.9600,79.6300,79.7800,97025.39,1770836099999,7735545.335600,9315,46655.16,3718976.978900,0
1770836100000,79.7800,79.9100,79.6300,79.7600,64452.71,1770836399999,5141204.626400,6360,36534.03,2913817.202600,0
1770836400000,79.7500,79.9400,79.5800,79.9200,106810.97,1770836699999,8514685.664500,8853,51223.18,4083652.438900,0
1770836700000,79.9100,80.3400,79.7100,80.0200,213567.66,1770836999999,17088791.587500,19898,128314.77,10270340.131800,0
1770837000000,80.0300,80.2400,79.8900,80.0900,116565.72,1770837299999,9332860.313500,10323,74141.21,5936120.255600,0
1770837300000,80.0800,80.2000,79.8000,79.8200,102425.10,1770837599999,8193194.206800,9502,49103.49,3929817.927600,0
1770837600000,79.8200,79.9700,79.6500,79.9000,89029.21,1770837899999,7102534.673100,7765,35708.01,2849044.681900,0
1770837900000,79.8900,79.9200,79.5200,79.5400,90734.21,1770838199999,7231858.620300,7626,27244.39,2172331.226900,0
1770838200000,79.5400,79.5600,79.2500,79.4700,108296.08,1770838499999,8597574.047500,10249,39280.89,3118415.085900,0
1770838500000,79.4700,79.8200,79.4200,79.7100,58011.42,1770838799999,4621701.268700,6936,36596.92,2916196.552200,0
1770838800000,79.7200,80.0300,79.7000,79.9100,81963.33,1770839099999,6546788.760500,8339,43710.41,3491669.679500,0
1770839100000,79.9200,80.0200,79.6700,79.7700,78990.76,1770839399999,6306416.459500,10403,42824.76,3419215.590900,0
1770839400000,79.7800,79.8600,79.6000,79.7200,38813.50,1770839699999,3095149.506700,6163,18309.86,1460101.574600,0
1770839700000,79.7100,79.7800,79.5900,79.6700,27370.73,1770839999999,2180782.528200,4612,11217.99,893968.596900,0
1770840000000,79.6600,79.8400,79.5400,79.6000,56139.48,1770840299999,4472107.440400,8000,22453.53,1789023.814700,0
1770840300000,79.6000,79.6200,79.3500,79.4800,71187.62,1770840599999,5657033.045600,8190,30310.08,2408612.650500,0
1770840600000,79.4700,79.7700,79.4200,79.7500,62454.35,1770840899999,4970838.948700,7183,35657.87,2838371.816700,0
1770840900000,79.7500,79.9600,79.5300,79.5900,83591.61,1770841199999,6666982.323800,8526,35463.01,2829226.033400,0
1770841200000,79.5800,79.6700,79.3000,79.3500,81624.44,1770841499999,6483166.700300,7708,37900.94,3009981.316700,0
1770841500000,79.3400,79.3700,78.9700,79.0000,100482.85,1770841799999,7950183.347200,8447,41430.47,3277533.405500,0
1770841800000,78.9900,79.2700,78.9000,79.2700,94825.54,1770842099999,7500765.431700,8797,46504.33,3678506.336100,0
1770842100000,79.2600,79.4300,79.1900,79.3300,45723.15,1770842399999,3626496.418200,6600,23773.47,1885722.829700,0
1770842400000,79.3200,79.4100,79.2300,79.3300,38283.00,1770842699999,3036373.091300,4823,18478.58,1465760.960400,0
1770842700000,79.3200,79.8400,79.2700,79.7700,84911.07,1770842999999,6761865.531500,9049,45094.96,3590262.789700,0
1770843000000,79.7700,79.7900,79.5100,79.5300,77104.89,1770843299999,6141320.566500,7922,19192.35,1528767.892800,0
1770843300000,79.5200,79.7800,79.4900,79.5900,109460.51,1770843599999,8714596.548000,8461,61217.41,4873732.358400,0
1770843600000,79.6000,79.8100,79.5800,79.7700,46592.06,1770843899999,3713132.306300,6492,20603.45,1642001.132100,0
1770843900000,79.7700,80.1700,79.7700,80.1300,137330.20,1770844199999,10988042.390900,11710,73900.17,5912442.461400,0
1770844200000,80.1300,80.2400,80.0200,80.1100,76313.61,1770844499999,6114510.898600,8224,34733.79,2783029.140800,0
1770844500000,80.1000,80.2000,79.8700,80.0400,70973.34,1770844799999,5677848.837600,6605,34326.29,2746693.820000,0
1770844800000,80.0400,80.4200,79.8500,80.3800,102055.57,1770845099999,8182549.556500,10240,63503.10,5093620.022100,0
1770845100000,80.3800,81.0000,80.3000,80.5800,355248.11,1770845399999,28652210.030200,18771,261138.78,21069830.697700,0
1770845400000,80.5900,80.7700,80.4200,80.6400,291065.69,1770845699999,23475766.853800,13803,112215.25,9048890.148000,0
1770845700000,80.6400,81.0800,80.6300,80.7900,147162.38,1770845999999,11902479.443000,11747,95563.77,7729281.574300,0
1770846000000,80.7800,80.8300,80.2300,80.3100,90870.38,1770846299999,7309313.731400,8712,43892.78,3529602.917800,0
1770846300000,80.3100,80.3800,80.2200,80.2900,60142.37,1770846599999,4829005.115200,6492,32616.63,2619160.024800,0
1770846600000,80.2800,80.3800,80.2000,80.2800,36568.90,1770846899999,2936423.286400,4554,23105.23,1855321.839700,0
1770846900000,80.2700,80.3000,80.0800,80.0900,40328.04,1770847199999,3233467.651300,4637,16453.78,1319399.115500,0
1770847200000,80.1000,80.1800,79.8800,79.9400,78839.78,1770847499999,6307506.590100,6865,28148.04,2252650.461500,0
1770847500000,79.9400,80.1500,79.9400,79.9900,38077.07,1770847799999,3048345.632500,4971,21001.11,1681340.350800,0
1770847800000,79.9800,80.0000,79.6800,79.8500,62478.28,1770848099999,4987608.310100,6605,34567.89,2759621.482300,0
1770848100000,79.8500,79.9800,79.7900,79.8300,32701.21,1770848399999,2612641.752400,4690,16673.63,1332313.024500,0
1770848400000,79.8300,79.9500,79.6500,79.8200,38860.97,1770848699999,3101592.381300,4981,18972.42,1514519.517700,0
1770848700000,79.8200,79.9700,79.6200,79.7600,57443.47,1770848999999,4584462.965100,5602,27013.54,2155903.325300,0
1770849000000,79.7700,79.9300,79.7100,79.9100,48260.17,1770849299999,3852277.158600,4994,24492.37,1954696.542000,0
1770849300000,79.9000,79.9600,79.6300,79.8900,37936.51,1770849599999,3026567.279800,4813,19271.52,1537519.777500,0
1770849600000,79.9000,80.1200,79.8800,79.9200,39901.37,1770849899999,3191732.569900,4789,27598.18,2207469.796000,0
1770849900000,79.9300,79.9800,79.8000,79.9500,27474.41,1770850199999,2194686.158600,4785,12672.18,1012488.973800,0
1770850200000,79.9400,79.9500,79.3900,79.5700,55151.59,1770850499999,4389913.125000,7311,18407.88,1465929.063200,0
1770850500000,79.5700,79.6200,79.4200,79.4400,31730.72,1770850799999,2524235.420700,2927,15795.07,1256753.162800,0
1770850800000,79.4500,79.4900,79.2100,79.4500,90643.32,1770851099999,7193967.212600,7566,48991.77,3888544.942100,0
1770851100000,79.4600,79.6900,79.3800,79.4800,88015.84,1770851399999,6998849.124700,7949,45686.66,3632247.091900,0
1770851400000,79.4800,79.5300,79.1900,79.3300,66048.63,1770851699999,5236915.626200,6396,29973.42,2376585.812800,0
1770851700000,79.3300,79.4800,79.2900,79.3400,42316.06,1770851999999,3359569.993400,5735,22822.83,1812053.574700,0
1770852000000,79.3500,79.4100,78.5900,78.9500,340368.42,1770852299999,26864950.795700,16229,110861.65,8758909.380300,0
1770852300000,78.9500,79.1200,78.8600,79.0500,51781.83,1770852599999,4091759.353700,5873,28295.83,2235881.148500,0
1770852600000,79.0500,79.2400,79.0200,79.1800,58357.16,1770852899999,4617076.714300,6361,34591.65,2737158.526400,0
1770852900000,79.1800,79.5900,79.0200,79.5800,73324.53,1770853199999,5812811.812300,7781,48365.33,3834986.007100,0
1770853200000,79.5900,79.6000,79.4700,79.5900,55668.65,1770853499999,4427371.896100,4924,30492.57,2425146.320200,0
1770853500000,79.5800,79.6000,79.2600,79.2600,56483.37,1770853799999,4486751.411700,5540,17680.09,1404790.712200,0
1770853800000,79.2700,79.3000,79.1000,79.2300,72170.05,1770854099999,5713664.085800,6047,33371.68,2642090.365600,0
1770854100000,79.2400,79.3600,79.1700,79.2500,40559.53,1770854399999,3214512.559400,4620,21857.83,1732452.306200,0
1770854400000,79.2400,79.4500,79.2200,79.3900,63584.78,1770854699999,5045759.141500,6568,38185.63,3030111.403500,0
1770854700000,79.3900,79.6900,79.3600,79.6300,88288.66,1770854999999,7024479.542600,8223,56850.82,4523033.385300,0
1770855000000,79.6300,79.7300,79.5900,79.7100,25082.85,1770855299999,1998291.590800,4263,13973.07,1113237.589800,0
1770855300000,79.7100,79.8100,79.6000,79.6600,62219.91,1770855599999,4960299.170800,6742,33903.42,2703285.067700,0
1770855600000,79.6700,79.7800,79.5300,79.7800,30743.82,1770855899999,2448101.282500,3953,17531.66,1396251.032000,0
1770855900000,79.7800,79.8600,79.6300,79.7400,47648.36,1770856199999,3799449.887500,4719,21080.11,1681074.543000,0
1770856200000,79.7400,79.9200,79.6900,79.8300,38165.97,1770856499999,3045498.894300,5168,22035.11,1758330.265300,0
1770856500000,79.8400,80.1800,79.8100,79.8700,84527.47,1770856799999,6763834.273800,7766,51101.61,4089234.871700,0
1770856800000,79.8800,80.0000,79.8700,79.9700,29235.34,1770857099999,2336965.013600,2680,20144.93,1610299.635500,0
1770857100000,79.9600,80.1100,79.8700,79.9500,54952.84,1770857399999,4396164.806500,4611,25253.68,2020423.400400,0
1770857400000,79.9400,79.9900,79.8500,79.9700,22812.59,1770857699999,1823102.954400,3238,8947.64,715129.378400,0
1770857700000,79.9800,80.1000,79.9100,79.9200,38133.27,1770857999999,3050914.631600,3886,18284.94,1463109.459300,0
1770858000000,79.9300,80.2800,79.9300,80.1500,79395.85,1770858299999,6363739.645800,6996,46994.60,3766925.784700,0
1770858300000,80.1500,80.2900,80.0400,80.1900,48660.43,1770858599999,3899577.539400,5517,21677.21,1737586.391000,0
1770858600000,80.1800,80.3600,80.1700,80.3400,35111.26,1770858899999,2818782.763400,4087,21985.31,1765119.311600,0
1770858900000,80.3400,80.3600,80.1400,80.1900,61351.81,1770859199999,4923509.299700,6511,33158.87,2661064.648400,0
1770859200000,80.1800,80.1900,80.0200,80.1200,38886.62,1770859499999,3115015.082600,4614,13879.63,1111938.480100,0
1770859500000,80.1300,80.4800,80.1100,80.3700,80182.23,1770859799999,6444338.633600,6385,42587.12,3422387.669100,0
1770859800000,80.3700,80.4600,80.2400,80.3100,41391.08,1770860099999,3325789.275000,4602,19999.10,1607212.570000,0
1770860100000,80.3200,80.7400,80.2800,80.5800,220916.60,1770860399999,17794628.855000,12394,141319.89,11381777.969800,0
1770860400000,80.5800,80.6600,80.4600,80.5300,46825.93,1770860699999,3772514.667400,4665,19427.60,1565393.548700,0
1770860700000,80.5400,80.5600,80.3600,80.4000,34640.39,1770860999999,2787185.753400,4862,9241.05,743552.384500,0
1770861000000,80.4100,80.4900,80.2500,80.3000,42853.01,1770861299999,3443188.158000,4913,11617.31,933504.583200,0
1770861300000,80.3100,80.4200,80.2900,80.3700,32996.59,1770861599999,2651588.743300,3077,11997.70,964159.099900,0
1770861600000,80.3600,80.3800,80.1400,80.1900,44867.41,1770861899999,3600331.350200,5088,12227.66,981128.435000,0
1770861900000,80.1900,80.4900,80.1100,80.2900,52011.14,1770862199999,4176562.958800,6059,22787.14,1829311.343100,0
1770862200000,80.2900,80.3100,79.9400,80.0000,69123.11,1770862499999,5535815.328800,6571,20343.14,1628925.959400,0
1770862500000,80.0000,80.0700,79.8800,79.9300,62886.77,1770862799999,5029376.087300,5916,24032.81,1922543.914400,0
1770862800000,79.9200,80.1200,79.8900,80.0900,19479.16,1770863099999,1558796.245300,3379,11543.46,923760.679400,0
1770863100000,80.0900,80.1900,80.0400,80.1900,26677.92,1770863399999,2137181.463200,3364,12046.56,965118.332100,0
1770863400000,80.1800,80.6300,80.1500,80.6100,66647.06,1770863699999,5357359.345200,7078,38596.33,3103279.114000,0
1770863700000,80.6200,80.7000,80.4500,80.4800,75134.77,1770863999999,6053536.961000,6323,30432.65,2452890.843500,0
1770864000000,80.4800,80.5200,80.3800,80.4400,31003.89,1770864299999,2494457.104600,3937,11485.55,924148.069800,0
1770864300000,80.4400,80.4500,80.2500,80.3700,40774.82,1770864599999,3276151.263700,4233,20427.66,1641100.230600,0
1770864600000,80.3700,80.3900,80.2700,80.3400,34902.27,1770864899999,2803741.147100,3803,15853.19,1273531.774200,0
1770864900000,80.3400,80.3500,80.2400,80.2800,29369.69,1770865199999,2358025.165500,3037,15305.40,1228892.839600,0
1770865200000,80.2800,80.4200,80.1500,80.3500,33996.30,1770865499999,2729310.603700,5018,17810.53,1430062.305500,0
1770865500000,80.3400,80.4100,80.2700,80.3500,25050.97,1770865799999,2012865.657900,3400,11821.75,949925.426800,0
1770865800000,80.3600,80.4400,80.3000,80.3400,18378.36,1770866099999,1477195.677300,2845,9663.47,776761.755200,0
1770866100000,80.3400,80.3900,80.1000,80.1600,37337.21,1770866399999,2994934.492400,4118,12643.22,1014361.736300,0
1770866400000,80.1500,80.2300,80.0300,80.0800,55890.87,1770866699999,4478856.336700,4453,26243.38,2103579.192400,0
1770866700000,80.0800,80.1600,80.0200,80.1500,21657.93,1770866999999,1734753.636800,2931,12664.98,1014465.037700,0
1770867000000,80.1500,80.4200,80.1300,80.4000,28414.25,1770867299999,2280447.189500,3621,15416.03,1237408.410100,0
1770867300000,80.4100,80.4800,80.3100,80.4800,36502.30,1770867599999,2934743.076000,3784,19356.41,1556481.632600,0
1770867600000,80.4800,80.5100,80.3900,80.4400,16272.17,1770867899999,1308854.553800,2764,7144.20,574703.627500,0
1770867900000,80.4400,80.5600,80.3900,80.4200,23260.76,1770868199999,1871910.855200,3022,12147.65,977626.556700,0
1770868200000,80.4200,80.5100,80.3100,80.5000,22332.27,1770868499999,1795612.190000,2942,8876.27,713729.571300,0
1770868500000,80.5100,80.6200,80.4300,80.5600,35454.15,1770868799999,2855873.535000,3953,20346.42,1639145.192000,0
1770868800000,80.5600,80.8000,80.3600,80.6400,164651.72,1770869099999,13273972.066700,10911,93303.91,7523717.851700,0
1770869100000,80.6300,80.9300,80.5900,80.9300,131775.89,1770869399999,10645162.350600,8534,94594.72,7641469.247100,0
1770869400000,80.9300,80.9300,80.6800,80.7100,75290.20,1770869699999,6080609.508900,6084,30220.64,2440820.670000,0
1770869700000,80.7200,80.8500,80.4100,80.5900,96416.12,1770869999999,7776622.998900,7760,46438.10,3747116.091400,0
1770870000000,80.5900,80.6600,80.4600,80.5400,45111.14,1770870299999,3633774.843100,4339,17762.78,1430703.412800,0
1770870300000,80.5400,80.5800,80.4400,80.4400,24627.50,1770870599999,1982684.647500,2983,7891.52,635256.452900,0
1770870600000,80.4400,80.6000,80.2800,80.5700,68989.81,1770870899999,5546784.996800,5965,30761.92,2473672.797700,0
1770870900000,80.5700,80.7800,80.5700,80.6600,51790.14,1770871199999,4177722.362800,4707,27653.32,2230631.175700,0
1770871200000,80.6700,80.7100,80.6000,80.6300,23904.40,1770871499999,1927703.860700,3033,10879.75,877399.437300,0
1770871500000,80.6300,80.7100,80.5300,80.5300,19057.75,1770871799999,1536822.405700,2615,6363.35,513273.125500,0
1770871800000,80.5400,80.5900,80.3300,80.4000,38519.53,1770872099999,3099186.414400,3523,11227.23,903424.040400,0
1770872100000,80.4000,80.4500,80.2300,80.2600,35216.62,1770872399999,2828382.043000,3411,15730.44,1263574.042300,0
1770872400000,80.2600,80.3400,80.1800,80.3300,42640.57,1770872699999,3423260.170900,4852,25804.40,2071779.848700,0
1770872700000,80.3200,80.3500,80.1900,80.2100,33532.70,1770872999999,2692257.192900,4394,11051.57,887242.755100,0
1770873000000,80.2100,80.2700,79.7100,79.7500,136969.65,1770873299999,10950442.457100,10648,36501.63,2919057.356100,0
1770873300000,79.7500,79.8300,79.3700,79.6500,226745.02,1770873599999,18046514.771200,11459,90056.04,7170045.323800,0
1770873600000,79.6400,80.1800,79.6400,80.0300,191789.91,1770873899999,15346760.385400,10310,96718.50,7736317.487100,0
1770873900000,80.0300,80.1700,79.9500,80.1500,88880.51,1770874199999,7116277.618000,5911,37243.37,2981822.385000,0
1770874200000,80.1500,80.5300,80.0900,80.4200,102634.76,1770874499999,8246466.299500,8036,66819.19,5367791.999100,0
1770874500000,80.4200,80.4400,80.2200,80.2800,30558.05,1770874799999,2455171.682600,4025,11784.08,946715.708800,0
1770874800000,80.2800,80.5200,80.2800,80.4600,57459.67,1770875099999,4622671.713000,4805,28409.84,2285484.622100,0
1770875100000,80.4700,80.5700,80.3300,80.3400,75270.37,1770875399999,6055787.394400,5871,24494.30,1971061.508500,0
1770875400000,80.3400,80.4300,80.3100,80.3800,37426.59,1770875699999,3007728.558300,3223,13534.22,1087750.478500,0
1770875700000,80.3900,80.5600,80.3800,80.5300,51938.06,1770875999999,4180775.544200,3995,34393.55,2768514.448200,0
1770876000000,80.5400,80.7000,80.4300,80.4300,111517.82,1770876299999,8987905.141000,7466,73137.83,5894869.782500,0
1770876300000,80.4400,80.4700,80.3200,80.4300,39876.52,1770876599999,3205343.682400,4262,14729.82,1184300.476600,0
1770876600000,80.4200,80.7500,80.4200,80.6400,53942.12,1770876899999,4347453.515500,5245,33862.35,2728836.110100,0
1770876900000,80.6400,80.7600,80.5100,80.5500,45184.82,1770877199999,3644318.940000,5574,21457.65,1730719.924300,0
1770877200000,80.5500,80.7300,80.5100,80.7200,24551.94,1770877499999,1979320.981800,3655,14269.23,1150463.937500,0
1770877500000,80.7300,80.9600,80.7300,80.8300,106249.28,1770877799999,8591053.971300,8335,61371.87,4962281.256700,0
1770877800000,80.8200,80.9000,80.7100,80.7300,54378.40,1770878099999,4393471.981400,5557,23401.09,1890828.900200,0
1770878100000,80.7400,80.7500,80.5700,80.6700,55915.83,1770878399999,4508422.500800,4993,23366.34,1884120.096300,0
1770878400000,80.6800,80.8000,80.5700,80.6500,46528.87,1770878699999,3753586.045000,4468,21407.35,1727098.770300,0
1770878700000,80.6400,80.7400,80.5500,80.5700,36322.02,1770878999999,2928993.319900,4085,17586.30,1418369.212100,0
1770879000000,80.5700,80.5900,80.4600,80.5100,30877.75,1770879299999,2485851.421800,2921,8294.46,667771.040700,0
1770879300000,80.5200,80.5400,80.4500,80.5300,22765.68,1770879599999,1832487.187500,2708,10306.84,829685.285500,0
1770879600000,80.5200,80.5500,80.3200,80.5400,58859.99,1770879899999,4734522.584400,5251,27268.30,2193509.434000,0
1770879900000,80.5300,80.5400,80.3000,80.3200,28598.82,1770880199999,2299218.590000,3535,12438.83,1000127.956200,0
1770880200000,80.3200,80.3400,80.2400,80.3200,38130.13,1770880499999,3061702.587800,3335,16951.13,1361153.563300,0
1770880500000,80.3100,80.4500,80.2400,80.4200,42152.53,1770880799999,3387216.354100,3996,25535.47,2052111.153600,0
1770880800000,80.4300,80.6700,80.4000,80.6700,48112.53,1770881099999,3873924.701100,4061,30835.06,2482753.087400,0
1770881100000,80.6700,80.8400,80.6600,80.7800,84591.33,1770881399999,6832608.259000,6158,46497.07,3755641.589900,0
1770881400000,80.7700,80.8500,80.7200,80.7500,55929.87,1770881699999,4518819.827700,4654,20464.86,1653448.277300,0
1770881700000,80.7600,80.8400,80.6800,80.8400,28303.41,1770881999999,2285765.674900,3494,11401.11,920737.538800,0
1770882000000,80.8400,80.8800,80.6800,80.6800,24623.04,1770882299999,1989116.821300,3044,10455.57,844689.997400,0
1770882300000,80.6900,80.7700,80.6600,80.7400,27319.15,1770882599999,2205114.651400,3321,14945.88,1206381.977700,0
1770882600000,80.7400,80.7500,80.6200,80.6200,43460.50,1770882899999,3505774.907100,2913,9377.61,756453.074500,0
1770882900000,80.6300,80.7700,80.6100,80.7200,30618.32,1770883199999,2471026.666100,2400,16818.51,1357291.729200,0
1770883200000,80.7200,80.8500,80.6500,80.6800,45149.98,1770883499999,3646463.663000,4938,21923.62,1770802.019300,0
1770883500000,80.6800,80.8800,80.5500,80.7800,54798.94,1770883799999,4424374.989100,5943,27591.77,2227946.807500,0
1770883800000,80.7800,80.8000,80.6100,80.6400,32985.15,1770884099999,2661257.618900,3397,15694.54,1266274.813200,0
1770884100000,80.6400,80.6400,80.4500,80.4600,50039.78,1770884399999,4030159.630200,4702,19133.54,1541272.355500,0
1770884400000,80.4700,80.5500,80.4000,80.4800,34311.97,1770884699999,2760830.538500,3888,14076.51,1132788.333500,0
1770884700000,80.4800,80.4800,80.2600,80.3700,62076.68,1770884999999,4988920.478000,4400,20833.46,1674304.740700,0
1770885000000,80.3700,80.5200,80.2700,80.4300,74543.65,1770885299999,5994071.797800,5917,37405.19,3007599.580900,0
1770885300000,80.4400,80.5700,80.4200,80.5100,34216.31,1770885599999,2754498.244500,3585,19026.22,1531617.601900,0
1770885600000,80.5100,80.6300,80.4800,80.5000,57411.08,1770885899999,4624917.718600,3705,36483.47,2938942.442800,0
1770885900000,80.4900,80.5700,80.4700,80.5100,22266.20,1770886199999,1792774.614800,2482,11889.05,957332.685800,0
1770886200000,80.5100,80.7000,80.5000,80.7000,27676.93,1770886499999,2230733.075400,2998,16272.47,1311658.490700,0
1770886500000,80.6900,80.7300,80.6500,80.7000,17607.60,1770886799999,1420813.361600,2047,9237.48,745420.292800,0
1770886800000,80.7100,80.7100,80.5500,80.6300,25115.23,1770887099999,2024552.527600,3773,8013.78,645980.272700,0
1770887100000,80.6200,80.7600,80.5100,80.7400,57545.22,1770887399999,4640489.578500,4755,34872.64,2812259.323700,0
1770887400000,80.7400,81.2800,80.6500,81.2300,396800.15,1770887699999,32175601.440500,18202,244030.78,19787618.017000,0
1770887700000,81.2400,81.2900,81.0400,81.1800,104175.29,1770887999999,8455132.429000,7077,52938.24,4296776.285300,0
1770888000000,81.1700,81.2500,81.1200,81.1700,62599.84,1770888299999,5082182.381600,4319,31766.38,2578878.939500,0
1770888300000,81.1700,81.7200,81.1400,81.6400,271809.67,1770888599999,22157145.626900,13394,165477.91,13486016.552500,0
1770888600000,81.6400,81.8200,81.4600,81.7300,156371.82,1770888899999,12764837.247300,9715,76420.15,6239089.855300,0
1770888900000,81.7200,81.7300,81.4900,81.5200,140824.49,1770889199999,11495735.633700,7587,45646.46,3726712.863700,0
1770889200000,81.5100,81.6200,81.4800,81.6200,57578.55,1770889499999,4693969.454400,4273,31533.73,2570803.689400,0
1770889500000,81.6100,81.6500,81.4300,81.4400,59333.79,1770889799999,4836763.082700,4396,18008.06,1468107.150600,0
1770889800000,81.4400,81.6400,81.3800,81.5600,61604.01,1770890099999,5019280.720000,4889,29461.15,2401053.200000,0
1770890100000,81.5600,81.8600,81.5000,81.7400,151481.31,1770890399999,12376565.108700,9592,67769.10,5536657.106500,0
1770890400000,81.7400,81.9500,81.6700,81.7100,121657.04,1770890699999,9951739.903100,8571,72931.67,5966925.037500,0
1770890700000,81.7100,81.7400,81.5200,81.5400,67128.39,1770890999999,5480581.992500,6255,30460.93,2487040.119200,0
1770891000000,81.5400,81.6000,81.4800,81.5600,49329.46,1770891299999,4021912.797200,4394,17718.91,1444724.139200,0
1770891300000,81.5500,81.5500,81.3200,81.3300,70559.83,1770891599999,5743530.310900,6011,26289.05,2139980.562600,0
1770891600000,81.3300,81.4300,81.2900,81.4000,38359.68,1770891899999,3120759.708600,3914,21165.47,1722097.226000,0
1770891900000,81.3900,81.7400,81.3700,81.6300,126833.09,1770892199999,10345445.476000,8182,68643.15,5598743.037500,0
1770892200000,81.6400,81.8600,81.6000,81.6600,74702.39,1770892499999,6105517.064600,6711,41535.78,3394644.933200,0
1770892500000,81.6500,81.7200,81.6100,81.6400,37180.72,1770892799999,3036221.863900,4436,18521.13,1512507.643600,0
1770892800000,81.6400,81.6500,81.4800,81.6100,40594.25,1770893099999,3311112.146800,4279,20328.67,1658273.137500,0
1770893100000,81.6200,81.8900,81.4700,81.7900,90127.45,1770893399999,7359749.984200,6655,45584.35,3723234.367000,0
1770893400000,81.7800,82.0400,81.7300,82.0400,102182.20,1770893699999,8372790.534700,8964,63318.49,5188710.730300,0
1770893700000,82.0400,82.1900,81.9300,82.1200,119798.76,1770893999999,9832473.092300,8557,73838.40,6060674.201400,0
1770894000000,82.1200,82.1700,82.0000,82.0700,103109.82,1770894299999,8462415.626500,8928,53553.12,4395328.450600,0
1770894300000,82.0700,82.0700,81.8100,81.8800,97930.56,1770894599999,8020301.662800,7480,43802.33,3587025.982300,0
1770894600000,81.8700,81.8800,81.6400,81.7300,89955.21,1770894899999,7353179.192300,6906,38663.37,3159931.295400,0
1770894900000,81.7200,81.8700,81.6400,81.6600,66543.11,1770895199999,5438283.262100,6218,34959.58,2857122.481200,0
1770895200000,81.6700,81.8900,81.6500,81.8700,40122.50,1770895499999,3280835.521900,4777,25616.10,2094777.105700,0
1770895500000,81.8800,82.1300,81.8000,82.0800,81124.42,1770895799999,6650360.541300,7557,52997.61,4345027.933300,0
1770895800000,82.0800,82.1900,81.9100,81.9700,91108.92,1770896099999,7476743.331200,7391,46212.09,3793435.710300,0
1770896100000,81.9600,82.0000,81.8600,81.9000,44688.93,1770896399999,3661023.096700,4520,20878.92,1710439.576900,0
1770896400000,81.9100,81.9300,81.7400,81.8000,43738.81,1770896699999,3577981.840900,4298,20098.40,1644112.229600,0
1770896700000,81.8000,81.8900,81.7100,81.8500,51033.99,1770896999999,4174345.945300,4735,24256.19,1984103.550600,0
1770897000000,81.8600,81.9000,81.7500,81.8200,30005.69,1770897299999,2454995.193200,3917,16708.49,1367074.007700,0
1770897300000,81.8200,81.8900,81.7400,81.8000,39380.64,1770897599999,3221828.571000,3974,20452.48,1673478.806300,0
1770897600000,81.7900,81.8900,81.5700,81.5700,85436.16,1770897899999,6983100.297600,7536,28146.37,2301077.826900,0
1770897900000,81.5700,81.6700,81.4400,81.6000,146914.36,1770898199999,11982712.568100,8528,73691.04,6011443.331300,0
1770898200000,81.5900,81.7100,81.4700,81.5800,90471.57,1770898499999,7379702.004700,6682,44697.01,3646334.070000,0
1770898500000,81.5700,81.6000,81.4300,81.4900,35907.09,1770898799999,2927339.881100,4180,12964.94,1056969.147800,0
1770898800000,81.4800,81.5500,81.3300,81.4000,97335.48,1770899099999,7926657.177200,6571,32429.79,2641180.999400,0
1770899100000,81.4100,81.4900,81.3500,81.4400,48353.39,1770899399999,3936852.715200,4438,20807.01,1694187.325800,0
1770899400000,81.4400,81.4400,81.1000,81.1100,104010.34,1770899699999,8447307.815400,8029,35073.15,2848115.332400,0
1770899700000,81.1100,81.2100,81.1000,81.1900,55919.21,1770899999999,4538310.456900,4603,29931.37,2429231.956800,0
1770900000000,81.2000,81.2700,81.1500,81.1500,41162.81,1770900299999,3342837.940900,3875,18647.53,1514412.431600,0
1770900300000,81.1500,81.2200,81.0000,81.2200,65528.72,1770900599999,5314192.834300,6033,30040.20,2436819.507500,0
1770900600000,81.2100,81.2800,80.8200,80.8500,117139.20,1770900899999,9486734.576800,7867,42936.67,3479675.885800,0
1770900900000,80.8600,81.0800,80.7700,81.0300,110728.46,1770901199999,8959576.394200,7683,60311.38,4880929.970500,0
1770901200000,81.0300,81.1000,80.8200,80.9300,82482.67,1770901499999,6677014.074300,6819,35461.66,2871517.780800,0
1770901500000,80.9400,81.1400,80.8900,81.1000,111742.46,1770901799999,9052281.269500,9202,72008.68,5834029.401300,0
1770901800000,81.0900,81.1500,80.9500,80.9800,85442.35,1770902099999,6928089.979300,5998,39286.67,3186547.475200,0
1770902100000,80.9800,81.1800,80.9700,81.0400,117893.05,1770902399999,9559917.434200,6758,65426.75,5306202.356000,0
1770902400000,81.0400,81.1100,80.9800,81.0900,39403.26,1770902699999,3193980.966300,3792,22764.81,1845506.914100,0
1770902700000,81.0900,81.0900,80.6400,80.8900,138182.35,1770902999999,11159740.794500,9873,58859.71,4753339.384900,0
1770903000000,80.8900,81.4300,80.8500,81.2600,177121.40,1770903299999,14380370.937400,14742,95559.05,7759202.735600,0
1770903300000,81.2600,81.4100,81.2100,81.3300,112033.04,1770903599999,9109670.659800,7736,62793.25,5106615.401100,0
1770903600000,81.3400,81.6100,81.3400,81.5300,147253.69,1770903899999,12002801.015800,8485,91158.61,7430348.288500,0
1770903900000,81.5400,81.6300,81.3400,81.4000,65827.38,1770904199999,5365438.491200,6091,25141.23,2049393.068900,0
1770904200000,81.4000,81.6300,81.4000,81.5100,43450.16,1770904499999,3542221.459000,4464,24061.18,1961760.888400,0
1770904500000,81.5000,82.0700,81.5000,81.9000,185120.68,1770904799999,15153143.591600,12193,112696.68,9222914.773200,0
1770904800000,81.9000,81.9300,81.3900,81.4600,102565.81,1770905099999,8369885.059600,10285,37320.99,3046491.172600,0
1770905100000,81.4700,81.5200,81.2300,81.3600,120685.00,1770905399999,9815623.778100,8152,44079.55,3585132.701500,0
1770905400000,81.3500,81.5400,81.2900,81.3000,54023.70,1770905699999,4398424.500700,5273,25924.95,2110739.209600,0
1770905700000,81.3100,81.3900,81.1300,81.2700,69103.22,1770905999999,5615002.707400,6382,32490.79,2639553.583100,0
1770906000000,81.2700,81.4900,81.2000,81.2600,61694.14,1770906299999,5019277.102700,5731,38733.01,3151926.448300,0
1770906300000,81.2600,81.4000,81.2100,81.3900,32990.97,1770906599999,2681248.133900,3597,16885.99,1372530.702100,0
1770906600000,81.3800,81.7100,81.1700,81.5800,163491.10,1770906899999,13318345.584000,18155,79454.42,6472116.112200,0
1770906900000,81.5800,81.6300,81.0900,81.2600,142926.26,1770907199999,11610597.018800,15475,50726.94,4121639.405100,0
1770907200000,81.2700,81.4700,80.9600,81.0800,107702.47,1770907499999,8745029.182800,13743,42981.04,3490386.795300,0
1770907500000,81.0800,81.3500,80.9500,81.2000,168645.03,1770907799999,13688034.158400,15025,61204.22,4968451.527100,0
1770907800000,81.2100,81.5600,81.1700,81.5300,121795.80,1770908099999,9911034.506500,12945,67849.32,5520673.130400,0
1770908100000,81.5300,81.5300,81.0000,81.0900,155661.59,1770908399999,12634379.543800,10046,54525.59,4427016.710100,0
1770908400000,81.0900,81.4600,80.7000,80.7900,266966.94,1770908699999,21654126.541600,20138,137714.86,11176424.222300,0
1770908700000,80.7900,80.8300,80.2400,80.3600,305765.40,1770908999999,24611809.871300,25468,117708.19,9475267.677500,0
1770909000000,80.3600,80.6700,80.0500,80.6500,217535.02,1770909299999,17485645.514300,19252,123929.46,9965092.766800,0
1770909300000,80.6600,81.0700,80.6000,80.6500,151277.18,1770909599999,12229567.448300,16260,67338.13,5443703.561100,0
1770909600000,80.6600,81.3600,80.6500,81.2000,129061.94,1770909899999,10463063.119500,15349,69405.67,5627557.384700,0
1770909900000,81.2000,81.3500,80.9800,81.3100,77508.58,1770910199999,6290279.967400,9251,38225.51,3103500.952900,0
1770910200000,81.3200,81.4800,80.8300,80.9500,127138.34,1770910499999,10318490.940800,12607,59720.94,4848090.691400,0
1770910500000,80.9400,80.9500,80.3000,80.3900,135719.88,1770910799999,10932927.098000,14094,52591.23,4235884.553700,0
1770910800000,80.3900,80.6600,80.1500,80.6300,248726.98,1770911099999,19998973.003000,16076,148826.40,11966586.643000,0
1770911100000,80.6300,80.9000,80.5400,80.8000,109747.18,1770911399999,8856727.670000,11279,45654.69,3684270.861800,0
1770911400000,80.8000,80.8500,80.2100,80.2100,98770.04,1770911699999,7950698.800900,9775,44397.56,3573953.105200,0
1770911700000,80.2100,80.3100,80.0300,80.0600,144624.61,1770911999999,11594912.191800,11514,68033.60,5455213.610700,0
1770912000000,80.0600,80.1500,79.7500,80.1300,256529.79,1770912299999,20516104.003300,22316,132147.46,10571238.635300,0
1770912300000,80.1200,80.1700,79.1700,79.2200,408460.43,1770912599999,32484616.118900,28178,178588.97,14202781.771400,0
1770912600000,79.2200,79.4800,78.9300,78.9600,285919.62,1770912899999,22632343.328900,23603,148534.17,11759772.272000,0
1770912900000,78.9600,79.3300,78.7500,79.0000,333991.14,1770913199999,26385470.836700,25486,186199.53,14715390.922200,0
1770913200000,79.0000,79.1200,78.5400,78.7800,264098.87,1770913499999,20809869.377100,22982,123975.02,9769074.725600,0
1770913500000,78.7800,78.9800,78.1700,78.3100,321691.10,1770913799999,25244544.672400,23381,127340.45,9998369.468100,0
1770913800000,78.3200,78.6300,78.1300,78.6200,334710.53,1770914099999,26236953.380300,25884,209457.05,16419407.089500,0
1770914100000,78.6300,79.3800,78.6300,79.2400,366689.00,1770914399999,28986890.147400,26758,185384.55,14653320.346200,0
1770914400000,79.2500,79.4900,78.9300,78.9600,291103.39,1770914699999,23069242.544800,18500,114193.62,9048905.850800,0
1770914700000,78.9700,79.1300,78.6700,78.8600,238018.25,1770914999999,18769885.451500,16815,126733.91,9995480.559600,0
1770915000000,78.8700,78.9500,78.1400,78.2500,301949.25,1770915299999,23701269.130800,20751,147479.91,11579306.275600,0
1770915300000,78.2600,78.4500,78.1200,78.2700,227656.70,1770915599999,17823418.503200,14902,113457.05,8883849.910200,0
1770915600000,78.2600,78.6400,78.0300,78.1600,297857.27,1770915899999,23313815.910500,22398,133889.34,10484817.763800,0
1770915900000,78.1600,78.2500,77.6800,78.0700,513384.40,1770916199999,40007917.682600,29818,232316.17,18108270.633200,0
1770916200000,78.0700,78.1200,77.4600,77.7800,253500.89,1770916499999,19700739.017800,18587,127229.65,9889608.358100,0
1770916500000,77.7800,78.1300,77.7400,77.7800,150751.55,1770916799999,11741800.988300,13391,85727.83,6677232.514700,0
1770916800000,77.7900,78.4300,77.7800,78.3500,244489.59,1770917099999,19128117.959200,17946,145670.75,11396150.000800,0
1770917100000,78.3500,78.4500,77.9900,78.1600,130778.51,1770917399999,10232611.383200,11722,66037.85,5168160.048800,0
1770917400000,78.1700,78.2100,77.8000,78.0000,165123.24,1770917699999,12876707.626600,14005,72626.36,5665250.912300,0
1770917700000,78.0000,78.6000,77.9200,78.2600,163947.21,1770917999999,12834840.538400,14191,83382.64,6528040.732000,0
1770918000000,78.2600,78.4100,78.1300,78.2000,76984.41,1770918299999,6026464.527300,8480,42532.63,3329749.808100,0
1770918300000,78.2100,78.3200,77.9300,78.0800,104284.74,1770918599999,8145037.956300,9943,50979.27,3982686.342400,0
1770918600000,78.0800,78.2500,77.8900,77.9900,124895.81,1770918899999,9749225.113600,10170,61224.22,4778905.826700,0
1770918900000,77.9900,78.0300,77.7400,77.8600,148631.16,1770919199999,11573392.672400,10912,65457.69,5097221.807200,0
1770919200000,77.8600,78.1400,77.7800,78.0800,128473.22,1770919499999,10019726.297200,11881,68874.27,5371845.360700,0
1770919500000,78.0800,78.3500,77.9900,78.2300,117296.45,1770919799999,9175602.446000,11557,69688.50,5451555.334900,0
1770919800000,78.2200,78.4400,78.1900,78.3000,85856.02,1770920099999,6722652.639400,8367,49971.09,3912920.129400,0
1770920100000,78.3000,78.3300,77.4800,77.4900,295114.63,1770920399999,22962114.648500,14086,94839.35,7383196.643000,0
1770920400000,77.5000,77.7100,77.3400,77.5800,240496.31,1770920699999,18636367.241100,15238,98496.97,7633085.054800,0
1770920700000,77.5700,77.7600,77.1600,77.3100,209396.79,1770920999999,16211887.556800,16635,95387.11,7387538.959500,0
1770921000000,77.3200,77.5200,77.1400,77.3400,162943.18,1770921299999,12599749.000400,14541,91035.87,7040299.600600,0
1770921300000,77.3500,77.8600,77.3200,77.7600,132173.82,1770921599999,10258484.847400,13335,81110.02,6294378.468100,0
1770921600000,77.7500,77.7500,77.3900,77.4100,118698.71,1770921899999,9206732.986100,8790,52215.65,4050614.727500,0
1770921900000,77.4100,77.8700,77.2900,77.7500,171891.09,1770922199999,13350447.987000,12294,107448.13,8345924.850100,0
1770922200000,77.7500,77.8600,77.6300,77.6800,113353.22,1770922499999,8814074.317100,8511,62201.57,4836706.691200,0
1770922500000,77.6700,77.8000,77.4800,77.5600,86663.96,1770922799999,6729632.096700,8158,44862.15,3483797.337100,0
1770922800000,77.5600,77.8800,77.5100,77.6000,96853.76,1770923099999,7527623.804100,9769,61969.18,4816153.309800,0
1770923100000,77.6100,77.7800,77.2600,77.2800,122573.14,1770923399999,9495000.591100,10736,47490.93,3679506.486100,0
1770923400000,77.2800,77.4900,76.9000,77.4000,261002.66,1770923699999,20129589.514100,16744,106565.80,8220396.692800,0
1770923700000,77.3900,77.8300,77.2900,77.7100,158160.20,1770923999999,12266027.041900,11619,100870.08,7823370.966900,0
1770924000000,77.7100,78.4000,77.6600,78.2600,269905.39,1770924299999,21074873.446700,15857,187169.23,14615917.246100,0
1770924300000,78.2600,78.2900,77.9300,78.0600,134088.21,1770924599999,10472676.661200,8744,45995.45,3591871.652200,0
1770924600000,78.0600,78.4300,77.9600,78.2000,177955.64,1770924899999,13909676.140100,11041,100467.70,7852918.701200,0
1770924900000,78.1900,78.5900,77.9500,78.0600,166888.73,1770925199999,13060487.200700,13081,69745.82,5459297.186500,0
1770925200000,78.0500,78.0700,77.8400,77.9400,85999.10,1770925499999,6702965.985600,7712,43451.92,3386837.659000,0
1770925500000,77.9400,78.1200,77.8500,77.9500,117178.03,1770925799999,9141892.055800,8812,67884.56,5295796.425800,0
1770925800000,77.9500,77.9900,77.3900,77.4200,232801.76,1770926099999,18086335.621100,14461,106644.67,8287010.489100,0
1770926100000,77.4200,77.6900,77.3400,77.5700,93111.01,1770926399999,7219399.012000,8143,54347.52,4213763.423200,0
1770926400000,77.5700,77.8800,77.3900,77.5800,151332.81,1770926699999,11743109.010500,12433,70410.92,5463276.311700,0
1770926700000,77.5700,77.6500,77.3600,77.3600,115070.81,1770926999999,8920320.129600,10003,45558.73,3531872.737700,0
1770927000000,77.3600,77.3900,77.0200,77.3400,183172.15,1770927299999,14138523.836300,13645,81528.30,6293888.016700,0
1770927300000,77.3400,77.4900,77.2400,77.3300,62939.73,1770927599999,4870006.024700,7946,32772.30,2535824.039000,0
1770927600000,77.3300,77.3600,76.9800,77.1000,122603.39,1770927899999,9456240.971600,8280,51789.42,3994919.402300,0
1770927900000,77.1100,77.2300,76.9900,77.0700,97016.78,1770928199999,7480408.750900,7735,40328.40,3109780.932700,0
1770928200000,77.0700,77.1800,76.9200,77.0500,122362.67,1770928499999,9424455.378000,11351,59820.68,4607972.413500,0
1770928500000,77.0600,77.3600,77.0500,77.2700,86802.89,1770928799999,6703993.995700,8417,54662.15,4221825.606200,0
1770928800000,77.2700,77.3300,77.0000,77.1200,84489.73,1770929099999,6521786.763800,8014,32060.18,2474745.530500,0
1770929100000,77.1300,77.1600,76.6100,76.7600,234365.57,1770929399999,18004321.610600,14721,87540.01,6725703.600000,0
1770929400000,76.7500,76.9100,76.5400,76.8700,191237.67,1770929699999,14669036.802900,14100,94104.96,7220224.451300,0
1770929700000,76.8700,76.9900,76.7500,76.8600,152815.38,1770929999999,11746683.582900,10166,64872.75,4986893.867300,0
1770930000000,76.8600,77.2700,76.8600,77.2300,138159.70,1770930299999,10648922.612100,10845,82094.38,6327680.745600,0
1770930300000,77.2400,77.2400,77.0300,77.1100,54461.65,1770930599999,4199664.102500,6099,23647.45,1823562.657800,0
1770930600000,77.1200,77.2000,76.9000,77.2000,70902.00,1770930899999,5463384.864700,6548,33052.60,2547697.093400,0
1770930900000,77.2000,77.3500,77.0800,77.2900,89469.94,1770931199999,6912274.804300,5877,44672.54,3451125.644700,0
1770931200000,77.2800,77.3000,76.9400,77.1400,68258.22,1770931499999,5263025.868600,6872,33515.29,2584706.063200,0
1770931500000,77.1400,77.1800,77.0100,77.1200,40490.97,1770931799999,3121484.849500,4396,16708.51,1288133.349700,0
1770931800000,77.1300,77.4000,77.0800,77.3800,68738.71,1770932099999,5307222.499700,6003,45481.12,3512145.938400,0
1770932100000,77.3900,77.5200,77.3500,77.4100,57086.21,1770932399999,4420826.462400,5839,30844.72,2388796.022000,0
1770932400000,77.4100,77.4700,77.3300,77.4300,18433.74,1770932699999,1426872.674200,3093,10553.48,816885.324100,0
1770932700000,77.4400,77.4400,77.2600,77.3200,29593.07,1770932999999,2289361.656000,4163,13606.32,1052776.947700,0
1770933000000,77.3200,77.5000,77.3000,77.3500,58243.69,1770933299999,4507474.000700,4997,19604.06,1517047.150600,0
1770933300000,77.3400,77.3500,77.2500,77.2900,24682.27,1770933599999,1907845.707800,3598,11161.33,862772.380600,0
1770933600000,77.2900,77.3400,77.1600,77.3400,33423.59,1770933899999,2582335.721500,4779,14324.82,1106859.645200,0
1770933900000,77.3300,77.3600,77.2100,77.3200,30317.91,1770934199999,2343615.774500,4762,16142.39,1247798.901500,0
1770934200000,77.3200,77.3700,77.2300,77.3300,32388.57,1770934499999,2504196.741300,3879,19891.12,1537994.499400,0
1770934500000,77.3300,77.3300,77.0600,77.1000,38816.15,1770934799999,2994754.370700,3809,15210.19,1173150.162400,0
1770934800000,77.1100,77.2600,76.9100,77.2600,55599.70,1770935099999,4283571.968400,5504,32995.42,2542343.756000,0
1770935100000,77.2600,77.4200,77.1200,77.3500,71707.80,1770935399999,5543016.366600,5453,43769.60,3383282.654000,0
1770935400000,77.3500,77.4900,77.0900,77.1000,51064.21,1770935699999,3948633.922000,5672,24103.93,1864794.838100,0
1770935700000,77.0900,77.3700,77.0900,77.1500,54523.47,1770935999999,4210800.173300,5675,25478.14,1967909.774500,0
1770936000000,77.1500,77.5400,77.0700,77.5400,57807.98,1770936299999,4469981.298100,6437,40000.04,3093901.095700,0
1770936300000,77.5400,77.8600,77.5300,77.7300,203174.70,1770936599999,15794388.400600,9926,83223.81,6468637.403100,0
1770936600000,77.7300,77.8400,77.6100,77.8000,42008.91,1770936899999,3263830.789600,5109,25783.54,2003320.823500,0
1770936900000,77.8000,78.0800,77.7300,78.0500,107729.96,1770937199999,8398917.004600,7207,64335.76,5015951.782700,0
1770937200000,78.0600,78.2200,78.0000,78.1500,141089.89,1770937499999,11019771.316000,11388,72076.66,5629844.914500,0
1770937500000,78.1600,78.4400,78.0500,78.2700,115903.51,1770937799999,9071303.945400,10952,56259.51,4403863.791500,0
1770937800000,78.2700,78.3100,77.9600,78.0700,80128.51,1770938099999,6255476.576300,7805,35598.84,2779020.344400,0
1770938100000,78.0700,78.1900,77.7700,77.8900,104442.64,1770938399999,8142683.928400,9215,46120.11,3595351.395800,0
1770938400000,77.8900,78.3600,77.8400,78.3400,88619.83,1770938699999,6920891.692800,8822,66734.94,5211657.575300,0
1770938700000,78.3500,78.4600,78.2700,78.2900,81162.54,1770938999999,6359676.776400,7796,50561.98,3962287.946000,0
1770939000000,78.3000,78.4200,78.1000,78.2600,82196.88,1770939299999,6433090.144100,9018,40821.46,3195033.124300,0
1770939300000,78.2600,78.2800,78.0900,78.2000,49662.85,1770939599999,3882516.816300,5591,25126.90,1964429.346100,0
1770939600000,78.1900,78.3700,78.1800,78.2200,119321.10,1770939899999,9339153.115900,6621,53230.15,4166322.224600,0
1770939900000,78.2200,78.2900,78.1700,78.2800,72312.66,1770940199999,5657748.076800,5266,23017.18,1800771.143100,0
1770940200000,78.2800,78.3600,78.2000,78.3300,22780.72,1770940499999,1783244.474500,3882,10552.01,825944.849900,0
1770940500000,78.3300,78.4800,78.3100,78.3700,43894.51,1770940799999,3441140.740700,4651,22640.81,1774879.652000,0
1770940800000,78.3700,78.6900,78.2500,78.5000,114533.54,1770941099999,8990308.964100,10839,60845.37,4776639.182300,0
1770941100000,78.4900,78.6500,78.3600,78.3800,59889.56,1770941399999,4702113.492200,7081,29283.67,2299868.900300,0
1770941400000,78.3700,78.4600,78.2700,78.3600,40423.01,1770941699999,3168211.396900,5432,19396.28,1520194.448700,0
1770941700000,78.3700,78.3900,78.0200,78.0900,99346.34,1770941999999,7764589.187800,8628,37191.77,2907045.508400,0
1770942000000,78.0800,78.1500,77.9100,77.9500,80100.48,1770942299999,6248054.711500,7383,36248.28,2828021.557500,0
1770942300000,77.9600,77.9800,77.8200,77.8900,55114.10,1770942599999,4293319.271100,4776,26179.98,2039389.087100,0
1770942600000,77.8900,77.9700,77.6800,77.8700,88109.43,1770942899999,6857573.101900,7954,42549.79,3312085.593800,0
1770942900000,77.8700,78.0800,77.8200,78.0400,65716.21,1770943199999,5123000.726600,6042,45504.75,3547587.750200,0
1770943200000,78.0400,78.1300,77.7600,77.7900,59686.75,1770943499999,4654257.755000,6478,27008.44,2107100.753900,0
1770943500000,77.7900,77.8900,77.5800,77.6900,87018.93,1770943799999,6765018.217700,7253,36324.20,2824394.886500,0
1770943800000,77.6800,78.0600,77.4900,77.9700,113683.88,1770944099999,8836357.265200,9811,63260.74,4918006.430800,0
1770944100000,77.9800,78.1800,77.9700,77.9900,62756.28,1770944399999,4900473.427700,5831,35889.18,2802595.951100,0
1770944400000,77.9900,78.2200,77.9700,78.1800,65010.79,1770944699999,5077577.046200,7150,33989.08,2655255.201300,0
1770944700000,78.1800,78.7200,78.1600,78.5800,117094.96,1770944999999,9192819.415100,11637,67149.13,5271500.223500,0
1770945000000,78.5800,78.6200,78.4900,78.5200,47981.86,1770945299999,3769239.941400,5556,16642.41,1307339.538500,0
1770945300000,78.5200,78.6000,78.4200,78.4700,44674.40,1770945599999,3507953.651700,5821,17495.38,1373879.287300,0
1770945600000,78.4700,78.5300,78.1800,78.2100,53851.22,1770945899999,4219496.205600,6245,22003.36,1724357.248800,0
1770945900000,78.2000,78.4500,78.1000,78.3700,56216.87,1770946199999,4398949.327400,6539,28400.64,2221904.239900,0
1770946200000,78.3700,78.5300,78.2900,78.4000,41053.87,1770946499999,3218627.879200,5771,19677.84,1542847.363100,0
1770946500000,78.4100,78.5200,78.2500,78.4600,47250.28,1770946799999,3703376.327900,5944,20797.27,1630248.738600,0
1770946800000,78.4700,78.7500,78.4000,78.6000,100263.19,1770947099999,7878956.925600,8460,59395.54,4667539.191800,0
1770947100000,78.6000,78.8000,78.5900,78.6700,103112.65,1770947399999,8115365.838700,7742,48242.61,3796797.405200,0
1770947400000,78.6700,78.7400,78.4200,78.4800,43119.19,1770947699999,3389513.489000,5226,16175.61,1271575.535600,0
1770947700000,78.4800,78.5600,78.3100,78.5600,39053.97,1770947999999,3062749.053300,5159,19551.29,1533357.410000,0
1770948000000,78.5600,78.6300,78.4500,78.5900,44509.32,1770948299999,3495729.979200,6029,22332.55,1754244.940700,0
1770948300000,78.5800,78.7500,78.5300,78.7100,40073.79,1770948599999,3152096.556700,5354,19099.30,1502371.563000,0
1770948600000,78.7200,78.7200,78.6000,78.6600,19516.93,1770948899999,1535416.570100,3434,8041.93,632729.898200,0
1770948900000,78.6600,78.7100,78.5400,78.5600,20396.35,1770949199999,1603688.977900,3780,9428.59,741396.287600,0
1770949200000,78.5600,78.7600,78.4100,78.7400,43775.53,1770949499999,3439050.099200,5043,26575.68,2087991.117900,0
1770949500000,78.7500,78.8300,78.6800,78.6900,66073.12,1770949799999,5204280.877900,6186,29960.27,2359916.883900,0
1770949800000,78.7000,78.7600,78.5800,78.6500,35492.28,1770950099999,2792380.925500,3939,18546.17,1459305.071100,0
1770950100000,78.6500,78.6800,78.4200,78.4700,31653.11,1770950399999,2485248.612200,4150,8451.44,663704.562800,0
1770950400000,78.4600,78.8400,78.3900,78.8100,97151.66,1770950699999,7636227.859400,7937,48808.28,3836445.771600,0
1770950700000,78.8000,78.8600,78.6200,78.6300,52755.32,1770950999999,4155884.616400,5783,19940.45,1571033.981300,0
1770951000000,78.6300,79.2200,78.6300,79.1500,182498.99,1770951299999,14422548.071400,12269,120440.58,9517813.625500,0
1770951300000,79.1600,79.2800,79.0600,79.0900,128525.92,1770951599999,10180361.991200,7799,61693.52,4886475.992800,0
1770951600000,79.1000,79.1800,79.0400,79.0700,43353.29,1770951899999,3430032.632800,5386,20576.78,1628067.146800,0
1770951900000,79.0800,79.0800,78.7600,78.9700,131490.23,1770952199999,10376770.994500,9751,58910.04,4649132.384600,0
1770952200000,78.9700,79.0000,78.8500,78.8800,30753.87,1770952499999,2427284.364700,3755,11247.19,887855.105600,0
1770952500000,78.8900,79.0900,78.8400,79.0500,35288.70,1770952799999,2786456.559400,3982,20641.32,1630159.070700,0
1770952800000,79.0500,79.0500,78.8900,78.9500,29398.49,1770953099999,2321071.021700,4008,13903.45,1097753.753400,0
1770953100000,78.9500,79.1400,78.9500,79.1400,31742.64,1770953399999,2509918.937500,3831,18485.99,1461856.933300,0
1770953400000,79.1400,79.4400,79.1300,79.1700,110005.17,1770953699999,8723295.051100,9765,58176.72,4613689.529600,0
1770953700000,79.1800,79.2500,79.0800,79.1900,39206.03,1770953999999,3103792.551100,4811,19285.56,1526827.340800,0
1770954000000,79.1800,79.2300,79.0600,79.0600,25456.51,1770954299999,2014398.380200,3856,8164.97,646269.470000,0
1770954300000,79.0600,79.1300,78.9400,78.9600,38937.96,1770954599999,3078124.609900,4265,13096.84,1035629.915200,0
1770954600000,78.9500,79.0500,78.8600,78.9800,42409.56,1770954899999,3348255.513100,4167,15080.19,1190537.842700,0
1770954900000,78.9800,79.0100,78.8800,79.0000,27441.63,1770955199999,2166612.666600,3811,10015.41,790805.791900,0
1770955200000,79.0100,79.1300,78.9100,78.9100,41634.64,1770955499999,3289088.571100,5421,19701.67,1556574.276300,0
1770955500000,78.9200,79.1000,78.8300,78.9900,33686.48,1770955799999,2659789.152900,5294,15349.71,1211964.151400,0
1770955800000,78.9800,79.0400,78.8400,79.0300,31801.84,1770956099999,2510416.866500,3893,15117.43,1193509.788500,0
1770956100000,79.0200,79.2300,79.0000,79.1100,44442.51,1770956399999,3516622.743000,6177,22187.01,1755627.852400,0
1770956400000,79.1100,79.1400,78.8500,78.9700,33778.24,1770956699999,2667889.872100,4977,10897.92,860517.811000,0
1770956700000,78.9600,79.0300,78.8800,78.8900,25402.68,1770956999999,2005986.600400,3019,10605.00,837675.316600,0
1770957000000,78.8800,78.8900,78.5700,78.6600,89593.91,1770957299999,7049994.353800,6845,30645.23,2411391.832500,0
1770957300000,78.6600,78.7600,78.5500,78.6200,43300.02,1770957599999,3406235.184400,4725,17180.62,1351877.938800,0
1770957600000,78.6200,78.6500,78.4700,78.5100,50725.26,1770957899999,3985191.704400,4844,21854.02,1717323.481100,0
1770957900000,78.5200,78.5300,78.4000,78.5000,53268.99,1770958199999,4180162.949600,4524,25202.16,1977831.817200,0
1770958200000,78.5000,78.6400,78.5000,78.6300,34427.68,1770958499999,2705396.721900,3494,20917.12,1643794.958500,0
1770958500000,78.6300,78.6700,78.4100,78.4700,60914.00,1770958799999,4783007.206500,4432,21888.30,1719265.938800,0
1770958800000,78.4700,78.6000,78.4200,78.4700,68853.53,1770959099999,5406251.452600,5600,32673.19,2565409.360400,0
1770959100000,78.4600,78.4900,78.1800,78.2400,94404.61,1770959399999,7392621.343300,8628,37007.45,2898131.132800,0
1770959400000,78.2500,78.3300,78.1700,78.1700,38513.80,1770959699999,3013944.316700,4618,17696.60,1385063.986200,0
1770959700000,78.1700,78.3300,78.1200,78.2500,45624.97,1770959999999,3569390.072500,4605,29584.59,2314510.992800,0
1770960000000,78.2600,78.4200,78.2300,78.3000,33395.25,1770960299999,2615093.266300,3590,18794.85,1471872.602000,0
1770960300000,78.3000,78.4100,78.2100,78.3100,41053.52,1770960599999,3214811.427500,3755,21078.83,1650801.216000,0
1770960600000,78.3100,78.5100,78.2900,78.4300,33763.32,1770960899999,2648634.932400,4050,20389.66,1599475.577800,0
1770960900000,78.4200,78.6300,78.4000,78.4700,40546.29,1770961199999,3184037.941400,4835,17828.49,1400221.437700,0
1770961200000,78.4600,78.7000,78.3700,78.6700,56550.50,1770961499999,4445040.719400,4814,40776.49,3205553.759300,0
1770961500000,78.6700,78.7200,78.5400,78.6600,31596.81,1770961799999,2484885.602900,3512,15010.07,1180453.004900,0
1770961800000,78.6500,78.6600,78.4700,78.4800,36783.54,1770962099999,2889310.817600,3888,9486.57,745279.009900,0
1770962100000,78.4800,78.5600,78.2300,78.2500,55912.42,1770962399999,4381654.799300,4594,16619.21,1302662.410400,0
1770962400000,78.2400,78.4000,78.2100,78.3200,44446.31,1770962699999,3481242.714900,4268,28175.02,2206968.929400,0
1770962700000,78.3200,78.4000,78.3100,78.3600,21029.81,1770962999999,1647962.929900,2899,12914.55,1012082.739500,0
1770963000000,78.3600,78.4600,78.3100,78.3500,20375.20,1770963299999,1597199.704400,3079,9453.85,741128.622600,0
1770963300000,78.3500,78.4600,78.3000,78.3200,28983.65,1770963599999,2271819.414100,3614,11669.02,914772.815800,0
1770963600000,78.3300,78.4100,77.7900,77.9400,200700.06,1770963899999,15654059.814900,11094,53695.86,4188612.292600,0
1770963900000,77.9400,77.9900,77.8800,77.9900,73541.85,1770964199999,5731662.700700,5336,33196.31,2587465.730100,0
1770964200000,77.9800,78.0400,77.8100,78.0100,70943.98,1770964499999,5526528.904300,5925,29489.81,2297608.219400,0
1770964500000,78.0000,78.0800,77.9700,77.9700,33683.60,1770964799999,2628167.364600,3792,16252.58,1268209.538800,0
1770964800000,77.9800,78.0900,77.9700,78.0300,30891.13,1770965099999,2410814.659000,3297,14710.81,1148202.199900,0
1770965100000,78.0200,78.1400,77.9600,78.0300,52957.26,1770965399999,4134545.800600,4405,26688.91,2083749.112900,0
1770965400000,78.0300,78.3400,78.0300,78.2600,43352.20,1770965699999,3391645.042600,4714,28214.40,2207226.726300,0
1770965700000,78.2600,78.6300,78.2300,78.5800,89208.04,1770965999999,7000917.290200,6419,59381.82,4658781.343100,0
1770966000000,78.5800,78.8400,78.5500,78.8000,100432.15,1770966299999,7903385.299500,7904,64927.88,5109952.300700,0
1770966300000,78.7900,78.8900,78.6400,78.6700,71877.18,1770966599999,5660346.107900,6469,30205.39,2378817.717900,0
1770966600000,78.6800,79.2200,78.6700,79.1000,173595.10,1770966899999,13717904.134700,10990,106663.95,8426222.194400,0
1770966900000,79.0900,79.1700,78.9400,78.9700,77319.22,1770967199999,6113130.313100,6246,25860.60,2044542.143000,0
1770967200000,78.9700,79.0400,78.9000,79.0000,52102.11,1770967499999,4113773.795700,4603,20427.73,1613042.952500,0
1770967500000,78.9900,79.0100,78.8600,78.9400,44926.29,1770967799999,3545232.183000,3647,18881.69,1490092.843000,0
1770967800000,78.9300,78.9300,78.8200,78.8600,42217.66,1770968099999,3330010.836300,4099,13611.77,1073652.634000,0
1770968100000,78.8600,78.9000,78.5700,78.5800,87547.35,1770968399999,6889857.243600,6748,28709.09,2259036.015700,0
1770968400000,78.5800,78.6100,78.5100,78.5600,32515.56,1770968699999,2554618.902300,3801,16533.64,1299015.550100,0
1770968700000,78.5600,78.7400,78.4800,78.7300,55388.65,1770968999999,4352287.018100,5097,26845.30,2109996.966500,0
1770969000000,78.7400,79.0200,78.6100,79.0200,84376.21,1770969299999,6652681.577400,6081,49146.51,3875982.246800,0
1770969300000,79.0200,79.0600,78.8800,78.9300,56096.91,1770969599999,4429888.813600,4856,19659.68,1552550.893100,0
1770969600000,78.9300,79.0600,78.8000,79.0300,54154.56,1770969899999,4273909.279300,5640,29085.48,2296021.714600,0
1770969900000,79.0300,79.1900,79.0000,79.0400,79916.22,1770970199999,6321095.712100,7540,34354.28,2717510.784600,0
1770970200000,79.0500,79.2000,78.9500,78.9600,68359.64,1770970499999,5405998.362200,5489,24350.83,1926044.714500,0
1770970500000,78.9600,79.0300,78.8700,79.0200,77638.94,1770970799999,6128576.665400,6489,32203.79,2542389.905000,0
1770970800000,79.0200,79.3400,78.9000,79.0900,83931.82,1770971099999,6646075.601800,7209,45067.35,3569010.525100,0
1770971100000,79.0900,79.3900,79.0900,79.2600,46022.36,1770971399999,3649573.710800,5179,29502.00,2339436.733700,0
1770971400000,79.2600,79.4100,79.2100,79.3500,43539.17,1770971699999,3453823.445800,4641,26246.21,2082075.575100,0
1770971700000,79.3600,79.3700,79.2200,79.2200,36994.63,1770971999999,2933586.218500,4305,15728.85,1247303.685100,0
1770972000000,79.2200,79.3600,79.1900,79.3600,35159.25,1770972299999,2787555.936800,3785,16384.24,1298970.880100,0
1770972300000,79.3600,79.8700,79.3600,79.7700,211736.14,1770972599999,16860255.613300,14939,136384.27,10860482.711400,0
1770972600000,79.7600,79.8300,79.5700,79.6300,83916.94,1770972899999,6685919.081400,6802,26036.39,2074588.092800,0
1770972900000,79.6300,79.6800,79.5500,79.6700,64133.42,1770973199999,5105449.015300,5318,26041.78,2073317.957300,0
1770973200000,79.6700,79.6800,79.5200,79.5200,51313.36,1770973499999,4084069.507200,5988,20306.59,1616445.565900,0
1770973500000,79.5200,79.7000,79.5000,79.6100,54035.41,1770973799999,4300505.734300,6189,25031.93,1992162.949300,0
1770973800000,79.6000,79.7200,79.3600,79.4500,57403.52,1770974099999,4565333.094200,6258,25667.95,2041995.449600,0
1770974100000,79.4500,79.6200,79.4100,79.5300,42388.32,1770974399999,3368725.531900,5004,14549.01,1156455.482400,0
1770974400000,79.5300,79.7100,79.4900,79.6400,41856.11,1770974699999,3332616.130500,4854,21688.92,1727015.683000,0
1770974700000,79.6300,79.7000,79.6100,79.7000,21927.99,1770974999999,1746283.854600,2696,11204.91,892378.059900,0
1770975000000,79.6900,79.7500,79.5800,79.6200,63560.77,1770975299999,5064546.310300,5373,28691.12,2286372.132600,0
1770975300000,79.6300,79.6600,79.4700,79.5500,48144.51,1770975599999,3830357.832100,4957,16140.54,1284167.224600,0
1770975600000,79.5400,79.5800,79.4500,79.4800,36631.94,1770975899999,2913619.623400,3293,23889.61,1900252.153200,0
1770975900000,79.4800,79.7600,79.4600,79.7200,60687.74,1770976199999,4833269.938700,5025,27876.60,2220466.908600,0
1770976200000,79.7200,79.9200,79.6900,79.8000,170715.20,1770976499999,13625504.267200,9138,96799.31,7725837.124800,0
1770976500000,79.8000,79.8500,79.7700,79.8200,37695.03,1770976799999,3008140.369600,3381,14681.65,1171667.848200,0
1770976800000,79.8200,79.9100,79.7100,79.7400,91808.83,1770977099999,7325944.906500,7033,34300.67,2737177.069600,0
1770977100000,79.7300,79.9300,79.7300,79.8100,61699.09,1770977399999,4925754.302400,5803,30903.72,2467479.800100,0
1770977400000,79.8000,80.0800,79.8000,80.0800,191234.24,1770977699999,15294989.759900,11015,108323.43,8664182.224600,0
1770977700000,80.0800,80.3700,80.0300,80.2200,243208.19,1770977999999,19498093.721500,14157,129291.11,10366335.284600,0
1770978000000,80.2200,80.2200,79.8300,79.9200,81701.25,1770978299999,6534670.069000,6880,25608.04,2047907.088300,0
1770978300000,79.9300,80.1100,79.8800,80.0700,53711.84,1770978599999,4295666.377000,4106,32131.48,2570306.366100,0
1770978600000,80.0700,80.3500,79.9600,80.3100,83493.38,1770978899999,6689682.237000,6038,45485.95,3644704.974500,0
1770978900000,80.3200,80.3600,80.1000,80.1200,75288.71,1770979199999,6042672.947800,5008,26004.60,2087203.794700,0
1770979200000,80.1100,80.2900,80.0800,80.2700,70820.05,1770979499999,5679840.712600,5174,42160.06,3381190.498100,0
1770979500000,80.2800,80.3500,80.1500,80.2600,87618.02,1770979799999,7033837.451000,6171,46101.66,3700752.550800,0
1770979800000,80.2500,80.5500,80.0900,80.4900,205912.30,1770980099999,16552217.676400,13127,130735.18,10509409.295700,0
1770980100000,80.4800,80.5800,80.2800,80.2900,150351.88,1770980399999,12099573.806000,9398,77447.74,6233894.895400,0
1770980400000,80.3000,80.3100,80.1100,80.2200,77573.47,1770980699999,6221192.345100,7068,24880.18,1995394.882800,0
1770980700000,80.2200,80.3400,80.0600,80.1000,37958.30,1770980999999,3043414.574600,4586,12811.19,1027583.092800,0
1770981000000,80.1100,80.1100,79.9500,80.0300,70816.54,1770981299999,5665559.724000,5842,36048.85,2884208.221900,0
1770981300000,80.0400,80.1400,79.9400,80.1000,79710.08,1770981599999,6380411.573100,5498,40841.32,3269797.471200,0
1770981600000,80.1000,80.1700,79.9100,79.9400,53809.97,1770981899999,4306926.383500,4878,19366.88,1550690.586600,0
1770981900000,79.9400,80.1400,79.9200,80.0500,53251.67,1770982199999,4261972.137700,4488,29873.95,2391071.714700,0
1770982200000,80.0500,80.0800,79.7400,79.9400,115751.01,1770982499999,9243901.970100,8746,45557.02,3638299.414700,0
1770982500000,79.9400,80.0600,79.8900,79.9500,56133.71,1770982799999,4488963.004000,5422,28212.25,2256270.968200,0
1770982800000,79.9600,80.1700,79.9500,80.1400,50458.74,1770983099999,4041222.763900,4912,30402.44,2435103.230800,0
1770983100000,80.1400,80.2900,80.0700,80.1700,78673.19,1770983399999,6309831.749500,6838,37702.21,3024174.139200,0
1770983400000,80.1600,80.3300,80.1400,80.2500,44986.29,1770983699999,3609219.700600,4831,20624.46,1654587.655000,0
1770983700000,80.2500,80.3600,80.1400,80.2600,79294.80,1770983999999,6363483.621600,5391,30796.26,2471788.211100,0
1770984000000,80.2600,80.2700,79.9300,79.9800,64878.00,1770984299999,5195701.114900,6793,25088.22,2009318.437900,0
1770984300000,79.9800,80.0100,79.8000,79.9700,64560.69,1770984599999,5157436.467200,5977,25182.89,2012280.271300,0
1770984600000,79.9800,80.1200,79.8900,79.9000,31866.12,1770984899999,2549483.867700,4116,17983.47,1438846.311300,0
1770984900000,79.9000,80.0100,79.8400,79.9500,50366.67,1770985199999,4026023.585700,4442,22755.27,1818885.117500,0
1770985200000,79.9400,80.0600,79.9300,79.9400,18548.86,1770985499999,1483738.966900,2917,10063.50,805050.760300,0
1770985500000,79.9400,80.1400,79.9300,80.0600,23179.65,1770985799999,1855938.985800,3551,13957.05,1117516.803600,0
1770985800000,80.0600,80.1200,79.9700,79.9800,31653.26,1770986099999,2533561.072600,3693,12159.82,973371.131200,0
1770986100000,79.9800,80.0900,79.9000,79.9800,32916.61,1770986399999,2632867.868600,3535,15049.42,1203796.612000,0
1770986400000,79.9900,80.0400,79.8700,79.9500,15276.56,1770986699999,1221404.005500,3168,7532.46,602253.235400,0
1770986700000,79.9500,80.0000,79.9000,79.9900,26712.19,1770986999999,2135069.852700,2918,12782.16,1021712.145900,0
1770987000000,80.0000,80.1100,79.9400,80.1100,29645.35,1770987299999,2372302.543900,3457,15239.64,1219544.371100,0
1770987300000,80.1100,80.1400,79.8600,79.9200,45945.55,1770987599999,3675106.784000,4995,20849.44,1667660.683800,0
1770987600000,79.9200,80.1000,79.8900,80.0700,46388.06,1770987899999,3711571.905000,5467,28295.22,2264187.900300,0
1770987900000,80.0600,80.0700,79.6800,79.8100,95778.02,1770988199999,7643169.867300,8806,31654.24,2526209.867500,0
1770988200000,79.8100,79.9100,79.7800,79.8100,38084.61,1770988499999,3040445.791900,4173,19993.47,1596315.598100,0
1770988500000,79.8000,80.0300,79.7900,80.0100,49175.74,1770988799999,3930210.069200,4944,34461.63,2754686.369800,0
1770988800000,80.0100,80.2000,79.9500,80.2000,133591.13,1770989099999,10706782.079700,6322,97851.05,7843767.034900,0
1770989100000,80.2000,80.4800,80.1900,80.2800,195116.80,1770989399999,15667163.559000,12399,119802.06,9616923.301300,0
1770989400000,80.2700,80.8900,80.2600,80.6300,431347.66,1770989699999,34758971.873300,34667,235096.38,18947756.565400,0
1770989700000,80.6300,80.6500,80.0600,80.1600,142027.09,1770989999999,11406711.327600,14628,53281.39,4279193.849500,0
1770990000000,80.1700,80.3000,80.0900,80.1100,71027.44,1770990299999,5695759.133800,8853,34327.04,2753260.983400,0
1770990300000,80.1100,80.2300,79.8900,80.2200,119082.08,1770990599999,9531152.892700,11013,51866.63,4151672.907900,0
1770990600000,80.2300,80.4600,80.1800,80.3200,69898.41,1770990899999,5615363.269500,7783,35096.18,2819612.785000,0
1770990900000,80.3100,80.4300,80.1900,80.2300,61238.78,1770991199999,4917715.220500,6017,22848.81,1835104.826500,0
1770991200000,80.2300,80.2900,79.9200,79.9700,51503.25,1770991499999,4126735.847400,7227,19200.59,1538810.981200,0
1770991500000,79.9800,80.0400,79.8500,79.9500,85537.52,1770991799999,6837198.263500,8500,44992.74,3596774.687400,0
1770991800000,79.9400,80.0500,79.8000,79.8800,65677.27,1770992099999,5248030.755400,6671,35622.34,2847001.685200,0
1770992100000,79.8700,80.3000,79.8700,80.2600,70265.54,1770992399999,5631097.785900,6789,40091.15,3212830.273700,0
1770992400000,80.2500,80.3100,80.2000,80.2600,48125.11,1770992699999,3862555.895100,4428,19666.17,1578504.831200,0
1770992700000,80.2600,80.7300,80.2200,80.5600,273724.13,1770992999999,22046490.425200,11752,155058.15,12487156.679400,0
1770993000000,80.5500,81.5700,80.5000,81.4900,616266.95,1770993299999,49942668.524900,43757,385489.67,31243184.824500,0
1770993300000,81.4800,81.5000,80.8400,80.9500,299865.90,1770993599999,24350907.609900,27342,123098.17,9995173.939300,0
1770993600000,80.9600,81.0800,80.3700,81.0800,275245.63,1770993899999,22201759.796700,24157,136631.59,11020944.903000,0
1770993900000,81.0700,81.9300,81.0600,81.7200,451291.36,1770994199999,36827258.875200,35266,232551.50,18979425.132000,0
1770994200000,81.7200,81.8000,81.2700,81.3200,232896.51,1770994499999,18984007.686100,23900,102779.78,8377943.071400,0
1770994500000,81.3200,81.5400,81.0900,81.3000,153877.50,1770994799999,12508111.732600,16039,78759.10,6402230.783900,0
1770994800000,81.3100,81.7000,81.2400,81.3000,216788.61,1770995099999,17657645.398000,21853,112823.09,9190540.584500,0
1770995100000,81.3000,81.9600,81.0400,81.9400,230177.21,1770995399999,18758617.407000,23150,116713.86,9516320.236100,0
1770995400000,81.9300,82.6300,81.8300,82.2600,492555.85,1770995699999,40535944.856300,36530,309777.35,25495593.569000,0
1770995700000,82.2700,82.5900,82.1100,82.1600,278305.23,1770995999999,22900599.186500,22672,133063.29,10950200.282700,0
1770996000000,82.1600,82.4000,81.9600,82.2200,164879.42,1770996299999,13546725.881000,17265,76857.75,6315965.507200,0
1770996300000,82.2300,83.6500,82.1700,83.6000,658540.43,1770996599999,54799162.342300,43746,407063.68,33858288.115200,0
1770996600000,83.6100,84.3000,83.5900,83.8400,675400.41,1770996899999,56681993.638900,38914,379449.26,31850068.873700,0
1770996900000,83.8400,84.1200,83.5200,83.5800,311431.78,1770997199999,26095052.542700,24407,129051.26,10817098.725600,0
1770997200000,83.5700,83.5900,83.0400,83.1300,275767.62,1770997499999,22965750.804300,22205,121973.19,10157336.677700,0
1770997500000,83.1400,83.3200,82.8400,82.9100,253844.77,1770997799999,21088696.121600,20989,129751.80,10782571.970500,0
1770997800000,82.9200,83.2600,82.8600,83.1000,151472.59,1770998099999,12588340.286500,15015,77310.98,6425154.304100,0
1770998100000,83.1100,83.3000,82.8400,83.1600,151806.86,1770998399999,12609483.819700,14442,69819.32,5799764.181100,0
1770998400000,83.1600,83.3300,82.8700,83.2000,174895.10,1770998699999,14542105.655700,16449,86954.60,7230786.017800,0
1770998700000,83.2000,84.0800,83.1300,83.8500,444548.86,1770998999999,37238375.230800,27461,236205.09,19781929.475300,0
1770999000000,83.8500,83.8600,83.4100,83.7300,131356.49,1770999299999,10981712.945100,14025,58622.09,4900450.264500,0
1770999300000,83.7300,83.9000,83.4900,83.4900,107447.88,1770999599999,8997046.576800,12893,48001.45,4020569.020600,0
1770999600000,83.5000,83.7100,83.3800,83.6300,95183.65,1770999899999,7949419.000600,10692,53592.05,4476389.355700,0
1770999900000,83.6300,84.0700,83.5400,84.0700,145335.42,1771000199999,12190505.901400,13582,83261.72,6983784.994900,0
1771000200000,84.0600,84.9900,83.9100,84.4300,542442.46,1771000499999,45891635.416800,37335,342088.04,28943575.845700,0
1771000500000,84.4300,84.5900,84.2200,84.4700,141014.78,1771000799999,11907083.478800,15327,59211.30,4999978.643700,0
1771000800000,84.4700,84.5400,84.2800,84.4500,112224.71,1771001099999,9473103.510000,10507,53519.52,4518412.273900,0
1771001100000,84.4600,84.4900,84.1100,84.2000,103350.27,1771001399999,8710941.906300,10168,41512.98,3498718.717800,0
1771001400000,84.2000,84.5500,84.1900,84.4200,92019.08,1771001699999,7764338.006200,9420,48733.29,4112629.351900,0
1771001700000,84.4200,84.6000,84.1100,84.1700,111756.27,1771001999999,9427057.049500,9909,57388.19,4841593.453300,0
1771002000000,84.1800,84.2000,83.8200,83.9100,161377.32,1771002299999,13559443.454200,14947,63765.94,5358119.955000,0
1771002300000,83.9000,84.0000,83.5200,83.5400,181458.27,1771002599999,15197390.334100,13546,83011.21,6954397.253300,0
1771002600000,83.5300,84.1100,83.5300,84.1100,152650.88,1771002899999,12795317.541900,10394,94599.19,7929878.067700,0
1771002900000,84.1100,84.3300,83.9900,84.1900,157256.41,1771003199999,13231579.682600,11441,82682.77,6959385.197700,0
1771003200000,84.1900,84.4900,84.1400,84.2800,126270.04,1771003499999,10647919.239300,11159,69442.56,5855269.048100,0
1771003500000,84.2900,84.3700,84.0800,84.3300,96534.63,1771003799999,8130308.823800,8926,43599.73,3672303.693200,0
1771003800000,84.3300,84.6900,84.3100,84.4900,153859.11,1771004099999,13004833.288800,11679,77043.02,6512527.133400,0
1771004100000,84.4900,84.5400,84.3300,84.4400,62610.50,1771004399999,5286652.801800,7515,28257.86,2386132.342700,0
1771004400000,84.4300,84.5400,84.3000,84.3400,52442.67,1771004699999,4427178.098400,6732,29112.53,2457964.587800,0
1771004700000,84.3300,84.4600,84.1000,84.2600,93325.90,1771004999999,7866012.957900,8955,39812.69,3355494.914800,0
1771005000000,84.2600,84.5000,84.1800,84.3000,67506.98,1771005299999,5693385.665800,7791,30816.09,2599064.810600,0
1771005300000,84.3100,84.4800,84.2400,84.2900,42837.91,1771005599999,3613274.544100,5810,19636.65,1656326.994500,0
1771005600000,84.3000,84.6900,84.0700,84.6100,197828.73,1771005899999,16694302.258300,15878,106813.49,9013537.985600,0
1771005900000,84.6100,84.8500,84.4800,84.6500,191373.07,1771006199999,16210359.883100,14262,114795.04,9724283.988300,0
1771006200000,84.6500,84.8200,84.4400,84.4700,116612.67,1771006499999,9866211.747500,9634,35531.09,3006648.405700,0
1771006500000,84.4700,84.6000,84.2700,84.3600,79049.16,1771006799999,6676218.158200,8881,37126.54,3135775.998000,0
1771006800000,84.3700,84.7600,84.3500,84.6600,59659.07,1771007099999,5046277.092700,7014,21689.14,1834316.413800,0
1771007100000,84.6600,84.7400,84.4900,84.6200,87362.22,1771007399999,7391434.473800,8557,41777.21,3535138.063300,0
1771007400000,84.6200,84.8200,84.5400,84.7200,80357.89,1771007699999,6804297.461300,8191,32935.83,2789014.986800,0
1771007700000,84.7100,85.4200,84.6700,85.1900,300040.96,1771007999999,25552987.277100,23188,194008.39,16523157.779100,0
1771008000000,85.1800,85.3700,85.0300,85.1400,97161.47,1771008299999,8278172.524700,8958,49861.37,4248387.541200,0
1771008300000,85.1400,85.4500,85.0700,85.1700,147951.43,1771008599999,12614944.569900,10853,66845.53,5700821.931300,0
1771008600000,85.1600,85.5700,85.1400,85.4600,211901.87,1771008899999,18101569.358500,15163,120992.21,10335527.491600,0
1771008900000,85.4500,85.5000,85.2100,85.3500,103059.85,1771009199999,8799432.774200,8799,37155.06,3172666.032600,0
1771009200000,85.3400,85.4700,85.1200,85.1500,87686.74,1771009499999,7478872.531300,9778,33860.67,2888016.313100,0
1771009500000,85.1600,85.4000,85.1200,85.3500,51952.14,1771009799999,4430914.078600,7348,30589.22,2609041.720900,0
1771009800000,85.3600,85.5900,85.1900,85.2600,74518.86,1771010099999,6362296.456500,7985,38347.40,3274500.736000,0
1771010100000,85.2600,85.2700,84.9100,85.1200,74202.47,1771010399999,6310506.141500,8336,27748.77,2359971.631200,0
1771010400000,85.1200,85.3600,85.0900,85.3100,67042.28,1771010699999,5714253.750100,6490,35133.84,2994898.921600,0
1771010700000,85.3100,85.3400,84.7200,84.7400,90584.30,1771010999999,7698905.668300,8482,30000.60,2550056.030800,0
1771011000000,84.7500,84.8500,84.6500,84.7700,125942.08,1771011299999,10674356.650400,9414,70778.21,5999359.285900,0
1771011300000,84.7600,84.8600,84.6600,84.7300,77524.89,1771011599999,6571443.871400,7037,35110.97,2976351.017700,0
1771011600000,84.7300,84.7500,84.5000,84.5900,115830.99,1771011899999,9796872.769300,9417,40553.77,3430145.108400,0
1771011900000,84.5900,84.7200,84.5600,84.6000,81858.85,1771012199999,6927471.715700,6848,48310.59,4088630.946600,0
1771012200000,84.6100,84.7800,84.6100,84.7300,46739.82,1771012499999,3959056.390200,5425,31284.08,2649929.328000,0
1771012500000,84.7300,84.9300,84.5700,84.6000,64424.60,1771012799999,5461750.474800,6330,33657.11,2854799.108200,0
1771012800000,84.6000,84.6700,84.4100,84.4900,131323.54,1771013099999,11098049.318700,10154,62726.28,5301348.549900,0
1771013100000,84.4900,84.6300,84.3800,84.4700,100809.19,1771013399999,8520794.505100,8246,45204.00,3821136.480200,0
1771013400000,84.4800,84.5900,84.2500,84.2800,112179.00,1771013699999,9465739.222100,8873,47853.74,4037924.664000,0
1771013700000,84.2800,84.4800,84.1200,84.4800,104768.18,1771013999999,8828794.833900,9485,54945.17,4631026.252700,0
1771014000000,84.4800,84.7000,84.3900,84.5800,96919.06,1771014299999,8193247.755300,6972,53628.19,4533277.497300,0
1771014300000,84.5800,84.6200,84.3800,84.5000,52823.84,1771014599999,4462482.976800,6063,23629.83,1996562.543400,0
1771014600000,84.5000,84.7400,84.4200,84.5500,47845.54,1771014899999,4047888.377400,7145,24858.66,2103349.869900,0
1771014900000,84.5600,84.7200,84.3300,84.5100,98928.82,1771015199999,8357735.334600,8185,33320.17,2815401.518400,0
1771015200000,84.5100,84.7000,84.4500,84.6800,48846.18,1771015499999,4129807.399300,5686,20783.98,1757233.115100,0
1771015500000,84.6800,85.0200,84.6500,84.9900,108945.10,1771015799999,9242103.666100,8613,64180.52,5445663.920200,0
1771015800000,84.9900,85.0300,84.8000,84.8700,76663.82,1771016099999,6509016.088000,6494,35514.89,3015259.824500,0
1771016100000,84.8800,84.8800,84.5800,84.7200,125079.34,1771016399999,10593843.790700,8907,51590.15,4369472.911000,0
1771016400000,84.7300,85.0200,84.6300,84.9500,147786.56,1771016699999,12530152.969000,10654,79799.63,6767143.730400,0
1771016700000,84.9500,85.1600,84.9000,85.0700,71325.51,1771016999999,6064853.343800,7817,42923.90,3649686.648300,0
1771017000000,85.0700,85.1400,84.9200,85.0500,122897.82,1771017299999,10449276.793100,9380,62873.22,5345594.592900,0
1771017300000,85.0400,85.0500,84.8500,84.8700,32023.66,1771017599999,2721018.153200,4183,11686.38,993168.240800,0
1771017600000,84.8700,84.9700,84.8000,84.9000,47452.70,1771017899999,4027859.830200,4377,26306.50,2233272.597600,0
1771017900000,84.9100,85.0300,84.7700,84.7900,46802.42,1771018199999,3975110.423800,4405,18724.32,1590950.748500,0
1771018200000,84.8000,84.8600,84.7300,84.7900,38333.97,1771018499999,3250555.119000,4429,20281.81,1719960.642000,0
1771018500000,84.7900,84.8000,84.6800,84.6800,46902.43,1771018799999,3974796.262000,4294,17601.73,1491862.899500,0
1771018800000,84.6800,84.8000,84.6700,84.7700,18417.21,1771019099999,1560713.900600,3099,11699.45,991486.317400,0
1771019100000,84.7600,84.7700,84.5800,84.7400,25303.93,1771019399999,2142034.762200,4130,11962.92,1012826.043200,0
1771019400000,84.7300,84.7500,84.5200,84.5600,25448.11,1771019699999,2153424.198100,3325,9018.06,763260.651300,0
1771019700000,84.5600,84.8100,84.5400,84.8000,39951.91,1771019999999,3382989.144500,3790,26294.95,2226665.807800,0
1771020000000,84.8000,84.8200,84.6300,84.6500,23111.93,1771020299999,1957965.593300,3854,7056.66,597908.025200,0
1771020300000,84.6600,84.8800,84.6500,84.7900,59363.29,1771020599999,5034248.682100,5045,40650.78,3447305.988900,0
1771020600000,84.7900,84.8600,84.4300,84.4300,54854.70,1771020899999,4643718.606500,6272,15050.75,1275216.446600,0
1771020900000,84.4300,84.5800,84.4100,84.5000,42728.16,1771021199999,3609562.161600,4589,28643.98,2419691.781900,0
1771021200000,84.4900,84.6200,84.4900,84.5500,29927.18,1771021499999,2530871.052200,3579,16822.03,1422660.323700,0
1771021500000,84.5400,84.7200,84.5400,84.6500,16398.49,1771021799999,1387962.272900,2658,10812.10,915155.826900,0
1771021800000,84.6500,84.7000,84.5200,84.5900,24092.94,1771022099999,2038295.475800,3279,10005.56,846438.348500,0
1771022100000,84.6000,84.6000,84.4500,84.4600,22160.19,1771022399999,1873038.480800,2827,6701.74,566434.239100,0
1771022400000,84.4500,84.6500,84.4300,84.5800,19309.29,1771022699999,1632771.273000,3357,11397.26,963721.569200,0
1771022700000,84.5800,84.6800,84.5400,84.5800,12920.43,1771022999999,1092919.691200,2849,6910.12,584541.762300,0
1771023000000,84.5700,84.6000,84.5100,84.5600,11043.20,1771023299999,933911.147500,2413,4136.56,349808.650800,0
1771023300000,84.5500,84.6300,84.4600,84.6200,19290.66,1771023599999,1630872.124800,3434,11065.19,935605.972500,0
1771023600000,84.6200,84.6200,84.4500,84.4900,25263.73,1771023899999,2135147.392800,3874,12739.80,1076753.315300,0
1771023900000,84.4800,84.4900,84.2800,84.3200,57336.31,1771024199999,4838819.629200,7049,17998.09,1518878.083400,0
1771024200000,84.3300,84.3900,84.3100,84.3300,24743.43,1771024499999,2086980.691600,3584,14178.29,1195909.427800,0
1771024500000,84.3300,84.4800,84.1800,84.2300,47471.03,1771024799999,4001560.910000,4933,23674.43,1995842.436000,0
1771024800000,84.2200,84.3700,84.2000,84.2700,32533.71,1771025099999,2742134.248400,4124,15081.71,1271167.722500,0
1771025100000,84.2800,84.3500,84.2400,84.2400,18864.54,1771025399999,1590413.723100,3120,10090.02,850714.996400,0
1771025400000,84.2500,84.3900,84.2400,84.3900,20731.33,1771025699999,1748176.819400,3175,14695.48,1239306.392400,0
1771025700000,84.4000,84.4000,84.1700,84.1900,24897.24,1771025999999,2097135.110300,3131,6055.96,510104.279500,0
1771026000000,84.1900,84.2700,84.0400,84.1600,70515.29,1771026299999,5933984.123500,5315,23907.25,2012186.594500,0
1771026300000,84.1700,84.3200,84.1400,84.2800,36101.34,1771026599999,3041568.124400,3748,21475.76,1809507.422000,0
1771026600000,84.2800,84.3400,84.1700,84.2900,28790.05,1771026899999,2425994.704800,3849,17581.87,1481705.423600,0
1771026900000,84.2800,84.3600,84.2400,84.2900,32090.61,1771027199999,2705420.342900,3342,13876.79,1169926.577300,0
1771027200000,84.2800,84.3400,84.2200,84.2800,40799.02,1771027499999,3438197.557900,4237,15283.82,1288016.407600,0
1771027500000,84.2800,84.3200,84.1800,84.2300,22110.42,1771027799999,1862397.488000,3512,11412.79,961302.062200,0
1771027800000,84.2300,84.3500,84.1700,84.3400,38945.77,1771028099999,3281145.506500,3972,21178.68,1784458.677600,0
1771028100000,84.3400,84.4600,84.2700,84.4400,43206.44,1771028399999,3643877.694100,4069,30054.54,2534725.416900,0
1771028400000,84.4500,84.4600,84.3000,84.3500,25830.70,1771028699999,2179678.763600,3137,12083.18,1019749.436100,0
1771028700000,84.3600,84.4400,84.3500,84.4200,23067.11,1771028999999,1946765.163600,2681,11906.35,1004832.830200,0
1771029000000,84.4200,84.6800,84.3900,84.6500,104327.19,1771029299999,8822337.001300,6746,65584.46,5546825.286500,0
1771029300000,84.6500,84.6600,84.5300,84.6300,33239.80,1771029599999,2811591.391000,4064,12147.56,1027617.827500,0
1771029600000,84.6400,84.9200,84.6100,84.8900,128878.21,1771029899999,10928106.958100,8882,74793.08,6342536.550000,0
1771029900000,84.8900,84.9200,84.7700,84.8700,47980.83,1771030199999,4070603.082100,5063,18251.98,1548530.266700,0
1771030200000,84.8600,85.0100,84.8000,84.9500,76181.28,1771030499999,6470087.251200,6109,34864.51,2961313.160400,0
1771030500000,84.9400,85.0400,84.8500,84.8800,63114.88,1771030799999,5361239.977800,5957,24792.41,2106370.428000,0
1771030800000,84.8800,84.8900,84.7200,84.8000,63641.81,1771031099999,5396815.822900,5949,23527.71,1995280.360400,0
1771031100000,84.7900,84.8600,84.7400,84.8600,22371.67,1771031399999,1897057.727200,2871,9932.92,842279.153400,0
1771031400000,84.8500,84.9000,84.7400,84.8900,38734.17,1771031699999,3285389.465800,3422,10222.90,867080.115400,0
1771031700000,84.8800,85.1500,84.8600,85.1000,55038.95,1771031999999,4678807.600700,5242,30202.33,2567784.847300,0
1771032000000,85.1100,85.1300,84.7900,84.8200,59529.61,1771032299999,5057499.448000,5068,23063.95,1960490.017400,0
1771032300000,84.8100,84.8900,84.7500,84.8600,22983.58,1771032599999,1949173.219600,3556,11576.54,981846.803000,0
1771032600000,84.8600,84.9000,84.7500,84.8600,35090.23,1771032899999,2976668.109400,3987,19449.39,1649874.319900,0
1771032900000,84.8600,85.0000,84.8500,84.9100,29964.57,1771033199999,2544915.738300,3159,19610.25,1665332.500800,0
1771033200000,84.9100,85.0100,84.8600,84.8900,37667.65,1771033499999,3199892.082000,2959,17383.17,1476681.083800,0
1771033500000,84.8900,85.0100,84.8800,84.9600,20016.98,1771033799999,1700191.847400,3000,13376.02,1136116.502300,0
1771033800000,84.9500,85.0300,84.8900,84.9100,14211.53,1771034099999,1207688.200300,2374,6200.58,526964.857800,0
1771034100000,84.9200,84.9700,84.8800,84.9400,16931.38,1771034399999,1437860.496200,2050,8488.72,720918.171400,0
1771034400000,84.9400,84.9400,84.7800,84.8700,21507.25,1771034699999,1824660.876200,3474,8880.27,753292.518400,0
1771034700000,84.8800,84.9400,84.8200,84.9000,28575.80,1771034999999,2425495.548600,3373,17814.96,1512282.335700,0
1771035000000,84.9100,84.9600,84.8500,84.9300,23934.36,1771035299999,2032663.353000,2943,9778.53,830486.156000,0
1771035300000,84.9300,84.9500,84.7700,84.7900,28224.37,1771035599999,2394257.943900,3016,8505.47,721542.325100,0
1771035600000,84.7800,84.7900,84.6400,84.6400,46170.68,1771035899999,3910927.362700,4070,19245.51,1630203.862500,0
1771035900000,84.6400,84.7400,84.6100,84.6600,49159.75,1771036199999,4162068.810800,3868,20885.26,1768482.822800,0
1771036200000,84.6500,84.7500,84.5400,84.7400,35680.26,1771036499999,3019349.072600,3755,18100.49,1532197.550600,0
1771036500000,84.7400,84.8600,84.7000,84.8500,37378.24,1771036799999,3169023.900600,3157,25188.29,2135795.389700,0
1771036800000,84.8500,84.8700,84.7600,84.8300,22347.35,1771037099999,1895310.162500,2667,10645.81,902906.661500,0
1771037100000,84.8300,84.8900,84.7800,84.8400,20402.11,1771037399999,1730819.748200,2626,9975.95,846432.988600,0
1771037400000,84.8300,84.8700,84.7500,84.8700,12139.95,1771037699999,1029594.322700,1913,3641.98,308906.610400,0
1771037700000,84.8700,84.8800,84.8200,84.8500,16104.12,1771037999999,1366460.926300,1886,9464.45,803108.885400,0
1771038000000,84.8400,84.9300,84.7700,84.7800,25567.31,1771038299999,2169244.812000,3138,11947.09,1013779.096300,0
1771038300000,84.7900,84.9800,84.7700,84.9200,41199.19,1771038599999,3498279.823100,3508,25707.30,2182814.910400,0
1771038600000,84.9200,85.0000,84.9100,84.9900,19395.14,1771038899999,1647898.459200,2449,11819.19,1004213.070800,0
1771038900000,84.9900,84.9900,84.8000,84.8800,18196.58,1771039199999,1544496.887400,2639,5257.93,446271.984400,0
1771039200000,84.8700,84.9100,84.8100,84.9000,11968.80,1771039499999,1015567.006800,1833,6048.81,513259.481200,0
1771039500000,84.9000,85.0000,84.9000,84.9300,26813.90,1771039799999,2277694.788800,2898,13636.52,1158330.435600,0
1771039800000,84.9200,85.1300,84.9200,85.1200,49316.16,1771040099999,4194179.189800,3860,34256.45,2913219.678600,0
1771040100000,85.1100,85.2500,85.0000,85.0800,73497.06,1771040399999,6259117.256100,5312,42310.25,3603168.131500,0
1771040400000,85.0900,85.1300,84.9800,85.0100,36348.02,1771040699999,3091612.872900,3468,13721.90,1167424.040900,0
1771040700000,85.0000,85.0100,84.9100,84.9700,16604.29,1771040999999,1410688.655300,2742,6412.23,544773.612800,0
1771041000000,84.9700,85.0300,84.9200,84.9800,10275.11,1771041299999,872917.174800,1746,5564.89,472789.990000,0
1771041300000,84.9800,85.0900,84.9700,85.0000,18579.02,1771041599999,1579576.692400,2404,10456.34,889082.758600,0
1771041600000,85.0000,85.0300,84.9000,84.9200,32120.80,1771041899999,2729056.702000,3658,19384.59,1647015.006200,0
1771041900000,84.9100,84.9700,84.8300,84.8400,19323.96,1771042199999,1640852.750700,2796,7007.17,595092.205100,0
1771042200000,84.8300,84.9000,84.8300,84.9000,12054.23,1771042499999,1022961.267600,1919,8085.54,686182.341600,0
1771042500000,84.9000,84.9700,84.8300,84.9300,21651.83,1771042799999,1838231.157300,2380,8114.71,688923.362800,0
1771042800000,84.9200,84.9300,84.7600,84.8400,41006.15,1771043099999,3477971.845900,2810,17977.80,1524440.857400,0
1771043100000,84.8400,84.9700,84.8200,84.9700,29106.08,1771043399999,2471035.688300,2312,16836.72,1429316.502300,0
1771043400000,84.9700,85.0500,84.9000,84.9800,20640.96,1771043699999,1754124.543500,2488,10049.16,854117.593300,0
1771043700000,84.9700,84.9800,84.8600,84.9200,15629.79,1771043999999,1327128.911000,2228,6244.51,530188.192500,0
1771044000000,84.9200,84.9400,84.8500,84.9100,14351.50,1771044299999,1218409.913100,2048,6360.16,539952.467700,0
1771044300000,84.9000,84.9100,84.8200,84.8500,15434.33,1771044599999,1309804.911100,2042,8944.50,759063.013300,0
1771044600000,84.8500,84.8700,84.7900,84.7900,11525.86,1771044899999,977700.974800,1544,3097.89,262826.980100,0
1771044900000,84.7900,84.8500,84.7300,84.7600,22918.80,1771045199999,1943034.982600,2313,12071.56,1023442.857200,0
1771045200000,84.7600,84.7900,84.6500,84.7700,34338.29,1771045499999,2909165.520800,3851,15451.37,1309094.363000,0
1771045500000,84.7800,84.8000,84.7000,84.7100,14765.49,1771045799999,1251524.562700,2595,8056.04,682869.033100,0
1771045800000,84.7000,84.9100,84.6900,84.8800,18344.65,1771046099999,1555842.444400,2663,11274.57,956194.086000,0
1771046100000,84.8700,84.9400,84.8600,84.9000,14229.33,1771046399999,1208198.915300,2036,8370.85,710775.700300,0
1771046400000,84.9000,84.9800,84.8400,84.9400,13593.99,1771046699999,1154358.524000,2114,7586.51,644282.472600,0
1771046700000,84.9400,84.9500,84.8900,84.9000,14307.85,1771046999999,1215107.910700,1889,7096.58,602681.527000,0
1771047000000,84.9000,84.9600,84.8300,84.8600,11958.25,1771047299999,1015177.889300,2146,5232.61,444288.748800,0
1771047300000,84.8500,84.8800,84.7300,84.7400,24343.51,1771047599999,2064738.313300,2417,7623.64,646734.519300,0
1771047600000,84.7500,84.7700,84.7000,84.7600,21895.19,1771047899999,1855364.128400,2248,11150.80,944918.562700,0
1771047900000,84.7600,84.8000,84.7200,84.7800,12381.21,1771048199999,1049512.584900,1774,5626.74,477008.077100,0
1771048200000,84.7900,84.8400,84.6400,84.6900,35003.20,1771048499999,2965111.473100,2868,12156.97,1030044.195600,0
1771048500000,84.7000,84.7100,84.5600,84.5700,32948.46,1771048799999,2787716.227400,3395,12508.60,1058363.853100,0
1771048800000,84.5600,84.6400,84.4700,84.4800,44408.04,1771049099999,3754633.745600,4595,20989.74,1775101.423800,0
1771049100000,84.4800,84.5500,84.3100,84.3200,90570.32,1771049399999,7644854.566900,6037,29503.49,2490586.061800,0
1771049400000,84.3200,84.4900,84.2800,84.4800,43301.04,1771049699999,3653183.133500,3948,26504.84,2236272.411400,0
1771049700000,84.4700,84.6900,84.4700,84.6200,42452.62,1771049999999,3590892.682200,4113,26908.77,2275852.072600,0
1771050000000,84.6300,84.6300,84.5000,84.5700,32844.51,1771050299999,2778292.689300,2379,17290.99,1462651.081000,0
1771050300000,84.5700,84.7200,84.5600,84.6700,40433.92,1771050599999,3423339.833000,2970,27373.15,2317545.348800,0
1771050600000,84.6800,84.7700,84.6300,84.6600,24266.46,1771050899999,2055301.853000,2760,12558.43,1063866.394500,0
1771050900000,84.6700,84.7500,84.6100,84.7000,16503.39,1771051199999,1397602.913600,2103,5918.26,501269.703600,0
1771051200000,84.7000,84.7200,84.6400,84.6900,11037.33,1771051499999,934641.288600,1626,6865.70,581401.240500,0
1771051500000,84.6900,84.7700,84.6500,84.7700,21843.82,1771051799999,1850254.628100,1859,12642.83,1071044.574500,0
1771051800000,84.7700,84.9000,84.7600,84.8300,30692.59,1771052099999,2604090.841500,2883,20698.26,1756170.252200,0
1771052100000,84.8200,84.8900,84.7600,84.7900,20082.26,1771052399999,1703264.177100,2456,11256.36,954785.344900,0
1771052400000,84.7900,84.8800,84.7300,84.8400,27533.89,1771052699999,2335107.371300,3111,12818.98,1087247.700700,0
1771052700000,84.8500,84.8700,84.7800,84.8100,11688.37,1771052999999,991515.444200,1904,5787.51,490980.198500,0
1771053000000,84.8000,84.8200,84.7600,84.8000,12106.98,1771053299999,1026598.978400,1781,7256.88,615348.256600,0
1771053300000,84.7900,84.8800,84.7500,84.7800,16490.58,1771053599999,1398387.115500,2337,8778.03,744402.475200,0
1771053600000,84.7900,84.8700,84.7100,84.8700,21683.70,1771053899999,1838196.724700,2098,10027.99,850351.874000,0
1771053900000,84.8600,84.9000,84.8300,84.8900,20589.54,1771054199999,1747298.847700,2494,10981.44,931998.802100,0
1771054200000,84.8900,84.9300,84.8300,84.9300,24088.65,1771054499999,2044863.312000,2841,11866.38,1007399.611100,0
1771054500000,84.9200,84.9300,84.8000,84.8200,16599.96,1771054799999,1408300.830200,1777,7835.55,664736.161100,0
1771054800000,84.8200,85.0300,84.8100,84.9900,60466.28,1771055099999,5136621.212800,4135,34009.82,2889229.363400,0
1771055100000,84.9800,85.0600,84.9000,85.0500,51709.81,1771055399999,4393552.645900,4322,31096.09,2642202.755100,0
1771055400000,85.0400,85.2200,85.0200,85.1100,75493.29,1771055699999,6427856.498800,6405,41292.54,3516062.458400,0
1771055700000,85.1100,85.2000,85.0100,85.1200,47979.67,1771055999999,4082840.057600,4212,26616.63,2265240.659300,0
1771056000000,85.1300,85.3900,85.1000,85.3400,121742.95,1771056299999,10382236.140600,9238,78957.77,6733831.454400,0
1771056300000,85.3400,86.1300,85.2500,85.6100,354906.80,1771056599999,30422493.776400,22142,237649.15,20375886.607300,0
1771056600000,85.6100,85.6400,85.3900,85.5200,87396.38,1771056899999,7474731.668000,7027,44107.03,3772461.626200,0
1771056900000,85.5200,85.8100,85.5000,85.6800,83104.70,1771057199999,7117769.424600,7805,46211.17,3958004.462000,0
1771057200000,85.6900,85.6900,85.4100,85.4600,72033.38,1771057499999,6157821.463200,6829,40957.84,3501377.728800,0
1771057500000,85.4600,85.5100,85.3800,85.4200,38556.52,1771057799999,3293909.262900,4199,18715.02,1598933.805500,0
1771057800000,85.4200,85.7300,85.4000,85.6900,62702.51,1771058099999,5366236.513800,5509,42795.36,3662607.735900,0
1771058100000,85.6900,86.1200,85.6900,85.9700,144680.02,1771058399999,12434856.817200,10422,93466.47,8033645.539000,0
1771058400000,85.9600,86.0600,85.9100,86.0000,102967.02,1771058699999,8852866.965700,7370,59865.68,5147653.038800,0
1771058700000,86.0100,86.2600,85.9600,86.0500,155837.15,1771058999999,13417590.569200,11922,73110.42,6295186.238600,0
1771059000000,86.0400,86.0800,85.8000,86.0300,110150.19,1771059299999,9467334.742100,7896,55572.06,4776666.118100,0
1771059300000,86.0200,86.3700,85.9800,86.1500,188583.12,1771059599999,16254062.044400,10710,100459.08,8659826.017600,0
1771059600000,86.1500,86.2800,86.1100,86.2300,119729.78,1771059899999,10320441.171700,9565,80135.74,6907543.381700,0
1771059900000,86.2300,86.2700,86.1100,86.2300,74528.02,1771060199999,6422273.006700,6964,42199.54,3636578.757300,0
1771060200000,86.2400,86.3200,85.9400,86.0400,118483.64,1771060499999,10200239.901800,9492,47991.29,4131766.656200,0
1771060500000,86.0300,86.2000,85.9200,86.1800,71104.31,1771060799999,6115547.856300,5512,27044.78,2326420.146300,0
1771060800000,86.1700,86.2900,85.8500,85.8800,98165.02,1771061099999,8452510.132500,8319,44951.29,3872439.607200,0
1771061100000,85.8800,85.9500,85.7800,85.8300,73254.32,1771061399999,6289226.609600,5800,28923.33,2483603.777200,0
1771061400000,85.8300,85.9800,85.8000,85.8100,31304.86,1771061699999,2688273.982300,3763,16329.49,1402408.900000,0
1771061700000,85.8100,86.0100,85.8000,85.9800,31754.88,1771061999999,2728823.646600,3850,18239.02,1567364.968800,0
1771062000000,85.9800,85.9900,85.8700,85.9200,33350.01,1771062299999,2865670.663400,3242,19751.35,1697191.902100,0
1771062300000,85.9200,86.0600,85.9100,85.9900,36307.67,1771062599999,3122143.996200,3691,18284.16,1572299.556200,0
1771062600000,85.9900,86.0600,85.9100,86.0200,23946.87,1771062899999,2058944.117800,3377,12411.52,1067167.384600,0
1771062900000,86.0200,86.0500,85.9400,85.9500,26602.48,1771063199999,2287843.707700,2782,9943.93,855128.576300,0
1771063200000,85.9600,85.9600,85.6600,85.7300,68060.52,1771063499999,5837378.003000,6712,18322.94,1571655.666800,0
1771063500000,85.7400,85.8200,85.7200,85.8000,36364.31,1771063799999,3118837.840700,3766,21712.76,1862283.919300,0
1771063800000,85.8000,85.8900,85.7900,85.8500,27248.31,1771064099999,2339100.866000,3107,18764.83,1610805.877000,0
1771064100000,85.8500,85.9300,85.7900,85.8200,26269.40,1771064399999,2255290.912500,2988,13026.15,1118400.621900,0
1771064400000,85.8200,85.8700,85.7800,85.8400,16065.08,1771064699999,1378606.297400,2427,4682.44,401813.152800,0
1771064700000,85.8400,85.8600,85.6800,85.7700,20134.30,1771064999999,1726712.251900,2484,5515.75,473056.492900,0
1771065000000,85.7800,85.8700,85.7600,85.8100,17634.22,1771065299999,1513352.963300,2440,10126.90,869084.391400,0
1771065300000,85.8100,85.9600,85.8100,85.8900,32848.74,1771065599999,2822195.966200,2877,19111.73,1642090.345800,0
1771065600000,85.8900,85.9000,85.7600,85.7700,25432.00,1771065899999,2182337.430700,2676,6369.68,546634.442700,0
1771065900000,85.7600,85.8000,85.6700,85.6900,20758.75,1771066199999,1779598.132200,2836,8469.77,726105.782600,0
1771066200000,85.6900,85.8400,85.6800,85.7200,43451.95,1771066499999,3726149.249900,3340,17371.87,1489830.547200,0
1771066500000,85.7200,85.8000,85.7200,85.7600,23494.42,1771066799999,2015052.325500,1821,15053.94,1291155.567100,0
1771066800000,85.7600,85.9100,85.7600,85.8800,26023.09,1771067099999,2234132.734200,3690,17376.46,1491805.983000,0
1771067100000,85.8800,86.0200,85.8400,85.9800,44783.40,1771067399999,3848878.787000,4030,31179.65,2679992.216200,0
1771067400000,85.9900,86.6500,85.9800,86.5800,257818.67,1771067699999,22275228.919000,16313,178357.94,15411278.657900,0
1771067700000,86.5700,86.7500,86.3800,86.4500,154071.02,1771067999999,13328790.344700,11422,80648.52,6976973.601100,0
1771068000000,86.4500,87.1100,86.4400,87.0300,378383.01,1771068299999,32883852.652500,24064,252084.64,21907014.995000,0
1771068300000,87.0300,87.0400,86.6100,86.7400,152470.41,1771068599999,13233900.036200,10312,63875.29,5543868.391600,0
1771068600000,86.7400,86.8400,86.5000,86.6100,106674.26,1771068899999,9242307.402500,8784,45603.56,3951341.527600,0
1771068900000,86.6200,86.7100,86.5600,86.6100,45894.54,1771069199999,3975492.740300,5429,25011.87,2166607.599600,0
1771069200000,86.6000,86.8400,86.5900,86.7200,86957.74,1771069499999,7542498.580500,7067,52821.05,4582058.670000,0
1771069500000,86.7300,86.8900,86.6600,86.8700,107089.14,1771069799999,9291587.681200,7319,67263.06,5836076.106600,0
1771069800000,86.8700,87.2400,86.8300,87.1800,238885.27,1771070099999,20795461.463900,12461,140734.49,12252384.787500,0
1771070100000,87.1700,87.2800,87.0400,87.2200,129267.71,1771070399999,11264784.392000,9136,81293.47,7084503.618700,0
1771070400000,87.2200,87.2600,87.0100,87.0600,132186.87,1771070699999,11517199.884000,10282,48995.77,4269191.332900,0
1771070700000,87.0600,87.2000,87.0100,87.1700,66895.40,1771070999999,5826875.954700,6641,35880.02,3125365.329600,0
1771071000000,87.1700,87.2100,87.0100,87.1900,48686.41,1771071299999,4241602.064600,5807,21738.64,1893831.445100,0
1771071300000,87.1900,87.2200,86.9000,86.9900,85166.65,1771071599999,7410923.992300,6552,30548.35,2658741.810600,0
1771071600000,86.9800,87.2000,86.9800,87.0600,58125.89,1771071899999,5061716.386100,4491,28319.72,2466396.346200,0
1771071900000,87.0600,87.1300,86.9000,87.0000,59707.38,1771072199999,5196225.151800,5217,26784.02,2331332.058500,0
1771072200000,87.0000,87.0100,86.8700,86.8800,49648.34,1771072499999,4315844.234400,4899,17228.41,1497768.888300,0
1771072500000,86.8800,86.9600,86.4400,86.5200,231546.51,1771072799999,20054795.781600,13349,83849.37,7260427.692100,0
1771072800000,86.5200,86.6000,86.4200,86.5100,75716.76,1771073099999,6549655.886600,6916,42085.75,3640669.190400,0
1771073100000,86.5100,86.6400,86.4100,86.4700,158230.70,1771073399999,13691517.378000,9859,80340.58,6952142.469400,0
1771073400000,86.4700,86.5000,86.2000,86.4000,160782.12,1771073699999,13882422.594000,11867,75668.45,6534087.848900,0
1771073700000,86.3900,86.5400,86.3300,86.3600,69156.49,1771073999999,5976863.146400,6184,36672.70,3169721.033100,0
1771074000000,86.3700,86.5600,86.2300,86.3600,132059.39,1771074299999,11408119.008800,10362,77427.53,6689101.224900,0
1771074300000,86.3600,86.8400,86.3500,86.8100,217610.79,1771074599999,18854453.456600,12537,123454.65,10697123.279300,0
1771074600000,86.8000,86.8500,86.6900,86.7000,56352.14,1771074899999,4889934.348200,5373,19695.93,1709441.928900,0
1771074900000,86.7000,86.7200,86.3400,86.3700,123918.82,1771075199999,10720919.814900,9419,46923.06,4058635.049000,0
1771075200000,86.3600,86.4200,86.0700,86.1700,168808.80,1771075499999,14554337.396300,11340,69715.28,6010398.310100,0
1771075500000,86.1700,86.2600,85.9800,86.0100,90798.63,1771075799999,7820011.160200,6378,38541.16,3321089.150400,0
1771075800000,86.0100,86.2900,85.9700,86.2400,90419.19,1771076099999,7788062.121200,7365,52767.17,4546334.354800,0
1771076100000,86.2300,86.3800,86.2100,86.2500,55856.79,1771076399999,4820593.781500,5260,28570.91,2465675.163300,0
1771076400000,86.2600,86.3600,86.1600,86.3400,41564.71,1771076699999,3585396.191000,4225,21981.97,1896402.417300,0
1771076700000,86.3400,86.6300,86.3000,86.5200,71373.90,1771076999999,6173942.659200,6562,41834.95,3618487.430500,0
1771077000000,86.5200,86.6100,86.2200,86.2300,60142.94,1771077299999,5196948.678300,6155,15630.46,1351221.798800,0
1771077300000,86.2300,86.4000,86.2100,86.3900,29575.98,1771077599999,2553226.605800,3665,20088.02,1734194.882900,0
1771077600000,86.3900,86.5500,86.3200,86.5500,46829.35,1771077899999,4047607.923900,5586,27546.36,2381368.166500,0
1771077900000,86.5500,86.6800,86.4400,86.6400,63303.75,1771078199999,5479148.972500,7265,37125.10,3213489.497500,0
1771078200000,86.6400,86.7700,86.5300,86.7400,51836.61,1771078499999,4492237.461800,5266,28840.66,2499850.174400,0
1771078500000,86.7500,86.9000,86.6600,86.8000,94200.75,1771078799999,8177705.809800,7203,54537.94,4734854.426700,0
1771078800000,86.8000,86.9800,86.5400,86.5500,85272.95,1771079099999,7404610.413400,7726,36999.46,3213914.881900,0
1771079100000,86.5500,86.7600,86.5000,86.7400,75971.64,1771079399999,6578841.227100,6034,42742.90,3702188.373900,0
1771079400000,86.7300,87.1000,86.7200,87.0100,159369.23,1771079699999,13860105.291200,9959,95879.81,8337890.774600,0
1771079700000,87.0000,87.1300,86.9500,87.0700,56935.13,1771079999999,4954736.104700,5276,25548.50,2223544.295000,0
1771080000000,87.0700,87.0900,86.8900,86.9600,68371.32,1771080299999,5945871.864700,4432,24571.53,2136954.474400,0
1771080300000,86.9600,87.0900,86.8900,87.0000,93620.01,1771080599999,8143389.647200,6857,53687.46,4670515.959600,0
1771080600000,87.0000,87.2000,86.9800,87.1200,95102.17,1771080899999,8285722.087200,7626,55677.87,4851199.992200,0
1771080900000,87.1200,87.4900,87.1000,87.2000,165239.23,1771081199999,14424901.184700,12116,85455.95,7460303.039200,0
1771081200000,87.2000,87.3500,87.1000,87.2700,79214.61,1771081499999,6908834.031200,7669,35062.79,3058521.110100,0
1771081500000,87.2800,87.4500,87.1600,87.2400,113364.37,1771081799999,9896077.578200,8561,52522.17,4585888.658700,0
1771081800000,87.2400,87.2600,87.0400,87.1800,87266.19,1771082099999,7606860.515500,6090,31981.27,2787294.264300,0
1771082100000,87.1900,87.5500,87.1000,87.4600,150757.52,1771082399999,13166313.363100,8946,90146.30,7872130.873400,0
1771082400000,87.4600,87.5800,87.3100,87.5100,82839.38,1771082699999,7244792.261600,6742,40286.03,3524002.861500,0
1771082700000,87.5000,87.6500,87.3600,87.3700,81392.17,1771082999999,7121616.426600,6925,43256.77,3785536.243400,0
1771083000000,87.3700,87.4800,87.3200,87.4600,35577.02,1771083299999,3108691.511400,4341,19268.32,1683780.927800,0
1771083300000,87.4600,87.5000,87.1100,87.2300,76036.85,1771083599999,6635030.212000,7177,32721.03,2856158.611300,0
1771083600000,87.2200,87.3300,87.1000,87.3100,50277.62,1771083899999,4385492.830100,4853,30402.72,2652100.930400,0
1771083900000,87.3100,87.4500,87.2600,87.4400,47582.56,1771084199999,4156854.424400,5023,24332.45,2125958.012000,0
1771084200000,87.4400,87.4800,87.2400,87.2500,35713.62,1771084499999,3119307.773300,4932,10847.68,947524.019600,0
1771084500000,87.2500,87.4500,87.2000,87.3800,38537.03,1771084799999,3365602.145200,4449,21166.30,1848746.549400,0
1771084800000,87.3900,87.4200,87.2100,87.3900,39951.79,1771085099999,3488346.227600,5343,14105.85,1231647.120300,0
1771085100000,87.3800,87.3900,87.2500,87.2600,38101.56,1771085399999,3327396.702800,4033,10078.77,880167.993600,0
1771085400000,87.2700,87.4800,87.2400,87.3600,68332.65,1771085699999,5970024.455200,5857,36326.29,3173885.388600,0
1771085700000,87.3600,87.4700,87.1300,87.1300,105810.61,1771085999999,9238143.948500,8571,46318.79,4044424.651900,0
1771086000000,87.1400,87.2100,86.9600,87.0600,158464.17,1771086299999,13797673.983600,10746,71263.16,6205804.532800,0
1771086300000,87.0700,87.3600,87.0700,87.3100,75891.79,1771086599999,6621941.973100,6221,42751.58,3730448.513500,0
1771086600000,87.3000,87.7800,87.0700,87.6200,308855.26,1771086899999,27021382.197400,16302,181533.26,15886337.629100,0
1771086900000,87.6300,87.7500,87.3700,87.7300,153447.45,1771087199999,13441870.368600,10807,89503.77,7841469.453400,0
1771087200000,87.7300,87.9500,87.5800,87.8500,198887.86,1771087499999,17456877.649500,11247,132046.38,11591125.634000,0
1771087500000,87.8500,88.0900,87.7400,87.9400,163042.23,1771087799999,14334965.804000,11245,95736.27,8418745.243500,0
1771087800000,87.9300,88.1900,87.8500,88.0300,204703.44,1771088099999,18024088.905800,12668,125702.24,11068889.567300,0
1771088100000,88.0200,88.1500,87.9700,88.0400,83197.86,1771088399999,7325306.332600,6306,38882.92,3423731.819000,0
1771088400000,88.0400,88.0900,87.8700,87.8700,95912.87,1771088699999,8435518.269800,8784,35519.37,3123881.881100,0
1771088700000,87.8800,88.0000,87.7600,87.8500,85447.17,1771088999999,7507377.878800,7582,34040.84,2990965.166900,0
1771089000000,87.8600,88.1400,87.8100,88.0100,62875.83,1771089299999,5533360.431200,6653,33606.77,2957941.157800,0
1771089300000,88.0200,88.0800,87.9000,87.9900,48698.24,1771089599999,4285395.700700,5251,21961.83,1932581.057700,0
1771089600000,87.9900,88.2700,87.9600,88.2200,129334.09,1771089899999,11404401.466100,8525,79839.45,7040609.071000,0
1771089900000,88.2100,88.4200,88.1100,88.2000,118132.43,1771090199999,10427373.830300,8422,69019.46,6092891.610800,0
1771090200000,88.2000,88.3200,88.1500,88.1600,48471.35,1771090499999,4277175.221100,5851,26140.39,2306848.145800,0
1771090500000,88.1600,88.1700,87.7900,87.9100,118260.02,1771090799999,10396818.666400,9168,45565.21,4004803.570600,0
1771090800000,87.9000,88.0300,87.8400,87.9800,49480.40,1771091099999,4351753.150000,4751,32005.14,2814949.260200,0
1771091100000,87.9900,88.0500,87.7900,87.9200,56043.76,1771091399999,4926417.942700,5370,24779.09,2178320.544300,0
1771091400000,87.9200,88.0700,87.8900,87.9600,58645.98,1771091699999,5158303.485800,4850,29975.28,2636567.364500,0
1771091700000,87.9600,88.0300,87.8800,87.9700,29514.48,1771091999999,2595944.540500,3401,14770.33,1299212.095500,0
1771092000000,87.9800,88.1000,87.8800,88.0100,42691.58,1771092299999,3756049.129400,4837,21070.86,1853913.496700,0
1771092300000,88.0100,88.1500,87.9500,87.9700,51041.34,1771092599999,4494615.125200,5519,25174.72,2216853.906200,0
1771092600000,87.9700,88.0700,87.9300,87.9300,29545.33,1771092899999,2599833.662900,4181,14394.85,1266681.204200,0
1771092900000,87.9400,88.0700,87.8000,88.0300,37670.59,1771093199999,3312394.657500,4314,19189.70,1687686.592800,0
1771093200000,88.0400,88.0800,87.8800,87.8900,46695.06,1771093499999,4108785.052500,4943,23357.97,2055068.559300,0
1771093500000,87.8900,87.9300,87.7100,87.8600,67566.54,1771093799999,5932368.035300,5492,23168.69,2034615.839800,0
1771093800000,87.8500,88.0900,87.7900,88.0400,60451.66,1771094099999,5317919.310600,5768,42239.28,3716319.262700,0
1771094100000,88.0400,88.1500,87.9400,88.1000,76306.81,1771094399999,6719583.351900,6083,40138.04,3534989.382900,0
1771094400000,88.1000,88.1600,87.9800,88.0300,43249.39,1771094699999,3809592.705600,4777,22040.05,1941321.032200,0
1771094700000,88.0300,88.2400,87.9600,88.0700,62087.05,1771094999999,5471858.975700,5950,40273.85,3549981.420200,0
1771095000000,88.0800,88.1000,87.9800,87.9800,26668.50,1771095299999,2347569.075400,3704,12023.47,1058465.119200,0
1771095300000,87.9800,88.0600,87.9000,87.9500,21530.82,1771095599999,1894175.112100,3612,7210.20,634355.372000,0
1771095600000,87.9400,87.9700,87.6700,87.9400,75020.96,1771095899999,6587208.155800,6591,37017.78,3250381.758900,0
1771095900000,87.9400,87.9800,87.7500,87.8100,42121.62,1771096199999,3701220.956500,4237,20398.94,1792495.397200,0
1771096200000,87.8100,87.9500,87.7900,87.8000,27643.81,1771096499999,2429055.727200,3096,12822.21,1126760.746400,0
1771096500000,87.8000,87.9300,87.4800,87.9300,121539.66,1771096799999,10652854.753300,8521,51947.26,4553325.518100,0
1771096800000,87.9300,88.0000,87.6900,87.8500,46879.64,1771097099999,4117932.944000,4905,24194.91,2125405.753600,0
1771097100000,87.8500,87.9500,87.7500,87.9000,17746.32,1771097399999,1559767.892500,2948,9088.92,798899.902800,0
1771097400000,87.8900,88.1000,87.8800,88.0800,24512.36,1771097699999,2157174.125600,4272,17516.06,1541518.896300,0
1771097700000,88.0700,88.0900,87.9300,88.0000,30554.22,1771097999999,2688637.609800,3732,10366.07,912120.482200,0
1771098000000,88.0000,88.0600,87.9700,88.0500,11456.23,1771098299999,1008239.743200,2455,7118.48,626493.464600,0
1771098300000,88.0400,88.2500,87.9700,88.2100,48861.57,1771098599999,4306835.656000,5367,30129.70,2655979.242600,0
1771098600000,88.2000,88.2700,88.1200,88.1500,61256.11,1771098899999,5402476.471900,4146,27082.09,2388692.134100,0
1771098900000,88.1400,88.1500,88.0200,88.1300,23621.71,1771099199999,2081139.606300,3184,12482.16,1099766.309400,0
1771099200000,88.1400,88.3800,88.1200,88.2500,77975.33,1771099499999,6883173.461800,6586,41588.62,3671131.373000,0
1771099500000,88.2500,88.2900,87.7900,87.8200,146887.12,1771099799999,12918093.663300,8736,57656.86,5071536.271900,0
1771099800000,87.8200,87.9200,87.7600,87.8300,50524.65,1771100099999,4438322.433300,5022,20755.04,1823277.899400,0
1771100100000,87.8300,88.0100,87.7900,87.8000,31723.98,1771100399999,2788986.057400,3967,18369.68,1615129.678900,0
1771100400000,87.8000,87.9000,87.6100,87.8800,65799.62,1771100699999,5775750.599600,5481,37462.72,3289143.557500,0
1771100700000,87.8700,87.9300,87.7400,87.7900,46398.84,1771100999999,4076697.343700,3837,19326.84,1697889.792100,0
1771101000000,87.7800,87.7900,87.6400,87.7900,41437.81,1771101299999,3634346.585800,3976,22069.83,1935780.311500,0
1771101300000,87.7800,87.8400,87.6100,87.8400,30411.90,1771101599999,2667151.622200,3839,15196.92,1333140.361200,0
1771101600000,87.8300,87.9400,87.8000,87.8900,27342.58,1771101899999,2402945.174100,3392,14763.45,1297351.302700,0
1771101900000,87.8900,88.0900,87.8600,88.0000,97998.66,1771102199999,8622511.750200,6370,69293.07,6097131.594100,0
1771102200000,87.9900,88.0500,87.9300,87.9800,20701.85,1771102499999,1821618.461700,2670,9783.18,860902.138900,0
1771102500000,87.9800,88.1200,87.9700,88.0800,19476.95,1771102799999,1715175.999300,2632,12462.53,1097503.641700,0
1771102800000,88.0800,88.2500,88.0000,88.1800,141906.22,1771103099999,12507593.521300,9193,51158.86,4509447.677200,0
1771103100000,88.1700,88.4500,88.1100,88.2600,145343.16,1771103399999,12831511.953000,9176,83746.90,7395167.783700,0
1771103400000,88.2600,88.2700,88.0500,88.1500,32001.39,1771103699999,2820924.248600,4211,12878.37,1135168.340400,0
1771103700000,88.1500,88.2500,88.0900,88.2200,33416.87,1771103999999,2946337.188100,4665,17572.95,1549344.393200,0
1771104000000,88.2100,88.2400,87.7600,87.7600,75623.73,1771104299999,6653274.789800,7107,23345.09,2054654.289900,0
1771104300000,87.7700,87.8200,87.6900,87.7300,94705.22,1771104599999,8311861.550400,5004,60530.33,5312676.801700,0
1771104600000,87.7300,87.7800,87.5700,87.6300,138413.54,1771104899999,12133235.830200,6935,72242.93,6333097.846600,0
1771104900000,87.6200,87.6400,87.2200,87.3900,164503.43,1771105199999,14378449.088100,10657,56973.85,4979737.759000,0
1771105200000,87.4000,87.6600,87.3400,87.6000,59603.60,1771105499999,5216349.323300,5103,32140.95,2813435.689300,0
1771105500000,87.6100,87.7600,87.6100,87.6900,42031.74,1771105799999,3686366.576200,4226,26162.92,2294667.243300,0
1771105800000,87.7000,87.8300,87.6400,87.8300,30126.20,1771106099999,2642828.903800,3335,17427.40,1528784.584600,0
1771106100000,87.8200,88.0300,87.7400,88.0000,108729.86,1771106399999,9557877.461600,6550,89753.79,7889758.903700,0
1771106400000,88.0000,88.1000,87.9100,88.0800,78654.61,1771106699999,6924320.742000,6186,51148.39,4502763.970000,0
1771106700000,88.0900,88.1100,87.9900,87.9900,18629.35,1771106999999,1640370.475900,3247,7788.77,685883.205300,0
1771107000000,88.0000,88.2400,87.9700,88.2100,52713.12,1771107299999,4646526.477900,4881,32750.51,2886959.245600,0
1771107300000,88.2100,88.2200,88.0100,88.0600,32924.19,1771107599999,2900781.814300,4163,8909.40,784961.951100,0
1771107600000,88.0600,88.1000,87.8400,88.0100,46749.90,1771107899999,4111807.263300,4565,24848.27,2185556.285300,0
1771107900000,88.0100,88.0600,87.9400,88.0200,14837.99,1771108199999,1305638.671800,2055,6964.67,612903.844300,0
1771108200000,88.0300,88.1600,88.0200,88.0900,18030.10,1771108499999,1588440.310600,3391,9623.21,847795.602600,0
1771108500000,88.1000,88.7200,88.1000,88.7000,230258.63,1771108799999,20373954.708000,14927,157247.18,13912087.132600,0
1771108800000,88.7100,88.8500,88.5000,88.5300,93371.93,1771109099999,8276134.969100,8996,45878.83,4067324.533100,0
1771109100000,88.5300,88.6400,88.4500,88.5400,43272.48,1771109399999,3831615.967800,5758,21813.66,1931856.285900,0
1771109400000,88.5400,88.7200,88.5300,88.5900,54113.97,1771109699999,4794540.863800,4847,23239.49,2059075.926400,0
1771109700000,88.6000,88.6600,88.4000,88.4400,35953.31,1771109999999,3182599.224300,4719,16971.96,1502649.728000,0
1771110000000,88.4300,88.6200,88.3000,88.3500,72205.63,1771110299999,6388010.191600,8006,44196.32,3910196.403200,0
1771110300000,88.3500,88.5900,88.3500,88.4600,30232.30,1771110599999,2674900.954300,5242,14903.31,1318597.971300,0
1771110600000,88.4700,88.7800,88.4600,88.7500,70527.74,1771110899999,6252749.624900,6674,49795.43,4415157.855700,0
1771110900000,88.7400,88.8500,88.4000,88.4900,61453.27,1771111199999,5451455.656200,7118,29603.81,2627116.109100,0
1771111200000,88.4900,88.5500,88.2000,88.2600,90036.84,1771111499999,7955760.188300,7547,25795.00,2279656.548500,0
1771111500000,88.2500,88.4100,88.1500,88.3600,50134.22,1771111799999,4425060.464400,5136,25476.48,2248770.959500,0
1771111800000,88.3600,88.5500,88.1600,88.3000,60319.60,1771112099999,5329559.261100,7148,27148.15,2398575.488800,0
1771112100000,88.3100,88.3100,88.0200,88.2900,59105.60,1771112399999,5211816.699400,6459,28789.27,2538826.595300,0
1771112400000,88.3000,88.3200,88.1700,88.1700,18946.52,1771112699999,1671768.044900,3025,10620.50,937053.387400,0
1771112700000,88.1800,88.2800,88.1200,88.1700,29875.91,1771112999999,2635109.114700,4032,19476.72,1717867.185400,0
1771113000000,88.1700,88.2200,88.0200,88.1100,17724.81,1771113299999,1561820.265100,3002,9196.64,810326.057000,0
1771113300000,88.1100,88.1600,87.9800,88.0200,30555.57,1771113599999,2690586.618900,3611,13574.84,1195561.410200,0
1771113600000,88.0100,88.0500,87.8200,88.0400,72165.63,1771113899999,6345710.722700,7190,34328.51,3018959.353300,0
1771113900000,88.0400,88.1900,87.7700,87.8900,64104.15,1771114199999,5640542.890800,7183,32824.66,2889061.547500,0
1771114200000,87.9000,88.0200,87.7400,87.8700,51146.37,1771114499999,4493242.174700,5297,25964.15,2280945.090100,0
1771114500000,87.8700,88.3000,87.8600,88.2900,49461.24,1771114799999,4354170.418200,6282,30731.53,2705362.924600,0
1771114800000,88.2900,88.3800,87.9400,88.0400,100082.13,1771115099999,8815709.686100,7229,61686.40,5433131.385200,0
1771115100000,88.0400,88.1100,87.9400,88.0600,83297.96,1771115399999,7331767.671900,3819,61645.56,5425761.845600,0
1771115400000,88.0500,88.1400,87.9300,87.9400,41142.37,1771115699999,3623103.422700,4898,21310.06,1876381.432800,0
1771115700000,87.9400,87.9900,87.8300,87.8700,35093.81,1771115999999,3084843.136200,4704,14141.47,1243125.294400,0
1771116000000,87.8700,87.9600,87.7700,87.8100,57844.09,1771116299999,5082364.121800,4666,26065.16,2290225.996000,0
1771116300000,87.8000,87.9300,87.7600,87.9300,36093.79,1771116599999,3171075.176000,4209,19546.69,1717553.977700,0
1771116600000,87.9300,88.0600,87.8900,88.0300,26515.84,1771116899999,2332483.855500,3355,14931.39,1313529.466300,0
1771116900000,88.0400,88.2900,88.0300,88.1400,41890.18,1771117199999,3692987.885400,4617,23732.97,2092028.940500,0
1771117200000,88.1400,88.2800,88.0700,88.2300,33504.97,1771117499999,2954820.499500,4556,18953.30,1671507.781100,0
1771117500000,88.2300,88.7000,88.2300,88.6400,136560.03,1771117799999,12088224.964200,11184,96620.95,8553659.636200,0
1771117800000,88.6400,88.7000,88.3500,88.3800,66495.66,1771118099999,5885969.621200,7055,28463.55,2520228.419000,0
1771118100000,88.3800,88.4700,88.3100,88.3500,32169.07,1771118399999,2842865.956500,4765,17104.39,1511661.636600,0
1771118400000,88.3400,88.3600,87.8000,87.8300,113537.75,1771118699999,9984360.588700,9718,41908.12,3684344.862400,0
1771118700000,87.8400,87.9900,87.6100,87.7500,76610.69,1771118999999,6726091.108400,7777,31693.76,2782928.729500,0
1771119000000,87.7500,87.8900,87.7100,87.7100,52611.92,1771119299999,4618947.510400,5753,26124.56,2293616.493100,0
1771119300000,87.7100,87.8600,87.5600,87.7400,104999.99,1771119599999,9208584.058000,8963,49427.92,4335884.312100,0
1771119600000,87.7400,87.9400,87.5600,87.6800,62851.30,1771119899999,5515847.121100,7433,29172.04,2560093.994900,0
1771119900000,87.6900,87.8200,87.5700,87.8100,36164.80,1771120199999,3170902.326200,5124,21400.38,1876564.500500,0
1771120200000,87.8100,88.1100,87.7900,88.0200,56286.04,1771120499999,4950330.711700,5914,33156.53,2916215.376300,0
1771120500000,88.0200,88.2800,87.9900,88.2400,49576.90,1771120799999,4371129.084100,5775,30565.50,2694996.657800,0
1771120800000,88.2300,88.3200,88.0400,88.1600,58536.45,1771121099999,5162368.300700,6063,24581.70,2167785.227500,0
1771121100000,88.1600,88.4700,87.9100,88.0300,107502.20,1771121399999,9482456.670100,10705,49459.18,4363576.682500,0
1771121400000,88.0300,88.1300,87.9100,88.1100,41815.68,1771121699999,3680335.265800,5102,19495.40,1716066.301900,0
1771121700000,88.1100,88.2500,88.0400,88.0500,33562.71,1771121999999,2958689.075400,4422,17848.81,1573571.415000,0
1771122000000,88.0400,88.0600,87.7100,87.8500,65484.27,1771122299999,5752384.894700,6071,18555.39,1629304.286800,0
1771122300000,87.8500,87.9200,87.7700,87.8600,23374.29,1771122599999,2053478.064300,3215,9101.59,799652.304300,0
1771122600000,87.8600,87.8800,87.5300,87.7500,95570.53,1771122899999,8377331.103300,8061,39105.12,3428311.006400,0
1771122900000,87.7500,88.0300,87.4500,87.9700,108561.14,1771123199999,9515385.856100,8802,52084.77,4567357.522000,0
1771123200000,87.9700,88.1000,87.9000,87.9800,68246.08,1771123499999,6006950.015200,5916,33783.32,2973937.512600,0
1771123500000,87.9900,88.1900,87.8700,87.9100,48866.35,1771123799999,4304440.452600,5144,26908.52,2370561.805800,0
1771123800000,87.9000,88.1000,87.8900,88.0700,21806.38,1771124099999,1919560.166500,3336,13015.86,1145700.740400,0
1771124100000,88.0800,88.2000,87.9500,87.9600,22091.61,1771124399999,1946469.162600,3529,9431.40,831191.070000,0
1771124400000,87.9500,88.1100,87.9400,88.0700,29309.06,1771124699999,2579700.012500,4537,17450.98,1536017.792900,0
1771124700000,88.0700,88.2100,88.0400,88.1900,34407.16,1771124999999,3031969.443400,5155,21924.20,1931949.107300,0
1771125000000,88.1900,88.2200,88.0100,88.0200,31524.95,1771125299999,2778551.203500,4886,12384.87,1091817.111500,0
1771125300000,88.0200,88.1800,88.0000,88.1000,16933.04,1771125599999,1491606.247200,3746,7330.12,645739.534800,0
1771125600000,88.0900,88.1600,87.9400,87.9800,19216.61,1771125899999,1692212.203800,3614,9724.43,856435.662200,0
1771125900000,87.9800,88.0700,87.8600,87.8700,32088.98,1771126199999,2822425.138300,3725,9471.02,833288.506500,0
1771126200000,87.8600,88.0000,87.6100,87.6700,116536.33,1771126499999,10231541.991300,8588,48827.33,4287611.828600,0
1771126500000,87.6700,87.7000,87.3100,87.5300,193598.24,1771126799999,16937325.949900,15999,94510.34,8268869.434400,0
1771126800000,87.5300,87.5900,87.4000,87.4900,102388.78,1771127099999,8958768.963100,9358,39509.41,3456903.212800,0
1771127100000,87.5000,88.3500,87.4900,88.2600,167559.97,1771127399999,14749706.583400,15462,112761.42,9921672.099400,0
1771127400000,88.2600,88.4000,88.1900,88.3700,81645.56,1771127699999,7209912.254000,7475,41749.69,3687251.720100,0
1771127700000,88.3700,88.7600,88.3700,88.5600,123572.76,1771127999999,10942308.582400,10119,80157.04,7097292.080700,0
1771128000000,88.5600,88.9600,88.5300,88.6400,189300.18,1771128299999,16805907.008400,16254,108888.15,9668940.702900,0
1771128300000,88.6300,89.2200,88.5100,89.1400,312075.72,1771128599999,27771717.050200,22653,198589.72,17675477.659500,0
1771128600000,89.1400,89.6000,89.0100,89.4200,398974.78,1771128899999,35638358.139400,23075,243768.66,21778320.004900,0
1771128900000,89.4200,89.7800,89.0100,89.0400,296859.91,1771129199999,26539147.505300,20201,149590.39,13382068.814100,0
1771129200000,89.0400,89.0500,88.5000,88.5700,189587.53,1771129499999,16821703.067300,12837,83437.84,7402706.177600,0
1771129500000,88.5700,88.6500,88.3200,88.3800,152978.17,1771129799999,13538538.235900,10712,67369.04,5963159.806600,0
1771129800000,88.3800,88.7100,88.3400,88.6700,154403.96,1771130099999,13674611.741300,10657,92551.14,8196705.710000,0
1771130100000,88.6600,88.7600,88.5100,88.6000,58385.29,1771130399999,5175305.863800,6473,21286.34,1887299.811600,0
1771130400000,88.6100,88.8900,88.5700,88.7500,99353.08,1771130699999,8818694.083600,8657,46313.85,4110891.931300,0
1771130700000,88.7600,89.1300,88.6900,89.0300,94005.32,1771130999999,8358062.222000,8210,50650.51,4504448.417300,0
1771131000000,89.0300,89.0800,88.5800,88.6100,90421.62,1771131299999,8034467.141600,7417,37746.91,3353531.560500,0
1771131300000,88.6000,88.8000,88.5400,88.7400,94874.81,1771131599999,8411245.097600,7791,46909.20,4158311.780100,0
1771131600000,88.7300,88.9900,88.6900,88.8300,74385.13,1771131899999,6605978.165600,8441,33401.97,2965986.639100,0
1771131900000,88.8300,89.1600,88.7900,89.0600,78954.67,1771132199999,7024175.736600,7979,44016.35,3916101.222300,0
1771132200000,89.0600,89.1000,88.9100,88.9700,28868.99,1771132499999,2569928.506800,4628,12432.90,1106759.189100,0
1771132500000,88.9800,89.3800,88.9000,89.2600,109825.01,1771132799999,9793078.196400,8465,78419.56,6992076.990000,0
1771132800000,89.2700,89.3300,89.0600,89.2800,51955.17,1771133099999,4634297.470500,5494,22980.21,2050034.329100,0
1771133100000,89.2800,89.4000,89.2100,89.3300,53522.44,1771133399999,4780273.336000,5354,34578.85,3088214.290700,0
1771133400000,89.3300,89.6300,89.2100,89.5500,88812.13,1771133699999,7945777.269900,8826,43430.03,3885881.933300,0
1771133700000,89.5500,89.6000,89.3500,89.4400,61440.16,1771133999999,5497750.332800,6937,30632.93,2741003.425300,0
1771134000000,89.4400,89.7400,89.4100,89.6800,86928.86,1771134299999,7790332.753100,7385,49049.75,4396357.192100,0
1771134300000,89.6700,90.0100,89.5600,89.7600,217854.38,1771134599999,19570265.367300,16170,130024.77,11683652.735300,0
1771134600000,89.7600,90.0300,89.6900,89.7800,122378.02,1771134899999,11000765.852800,9557,70302.51,6320036.027800,0
1771134900000,89.7800,89.7900,89.6000,89.6100,76232.33,1771135199999,6836326.607100,6281,37942.82,3402970.713300,0
1771135200000,89.6100,89.7100,89.4400,89.5400,93246.64,1771135499999,8350147.826500,8617,39121.67,3503393.500700,0
1771135500000,89.5500,89.8200,89.5000,89.6900,142944.59,1771135799999,12813771.226100,12186,70439.50,6314011.637000,0
1771135800000,89.6900,89.7100,89.3700,89.5500,51486.19,1771136099999,4608313.425600,6339,19268.87,1724635.277100,0
1771136100000,89.5500,89.7400,89.4400,89.7100,71952.01,1771136399999,6449458.386600,5639,40869.89,3664644.386900,0
1771136400000,89.7100,89.8900,89.6300,89.7900,52119.87,1771136699999,4678192.033700,5579,31887.66,2862501.919000,0
1771136700000,89.8000,89.9900,89.6400,89.6700,61937.26,1771136999999,5566127.338400,6535,36622.26,3291603.208300,0
1771137000000,89.6700,89.8200,89.6100,89.7400,32292.27,1771137299999,2897153.743500,4959,19997.10,1793911.145000,0
1771137300000,89.7400,90.1200,89.7400,89.8800,102816.22,1771137599999,9250449.177500,8752,58878.38,5297918.760000,0
1771137600000,89.8800,89.8900,89.7200,89.7400,61070.06,1771137899999,5484568.245000,5023,25992.03,2334145.979000,0
1771137900000,89.7400,89.8900,89.2800,89.3200,111585.62,1771138199999,9994799.483200,9818,41970.13,3759694.050500,0
1771138200000,89.3200,89.5900,89.2600,89.5500,74663.91,1771138499999,6675513.476800,7003,39003.06,3487570.906300,0
1771138500000,89.5500,89.6300,89.4900,89.5400,58257.97,1771138799999,5216855.403700,4495,28511.84,2553432.217300,0
1771138800000,89.5400,89.5600,89.3300,89.5400,58262.73,1771139099999,5210474.141000,6149,22039.09,1970707.751500,0
1771139100000,89.5500,89.6200,89.4700,89.4700,26217.32,1771139399999,2347854.233100,4768,12550.43,1123968.885600,0
1771139400000,89.4700,89.8800,89.4500,89.7900,58278.51,1771139699999,5229849.570600,6344,26668.92,2393027.430000,0
1771139700000,89.7800,90.1000,89.7700,89.8800,108469.32,1771139999999,9757792.149000,11273,65655.03,5906358.772500,0
1771140000000,89.8900,90.0600,89.7900,89.8600,69591.30,1771140299999,6258744.576500,7818,39760.93,3575993.079200,0
1771140300000,89.8600,89.9000,89.7300,89.7700,38562.93,1771140599999,3462914.377300,4360,18294.56,1642778.678600,0
1771140600000,89.7700,90.0700,89.6300,90.0300,89053.23,1771140899999,8004868.142500,7421,56705.68,5098006.317500,0
1771140900000,90.0300,90.9600,90.0200,90.6100,431649.41,1771141199999,39097227.199000,29029,275916.98,24987316.205100,0
1771141200000,90.6200,90.6700,90.3200,90.4100,126298.50,1771141499999,11426978.705100,9562,64796.43,5863023.761900,0
1771141500000,90.4200,90.5400,90.3600,90.4800,93479.11,1771141799999,8455531.541800,6820,47873.26,4330207.059000,0
1771141800000,90.4700,90.6900,90.4600,90.6200,122856.68,1771142099999,11129799.462700,8608,73641.79,6671149.147900,0
1771142100000,90.6200,90.8800,90.5000,90.6800,102943.94,1771142399999,9335225.582500,8976,56338.67,5110410.361100,0
1771142400000,90.6800,91.1400,90.6000,90.9900,214024.25,1771142699999,19447462.932600,18686,122358.53,11120306.657800,0
1771142700000,90.9900,91.1900,90.8300,90.9300,243276.93,1771142999999,22143940.004600,16463,131126.28,11935987.263100,0
1771143000000,90.9300,90.9900,90.4600,90.6600,125580.22,1771143299999,11389848.942300,12040,47997.54,4353349.840500,0
1771143300000,90.6600,90.8700,90.6200,90.8600,50300.82,1771143599999,4564091.982800,6762,24883.63,2257955.112500,0
1771143600000,90.8600,90.8900,90.6100,90.6600,102711.29,1771143899999,9319791.647500,8246,39193.24,3556507.275700,0
1771143900000,90.6600,90.7200,89.9300,89.9300,286386.57,1771144199999,25858754.821700,16733,110125.14,9947205.700300,0
1771144200000,89.9400,90.0000,89.1500,89.4000,347801.66,1771144499999,31140240.141600,24636,164529.81,14728758.048300,0
1771144500000,89.4100,89.6000,89.1800,89.3500,176223.44,1771144799999,15743037.959800,15470,72965.56,6520698.227700,0
1771144800000,89.3500,89.5700,89.3400,89.4600,90950.38,1771145099999,8138175.496900,8158,42961.74,3844259.660700,0
1771145100000,89.4600,89.6800,89.2100,89.6100,153439.59,1771145399999,13723980.667400,10812,68414.86,6120238.576600,0
1771145400000,89.6000,89.6000,89.3600,89.4600,57409.07,1771145699999,5135910.299800,6128,21703.70,1941668.050900,0
1771145700000,89.4500,89.7400,89.4300,89.6000,78558.47,1771145999999,7037596.968600,6942,49625.14,4445395.908700,0
1771146000000,89.6100,89.9400,89.3900,89.8000,133899.17,1771146299999,12009850.845200,12454,73079.84,6555829.073900,0
1771146300000,89.8000,90.4100,89.7300,90.4000,152203.02,1771146599999,13712236.439800,13486,86107.96,7757708.510700,0
1771146600000,90.4000,90.4600,90.1200,90.2200,81565.34,1771146899999,7358478.032900,7952,31687.71,2858894.359200,0
1771146900000,90.2300,90.4600,90.0300,90.0500,76430.42,1771147199999,6897505.780000,8470,30629.07,2765123.476800,0
1771147200000,90.0500,90.3300,90.0500,90.2600,46639.96,1771147499999,4207411.846000,4874,24736.37,2230979.165900,0
1771147500000,90.2700,90.3600,90.2100,90.2500,36308.57,1771147799999,3278350.282800,3871,19125.05,1726854.479300,0
1771147800000,90.2400,90.3200,90.0700,90.2800,47416.62,1771148099999,4276351.381800,5576,19447.59,1753578.647000,0
1771148100000,90.2700,90.4000,90.0700,90.0700,45303.22,1771148399999,4086651.677200,5278,18525.66,1671896.328500,0
1771148400000,90.0800,90.1000,89.9300,90.0600,72718.88,1771148699999,6545869.598500,6365,24691.81,2222853.256400,0
1771148700000,90.0600,90.1600,89.9000,89.9200,48070.71,1771148999999,4327811.939300,5055,15735.41,1417185.762400,0
1771149000000,89.9200,89.9500,89.7200,89.8800,77452.74,1771149299999,6957154.823600,7475,32683.40,2935684.692600,0
1771149300000,89.8700,90.0300,89.8700,89.9300,37286.89,1771149599999,3354404.454900,3840,15936.04,1433739.737600,0
1771149600000,89.9300,90.0500,89.7800,89.8000,39496.76,1771149899999,3550894.678300,6285,18965.50,1705234.715200,0
1771149900000,89.8100,89.8200,89.3100,89.4900,168170.38,1771150199999,15047483.125400,14044,70615.24,6317545.091300,0
1771150200000,89.4900,89.5300,89.2500,89.3100,128925.67,1771150499999,11523304.188300,9223,52114.20,4657882.143800,0
1771150500000,89.3000,89.3900,89.0500,89.2900,136803.89,1771150799999,12199277.550300,11009,57990.86,5171539.339100,0
1771150800000,89.2800,89.4400,89.2200,89.3600,48382.98,1771151099999,4323604.196700,5186,28496.17,2546520.839500,0
1771151100000,89.3600,89.4500,89.2700,89.3500,38542.28,1771151399999,3444712.366600,4163,19875.61,1776548.599400,0
1771151400000,89.3600,89.4800,89.1300,89.2400,61726.67,1771151699999,5515348.934800,6322,31096.93,2778986.534300,0
1771151700000,89.2400,89.3000,89.0700,89.1000,55191.84,1771151999999,4921071.986500,5877,23185.01,2067349.787300,0
1771152000000,89.1000,89.4100,89.0900,89.4000,38110.70,1771152299999,3402474.936600,5126,24657.64,2201575.126500,0
1771152300000,89.4000,89.5700,89.3400,89.5500,54644.66,1771152599999,4889011.523500,6111,32261.85,2886587.889400,0
1771152600000,89.5500,89.6500,89.4600,89.5300,40043.28,1771152899999,3586029.065200,4871,21120.60,1891545.918900,0
1771152900000,89.5400,89.6000,89.4600,89.4700,23415.10,1771153199999,2096101.260300,3171,11824.10,1058567.750900,0
1771153200000,89.4700,89.5500,89.3300,89.5400,39359.84,1771153499999,3519664.122300,5223,13460.26,1203845.158300,0
1771153500000,89.5300,89.7800,89.4600,89.5800,49768.40,1771153799999,4460626.342100,6255,32339.79,2898534.587100,0
1771153800000,89.5800,89.6600,89.4800,89.5100,26672.88,1771154099999,2389130.087600,3450,10952.15,981076.830500,0
1771154100000,89.5100,89.6000,89.3800,89.3800,21883.18,1771154399999,1958799.482900,3909,8910.15,797659.586400,0
1771154400000,89.3800,89.4200,89.2000,89.2500,75012.93,1771154699999,6698756.663700,5994,26682.34,2382662.776000,0
1771154700000,89.2500,89.3400,89.2200,89.3100,26642.34,1771154999999,2378560.676200,2729,14415.18,1287046.996700,0
1771155000000,89.3200,89.3500,89.1300,89.1700,53253.43,1771155299999,4751307.599900,4260,8971.56,800673.792900,0
1771155300000,89.1600,89.2900,89.1500,89.2200,36719.92,1771155599999,3275412.614900,3704,17535.14,1564293.011600,0
1771155600000,89.2200,89.2900,89.1200,89.2200,38860.61,1771155899999,3466396.774300,3557,18194.79,1623103.816900,0
1771155900000,89.2100,89.3000,89.1100,89.2100,55990.21,1771156199999,4993950.025500,4584,27276.28,2433052.447600,0
1771156200000,89.2000,89.2600,88.9500,88.9800,98286.78,1771156499999,8752778.122400,6912,32082.77,2857484.484500,0
1771156500000,88.9800,89.1400,88.9600,89.1300,76812.50,1771156799999,6841142.175100,5330,50352.10,4484613.310900,0
1771156800000,89.1200,89.2100,89.0400,89.1900,92659.93,1771157099999,8260225.385600,7479,52630.03,4691570.122300,0
1771157100000,89.1800,89.1800,88.9200,89.1400,146277.79,1771157399999,13024853.104300,9900,80311.69,7152138.792600,0
1771157400000,89.1400,89.2400,89.0500,89.2100,90605.54,1771157699999,8078081.296900,6183,43082.43,3841133.066500,0
1771157700000,89.2200,89.3500,89.1100,89.1500,108369.92,1771157999999,9669908.183800,8406,43412.40,3873421.721400,0
1771158000000,89.1600,89.5900,89.0800,89.4000,104675.10,1771158299999,9353345.948700,8406,63048.28,5633061.821200,0
1771158300000,89.3900,89.4300,89.2400,89.3800,36200.76,1771158599999,3234569.214700,4276,21260.85,1899571.413800,0
1771158600000,89.3700,89.5000,89.2100,89.4400,100709.14,1771158899999,8999310.754600,7100,63776.80,5699778.406200,0
1771158900000,89.4400,89.4600,88.9600,89.0900,84291.46,1771159199999,7516280.214700,7072,39408.70,3513923.780100,0
1771159200000,89.0800,89.1400,89.0000,89.0300,32514.47,1771159499999,2895759.907800,4050,12341.85,1099193.247500,0
1771159500000,89.0300,89.0300,88.4200,88.4600,343054.94,1771159799999,30433948.371700,18081,124053.43,11004218.460100,0
1771159800000,88.4600,88.5600,87.7500,87.8200,536892.82,1771160099999,47327523.765500,29666,215356.40,18987011.080300,0
1771160100000,87.8200,87.9200,87.2600,87.2700,520693.21,1771160399999,45602691.476300,27951,243781.48,21352418.249000,0
1771160400000,87.2800,87.9500,87.2800,87.9000,342249.57,1771160699999,30010045.358000,23945,203381.07,17834718.283200,0
1771160700000,87.8900,88.2200,87.6000,88.0900,213012.13,1771160999999,18738315.642600,15352,124209.00,10929032.605000,0
1771161000000,88.1000,88.2600,87.8800,88.1800,149515.21,1771161299999,13167212.502900,11643,68433.09,6027244.660500,0
1771161300000,88.1700,88.3400,88.0300,88.1700,89052.15,1771161599999,7848432.042200,9353,46093.14,4063064.580100,0
1771161600000,88.1600,88.1700,87.9300,88.0500,112530.98,1771161899999,9906726.306100,9884,56688.83,4990716.041800,0
1771161900000,88.0400,88.0500,87.5000,87.5600,230998.42,1771162199999,20271092.783000,13101,104292.53,9153166.738900,0
1771162200000,87.5700,87.6900,87.1700,87.2800,311122.13,1771162499999,27193369.769700,22210,134817.66,11784048.366300,0
1771162500000,87.2800,87.5700,87.2600,87.4300,142560.79,1771162799999,12460868.999300,11994,69206.89,6050005.282900,0
1771162800000,87.4200,87.6200,87.3000,87.3600,153566.99,1771163099999,13434063.586600,11674,86284.61,7549679.591200,0
1771163100000,87.3700,87.5000,87.1300,87.1700,167211.18,1771163399999,14599959.026600,11922,67701.56,5912615.718500,0
1771163400000,87.1700,87.2400,86.7800,86.9300,342949.02,1771163699999,29813884.569100,20493,109995.15,9564375.077800,0
1771163700000,86.9400,87.1100,86.8900,86.9300,95697.25,1771163999999,8326816.958000,8528,49136.87,4275762.531900,0
1771164000000,86.9300,87.0800,86.7000,86.8300,235557.09,1771164299999,20456387.653600,16040,109942.79,9549289.915600,0
1771164300000,86.8300,87.1500,86.7800,87.0400,141988.02,1771164599999,12350018.895300,13068,80028.27,6961068.180700,0
1771164600000,87.0500,87.0900,86.6100,87.0300,120406.39,1771164899999,10459448.138800,11612,50721.13,4406324.394600,0
1771164900000,87.0300,87.2900,87.0300,87.1500,110466.70,1771165199999,9629634.001400,10332,76685.75,6684597.644200,0
1771165200000,87.1500,87.3400,87.1500,87.2600,48295.09,1771165499999,4213282.324900,5354,27935.91,2437636.952600,0
1771165500000,87.2600,87.4200,87.1700,87.2500,54802.52,1771165799999,4782963.868800,5911,32137.33,2805165.194800,0
1771165800000,87.2500,87.4900,87.0000,87.0500,119904.57,1771166099999,10463533.684500,10982,49988.13,4363269.340600,0
1771166100000,87.0500,87.3700,87.0300,87.3000,73583.52,1771166399999,6418578.248000,8039,47692.21,4160488.526400,0
1771166400000,87.3000,87.5700,87.2700,87.4800,122506.35,1771166699999,10714530.710500,8338,63460.05,5550490.107300,0
1771166700000,87.4900,87.5400,87.2900,87.3600,92355.07,1771166999999,8072684.062400,7121,39317.89,3437197.336900,0
1771167000000,87.3700,87.4300,87.2200,87.3300,52502.35,1771167299999,4584754.570800,5194,14791.04,1291864.098300,0
1771167300000,87.3200,87.4000,87.2200,87.3100,42449.56,1771167599999,3706835.995500,4133,22776.92,1989032.742100,0
1771167600000,87.3100,87.4500,87.2100,87.3200,78286.55,1771167899999,6835430.134800,7855,42880.51,3744432.955300,0
1771167900000,87.3100,87.6300,87.2200,87.5500,98637.06,1771168199999,8628806.882400,8560,65613.39,5740372.806700,0
1771168200000,87.5500,87.6300,87.5000,87.5600,84012.67,1771168499999,7356828.707800,6410,51633.04,4521399.451900,0
1771168500000,87.5600,87.5700,87.2100,87.2500,100437.14,1771168799999,8773714.278700,7965,39352.91,3437003.969200,0
1771168800000,87.2600,87.2800,87.1100,87.1800,70780.11,1771169099999,6169746.279800,6103,34412.12,2999715.919800,0
1771169100000,87.1900,87.3000,86.9500,86.9600,65166.57,1771169399999,5674417.333700,6374,25494.70,2220562.693900,0
1771169400000,86.9600,87.1500,86.9300,87.0700,47959.84,1771169699999,4174959.213300,5388,30179.80,2627160.735400,0
1771169700000,87.0700,87.2300,86.8800,87.2000,107810.56,1771169999999,9384726.824000,7204,65605.58,5711622.447600,0
1771170000000,87.1900,87.2700,87.1100,87.2600,53403.40,1771170299999,4657171.806900,5295,31239.44,2724357.194400,0
1771170300000,87.2600,87.2900,87.1600,87.2600,27972.69,1771170599999,2439512.650600,3588,16781.70,1463480.228900,0
1771170600000,87.2600,87.2700,87.0500,87.1000,40119.96,1771170899999,3495625.580500,4457,14940.28,1302025.091800,0
1771170900000,87.0900,87.4600,87.0700,87.3600,45853.35,1771171199999,4002440.202000,4884,31113.44,2715179.161300,0
1771171200000,87.3600,87.3600,87.0600,87.0900,52764.38,1771171499999,4602270.839000,6410,18954.21,1653591.822500,0
1771171500000,87.1000,87.1300,86.6100,86.8800,260288.04,1771171799999,22621432.653600,17295,132467.76,11511218.579900,0
1771171800000,86.8900,87.4200,86.8700,87.4200,128266.65,1771172099999,11170529.846000,8878,80853.73,7042932.282800,0
1771172100000,87.4300,87.5300,87.2100,87.4000,159690.28,1771172399999,13959660.970600,9650,98725.48,8631493.019300,0
1771172400000,87.4100,87.5000,87.1100,87.1800,97034.49,1771172699999,8470488.209700,8313,33871.54,2956646.638700,0
1771172700000,87.1800,87.4800,87.1800,87.4800,35762.00,1771172999999,3123426.006300,4075,23524.37,2054761.485500,0
1771173000000,87.4700,87.4700,87.2400,87.2800,49203.78,1771173299999,4298183.901500,5362,27331.68,2387497.215700,0
1771173300000,87.2800,87.3500,87.1600,87.2300,35737.21,1771173599999,3117748.738500,4200,20829.49,1817094.050500,0
1771173600000,87.2300,87.4300,87.2300,87.4200,18904.86,1771173899999,1650863.155500,3678,11271.17,984272.209100,0
1771173900000,87.4100,87.5700,87.3500,87.5200,54351.50,1771174199999,4755126.302200,6505,39584.83,3463182.413200,0
1771174200000,87.5300,87.5700,87.4000,87.5100,28834.86,1771174499999,2522731.742300,3544,13611.36,1190909.961400,0
1771174500000,87.5000,87.6200,87.4700,87.5100,61377.32,1771174799999,5373475.970300,4927,35981.84,3150116.648700,0
1771174800000,87.5100,87.6800,87.4600,87.5500,52623.80,1771175099999,4608374.128400,5752,26787.00,2346425.153000,0
1771175100000,87.5500,87.8500,87.5100,87.7000,135384.05,1771175399999,11876229.769700,8500,63169.75,5541363.769000,0
1771175400000,87.7000,87.7300,87.4800,87.5600,128092.09,1771175699999,11219119.685500,8350,65367.61,5724617.330100,0
1771175700000,87.5600,87.5900,87.2000,87.2600,60970.54,1771175999999,5326513.724800,6243,22921.22,2002224.376900,0
1771176000000,87.2600,87.4300,87.2500,87.3400,37080.34,1771176299999,3238539.371400,4445,19906.02,1738422.620100,0
1771176300000,87.3400,87.3500,87.1200,87.2800,42125.25,1771176599999,3673375.763000,4840,21467.74,1871861.971900,0
1771176600000,87.2800,87.2900,87.1300,87.1300,43215.68,1771176899999,3769292.817300,4709,15661.01,1366070.088900,0
1771176900000,87.1400,87.4100,87.1300,87.3300,33381.53,1771177199999,2914081.303400,4173,18790.58,1640258.061400,0
1771177200000,87.3300,87.4300,86.9400,87.0200,129794.08,1771177499999,11308954.934400,10119,54131.46,4715375.453200,0
1771177500000,87.0200,87.0200,85.6700,85.9400,915678.24,1771177799999,78982724.863800,52042,402461.28,34715648.659700,0
1771177800000,85.9500,86.5600,85.9000,86.3600,267255.12,1771178099999,23038221.829300,17406,156042.54,13452354.087200,0
1771178100000,86.3700,86.4500,86.1400,86.3700,95574.42,1771178399999,8248143.439600,9223,44823.90,3868255.268500,0
1771178400000,86.3700,86.3700,85.9800,86.1100,144984.64,1771178699999,12493736.908300,13003,65832.00,5673136.897100,0
1771178700000,86.1000,86.5800,85.9500,86.4000,122272.16,1771178999999,10548686.094200,12885,62654.40,5408619.529200,0
1771179000000,86.4100,86.5800,86.3900,86.4600,78726.20,1771179299999,6809733.344200,7671,48593.17,4203618.200400,0
1771179300000,86.4600,86.6900,86.3400,86.5600,57576.02,1771179599999,4980787.587000,6934,36648.51,3170423.737900,0
1771179600000,86.5700,86.8100,86.5600,86.7200,52010.71,1771179899999,4509670.467800,6056,32305.70,2800946.595600,0
1771179900000,86.7200,86.7800,86.3500,86.3600,72749.17,1771180199999,6296637.763100,6061,19396.35,1678756.366600,0
1771180200000,86.3600,86.4000,86.0800,86.1800,181703.13,1771180499999,15666978.697100,13794,68983.15,5948955.125600,0
1771180500000,86.1700,86.5200,86.0000,86.3800,162383.10,1771180799999,13998934.140200,11788,88625.03,7641634.182000,0
1771180800000,86.3800,86.5000,86.2200,86.4400,62606.60,1771181099999,5406048.377400,5731,38919.80,3360828.625100,0
1771181100000,86.4500,86.4900,85.9500,86.0900,171349.77,1771181399999,14755974.534700,13077,70189.75,6043019.785600,0
1771181400000,86.0900,86.2400,86.0700,86.1600,39784.88,1771181699999,3427720.742300,4970,20386.76,1756600.586500,0
1771181700000,86.1600,86.2000,85.9800,86.1700,44188.19,1771181999999,3804453.578900,4693,21496.32,1850676.846200,0
1771182000000,86.1600,86.3100,85.7800,85.8000,120339.59,1771182299999,10351583.487800,11080,47333.77,4071761.570300,0
1771182300000,85.7900,85.8400,85.4700,85.6000,351249.50,1771182599999,30074704.957800,21546,147195.95,12602818.650500,0
1771182600000,85.6000,85.9200,85.5800,85.8000,116626.23,1771182899999,9999371.512000,11898,63536.27,5447242.931600,0
1771182900000,85.8000,85.9600,85.6600,85.7800,90129.55,1771183199999,7733551.284300,8507,39130.06,3357626.074400,0
1771183200000,85.7700,86.1800,85.7000,86.1500,159597.45,1771183499999,13717059.413300,10300,114213.72,9817680.094900,0
1771183500000,86.1600,86.1700,85.9700,85.9700,132625.65,1771183799999,11414748.403500,7678,63511.46,5466677.913800,0
1771183800000,85.9700,86.0000,85.6100,85.6100,94293.84,1771184099999,8088356.116200,8598,34829.77,2988165.670300,0
1771184100000,85.6200,85.6300,85.2500,85.2500,161833.54,1771184399999,13815938.710100,11595,62068.03,5298496.659300,0
1771184400000,85.2600,85.4400,85.1400,85.2700,154374.38,1771184699999,13164792.830200,10884,72160.44,6154423.766700,0
1771184700000,85.2700,85.5200,85.2500,85.3700,84230.13,1771184999999,7192382.675500,7673,44446.77,3795419.035100,0
1771185000000,85.3800,85.4900,85.2200,85.3400,70157.48,1771185299999,5987431.826000,5992,33297.49,2841319.478500,0
1771185300000,85.3500,85.5000,85.2800,85.2900,37893.49,1771185599999,3235987.269200,4194,18914.04,1615323.469200,0
1771185600000,85.2800,85.3100,84.8300,84.8700,161764.40,1771185899999,13752808.618800,14264,58425.78,4967124.540700,0
1771185900000,84.8700,85.3700,84.8700,85.2100,161961.77,1771186199999,13796654.492800,12627,101688.76,8661198.758900,0
1771186200000,85.2100,85.4900,85.1500,85.4100,146798.64,1771186499999,12520644.463800,10701,78192.05,6668398.879900,0
1771186500000,85.4000,85.4800,85.1000,85.2800,92244.96,1771186799999,7865468.331700,8465,47664.59,4064072.048700,0
1771186800000,85.2900,85.5000,85.2700,85.3900,74061.07,1771187099999,6326589.487900,6073,40866.59,3491156.408200,0
1771187100000,85.3900,85.6600,85.3900,85.6500,52663.61,1771187399999,4504277.422900,5208,31587.40,2701774.332200,0
1771187400000,85.6500,85.7300,85.4800,85.7200,52882.08,1771187699999,4527111.047500,5690,28813.36,2466633.356600,0
1771187700000,85.7200,85.9500,85.6900,85.8000,79996.93,1771187999999,6865561.483500,6883,48977.23,4203754.570700,0
1771188000000,85.8100,85.8700,85.6800,85.7300,26075.32,1771188299999,2236547.384300,3507,12140.91,1041314.545800,0
1771188300000,85.7200,85.9000,85.6700,85.6800,82877.50,1771188599999,7110247.072800,6601,42654.09,3659284.754400,0
1771188600000,85.6800,85.6900,85.5300,85.6600,27157.07,1771188899999,2325055.993200,3714,10164.66,870367.837700,0
1771188900000,85.6600,85.8200,85.6600,85.8100,22100.91,1771189199999,1895379.126400,3315,12468.22,1069177.569900,0
1771189200000,85.8200,86.1800,85.8100,86.1400,121867.79,1771189499999,10481313.832400,23113,70909.69,6097731.414900,0
1771189500000,86.1300,86.2400,86.0200,86.1300,116611.68,1771189799999,10045146.873700,8316,49809.57,4291045.807800,0
1771189800000,86.1300,86.1900,86.0400,86.0900,39209.27,1771190099999,3376702.196400,3950,11290.71,972624.748100,0
1771190100000,86.1000,86.1300,85.9500,86.0900,50506.76,1771190399999,4345105.049900,4688,26286.31,2261297.289600,0
1771190400000,86.1000,86.1800,86.0600,86.1500,50286.05,1771190699999,4331358.889900,3370,26170.75,2254239.381300,0
1771190700000,86.1500,86.1900,85.9400,86.1700,95385.60,1771190999999,8209785.961600,5849,44944.44,3868464.728200,0
1771191000000,86.1800,86.3900,86.1500,86.2100,116997.52,1771191299999,10088986.837500,7506,60452.87,5213380.466400,0
1771191300000,86.2000,86.2300,86.0700,86.1600,33260.73,1771191599999,2865306.485100,3492,12866.27,1108496.929000,0
1771191600000,86.1600,86.1800,85.9100,85.9900,32300.28,1771191899999,2778000.031100,3621,11146.61,958569.979100,0
1771191900000,85.9900,86.1600,85.8700,86.0700,62390.57,1771192199999,5366879.431600,5594,34726.88,2987041.520200,0
1771192200000,86.0800,86.1800,86.0600,86.1100,41297.72,1771192499999,3556435.044600,3410,23681.82,2039407.657300,0
1771192500000,86.1100,86.2000,86.0900,86.1100,42508.05,1771192799999,3661831.742500,3259,25700.04,2214027.957000,0
1771192800000,86.1200,86.2400,85.9900,86.2200,43007.41,1771193099999,3702042.573100,4584,20985.23,1806910.036900,0
1771193100000,86.2200,86.5700,86.2000,86.4100,111773.88,1771193399999,9657629.600100,8374,67810.31,5858402.386900,0
1771193400000,86.4100,86.4600,86.3200,86.3400,61060.33,1771193699999,5275430.150500,4611,34452.74,2976607.519400,0
1771193700000,86.3500,86.4500,86.2100,86.2100,35908.33,1771193999999,3101668.230400,4220,17146.42,1481112.190200,0
1771194000000,86.2100,86.4400,86.2100,86.4400,26082.58,1771194299999,2251254.538200,2505,18173.19,1568717.881900,0
1771194300000,86.4500,86.6200,86.4200,86.4900,47067.68,1771194599999,4071418.230100,4387,32326.74,2796395.624200,0
1771194600000,86.4900,86.6300,86.3600,86.5100,62869.83,1771194899999,5437459.777500,5315,33555.86,2902427.356700,0
1771194900000,86.5200,86.5900,86.3900,86.5200,63852.07,1771195199999,5522737.852500,5639,31860.08,2755787.510200,0
1771195200000,86.5200,86.5300,86.3600,86.4800,27258.23,1771195499999,2355931.328200,3207,13643.38,1179194.169800,0
1771195500000,86.4800,86.5900,86.3900,86.4600,26540.16,1771195799999,2295487.715000,4017,14738.32,1274949.056600,0
1771195800000,86.4500,86.4500,86.2800,86.3800,25078.05,1771196099999,2165570.197300,3629,12275.59,1059909.500400,0
1771196100000,86.3900,86.4100,86.2900,86.3100,14410.30,1771196399999,1244079.537500,2382,5210.87,449847.845400,0
1771196400000,86.3100,86.3200,85.7000,85.8200,132334.80,1771196699999,11372711.884300,11706,51621.47,4433794.596900,0
1771196700000,85.8200,85.8200,85.1100,85.3400,221023.43,1771196999999,18867848.061000,18339,104710.82,8936936.725200,0
1771197000000,85.3400,85.5800,85.3300,85.3800,127747.69,1771197299999,10916200.123700,10638,61321.82,5239587.044400,0
1771197300000,85.3700,85.5300,85.2400,85.3200,110487.23,1771197599999,9432634.574300,9580,57025.89,4868461.824900,0
1771197600000,85.3200,85.4200,85.0400,85.3700,108042.75,1771197899999,9206909.144000,9088,54651.42,4657318.876600,0
1771197900000,85.3600,85.6700,85.3300,85.6200,62959.63,1771198199999,5384974.307900,6067,42856.02,3665819.574000,0
1771198200000,85.6200,86.0600,85.6200,85.8400,110181.23,1771198499999,9458666.768500,9095,55550.16,4768396.102600,0
1771198500000,85.8500,85.9500,85.6800,85.6800,67290.59,1771198799999,5775484.465300,6384,32349.98,2776773.720100,0
1771198800000,85.6800,85.8700,85.6700,85.8300,20604.46,1771199099999,1767224.975900,3486,10723.44,919880.304800,0
1771199100000,85.8300,85.9600,85.8300,85.8600,32216.37,1771199399999,2767190.088600,3727,11715.02,1006209.227900,0
1771199400000,85.8700,86.0400,85.8700,85.9700,23100.91,1771199699999,1986286.182000,3699,15869.60,1364502.065300,0
1771199700000,85.9700,86.1200,85.9500,86.0900,23043.00,1771199999999,1982448.969200,3337,13407.72,1153529.810300,0
1771200000000,86.0900,86.1800,85.9300,85.9700,56511.23,1771200299999,4863013.892500,7159,34550.64,2973222.558800,0
1771200300000,85.9700,86.4700,85.9500,86.4100,99823.92,1771200599999,8609026.886500,9147,69927.28,6031318.819300,0
1771200600000,86.4100,86.4500,86.0500,86.0600,52279.14,1771200899999,4508447.692400,5971,27753.03,2393397.060200,0
1771200900000,86.0700,86.3200,85.9900,85.9900,54750.89,1771201199999,4719552.608000,6124,29059.63,2505357.764300,0
1771201200000,85.9900,86.0400,85.7100,85.7200,85278.74,1771201499999,7322714.341000,6879,27441.23,2356735.474800,0
1771201500000,85.7300,85.8900,85.5800,85.8600,71272.00,1771201799999,6111591.096200,5620,34668.08,2973785.871400,0
1771201800000,85.8500,86.2400,85.8000,86.2300,48176.88,1771202099999,4144729.881200,5562,35561.72,3059174.437100,0
1771202100000,86.2200,86.3200,85.9100,85.9400,38952.08,1771202399999,3357353.607500,4847,22302.04,1923061.214300,0
1771202400000,85.9300,86.0200,85.7700,85.7700,35998.87,1771202699999,3093605.800500,4312,19193.94,1649927.356300,0
1771202700000,85.7800,86.0100,85.7200,86.0000,35047.96,1771202999999,3009875.956500,4564,19961.71,1714650.411600,0
1771203000000,86.0100,86.2100,85.9900,86.1200,23209.91,1771203299999,1999048.080800,4073,12113.53,1043313.463100,0
1771203300000,86.1300,86.1800,86.0800,86.1200,17946.23,1771203599999,1545770.826000,2896,11519.12,992264.252800,0
1771203600000,86.1300,86.3600,86.0400,86.2900,37630.26,1771203899999,3244581.733100,4832,21930.49,1890540.738800,0
1771203900000,86.2900,86.4800,86.2600,86.4300,98597.35,1771204199999,8518600.303000,7253,66053.31,5706476.335000,0
1771204200000,86.4200,86.5900,86.1900,86.2200,80996.99,1771204499999,6999904.481400,7540,51229.77,4427875.886900,0
1771204500000,86.2200,86.3500,86.2100,86.2100,20723.27,1771204799999,1788119.302500,3728,14022.54,1209957.452300,0
1771204800000,86.2000,86.2100,85.8200,85.8900,51011.98,1771205099999,4387878.007100,5468,21252.08,1828494.626500,0
1771205100000,85.8900,85.9800,85.7500,85.9500,68067.36,1771205399999,5844282.725100,5678,36299.51,3116464.893300,0
1771205400000,85.9600,86.1400,85.8200,85.8400,66878.81,1771205699999,5749026.610100,5969,30342.70,2609196.432500,0
1771205700000,85.8400,85.9500,85.4000,85.4100,173153.42,1771205999999,14826778.663000,11608,64399.53,5515093.925200,0
1771206000000,85.4000,85.5500,85.3300,85.4900,89180.38,1771206299999,7618497.459200,7301,51935.31,4436853.739500,0
1771206300000,85.4900,85.7000,85.4800,85.6700,58868.96,1771206599999,5039974.489300,5427,36572.45,3131229.715800,0
1771206600000,85.6700,85.6700,85.5500,85.6200,24198.50,1771206899999,2071488.173100,3218,10322.34,883603.970300,0
1771206900000,85.6300,85.7800,85.6300,85.7200,36354.86,1771207199999,3115667.848900,3642,16253.35,1393136.107700,0
1771207200000,85.7200,86.0300,85.6000,86.0000,64387.50,1771207499999,5525853.871000,6596,34900.11,2994667.936900,0
1771207500000,86.0000,86.1700,85.8100,85.8300,72483.37,1771207799999,6232375.402500,7187,30403.01,2614784.943800,0
1771207800000,85.8300,86.1000,85.6000,86.0800,53826.18,1771208099999,4620703.061000,6951,35603.58,3056375.794800,0
1771208100000,86.0700,86.1600,85.9200,85.9700,56212.95,1771208399999,4838554.766500,5917,32823.33,2825332.655700,0
1771208400000,85.9600,85.9800,85.7600,85.9000,24849.77,1771208699999,2133874.024100,4249,10139.07,870665.205600,0
1771208700000,85.9100,85.9600,85.6200,85.6700,38824.19,1771208999999,3330481.401600,5073,14676.14,1259132.817700,0
1771209000000,85.6800,85.8300,85.5700,85.7800,31681.57,1771209299999,2715370.965100,5548,19909.33,1706394.202200,0
1771209300000,85.7800,85.8900,85.7300,85.7700,30939.01,1771209599999,2654989.510600,4444,19743.87,1694438.782300,0
1771209600000,85.7700,85.8600,85.7100,85.7300,12658.34,1771209899999,1085846.523300,2877,5765.61,494623.154500,0
1771209900000,85.7300,85.8100,85.5100,85.5300,19964.45,1771210199999,1709743.601500,3861,8244.73,706236.371800,0
1771210200000,85.5400,85.6600,85.3300,85.3700,63809.28,1771210499999,5454105.748400,6455,24292.87,2077308.789500,0
1771210500000,85.3800,85.4000,85.1800,85.3400,212252.66,1771210799999,18103124.081200,9283,58217.18,4965205.085500,0
1771210800000,85.3500,85.4600,85.2800,85.3100,37101.41,1771211099999,3167308.240100,5582,22911.13,1956037.945400,0
1771211100000,85.3200,85.4700,85.3200,85.3400,32347.14,1771211399999,2762657.057100,4631,19438.72,1660130.817100,0
1771211400000,85.3400,85.5200,85.3200,85.3500,23491.57,1771211699999,2007018.169700,4267,14708.30,1256762.915400,0
1771211700000,85.3600,85.4500,85.2700,85.3300,39781.49,1771211999999,3395667.402300,3929,21225.63,1812063.759100,0
1771212000000,85.3300,85.4100,85.0000,85.0900,90625.80,1771212299999,7714237.377000,7221,34423.71,2930396.090000,0
1771212300000,85.0900,85.1100,84.7100,84.8700,174312.04,1771212599999,14804404.306000,11599,90697.42,7705597.620300,0
1771212600000,84.8800,85.0700,84.8600,84.9400,109131.13,1771212899999,9272037.757000,8350,60521.03,5142718.202700,0
1771212900000,84.9500,85.0900,84.9300,84.9800,41432.95,1771213199999,3521552.106900,4282,18277.35,1553817.102200,0
1771213200000,84.9700,85.1200,84.7900,85.1000,81284.04,1771213499999,6900919.017900,6849,44778.18,3802600.587200,0
1771213500000,85.1000,85.1100,84.9900,85.0800,26345.85,1771213799999,2241035.825000,3933,15369.33,1307502.795300,0
1771213800000,85.0800,85.1800,85.0100,85.0100,32976.07,1771214099999,2806285.711100,4075,17056.96,1451765.850600,0
1771214100000,85.0200,85.1600,85.0100,85.1100,25464.26,1771214399999,2166845.081200,3050,13123.57,1116589.725200,0
1771214400000,85.1000,85.3400,85.0500,85.2200,61906.55,1771214699999,5274658.787700,6605,29838.44,2542713.316300,0
1771214700000,85.2300,85.3700,85.1600,85.3600,75493.33,1771214999999,6438775.156900,6347,47563.42,4056498.291400,0
1771215000000,85.3500,85.4200,85.2600,85.3300,47003.37,1771215299999,4011624.409900,4097,31375.46,2677781.385400,0
1771215300000,85.3300,85.4600,85.2300,85.3900,49697.76,1771215599999,4243180.352600,5040,30976.83,2644978.077900,0
1771215600000,85.4000,85.5700,85.3700,85.4800,47418.83,1771215899999,4053651.908400,4361,32062.54,2741107.897800,0
1771215900000,85.4800,85.4900,85.4000,85.4200,18333.27,1771216199999,1566472.055700,2472,8515.07,727596.100100,0
1771216200000,85.4100,85.4900,85.2700,85.2900,48598.49,1771216499999,4148008.982900,4279,22397.15,1911427.452600,0
1771216500000,85.2900,85.4400,85.2900,85.3700,31212.80,1771216799999,2664852.278900,3317,24448.95,2087419.824700,0
1771216800000,85.3700,85.3800,85.2000,85.2500,23072.51,1771217099999,1967940.864200,2577,9595.33,818513.723200,0
1771217100000,85.2400,85.4200,85.1800,85.3900,55591.63,1771217399999,4741531.801200,4236,40477.84,3452334.408600,0
1771217400000,85.3800,85.7200,85.3700,85.7200,59357.85,1771217699999,5080446.181200,5901,39583.55,3387670.538000,0
1771217700000,85.7200,85.7800,85.6600,85.7500,33351.81,1771217999999,2859035.407500,3812,21566.09,1848886.278100,0
1771218000000,85.7600,85.8600,85.4500,85.4500,74369.45,1771218299999,6369029.928400,7011,30729.97,2632665.154100,0
1771218300000,85.4500,85.4500,85.1800,85.2900,66290.10,1771218599999,5651148.748000,5629,34866.79,2972222.287300,0
1771218600000,85.2800,85.3000,84.9700,85.0300,199718.90,1771218899999,16998436.360000,9281,80617.65,6858285.227400,0
1771218900000,85.0300,85.0900,84.9000,85.0500,41130.01,1771219199999,3496179.939500,4712,24481.05,2081208.066400,0
1771219200000,85.0500,85.1400,84.7300,84.7800,72765.31,1771219499999,6181918.014100,5495,27118.33,2305572.704300,0
1771219500000,84.7800,84.9300,84.7500,84.9100,55188.29,1771219799999,4682803.409400,4679,33694.03,2858972.990900,0
1771219800000,84.9100,84.9800,84.7500,84.7600,36106.56,1771220099999,3064757.168200,4684,11986.81,1017808.368700,0
1771220100000,84.7600,84.8100,84.4000,84.4900,177618.88,1771220399999,15019036.301300,11017,68971.26,5831949.632400,0
1771220400000,84.5000,84.6400,84.5000,84.5900,49176.90,1771220699999,4159441.562300,4141,31893.78,2697674.588600,0
1771220700000,84.5900,84.7000,84.5200,84.5600,72199.39,1771220999999,6107865.168200,4885,39604.69,3350484.003500,0
1771221000000,84.5500,84.6800,84.5200,84.6300,27429.69,1771221299999,2320311.681100,3161,20709.49,1751961.749100,0
1771221300000,84.6300,84.7200,84.5900,84.6500,42086.87,1771221599999,3563158.856100,3793,27845.93,2357643.790600,0
1771221600000,84.6500,84.8500,84.6200,84.8300,86513.78,1771221899999,7329174.470800,7108,35648.95,3020189.726700,0
1771221900000,84.8300,84.8400,84.7100,84.7700,45854.69,1771222199999,3887179.490500,3538,15657.55,1327327.253100,0
1771222200000,84.7700,84.7900,84.7000,84.7000,20777.42,1771222499999,1760702.262200,2771,5579.06,472841.112500,0
1771222500000,84.7000,84.8000,84.7000,84.7400,35705.45,1771222799999,3025899.412400,3101,25440.36,2155850.248000,0
1771222800000,84.7400,84.7400,84.4700,84.7300,101159.80,1771223099999,8554371.847900,5957,53972.53,4563292.163600,0
1771223100000,84.7200,84.7900,84.6300,84.7800,48977.26,1771223399999,4148608.532900,2628,39280.08,3327248.562000,0
1771223400000,84.7800,85.1700,84.7200,85.0300,69190.67,1771223699999,5881840.614200,7238,38484.92,3271353.180700,0
1771223700000,85.0300,85.0800,84.9700,85.0600,30790.08,1771223999999,2618065.646700,3627,17755.47,1509826.980600,0
1771224000000,85.0500,85.0600,84.9400,85.0200,59521.62,1771224299999,5059005.193400,3573,29149.04,2477464.473400,0
1771224300000,85.0200,85.1000,84.9500,84.9800,19039.51,1771224599999,1618829.134200,2679,10759.01,914886.524100,0
1771224600000,84.9900,85.0900,84.9800,84.9900,14602.67,1771224899999,1241326.492000,2269,7559.30,642625.320400,0
1771224900000,84.9900,85.0500,84.9500,85.0000,19556.95,1771225199999,1662505.096000,2250,11787.83,1002125.723800,0
1771225200000,85.0100,85.0100,84.7600,84.8700,40413.23,1771225499999,3430036.890900,4746,17812.96,1511723.177600,0
1771225500000,84.8700,85.1100,84.8700,85.0300,29068.53,1771225799999,2471063.996100,4160,18633.08,1584028.154900,0
1771225800000,85.0300,85.2600,84.9300,85.2200,41509.04,1771226099999,3534023.789200,5067,26782.98,2280288.917300,0
1771226100000,85.2200,85.3000,85.1500,85.1700,27836.09,1771226399999,2372520.175000,3706,13365.28,1139241.621600,0
1771226400000,85.1700,85.2800,85.0800,85.2500,34235.70,1771226699999,2916361.070400,3580,18867.00,1607315.956500,0
1771226700000,85.2500,85.4700,85.2400,85.3200,80914.33,1771226999999,6909480.969300,6066,45985.60,3927104.560700,0
1771227000000,85.3200,85.3900,85.1900,85.3400,30484.21,1771227299999,2600488.144300,4872,16265.45,1387686.608600,0
1771227300000,85.3500,85.3700,85.0100,85.0400,28720.92,1771227599999,2447897.536500,4298,8190.07,698202.806500,0
1771227600000,85.0300,85.1200,84.9800,85.0800,42508.25,1771227899999,3615093.357600,4820,19936.90,1695704.551600,0
1771227900000,85.0900,85.3700,85.0800,85.3600,35936.05,1771228199999,3061972.540600,3570,21845.98,1861076.605800,0
1771228200000,85.3500,85.3500,85.1700,85.1800,37508.14,1771228499999,3196896.444900,3683,11080.96,944313.597000,0
1771228500000,85.1800,85.1800,84.8900,85.0100,108081.93,1771228799999,9188187.541100,6187,39541.63,3360744.162100,0
1771228800000,85.0200,85.2300,84.9900,85.2000,66192.79,1771229099999,5633532.281500,5439,52035.74,4428654.971600,0
1771229100000,85.2000,85.2800,85.1800,85.2000,65039.66,1771229399999,5542880.771700,4928,33704.86,2872685.937400,0
1771229400000,85.2000,85.2000,84.9900,85.0300,61546.24,1771229699999,5237645.285500,5956,24226.96,2061710.972000,0
1771229700000,85.0400,85.3200,85.0100,85.3100,26879.29,1771229999999,2289342.900500,3297,16480.04,1403749.438400,0
1771230000000,85.3100,85.4500,85.2900,85.3700,54413.82,1771230299999,4644825.847600,4806,32241.73,2752402.680600,0
1771230300000,85.3700,85.4200,85.3200,85.3900,17392.22,1771230599999,1484869.794200,2778,7714.51,658646.316400,0
1771230600000,85.3900,85.4100,85.2500,85.3700,23253.35,1771230899999,1984331.781600,3470,10198.85,870362.742600,0
1771230900000,85.3700,85.3700,85.2200,85.3100,26850.46,1771231199999,2290214.062300,3318,13302.01,1134566.486000,0
1771231200000,85.3100,85.3500,85.1600,85.2800,105686.80,1771231499999,9010812.943000,7256,45972.51,3919690.004700,0
1771231500000,85.2900,85.3900,85.2100,85.3100,67984.28,1771231799999,5800660.036000,4695,38778.45,3308826.762900,0
1771231800000,85.3100,85.3900,85.2100,85.3500,49663.03,1771232099999,4235815.627600,4403,23979.89,2045406.569000,0
1771232100000,85.3400,85.4300,85.3100,85.3200,25619.79,1771232399999,2187020.679700,2792,16034.43,1368774.187300,0
1771232400000,85.3300,85.8000,85.3200,85.8000,137731.60,1771232699999,11785735.669400,10573,92188.57,7889072.996900,0
1771232700000,85.7900,85.8000,85.5600,85.5800,74897.73,1771232999999,6415967.500800,7408,37133.64,3181065.881600,0
1771233000000,85.5900,85.7300,85.5500,85.6700,54224.94,1771233299999,4644720.324600,4756,28397.36,2432304.518000,0
1771233300000,85.6600,85.7200,85.5100,85.5900,40272.94,1771233599999,3447220.641800,4485,22018.30,1884674.205500,0
1771233600000,85.5900,85.7100,85.5500,85.5800,25545.77,1771233899999,2187534.347000,3513,13918.64,1191951.980100,0
1771233900000,85.5900,86.0300,85.5900,85.9800,163787.43,1771234199999,14066964.664800,10551,102912.24,8837966.479400,0
1771234200000,85.9800,85.9800,85.7200,85.9000,91932.13,1771234499999,7890461.330600,8340,47189.82,4049861.105300,0
1771234500000,85.9000,86.1700,85.8500,86.1600,106938.91,1771234799999,9197279.483300,8757,52250.69,4494501.491300,0
1771234800000,86.1600,86.2000,86.0200,86.0700,77515.61,1771235099999,6673748.382500,6820,41570.41,3579021.265800,0
1771235100000,86.0600,86.1200,85.8900,85.9100,59541.13,1771235399999,5118545.196500,6659,21751.65,1870118.467800,0
1771235400000,85.9200,86.0400,85.8400,85.8900,33659.63,1771235699999,2892837.770800,4147,15662.85,1346317.671300,0
1771235700000,85.9000,85.9500,85.8400,85.9300,38439.23,1771235999999,3301707.719300,3528,20951.40,1799583.482000,0
1771236000000,85.9300,85.9500,85.8100,85.8600,34996.00,1771236299999,3005063.520500,10954,16991.93,1459090.195200,0
1771236300000,85.8700,85.9400,85.7700,85.9400,32672.72,1771236599999,2804417.161200,4053,16818.89,1443861.590700,0
1771236600000,85.9400,85.9800,85.8700,85.9400,23561.34,1771236899999,2024455.088500,3110,14035.05,1205859.930400,0
1771236900000,85.9400,85.9500,85.8000,85.8800,16637.11,1771237199999,1428552.498300,3003,8181.98,702546.533700,0
1771237200000,85.8900,85.9300,85.6400,85.6600,60253.96,1771237499999,5166033.944600,5921,31716.49,2719423.819600,0
1771237500000,85.6600,85.7000,85.5600,85.6300,43248.51,1771237799999,3702878.908900,3977,19392.23,1660305.962800,0
1771237800000,85.6400,85.7800,85.6000,85.7400,38049.61,1771238099999,3260431.032100,4350,19889.87,1704404.048000,0
1771238100000,85.7400,85.8100,85.6600,85.7100,49492.03,1771238399999,4243690.443400,4156,34917.01,2993967.651300,0
1771238400000,85.7000,85.7400,85.6100,85.7100,57231.16,1771238699999,4903996.059300,3982,34374.62,2945502.455500,0
1771238700000,85.7000,85.8400,85.7000,85.8100,33455.18,1771238999999,2869864.366500,3362,21294.63,1826815.822300,0
1771239000000,85.8200,85.8700,85.6600,85.6600,20029.53,1771239299999,1717977.761900,2948,9618.84,825196.767800,0
1771239300000,85.6600,85.7700,85.6500,85.6900,51422.41,1771239599999,4407072.907200,3412,27419.50,2349917.532700,0
1771239600000,85.6900,85.8500,85.6800,85.8300,26496.81,1771239899999,2272320.683900,3437,17125.54,1468726.519600,0
1771239900000,85.8300,85.9200,85.4400,85.4800,118682.13,1771240199999,10167098.608700,8022,46225.95,3963202.491500,0
1771240200000,85.4900,85.5200,84.8500,84.9500,215391.67,1771240499999,18321080.553600,15188,86986.20,7396573.623700,0
1771240500000,84.9600,85.0500,84.8600,85.0100,81279.73,1771240799999,6906563.320900,6712,48669.26,4136178.688900,0
1771240800000,85.0100,85.0600,84.4000,84.6200,279912.36,1771241099999,23690929.651900,15604,126027.17,10666755.362500,0
1771241100000,84.6200,85.2700,84.5800,85.2500,120122.44,1771241399999,10215130.521000,9498,71878.13,6110082.309000,0
1771241400000,85.2500,85.3500,85.1000,85.2100,82499.93,1771241699999,7029674.871000,7218,42299.61,3604506.796700,0
1771241700000,85.2100,85.3000,85.1300,85.2400,26336.44,1771241999999,2244425.938400,3870,15998.56,1363582.275600,0
1771242000000,85.2400,85.3100,85.1200,85.1700,61359.64,1771242299999,5227896.204200,4476,19048.90,1622925.959400,0
1771242300000,85.1700,85.3300,85.1600,85.2800,28375.64,1771242599999,2418809.721300,4152,16616.21,1416417.860900,0
1771242600000,85.2700,85.6400,85.2500,85.6300,68014.60,1771242899999,5813133.396200,6000,43001.43,3674708.406200,0
1771242900000,85.6300,85.7700,85.4300,85.4600,72980.54,1771243199999,6247961.608700,6928,34554.56,2958462.680100,0
1771243200000,85.4600,85.5700,85.4200,85.5400,47331.42,1771243499999,4046237.497200,4875,27997.19,2393587.501400,0
1771243500000,85.5500,85.6100,85.3400,85.5400,41657.06,1771243799999,3560886.551000,5027,22327.68,1908616.134000,0
1771243800000,85.5400,85.5700,85.4200,85.4400,22067.25,1771244099999,1886534.683700,3524,9016.49,771046.819200,0
1771244100000,85.4500,85.5300,85.2100,85.2700,73404.78,1771244399999,6267141.288000,6371,31027.92,2649405.072800,0
1771244400000,85.2800,85.4100,85.2300,85.3300,25371.92,1771244699999,2164556.866600,3513,11518.25,982793.522400,0
1771244700000,85.3300,86.3300,85.3300,86.2300,388015.38,1771244999999,33394713.416100,25162,209485.56,18027418.623900,0
1771245000000,86.2300,86.2500,85.8200,86.1300,149593.89,1771245299999,12861405.062400,11526,81664.00,7020449.758600,0
1771245300000,86.1200,86.3500,85.9200,86.3200,93176.23,1771245599999,8022972.504700,9259,56737.44,4886018.867200,0
1771245600000,86.3200,86.3400,86.0300,86.2600,111055.58,1771245899999,9568522.091300,8257,44185.20,3807055.610400,0
1771245900000,86.2500,86.2500,85.8500,86.0200,227278.60,1771246199999,19545567.554200,14463,91925.81,7905292.616300,0
1771246200000,86.0300,86.3500,85.9600,86.0300,289154.13,1771246499999,24921553.461000,20939,137866.23,11883616.164500,0
1771246500000,86.0300,86.1500,85.9600,86.1300,133362.96,1771246799999,11475816.550600,10326,66511.07,5723212.201200,0
1771246800000,86.1300,86.8800,86.0700,86.6500,449926.16,1771247099999,38954988.904200,26169,220235.39,19063606.137300,0
1771247100000,86.6500,86.7900,86.3300,86.4600,204187.07,1771247399999,17678758.534900,14295,120299.11,10419569.578500,0
1771247400000,86.4500,86.5000,86.2000,86.2300,130842.89,1771247699999,11290547.938600,9393,62593.99,5400914.486600,0
1771247700000,86.2400,86.4600,86.1600,86.1800,110845.80,1771247999999,9568511.958500,8235,40144.21,3464923.603700,0
1771248000000,86.1800,86.2400,85.6800,85.7200,183016.86,1771248299999,15718552.180900,16018,81224.53,6975774.630700,0
1771248300000,85.7200,85.7500,84.6500,84.9400,561893.33,1771248599999,47836745.434600,34825,250400.15,21313379.032600,0
1771248600000,84.9300,85.1400,84.5300,84.5300,420625.86,1771248899999,35707982.011200,24674,200274.19,17004921.143900,0
1771248900000,84.5400,84.9000,84.1200,84.2500,435766.02,1771249199999,36803041.766600,30215,183703.73,15527413.544000,0
1771249200000,84.2600,84.5700,84.1200,84.4400,232022.19,1771249499999,19574313.794600,17332,139789.79,11796581.403600,0
1771249500000,84.4500,84.5100,84.0900,84.2000,161895.52,1771249799999,13651813.127000,14519,72853.25,6145155.430800,0
1771249800000,84.2000,84.2100,83.8200,83.9200,321415.57,1771250099999,26992429.865400,23463,131176.25,11019633.073500,0
1771250100000,83.9200,84.1900,83.7900,84.1000,212418.09,1771250399999,17836424.860500,12443,101390.39,8516420.262400,0
1771250400000,84.0900,84.1800,83.7500,84.1300,166537.08,1771250699999,13982785.777600,14810,87623.74,7357730.090200,0
1771250700000,84.1400,84.4200,84.1100,84.3100,207210.31,1771250999999,17465766.369300,17096,123494.24,10409436.814800,0
1771251000000,84.3200,84.3600,83.9400,84.1200,117695.63,1771251299999,9900800.881900,10780,65252.61,5489519.847200,0
1771251300000,84.1100,84.3000,83.8700,84.0300,135750.37,1771251599999,11413228.324800,12459,63977.30,5379151.062300,0
1771251600000,84.0200,84.3200,84.0200,84.2700,130310.73,1771251899999,10967666.793900,11226,76962.86,6477120.718400,0
1771251900000,84.2700,84.2700,83.3900,83.6100,396871.57,1771252199999,33248232.963700,23795,139124.98,11651412.418500,0
1771252200000,83.6100,84.2300,83.5700,84.2000,188637.26,1771252499999,15843873.934400,16652,108997.84,9152529.774700,0
1771252500000,84.2100,84.4500,84.0300,84.2200,133816.70,1771252799999,11266947.737300,14084,75300.95,6339067.223600,0
1771252800000,84.2200,84.3400,84.0100,84.1600,132730.45,1771253099999,11170123.242200,10599,53110.29,4469859.453700,0
1771253100000,84.1600,84.3100,83.9500,84.3000,126790.84,1771253399999,10662506.364700,10333,55077.71,4632756.017800,0
1771253400000,84.3000,84.6200,83.9000,83.9100,121344.47,1771253699999,10221765.776400,11913,63167.81,5324044.073000,0
1771253700000,83.9100,84.1400,83.8600,83.9800,88591.46,1771253999999,7442367.642300,7741,58902.22,4948618.570200,0
1771254000000,83.9900,84.4600,83.9600,84.3300,114504.22,1771254299999,9652205.593200,12389,55524.49,4679533.885800,0
1771254300000,84.3300,84.5000,84.2700,84.2800,180764.06,1771254599999,15260247.895300,9441,131607.64,11111635.618000,0
1771254600000,84.2900,84.3400,83.8700,83.8800,92657.01,1771254899999,7790277.700900,8501,35922.24,3020271.461300,0
1771254900000,83.8900,83.9800,83.5800,83.7600,147701.29,1771255199999,12374220.646600,14955,79506.33,6662030.205800,0
1771255200000,83.7700,83.9900,83.7000,83.8400,78154.88,1771255499999,6554761.020700,8177,49006.83,4110567.566000,0
1771255500000,83.8400,83.9900,83.6700,83.7400,74418.30,1771255799999,6237393.426300,7880,35622.13,2986147.255300,0
1771255800000,83.7400,83.7700,82.6100,82.6400,836786.05,1771256099999,69464120.234500,49372,342394.01,28417969.504800,0
1771256100000,82.6400,82.9400,82.5100,82.8000,273811.05,1771256399999,22650297.904800,23636,142368.99,11779162.211100,0
1771256400000,82.7900,83.0500,82.7000,82.9500,130975.45,1771256699999,10856295.054200,15224,68597.18,5687016.054400,0
1771256700000,82.9600,83.1800,82.8100,83.0500,140749.88,1771256999999,11680497.476300,14462,80160.70,6653050.115300,0
1771257000000,83.0600,83.3100,82.9700,83.1800,103446.25,1771257299999,8603132.082500,11746,57607.14,4791483.680300,0
1771257300000,83.1800,83.2600,83.0400,83.1600,92801.19,1771257599999,7717912.456000,7051,36262.36,3015957.605200,0
1771257600000,83.1600,83.3600,83.0500,83.3100,233790.12,1771257899999,19463642.525200,13182,70988.94,5908491.477600,0
1771257900000,83.3100,83.9300,83.3000,83.7100,226396.47,1771258199999,18944900.382200,18745,149193.31,12481856.799300,0
1771258200000,83.7000,83.8700,83.5400,83.7100,98047.61,1771258499999,8203391.713900,9392,55510.08,4644320.125300,0
1771258500000,83.7000,83.7700,83.4000,83.4900,113182.73,1771258799999,9457235.569700,11043,59746.50,4993585.045800,0
1771258800000,83.4800,83.9400,83.4000,83.7200,110113.12,1771259099999,9212611.643700,11440,64772.08,5419150.427200,0
1771259100000,83.7200,83.8100,83.5600,83.7600,102450.65,1771259399999,8576356.859000,8883,49525.88,4145616.798100,0
1771259400000,83.7500,83.8600,83.2700,83.3200,288417.71,1771259699999,24092442.724100,14151,101751.49,8497258.359300,0
1771259700000,83.3200,83.4600,83.2700,83.3500,92252.38,1771259999999,7691240.520700,8145,51878.67,4325446.533200,0
1771260000000,83.3500,83.9600,83.2700,83.9200,174740.29,1771260299999,14622322.521100,12422,94831.59,7935963.210700,0
1771260300000,83.9400,84.0600,83.8000,83.9900,150476.45,1771260599999,12630909.253100,11674,75312.48,6322763.441700,0
1771260600000,83.9800,84.0300,83.7700,83.8500,82600.70,1771260899999,6928875.646700,7374,44865.84,3763443.743900,0
1771260900000,83.8500,83.9400,83.8300,83.9200,37716.34,1771261199999,3164118.146500,3625,18376.99,1541711.455000,0
1771261200000,83.9100,84.2000,83.8700,84.1200,138390.22,1771261499999,11637051.044600,11222,69640.29,5855728.449200,0
1771261500000,84.1300,84.3900,84.0100,84.0300,123185.99,1771261799999,10373411.482600,9354,63438.95,5344614.599000,0
1771261800000,84.0400,84.2000,83.9200,84.0800,72108.94,1771262099999,6060380.706300,7405,36750.74,3088515.054700,0
1771262100000,84.0800,84.1600,83.8200,84.0000,71869.62,1771262399999,6031837.042300,7157,34177.32,2868663.041000,0
1771262400000,84.0100,84.4700,83.9600,84.4500,93972.90,1771262699999,7924638.786500,8496,59148.44,4987397.546900,0
1771262700000,84.4400,84.7300,84.3800,84.6100,173099.80,1771262999999,14638697.477300,12503,99443.05,8409186.321900,0
1771263000000,84.6000,84.7500,84.5300,84.6200,111815.30,1771263299999,9463092.343300,9567,65585.88,5550645.183700,0
1771263300000,84.6100,84.6200,84.3700,84.5000,86656.58,1771263599999,7321355.093000,7163,38360.53,3241359.199600,0
1771263600000,84.5000,84.6200,84.4700,84.5200,57834.43,1771263899999,4889614.515100,5721,33988.06,2873473.976300,0
1771263900000,84.5100,84.5100,84.2800,84.4000,95254.57,1771264199999,8035179.182700,7834,41553.28,3504967.705800,0
1771264200000,84.4000,84.4400,84.2500,84.4300,72521.71,1771264499999,6116416.023000,5511,28405.50,2395699.093400,0
1771264500000,84.4200,84.5300,84.3600,84.4500,56551.09,1771264799999,4775546.818100,5054,25736.26,2173415.109000,0
1771264800000,84.4500,84.6700,84.4500,84.6000,62524.74,1771265099999,5289042.001900,6136,29224.09,2472243.455900,0
1771265100000,84.6100,84.6600,84.5200,84.6400,63059.54,1771265399999,5334125.954500,5190,37154.17,3142883.435400,0
1771265400000,84.6400,84.7300,84.6300,84.7000,96699.42,1771265699999,8188617.263300,6010,63917.79,5412775.104100,0
1771265700000,84.6900,84.8500,84.6400,84.6600,50536.53,1771265999999,4282447.185600,5481,24059.17,2038932.807900,0
1771266000000,84.6600,84.9100,84.6200,84.8900,74387.06,1771266299999,6305130.591700,6437,40529.41,3435910.080600,0
1771266300000,84.8900,85.1100,84.6800,84.7600,126713.93,1771266599999,10763708.537200,10034,57210.64,4861231.029400,0
1771266600000,84.7600,84.8300,84.6800,84.8100,27947.16,1771266899999,2368405.678500,3688,14183.45,1202104.328300,0
1771266900000,84.8000,84.8200,84.6100,84.6700,29404.19,1771267199999,2490651.970600,4170,11571.88,980217.979300,0
1771267200000,84.6600,84.7900,84.5700,84.6000,32156.48,1771267499999,2723284.202100,4023,16063.59,1360711.106000,0
1771267500000,84.6100,84.8000,84.4600,84.5300,75213.62,1771267799999,6362621.682500,6844,27878.82,2358591.426200,0
1771267800000,84.5300,84.7200,84.4800,84.7000,68262.83,1771268099999,5775378.594500,5941,33656.22,2847456.889700,0
1771268100000,84.7000,84.7400,84.4200,84.4700,130952.70,1771268399999,11066253.762300,5709,31994.28,2703939.831300,0
1771268400000,84.4800,84.6600,84.4500,84.4500,57316.62,1771268699999,4847128.441900,5840,32370.61,2737302.465200,0
1771268700000,84.4500,84.5700,84.4400,84.4800,50860.59,1771268999999,4298114.334600,4910,25098.04,2120857.437600,0
1771269000000,84.4800,84.5800,84.4700,84.5400,13206.44,1771269299999,1116138.026400,2476,8297.10,701244.175800,0
1771269300000,84.5400,84.5900,84.3400,84.3400,26396.40,1771269599999,2229564.894000,3925,7593.17,641631.465300,0
1771269600000,84.3400,84.7400,84.1700,84.7300,90010.76,1771269899999,7597851.106600,7916,51872.32,4380109.146600,0
1771269900000,84.7400,84.8600,84.6200,84.6300,84691.52,1771270199999,7180891.106300,5138,32575.17,2762765.092900,0
1771270200000,84.6400,84.8400,84.5900,84.7700,52135.58,1771270499999,4417164.599700,4638,31020.14,2627869.857400,0
1771270500000,84.7700,85.0700,84.7600,84.8600,82142.41,1771270799999,6978010.239400,6788,41424.86,3519019.272600,0
1771270800000,84.8600,84.8700,84.7200,84.8000,31799.26,1771271099999,2696153.402600,3177,16855.93,1429264.602800,0
1771271100000,84.8100,84.8400,84.6100,84.7300,40037.40,1771271399999,3391358.298200,3852,16005.92,1355991.508900,0
1771271400000,84.7300,84.7900,84.6500,84.7600,19718.82,1771271699999,1670595.913900,2711,11651.29,987073.472900,0
1771271700000,84.7600,84.7700,84.5600,84.5700,23083.04,1771271999999,1954120.849300,2763,6796.38,575573.886300,0
1771272000000,84.5700,84.6600,84.5400,84.6600,31067.00,1771272299999,2627973.275300,3645,17876.45,1512196.606400,0
1771272300000,84.6600,84.6600,84.4400,84.6300,28761.37,1771272599999,2431428.180600,3661,16689.49,1410796.222800,0
1771272600000,84.6200,84.6200,84.4700,84.5600,18034.12,1771272899999,1524259.210900,2979,7439.54,628800.844400,0
1771272900000,84.5500,84.7300,84.4700,84.4700,37884.04,1771273199999,3205799.110300,4143,18928.05,1602053.404100,0
1771273200000,84.4800,84.8800,84.4400,84.8700,55735.98,1771273499999,4719213.933000,5151,32761.81,2773933.031700,0
1771273500000,84.8700,85.1300,84.8500,84.9900,112656.10,1771273799999,9573662.515400,7527,46580.40,3958398.578500,0
1771273800000,84.9900,85.0900,84.8900,85.0700,159325.55,1771274099999,13541919.913500,5935,67138.86,5706166.839900,0
1771274100000,85.0600,85.0600,84.8700,84.8800,26862.33,1771274399999,2282337.988000,3373,10416.80,885097.429100,0
1771274400000,84.8900,85.1600,84.8700,85.0900,46400.98,1771274699999,3946609.034300,4455,32371.92,2753287.515400,0
1771274700000,85.0800,85.1600,85.0200,85.0900,37219.85,1771274999999,3167072.088900,3454,22198.58,1889079.284700,0
1771275000000,85.0900,85.4500,85.0400,85.2800,154577.16,1771275299999,13187920.284200,11004,101315.47,8644126.480400,0
1771275300000,85.2800,85.3900,85.1900,85.3100,60177.75,1771275599999,5133085.986100,4664,30621.40,2612263.868500,0
1771275600000,85.3100,85.3400,85.0600,85.1500,66151.60,1771275899999,5633285.766000,5392,29764.46,2534821.674900,0
1771275900000,85.1600,85.3000,85.1200,85.2100,24775.15,1771276199999,2110721.062100,3391,12372.79,1054235.870600,0
1771276200000,85.2200,85.4900,85.1900,85.4800,55220.14,1771276499999,4711149.375800,4925,35036.47,2988782.736100,0
1771276500000,85.4900,85.6700,85.3100,85.3600,92946.51,1771276799999,7949583.981900,8313,55011.47,4705153.280300,0
1771276800000,85.3600,85.7900,85.3600,85.6000,88115.85,1771277099999,7546972.242800,8187,52543.89,4499729.303000,0
1771277100000,85.6100,85.6500,85.4600,85.5200,55027.43,1771277399999,4707980.934100,5127,23482.61,2009066.623100,0
1771277400000,85.5100,85.6200,85.4100,85.4900,65704.37,1771277699999,5618242.795000,5716,31865.92,2724393.924000,0
1771277700000,85.4800,85.6200,85.4200,85.6000,40070.07,1771277999999,3426710.268300,3626,27779.74,2376131.452500,0
1771278000000,85.6000,85.6900,85.5300,85.6400,34031.77,1771278299999,2913587.731100,4225,18786.16,1608356.559700,0
1771278300000,85.6400,85.6400,85.4500,85.5700,49777.10,1771278599999,4258352.934000,5359,22165.25,1896081.144900,0
1771278600000,85.5600,85.6200,85.4800,85.5400,14974.66,1771278899999,1280785.341500,2187,6119.91,523433.600800,0
1771278900000,85.5400,86.0800,85.5300,85.9700,127822.49,1771279199999,10983866.824500,10363,72145.09,6199650.000300,0
1771279200000,85.9700,86.2000,85.9200,85.9600,93820.35,1771279499999,8073208.127100,8996,55608.67,4784881.385400,0
1771279500000,85.9700,86.0400,85.8400,85.9500,56624.13,1771279799999,4865700.159700,6147,21048.88,1808884.011800,0
1771279800000,85.9600,86.0400,85.8600,85.8800,64698.72,1771280099999,5560651.439600,6247,24088.25,2070321.646500,0
1771280100000,85.8900,85.9700,85.7500,85.8100,63646.35,1771280399999,5462574.059800,5837,21158.68,1815665.710300,0
1771280400000,85.8100,85.9100,85.6700,85.7500,44513.33,1771280699999,3817772.909100,4439,16075.65,1379317.298300,0
1771280700000,85.7500,85.8100,85.6400,85.7700,31184.12,1771280999999,2673226.615700,4335,14050.35,1204463.377200,0
1771281000000,85.7700,86.0100,85.6500,85.9200,73627.42,1771281299999,6321298.827000,7333,44340.32,3807398.834800,0
1771281300000,85.9200,86.1100,85.9200,86.0100,39966.29,1771281599999,3438575.678800,4918,19060.01,1639860.823700,0
1771281600000,86.0100,86.0700,85.9300,86.0000,21026.75,1771281899999,1808109.312800,2983,7972.19,685516.931300,0
1771281900000,86.0000,86.0000,85.7100,85.8500,40178.39,1771282199999,3447516.940600,5999,13220.53,1134276.880700,0
1771282200000,85.8600,85.8800,85.5200,85.8600,39888.90,1771282499999,3418209.365200,5840,17550.83,1504733.066100,0
1771282500000,85.8500,85.8800,85.6500,85.6700,24055.81,1771282799999,2063203.975800,5314,7866.70,674788.851400,0
1771282800000,85.6600,85.8600,85.6100,85.8300,45756.56,1771283099999,3921661.965700,6916,19834.34,1699813.318100,0
1771283100000,85.8200,86.0500,85.7700,85.8900,63924.87,1771283399999,5492390.983700,7231,29598.73,2542880.410300,0
1771283400000,85.9000,86.0900,85.8700,86.0700,75745.38,1771283699999,6514335.536400,6168,43392.02,3731818.502100,0
1771283700000,86.0700,86.4100,85.9900,86.0900,125942.33,1771283999999,10858114.961700,9967,66453.31,5730275.452900,0
1771284000000,86.1000,86.2800,86.0300,86.2800,52995.56,1771284299999,4564331.168900,5594,28873.32,2486711.786700,0
1771284300000,86.2700,86.3100,86.1100,86.1900,64439.26,1771284599999,5554504.570900,5910,30806.03,2655485.541200,0
1771284600000,86.1900,86.3600,86.1000,86.1100,61817.31,1771284899999,5331352.001400,6241,25812.33,2226117.271600,0
1771284900000,86.1000,86.3200,86.0300,86.2700,100064.80,1771285199999,8621996.232600,8000,46315.79,3990506.901600,0
1771285200000,86.2600,86.3300,86.1600,86.1600,66483.93,1771285499999,5734769.528400,4740,28929.01,2495376.467700,0
1771285500000,86.1700,86.4600,86.1700,86.3900,44609.77,1771285799999,3853114.613300,5273,32419.52,2800215.300300,0
1771285800000,86.3900,86.6100,86.3100,86.6100,98644.35,1771286099999,8531005.928100,7822,59362.55,5134074.301500,0
1771286100000,86.6000,86.6100,86.3800,86.3900,27609.93,1771286399999,2386789.784300,3491,9043.39,781693.093200,0
1771286400000,86.3900,86.4700,86.2600,86.3900,74757.38,1771286699999,6456740.936000,7466,40395.97,3489139.799400,0
1771286700000,86.3900,86.6300,86.2400,86.5100,125691.69,1771286999999,10859919.558500,10605,61654.81,5327322.557000,0
1771287000000,86.5100,86.5800,86.4100,86.5200,32861.72,1771287299999,2842221.004300,4112,14444.57,1249435.492000,0
1771287300000,86.5300,86.5800,86.2300,86.4000,46279.10,1771287599999,3997573.724800,5096,19365.89,1672569.782400,0
1771287600000,86.4000,86.5600,86.3600,86.4600,35566.28,1771287899999,3074594.243800,3703,17462.87,1509633.691800,0
1771287900000,86.4600,86.6900,86.4000,86.5300,106207.63,1771288199999,9191996.941700,7057,51836.67,4487679.965800,0
1771288200000,86.5300,86.6100,86.3300,86.5700,88454.33,1771288499999,7647021.780600,7816,38229.04,3305297.734500,0
1771288500000,86.5700,86.7200,86.5500,86.6300,56437.56,1771288799999,4889048.344400,4696,37153.56,3218532.993400,0
1771288800000,86.6400,86.7200,86.4800,86.5600,64981.38,1771289099999,5627118.043300,6112,28989.63,2510848.244600,0
1771289100000,86.5600,87.1100,86.5100,87.1000,190685.75,1771289399999,16562914.701000,12661,129363.29,11240048.007100,0
1771289400000,87.0900,87.1000,86.7300,86.7600,117233.96,1771289699999,10195025.123800,7473,64879.88,5643390.399800,0
1771289700000,86.7600,86.7700,86.4200,86.5600,82478.84,1771289999999,7135530.093900,7418,35388.79,3061358.591900,0
1771290000000,86.5600,86.8300,86.5200,86.5800,91216.85,1771290299999,7905125.530700,9649,48361.15,4191265.221500,0
1771290300000,86.5900,86.7700,86.4700,86.7700,58862.21,1771290599999,5096113.218300,4898,23835.77,2063993.798400,0
1771290600000,86.7700,86.9900,86.7700,86.9000,81606.12,1771290899999,7090394.704800,6578,45627.84,3964594.566500,0
1771290900000,86.9000,86.9400,86.7100,86.8800,52681.57,1771291199999,4572484.484500,4703,29442.67,2555406.333900,0
1771291200000,86.8800,87.0300,86.8100,86.9900,40344.16,1771291499999,3506765.299300,4135,26344.71,2289869.100200,0
1771291500000,86.9900,86.9900,86.6700,86.7000,32350.86,1771291799999,2808518.485700,3838,14250.73,1237180.603500,0
1771291800000,86.7000,86.9200,86.5600,86.8800,54997.66,1771292099999,4767874.776600,5754,30236.04,2621567.676300,0
1771292100000,86.8800,86.9400,86.7700,86.9400,30655.75,1771292399999,2662195.330800,3634,21045.80,1827682.522200,0
1771292400000,86.9300,86.9400,86.6800,86.7200,31006.02,1771292699999,2692276.857500,3535,17497.97,1519786.133400,0
1771292700000,86.7200,86.8600,86.5700,86.5700,51208.13,1771292999999,4442479.628400,5064,26404.36,2290806.840600,0
1771293000000,86.5700,86.6000,86.1900,86.2100,114989.53,1771293299999,9929098.352900,8900,46791.43,4040672.752100,0
1771293300000,86.2100,86.2800,86.0700,86.1200,90671.09,1771293599999,7811669.625900,7135,35979.10,3099973.042400,0
1771293600000,86.1300,86.1700,85.7200,85.9800,170885.37,1771293899999,14682994.894400,12704,73270.07,6296612.001600,0
1771293900000,85.9800,86.6300,85.9400,86.6000,111347.08,1771294199999,9609075.773600,10493,85543.62,7382575.347500,0
1771294200000,86.6000,87.2100,86.5600,86.8500,156749.03,1771294499999,13620825.119200,14322,93972.97,8167502.698300,0
1771294500000,86.8400,87.0100,86.8200,86.8700,74755.11,1771294799999,6498402.147700,7726,43848.34,3811802.423200,0
1771294800000,86.8600,87.3900,86.8200,87.3400,109791.55,1771295099999,9568974.501700,8761,76322.07,6653957.770300,0
1771295100000,87.3500,87.3500,87.1200,87.1400,78640.58,1771295399999,6858395.676300,6609,37813.43,3297922.924600,0
1771295400000,87.1400,87.2300,87.0100,87.2200,37058.42,1771295699999,3228447.588200,5721,15154.47,1320616.147700,0
1771295700000,87.2300,87.2300,87.0300,87.0500,47585.23,1771295999999,4144544.426300,4705,12535.51,1091913.196600,0
1771296000000,87.0600,87.3500,87.0500,87.2700,40220.51,1771296299999,3508993.169500,4367,19047.87,1661655.834700,0
1771296300000,87.2700,87.4400,87.2500,87.3700,65781.79,1771296599999,5745873.028500,6528,39975.29,3491823.455100,0
1771296600000,87.3700,87.5400,87.3100,87.4100,57078.86,1771296899999,4990805.684400,5979,29937.38,2618075.924800,0
1771296900000,87.4200,87.6600,87.2400,87.2600,105989.47,1771297199999,9271936.766200,7779,47478.57,4155205.238200,0
1771297200000,87.2600,87.3200,87.0600,87.0600,107767.71,1771297499999,9397603.080500,9166,44627.21,3891861.634300,0
1771297500000,87.0600,87.2000,86.9800,86.9900,101446.57,1771297799999,8835304.609500,9297,39092.55,3404998.867500,0
1771297800000,86.9900,87.0300,86.8100,86.8800,78789.62,1771298099999,6846448.701500,7773,25545.02,2219808.750900,0
1771298100000,86.8700,86.8700,86.6800,86.7300,83836.03,1771298399999,7275422.139700,7394,34135.03,2962752.674200,0
1771298400000,86.7300,86.9500,86.6700,86.7000,49724.70,1771298699999,4316280.795200,4725,27736.51,2408237.532400,0
1771298700000,86.7000,86.8700,86.5900,86.8200,53895.41,1771298999999,4676054.088400,4744,34013.41,2951480.370300,0
1771299000000,86.8100,86.8100,86.6000,86.7100,32835.62,1771299299999,2847216.490800,4255,11159.32,967659.758300,0
1771299300000,86.7100,86.7100,86.4400,86.4900,58503.89,1771299599999,5061992.671200,5287,20765.86,1796725.932300,0
1771299600000,86.5000,86.5900,86.4300,86.5100,24462.17,1771299899999,2116000.471000,3228,12332.12,1066771.541100,0
1771299900000,86.5000,86.5300,86.3400,86.4100,74859.00,1771300199999,6470402.919500,4931,32237.73,2787137.074900,0
1771300200000,86.4200,86.5200,86.4100,86.4900,19998.05,1771300499999,1729304.930700,2668,12972.47,1121779.527400,0
1771300500000,86.4900,86.4900,86.2700,86.3100,55176.73,1771300799999,4764325.421700,4105,26963.20,2328060.575800,0
1771300800000,86.3100,86.3600,86.2200,86.2500,76901.09,1771301099999,6635956.503700,5805,28179.54,2431943.135000,0
1771301100000,86.2600,86.2700,85.9700,86.1000,69682.40,1771301399999,5999859.207100,6791,29323.48,2525364.139900,0
1771301400000,86.1000,86.4100,86.1000,86.3000,54703.93,1771301699999,4722223.325100,5003,27501.73,2373792.112600,0
1771301700000,86.3100,86.3400,86.1100,86.3200,40939.71,1771301999999,3529492.469300,4558,21382.81,1843847.937500,0
1771302000000,86.3300,86.6100,86.3300,86.5300,102045.29,1771302299999,8827314.691700,7110,75817.84,6558200.158700,0
1771302300000,86.5400,86.5400,86.3800,86.4800,62876.85,1771302599999,5435914.692400,3919,18245.12,1577551.997200,0
1771302600000,86.4800,86.4900,85.8700,86.0700,132577.74,1771302899999,11405086.507500,9083,64263.52,5527080.345200,0
1771302900000,86.0800,86.3000,86.0700,86.2400,27440.76,1771303199999,2364900.634400,3982,16023.63,1380856.966900,0
1771303200000,86.2300,86.3600,86.2300,86.2900,29890.75,1771303499999,2579720.924100,3127,11900.60,1027120.311900,0
1771303500000,86.2900,86.5000,86.1200,86.4300,82141.09,1771303799999,7086881.670700,5760,42457.79,3664190.755100,0
1771303800000,86.4400,86.4600,86.3000,86.3700,68548.51,1771304099999,5921286.150700,4920,28684.39,2477759.443300,0
1771304100000,86.3700,86.3800,86.2700,86.3200,20033.41,1771304399999,1729167.816600,2795,12821.08,1106647.849100,0
1771304400000,86.3200,86.3900,86.2100,86.3900,17239.73,1771304699999,1488041.134800,3229,10204.86,880941.116700,0
1771304700000,86.3800,86.4400,86.2100,86.2800,26489.60,1771304999999,2287305.627600,4631,12607.40,1088732.245800,0
1771305000000,86.2900,86.3900,86.1000,86.1500,18761.61,1771305299999,1617677.385000,4131,6651.56,573733.329000,0
1771305300000,86.1500,86.1700,85.8300,85.9000,56076.30,1771305599999,4824156.878000,6862,23782.60,2045951.216600,0
1771305600000,85.9000,86.0700,85.7400,85.8500,92633.70,1771305899999,7956352.106900,8527,46119.19,3961858.816800,0
1771305900000,85.8500,86.0300,85.8000,85.9200,39850.88,1771306199999,3423533.814000,4839,23213.64,1994208.496800,0
1771306200000,85.9100,85.9300,85.5100,85.6100,95913.39,1771306499999,8214743.236100,9295,33127.04,2837193.074800,0
1771306500000,85.6100,85.7000,85.3800,85.6300,149278.33,1771306799999,12766372.688300,9632,70989.36,6072857.961900,0
1771306800000,85.6300,86.0700,85.6000,86.0500,111593.85,1771307099999,9587729.549600,8213,70573.70,6063604.113600,0
1771307100000,86.0600,86.2500,86.0600,86.1800,52589.22,1771307399999,4530366.686200,5691,26556.81,2287864.492400,0
1771307400000,86.1700,86.2200,86.0400,86.1100,31842.58,1771307699999,2743080.443900,4080,13687.48,1179310.669900,0
1771307700000,86.1100,86.2700,86.1000,86.1600,20600.28,1771307999999,1775104.031400,3161,10603.46,913697.608600,0
1771308000000,86.1600,86.3900,86.1500,86.3700,46305.03,1771308299999,3996830.900400,4866,33159.33,2862010.681400,0
1771308300000,86.3800,86.5400,86.3700,86.4500,57309.43,1771308599999,4955355.697700,4979,21464.42,1855911.124400,0
1771308600000,86.4500,86.5100,86.3400,86.3800,44936.24,1771308899999,3883046.861000,3616,13204.22,1141304.026200,0
1771308900000,86.3800,86.4800,86.3500,86.3800,24690.99,1771309199999,2133486.241400,3356,10309.54,890874.917000,0
1771309200000,86.3700,86.4500,86.3500,86.4300,17334.35,1771309499999,1497848.212800,2188,8844.26,764310.695900,0
1771309500000,86.4400,86.7600,86.3500,86.5800,59253.98,1771309799999,5130382.075000,5465,29356.85,2542318.188100,0
1771309800000,86.5800,86.5800,86.4100,86.5300,31127.22,1771310099999,2692279.886500,3540,18966.10,1640406.070600,0
1771310100000,86.5300,86.6200,86.5100,86.5800,35802.37,1771310399999,3098777.137100,3230,15818.86,1369210.988700,0
1771310400000,86.5900,86.7200,86.5700,86.6400,34592.60,1771310699999,2997434.484300,3184,18524.12,1605174.030100,0
1771310700000,86.6300,86.6900,86.5200,86.5300,27782.01,1771310999999,2405047.447700,3191,9239.03,799763.581800,0
1771311000000,86.5300,86.6000,86.5300,86.5600,19679.83,1771311299999,1703439.873100,2266,7176.54,621196.269400,0
1771311300000,86.5600,86.5600,86.4300,86.4400,27978.11,1771311599999,2419956.744100,3120,8170.17,706654.966800,0
1771311600000,86.4400,86.4600,86.3100,86.3500,38565.56,1771311899999,3331073.748700,3966,17610.59,1521138.550100,0
1771311900000,86.3600,86.3700,86.0700,86.0800,41144.31,1771312199999,3547677.496200,4800,9829.74,847546.542300,0
1771312200000,86.0800,86.1500,86.0300,86.0700,37706.83,1771312499999,3246580.532300,3676,21732.85,1871385.789900,0
1771312500000,86.0700,86.2300,85.9900,86.0100,23413.13,1771312799999,2015736.278300,3508,10761.27,926756.007000,0
1771312800000,86.0200,86.1200,85.9800,86.0400,36976.49,1771313099999,3181720.516000,3200,10326.34,888621.540800,0
1771313100000,86.0400,86.0900,85.9000,85.9700,37608.38,1771313399999,3233960.904000,3338,18486.55,1589902.918900,0
1771313400000,85.9600,86.0400,85.8700,86.0000,33252.01,1771313699999,2858455.246500,3928,20972.52,1803113.693800,0
1771313700000,85.9900,86.4700,85.9900,86.3800,54424.83,1771313999999,4695888.504900,5250,40306.58,3477064.591300,0
1771314000000,86.3800,86.4300,86.3100,86.3400,20601.42,1771314299999,1778970.645300,2984,9095.43,785421.386900,0
1771314300000,86.3400,86.4900,86.2300,86.3900,73797.98,1771314599999,6373941.959100,6148,34921.18,3016174.095100,0
1771314600000,86.4000,86.4800,86.3500,86.4500,27852.99,1771314899999,2406791.472500,2578,12151.48,1050096.311400,0
1771314900000,86.4400,86.4800,86.3400,86.4200,18967.89,1771315199999,1638793.922200,2323,5937.54,513051.152400,0
1771315200000,86.4200,86.7100,86.4000,86.5700,67782.31,1771315499999,5868787.955600,6069,34044.63,2947023.564200,0
1771315500000,86.5800,86.6000,86.4900,86.5200,63316.40,1771315799999,5479773.622000,4717,18303.97,1584083.362700,0
1771315800000,86.5200,86.6400,86.4500,86.4700,105735.15,1771316099999,9152035.979900,7594,46480.84,4023120.812900,0
1771316100000,86.4700,86.5200,86.3700,86.4000,45266.87,1771316399999,3912970.490500,5477,19375.22,1674942.473800,0
1771316400000,86.4100,86.5200,86.3900,86.4000,20995.91,1771316699999,1815362.705300,2480,10010.51,865639.014000,0
1771316700000,86.3900,86.4200,86.2600,86.2700,21832.69,1771316999999,1884914.659500,3226,6319.58,545619.390400,0
1771317000000,86.2700,86.4100,86.2200,86.2700,87404.88,1771317299999,7544869.503000,6548,37309.97,3220438.971000,0
1771317300000,86.2700,86.3700,85.9300,86.0600,147080.07,1771317599999,12656535.033200,7455,82138.53,7066725.251000,0
1771317600000,86.0700,86.1900,85.9800,86.0800,86431.74,1771317899999,7440014.579400,5015,44931.85,3868777.469900,0
1771317900000,86.0800,86.1500,86.0000,86.0000,29206.12,1771318199999,2514016.642100,3680,12393.01,1066901.989900,0
1771318200000,86.0000,86.0300,85.8400,85.9800,92996.88,1771318499999,7989481.256200,7028,41949.37,3603493.571100,0
1771318500000,85.9900,86.0200,85.8900,85.8900,32389.92,1771318799999,2784407.925100,3618,16034.13,1378372.054000,0
1771318800000,85.9000,86.1200,85.8900,86.1200,24163.31,1771319099999,2078084.390300,4075,14690.15,1263572.822400,0
1771319100000,86.1200,86.1300,85.9600,85.9600,30076.31,1771319399999,2587887.792200,3396,16902.67,1454274.369900,0
1771319400000,85.9600,85.9600,85.6700,85.7900,99267.36,1771319699999,8515410.946200,6938,39639.55,3400621.006500,0
1771319700000,85.7800,85.8800,85.6500,85.7500,33900.35,1771319999999,2907450.464100,4464,13375.08,1147338.293500,0
1771320000000,85.7600,85.9000,85.7600,85.8500,39611.71,1771320299999,3399684.700900,4179,21817.73,1872503.937900,0
1771320300000,85.8500,85.9100,85.7900,85.8500,26726.42,1771320599999,2294572.936700,2746,12276.11,1054011.316700,0
1771320600000,85.8400,85.8900,85.7500,85.8000,25277.16,1771320899999,2168981.368000,3287,14354.82,1231788.357500,0
1771320900000,85.7900,85.8500,85.6800,85.6800,22885.80,1771321199999,1962809.860200,2566,6447.24,553089.550100,0
1771321200000,85.6800,85.7800,85.6100,85.7600,31958.68,1771321499999,2737951.560800,3447,13370.53,1145605.489000,0
1771321500000,85.7500,85.9400,85.7500,85.7900,50694.61,1771321799999,4351929.309500,4074,26471.75,2272674.112200,0
1771321800000,85.7900,85.9800,85.7900,85.9600,36335.04,1771322099999,3121553.447800,3487,20713.26,1779525.910800,0
1771322100000,85.9600,86.0000,85.8700,85.8700,19437.16,1771322399999,1670355.832100,2486,7168.99,616248.074100,0
1771322400000,85.8700,85.9900,85.8200,85.8700,20906.19,1771322699999,1795905.892200,3537,10230.80,878926.218700,0
1771322700000,85.8700,85.9000,85.6900,85.8200,38552.94,1771322999999,3306696.095800,3523,9660.27,828645.841000,0
1771323000000,85.8200,85.8700,85.6500,85.7100,28033.19,1771323299999,2404379.645200,3088,13099.08,1123737.104900,0
1771323300000,85.7200,85.7200,85.1600,85.2000,169694.23,1771323599999,14483820.711800,12735,52729.21,4500129.873700,0
1771323600000,85.2100,85.3600,85.1900,85.2900,74691.40,1771323899999,6370911.616300,5805,39895.48,3403010.322200,0
1771323900000,85.2900,85.3100,85.0500,85.0600,119400.48,1771324199999,10167070.486600,7556,44278.25,3770451.733100,0
1771324200000,85.0500,85.2000,84.9800,85.0400,119365.38,1771324499999,10157918.068500,9056,66092.34,5624797.672700,0
1771324500000,85.0300,85.0600,84.8700,85.0100,112846.07,1771324799999,9588981.855000,8155,51926.37,4413194.746900,0
1771324800000,85.0100,85.1100,84.9700,85.0200,61180.77,1771325099999,5203139.319900,5226,31683.83,2694756.922900,0
1771325100000,85.0300,85.0800,84.9300,84.9700,36578.67,1771325399999,3109379.414900,4137,19025.53,1617399.814900,0
1771325400000,84.9600,84.9900,84.8200,84.9500,60603.33,1771325699999,5145058.375500,5231,28691.29,2436101.890000,0
1771325700000,84.9500,85.0200,84.9000,84.9900,57853.05,1771325999999,4915880.578800,4738,38452.32,3267416.821500,0
1771326000000,84.9900,85.2500,84.9900,85.0500,82269.87,1771326299999,7005238.816000,7145,52229.38,4447408.351400,0
1771326300000,85.0500,85.1400,84.7100,84.9100,100806.32,1771326599999,8559326.305700,7229,35750.37,3034936.169500,0
1771326600000,84.9000,85.0200,84.8700,84.9700,57081.49,1771326899999,4848520.886200,5029,36195.67,3074482.966900,0
1771326900000,84.9600,85.0600,84.7500,84.8900,62798.34,1771327199999,5330164.527200,6417,34377.89,2918311.058300,0
1771327200000,84.8900,85.0200,84.8000,84.8100,40499.32,1771327499999,3438820.649400,4363,22702.80,1928204.461000,0
1771327500000,84.8000,85.0700,84.6700,85.0600,71517.27,1771327799999,6070955.362000,6300,43593.48,3701216.852100,0
1771327800000,85.0600,85.0700,84.9100,85.0200,37293.71,1771328099999,3170364.567000,3734,23793.91,2022792.386000,0
1771328100000,85.0200,85.0200,84.8500,84.9500,29293.00,1771328399999,2487953.492400,3502,11409.83,969046.928800,0
1771328400000,84.9600,85.0200,84.9100,84.9300,15513.07,1771328699999,1318166.329200,2326,9578.82,813960.610600,0
1771328700000,84.9400,84.9700,84.8000,84.9600,45155.34,1771328999999,3832904.429100,3798,22472.28,1907966.932000,0
1771329000000,84.9500,85.0700,84.9200,85.0400,33337.58,1771329299999,2833596.174100,2984,21841.50,1856449.204400,0
1771329300000,85.0300,85.1100,84.9500,85.0400,53990.50,1771329599999,4591825.078600,4253,27091.91,2304311.963600,0
1771329600000,85.0500,85.1900,84.9800,85.1200,38424.13,1771329899999,3269135.214100,4654,14878.01,1266298.387700,0
1771329900000,85.1200,85.4200,85.0800,85.2100,148247.07,1771330199999,12641667.703200,9441,95439.36,8138220.711400,0
1771330200000,85.2100,85.2900,85.1400,85.2400,53653.83,1771330499999,4571783.414000,4727,29400.32,2505495.209800,0
1771330500000,85.2400,85.2600,85.1200,85.1900,34373.96,1771330799999,2928732.173300,3948,16238.47,1383644.740600,0
1771330800000,85.1900,85.2800,85.1000,85.1700,26148.29,1771331099999,2228066.450400,3600,11946.00,1017975.955300,0
1771331100000,85.1700,85.3600,85.1100,85.2700,32198.60,1771331399999,2744387.692200,3417,17323.14,1476828.488200,0
1771331400000,85.2700,85.3100,85.1000,85.2300,44477.57,1771331699999,3788818.952600,3889,14960.69,1274698.672900,0
1771331700000,85.2400,85.5300,85.2200,85.2800,71400.21,1771331999999,6097135.293900,6328,41951.47,3582404.756600,0
1771332000000,85.2900,85.3300,85.0800,85.0900,59039.54,1771332299999,5030729.263300,4103,11494.09,979693.279000,0
1771332300000,85.0900,85.1400,84.7700,84.8500,116463.89,1771332599999,9889601.095000,8130,37911.11,3218523.373700,0
1771332600000,84.8400,84.9100,84.6200,84.8800,98611.63,1771332899999,8361025.708800,6569,47614.77,4038109.705400,0
1771332900000,84.8800,84.9700,84.4600,84.5800,239392.51,1771333199999,20262473.464700,11441,73445.05,6219095.391100,0
1771333200000,84.5900,84.6000,84.3100,84.4100,153218.29,1771333499999,12938205.648500,10450,60546.89,5113477.016700,0
1771333500000,84.4100,84.7800,84.3300,84.7500,133423.91,1771333799999,11283422.111600,9096,94710.05,8010193.233400,0
1771333800000,84.7400,84.9700,84.7300,84.8500,97686.11,1771334099999,8288488.725500,8049,60348.72,5120503.466100,0
1771334100000,84.8500,84.9500,84.6800,84.7900,124941.69,1771334399999,10594319.707200,8129,60715.96,5148836.632900,0
1771334400000,84.7900,85.3400,84.7700,85.2800,222041.53,1771334699999,18899299.188600,10462,131593.52,11196990.561400,0
1771334700000,85.2700,85.3300,84.8600,84.9300,89444.06,1771334999999,7606653.196900,6697,36842.50,3133535.778300,0
1771335000000,84.9300,84.9500,84.6700,84.9500,78028.92,1771335299999,6618530.755100,6188,39333.26,3336831.216500,0
1771335300000,84.9500,85.0200,84.9200,85.0000,41482.11,1771335599999,3524808.868600,3871,17249.78,1465815.329400,0
1771335600000,85.0100,85.0100,84.8900,84.9800,21077.63,1771335899999,1790655.402600,2712,8476.91,720215.351200,0
1771335900000,84.9700,85.0000,84.9000,84.9400,23955.31,1771336199999,2034847.429100,3154,15424.70,1310277.966400,0
1771336200000,84.9300,85.4700,84.9100,85.3300,235030.68,1771336499999,20037831.620900,15070,125279.04,10680127.379900,0
1771336500000,85.3300,85.4100,84.8800,84.9400,104466.35,1771336799999,8892083.158900,8084,44876.93,3820333.991400,0
1771336800000,84.9300,85.0900,84.6400,85.0500,148950.78,1771337099999,12632180.407400,11170,76403.93,6479963.981300,0
1771337100000,85.0500,85.4200,85.0400,85.1800,149942.27,1771337399999,12777866.468600,9510,76199.10,6494657.378600,0
1771337400000,85.1800,85.1900,85.0300,85.0600,39572.10,1771337699999,3367097.596400,4606,15770.29,1341798.528200,0
1771337700000,85.0600,85.1000,84.9600,85.0900,70368.13,1771337999999,5984205.687200,5128,35992.12,3060960.659900,0
1771338000000,85.1000,85.1300,84.9300,85.0000,54411.90,1771338299999,4625981.699400,4140,18977.71,1613855.747900,0
1771338300000,85.0100,85.0700,84.9300,84.9300,29350.29,1771338599999,2494965.853100,3129,11369.61,966455.225400,0
1771338600000,84.9400,85.3200,84.7700,85.2000,232774.91,1771338899999,19791890.887900,20333,115902.43,9858129.599600,0
1771338900000,85.1900,85.2400,84.4200,84.6500,210030.82,1771339199999,17793602.020700,17522,86063.82,7292218.246800,0
1771339200000,84.6500,84.6500,83.5500,83.7800,507280.05,1771339499999,42607700.417200,32463,229105.79,19244630.641500,0
1771339500000,83.7800,83.8200,83.1600,83.5200,589816.00,1771339799999,49189698.603700,33295,289958.97,24186459.487300,0
1771339800000,83.5200,83.6300,82.9300,83.2000,379068.93,1771340099999,31523732.808100,27389,182260.20,15158623.758400,0
1771340100000,83.2000,83.4700,82.9600,83.2000,172522.80,1771340399999,14356638.636300,16598,88238.76,7344968.227500,0
1771340400000,83.2000,83.4800,83.1500,83.4500,212076.69,1771340699999,17672461.841800,18724,121447.75,10120862.798200,0
1771340700000,83.4600,83.7900,83.2100,83.5100,291760.78,1771340999999,24346437.634400,21895,152390.78,12722997.158500,0
1771341000000,83.5200,83.7900,83.3200,83.3400,244909.12,1771341299999,20470768.208200,16365,127775.59,10680202.561600,0
1771341300000,83.3400,83.8500,83.2600,83.7800,233842.75,1771341599999,19547147.384500,19066,118161.76,9877864.845900,0
1771341600000,83.7900,83.8500,83.2900,83.4100,140056.34,1771341899999,11692835.701000,13906,65889.70,5499237.763500,0
1771341900000,83.4200,83.5100,83.0700,83.3900,151474.93,1771342199999,12609296.704200,13352,86101.19,7167706.881300,0
1771342200000,83.4000,83.4800,82.8600,83.0000,291481.63,1771342499999,24220519.279600,17426,107906.61,8968922.862600,0
1771342500000,83.0100,83.3500,83.0000,83.1300,153723.02,1771342799999,12788648.086900,12576,76373.84,6353668.002300,0
1771342800000,83.1300,83.3800,83.0800,83.3500,125291.94,1771343099999,10433012.100300,9766,59930.49,4990354.152500,0
1771343100000,83.3500,83.7000,83.3300,83.4200,183948.67,1771343399999,15361822.560200,14622,92057.70,7688395.359400,0
1771343400000,83.4200,83.6300,83.3100,83.5200,127023.13,1771343699999,10602276.591900,11141,80163.14,6690636.880300,0
1771343700000,83.5200,83.8000,83.4600,83.7600,95108.85,1771343999999,7953655.876200,8878,52264.73,4371013.009200,0
1771344000000,83.7500,84.7300,83.6600,84.5300,415361.80,1771344299999,35003022.462700,28055,239474.86,20175541.230200,0
1771344300000,84.5300,84.9800,84.4400,84.5800,308701.43,1771344599999,26157934.622600,21646,152126.13,12890448.270800,0
1771344600000,84.5700,84.6300,84.3400,84.4900,139399.89,1771344899999,11776344.995100,12295,74639.60,6305417.359200,0
1771344900000,84.4900,84.9000,84.4200,84.7700,150058.07,1771345199999,12706647.812800,13539,67864.82,5746813.272000,0
1771345200000,84.7700,84.7800,84.1700,84.3700,125871.63,1771345499999,10620759.833600,11456,57734.86,4871989.128900,0
1771345500000,84.3700,84.4400,84.0600,84.1000,78713.89,1771345799999,6630947.387100,7918,36436.82,3070204.440400,0
1771345800000,84.1100,84.7900,84.0300,84.7400,85026.24,1771346099999,7173216.211500,11036,48730.29,4110632.321100,0
1771346100000,84.7300,85.4300,84.7300,85.1600,256990.43,1771346399999,21888931.586100,20487,150136.46,12785267.637300,0
1771346400000,85.1500,85.1900,84.7600,84.8700,157452.23,1771346699999,13376831.960800,11733,55748.08,4736364.583000,0
1771346700000,84.8700,84.8900,84.4500,84.5000,95091.74,1771346999999,8054319.472300,11612,42499.22,3600657.327500,0
1771347000000,84.5000,84.5500,84.2600,84.5200,132808.95,1771347299999,11210066.613200,11295,64176.57,5416744.811500,0
1771347300000,84.5200,84.6200,84.0500,84.1300,107436.06,1771347599999,9056118.167300,9810,38788.51,3270351.677500,0
1771347600000,84.1300,84.2100,83.8800,84.0800,87128.98,1771347899999,7322864.263800,10840,41100.93,3455283.815300,0
1771347900000,84.0900,84.2800,83.9600,83.9700,52076.94,1771348199999,4382685.661000,7488,28513.31,2400043.337400,0
1771348200000,83.9700,84.0100,83.2000,83.5600,275920.62,1771348499999,23053553.952700,19386,90018.03,7519434.959800,0
1771348500000,83.5600,83.8700,83.5600,83.7000,83712.96,1771348799999,7008832.404100,9983,48200.77,4035901.415100,0
1771348800000,83.7000,83.8600,83.5900,83.8000,64219.17,1771349099999,5375755.835700,8738,25965.13,2173806.861000,0
1771349100000,83.7900,84.0200,83.7100,83.9700,80363.02,1771349399999,6743225.372000,8443,52984.73,4446160.110900,0
1771349400000,83.9700,83.9900,83.4800,83.6700,87704.51,1771349699999,7342715.006300,9907,33193.74,2778539.088100,0
1771349700000,83.6700,83.8200,83.5900,83.6400,46777.53,1771349999999,3915693.078100,5793,21511.88,1800979.300200,0
1771350000000,83.6400,83.6500,83.2200,83.2600,96397.33,1771350299999,8035183.880300,9006,35971.30,2998225.041200,0
1771350300000,83.2600,83.5500,83.0800,83.3900,134805.86,1771350599999,11228772.781000,12437,77909.10,6490032.688700,0
1771350600000,83.3900,83.6700,83.3300,83.4800,63115.41,1771350899999,5270232.199100,7698,33610.89,2806545.376900,0
1771350900000,83.4700,83.7500,83.4500,83.6400,46075.84,1771351199999,3851762.784900,6243,17619.07,1473322.214800,0
1771351200000,83.6500,83.7400,83.5000,83.6000,39518.07,1771351499999,3304012.442500,6777,20245.43,1692899.502600,0
1771351500000,83.6000,83.8000,83.5600,83.7800,36427.22,1771351799999,3049019.047000,5571,22005.48,1842329.922500,0
1771351800000,83.7900,83.9400,83.6900,83.8300,111097.51,1771352099999,9310799.841800,8262,56810.06,4761018.495200,0
1771352100000,83.8300,83.9100,83.6700,83.8100,85791.89,1771352399999,7190369.055800,7583,39422.33,3304141.239100,0
1771352400000,83.8100,84.6800,83.8000,84.4900,181049.69,1771352699999,15271356.829700,16873,106892.78,9012862.658700,0
1771352700000,84.4800,84.9400,84.3900,84.8900,175447.08,1771352999999,14865790.938000,12060,105799.05,8963186.933600,0
1771353000000,84.8900,84.9800,84.7400,84.8400,80027.07,1771353299999,6791774.851100,8518,42726.90,3626638.529000,0
1771353300000,84.8300,85.0700,84.6700,84.8900,92267.42,1771353599999,7830816.880600,9050,44402.17,3768599.357700,0
1771353600000,84.8800,85.3800,84.8800,85.0800,177878.81,1771353899999,15152882.887400,12821,100090.40,8526393.490100,0
1771353900000,85.0800,85.2000,84.9800,85.1200,93897.50,1771354199999,7990637.410000,9553,55840.57,4752249.234500,0
1771354200000,85.1300,85.3900,85.0700,85.1800,87606.46,1771354499999,7464393.936800,8540,53407.47,4551076.592800,0
1771354500000,85.1900,85.3700,85.0500,85.0700,67556.50,1771354799999,5757813.763700,6780,32770.86,2793729.339200,0
1771354800000,85.0700,85.2200,84.9900,85.1400,73946.93,1771355099999,6293030.930500,7945,34617.77,2946475.154900,0
1771355100000,85.1400,85.4200,85.0200,85.3000,115320.83,1771355399999,9827710.863600,10267,65595.63,5589574.142000,0
1771355400000,85.3100,85.5700,85.1400,85.5400,98731.29,1771355699999,8428727.664300,10318,67273.77,5744405.368000,0
1771355700000,85.5400,85.7200,85.2300,85.2500,107857.43,1771355999999,9224031.186100,11329,42262.10,3615538.509200,0
1771356000000,85.2500,85.5500,85.0200,85.0300,128066.47,1771356299999,10908600.943200,10204,46407.10,3953756.490600,0
1771356300000,85.0300,85.0400,84.6900,84.8600,189133.55,1771356599999,16053845.014300,13664,90656.22,7695644.569700,0
1771356600000,84.8600,85.0100,84.7700,84.9100,87370.51,1771356899999,7418285.319900,7914,46707.35,3965813.258600,0
1771356900000,84.9100,84.9500,84.5800,84.7500,58479.79,1771357199999,4953414.939700,7001,24036.10,2035772.889500,0
1771357200000,84.7600,84.8600,84.6900,84.8500,42812.75,1771357499999,3629343.519700,5381,26619.72,2256611.736500,0
1771357500000,84.8500,85.0800,84.7800,84.8100,34468.08,1771357799999,2926838.940700,5914,20136.36,1710120.085900,0
1771357800000,84.8100,84.9000,84.6200,84.8100,43715.46,1771358099999,3704835.000200,5085,13924.74,1180154.341000,0
1771358100000,84.8100,84.9700,84.7800,84.8000,90582.10,1771358399999,7688736.700300,6066,43245.95,3670790.032900,0
1771358400000,84.8000,85.0600,84.7400,84.8900,87816.62,1771358699999,7456117.333300,8024,41268.50,3504295.595500,0
1771358700000,84.8900,84.9400,84.6900,84.7500,149238.06,1771358999999,12656757.975900,10802,69802.95,5919734.716900,0
1771359000000,84.7500,84.9100,84.7200,84.8700,86126.57,1771359299999,7304968.798500,6946,33421.08,2834798.501900,0
1771359300000,84.8700,84.9800,84.7700,84.8000,35612.00,1771359599999,3022040.472700,4977,15779.33,1339249.527000,0
1771359600000,84.7900,84.9300,84.6100,84.7700,81518.00,1771359899999,6911442.133000,6078,26048.28,2208122.807300,0
1771359900000,84.7700,85.0500,84.7500,84.8600,61814.75,1771360199999,5249294.945200,5692,30037.80,2550784.997200,0
1771360200000,84.8600,84.8800,84.4700,84.8500,69899.73,1771360499999,5917088.966600,7527,29215.24,2473658.041700,0
1771360500000,84.8500,84.9200,84.6400,84.8800,50771.45,1771360799999,4305314.332500,4971,21497.86,1823614.963800,0
1771360800000,84.8700,85.1700,84.8700,85.0800,58356.94,1771361099999,4963022.534000,6609,35048.06,2981005.539000,0
1771361100000,85.0800,85.2200,84.9400,85.0200,29626.53,1771361399999,2520374.874100,5067,15296.97,1301743.167000,0
1771361400000,85.0100,85.1300,84.9300,85.0200,31892.21,1771361699999,2711659.354400,4664,15424.59,1311452.249400,0
1771361700000,85.0200,85.0900,84.8300,84.9400,73642.04,1771361999999,6256018.123000,6452,40398.92,3432104.829900,0
1771362000000,84.9300,85.1800,84.9000,85.1100,73537.60,1771362299999,6253799.332200,6767,40320.94,3428803.525300,0
1771362300000,85.1200,85.2100,84.9800,85.0600,85310.48,1771362599999,7260278.468200,6208,27120.90,2307933.897400,0
1771362600000,85.0600,85.3900,85.0300,85.3300,37801.51,1771362899999,3221960.668000,4820,19322.83,1647302.913300,0
1771362900000,85.3200,85.3400,85.0900,85.1600,58297.21,1771363199999,4969555.293600,5829,35598.29,3034869.707500,0
1771363200000,85.1700,85.2100,84.8900,84.9500,30246.83,1771363499999,2572222.753700,4023,8068.03,686085.771100,0
1771363500000,84.9500,85.0200,84.9200,84.9600,22688.39,1771363799999,1927842.011400,2527,12030.42,1022240.849600,0
1771363800000,84.9700,84.9900,84.7800,84.8200,26300.73,1771364099999,2231851.061900,3356,10603.12,899781.005400,0
1771364100000,84.8200,84.8800,84.8100,84.8800,9677.00,1771364399999,821134.029100,2149,4560.61,386981.649700,0
1771364400000,84.8800,85.0200,84.8800,85.0100,14071.95,1771364699999,1195571.910700,2598,8910.30,757050.244700,0
1771364700000,85.0100,85.0600,84.9200,85.0200,19253.19,1771364999999,1636741.121700,2748,10071.12,856223.381200,0
1771365000000,85.0200,85.0400,84.9700,85.0100,9720.30,1771365299999,826294.273500,1594,4222.02,358915.151600,0
1771365300000,85.0100,85.2000,85.0100,85.1700,19564.98,1771365599999,1665544.257200,2435,13810.57,1175583.523000,0
1771365600000,85.1700,85.2600,85.1400,85.2500,20031.52,1771365899999,1706986.462900,2509,13995.71,1192766.292200,0
1771365900000,85.2600,85.2900,85.0900,85.1600,24484.57,1771366199999,2086074.977400,3806,10323.40,879564.857100,0
1771366200000,85.1600,85.2900,85.1300,85.2500,19862.99,1771366499999,1692766.429500,2814,11803.74,1005852.092200,0
1771366500000,85.2500,85.2800,85.0900,85.2600,12332.15,1771366799999,1050619.030000,2854,6544.25,557612.776800,0
1771366800000,85.2700,85.3700,85.1300,85.2200,26340.88,1771367099999,2245748.025800,3372,13747.95,1172211.843300,0
1771367100000,85.2200,85.2200,85.0800,85.1700,12595.97,1771367399999,1072188.009500,2101,6921.38,589124.194800,0
1771367400000,85.1700,85.2800,85.1300,85.1700,15988.34,1771367699999,1362506.005600,2388,7415.24,631922.214100,0
1771367700000,85.1800,85.3900,85.1700,85.2000,25818.33,1771367999999,2202707.101300,3343,12396.13,1057670.506500,0
1771368000000,85.2000,85.3500,85.1100,85.1400,14730.44,1771368299999,1255297.814600,2851,7721.83,658041.878600,0
1771368300000,85.1500,85.2800,85.0900,85.1000,11479.06,1771368599999,977691.055800,2544,5990.95,510257.207900,0
1771368600000,85.1000,85.1400,84.9100,85.0100,20303.01,1771368899999,1725784.493800,3832,8338.68,708936.488100,0
1771368900000,85.0100,85.0400,84.9400,84.9800,10126.92,1771369199999,860709.362000,2213,3954.88,336137.494600,0
1771369200000,84.9800,84.9900,84.8700,84.8900,17697.84,1771369499999,1502918.328200,3104,5233.38,444386.262500,0
1771369500000,84.8900,85.1000,84.8400,84.9400,30405.27,1771369799999,2583245.977600,4417,16140.17,1371389.739300,0
1771369800000,84.9500,85.1100,84.8900,85.1100,53114.29,1771370099999,4515091.904200,5619,31422.28,2670925.105200,0
1771370100000,85.1100,85.2600,85.0100,85.1900,33878.09,1771370399999,2884853.391200,3969,17316.89,1474663.653600,0
1771370400000,85.1800,85.2900,85.1400,85.1800,15539.73,1771370699999,1324492.760800,2579,8274.56,705247.436400,0
1771370700000,85.1800,85.1900,84.9900,85.0000,21462.19,1771370999999,1825909.836800,2794,4398.71,374078.131100,0
1771371000000,85.0000,85.0400,84.8800,84.9200,21776.48,1771371299999,1850326.350500,3112,7648.53,649862.065800,0
1771371300000,84.9200,85.0300,84.8700,84.9200,33736.09,1771371599999,2865992.130800,3513,15899.88,1351041.184600,0
1771371600000,84.9200,85.0700,84.9200,85.0600,36125.48,1771371899999,3071082.635600,3104,13551.61,1151960.625900,0
1771371900000,85.0600,85.0700,84.9100,84.9700,47871.89,1771372199999,4069178.480900,3930,12742.88,1083255.977400,0
1771372200000,84.9700,85.1900,84.9700,85.1600,76799.04,1771372499999,6536973.264500,5526,44915.31,3823164.572600,0
1771372500000,85.1700,85.2200,84.9800,85.0200,52967.68,1771372799999,4508423.661000,4305,18278.09,1556025.283000,0
1771372800000,85.0200,85.2000,84.9700,85.0600,36089.53,1771373099999,3070227.043800,3901,14083.82,1198391.796400,0
1771373100000,85.0700,85.3600,85.0700,85.3600,59087.07,1771373399999,5036159.810900,5564,34105.60,2906757.167200,0
1771373400000,85.3600,85.3700,85.1900,85.3200,66878.29,1771373699999,5704155.117500,5695,37222.72,3174769.652400,0
1771373700000,85.3300,85.3300,85.1500,85.1900,27810.86,1771373999999,2370016.482900,3476,9734.87,829610.349100,0
1771374000000,85.1900,85.2500,85.0900,85.1000,21599.82,1771374299999,1839993.257700,2901,8235.56,701624.346300,0
1771374300000,85.1000,85.1900,84.9600,85.1500,37181.95,1771374599999,3162298.790500,3520,20172.11,1715388.917800,0
1771374600000,85.1500,85.3500,85.1500,85.3300,19606.78,1771374899999,1671958.613800,2600,9854.30,840404.135900,0
1771374900000,85.3300,85.4300,85.2900,85.3900,30180.82,1771375199999,2576480.694200,3253,13056.13,1114594.514900,0
1771375200000,85.3800,85.4400,85.2600,85.2800,35132.65,1771375499999,2998378.942900,3234,11117.45,948834.793600,0
1771375500000,85.2900,85.2900,84.9500,84.9900,90291.93,1771375799999,7681308.959400,6353,22687.17,1929945.037900,0
1771375800000,85.0000,85.0300,84.7500,84.7700,56660.44,1771376099999,4809129.580500,5262,16342.32,1386959.424600,0
1771376100000,84.7700,84.8800,84.7700,84.8200,34446.45,1771376399999,2922108.405900,3508,17898.72,1518378.407100,0
1771376400000,84.8200,84.9400,84.4700,84.5300,82824.33,1771376699999,7015515.814400,7251,30750.87,2606523.921800,0
1771376700000,84.5300,84.6300,84.2800,84.3400,99229.00,1771376999999,8377491.738500,8201,35251.68,2976546.385700,0
1771377000000,84.3400,84.5000,84.2000,84.3700,53545.84,1771377299999,4516147.695700,6167,25168.74,2123002.422600,0
1771377300000,84.3800,84.5000,84.2800,84.3200,83724.38,1771377599999,7064812.895600,6207,30973.83,2614084.187600,0
1771377600000,84.3300,84.3900,84.2600,84.2700,42291.22,1771377899999,3566935.544600,4268,19126.84,1613301.822300,0
1771377900000,84.2600,84.2900,84.0800,84.1200,47289.83,1771378199999,3981553.069100,4782,15713.04,1322919.955900,0
1771378200000,84.1200,84.1700,83.9400,84.0000,70135.70,1771378499999,5893534.899100,6334,22641.02,1902926.855900,0
1771378500000,84.0100,84.1400,83.8900,83.9100,43929.25,1771378799999,3691226.532000,4796,17765.82,1492650.042500,0
1771378800000,83.9100,84.2400,83.8700,84.2100,54127.75,1771379099999,4549646.210200,5539,26324.25,2212863.090700,0
1771379100000,84.2100,84.2500,84.0500,84.0800,29976.67,1771379399999,2522611.823600,3921,15385.88,1294722.268400,0
1771379400000,84.0900,84.2400,84.0400,84.0600,21313.17,1771379699999,1793292.099300,3303,11359.04,955779.906400,0
1771379700000,84.0500,84.2200,84.0200,84.2100,17618.48,1771379999999,1482547.099400,2635,10544.52,887332.746100,0
1771380000000,84.2000,84.4700,84.1800,84.4400,51050.77,1771380299999,4306860.436600,5653,33831.93,2853910.051700,0
1771380300000,84.4400,84.9300,84.3900,84.8800,93438.14,1771380599999,7915557.628200,8576,58319.10,4940374.300900,0
1771380600000,84.8900,84.9500,84.7300,84.7800,42036.61,1771380899999,3566912.524500,5049,15169.72,1287187.011400,0
1771380900000,84.7700,84.8600,84.6000,84.6000,38472.73,1771381199999,3259996.164400,4486,12371.83,1048248.349600,0
1771381200000,84.5900,84.7500,84.5700,84.5900,25383.29,1771381499999,2149311.078100,3660,12188.33,1032028.692300,0
1771381500000,84.6000,84.6800,84.5800,84.5900,17023.30,1771381799999,1440710.895000,2603,10582.59,895647.585800,0
1771381800000,84.5900,84.8200,84.5200,84.8000,20330.95,1771382099999,1721240.137000,3680,9226.76,781380.028300,0
1771382100000,84.8000,84.9400,84.7900,84.7900,41014.81,1771382399999,3480151.933300,4950,22278.64,1890625.143000,0
1771382400000,84.7800,84.8200,84.7300,84.7900,13886.14,1771382699999,1177218.370500,2285,7265.39,615960.537800,0
1771382700000,84.7900,84.8100,84.6000,84.6400,16915.68,1771382999999,1432612.408600,2964,8219.09,696036.594500,0
1771383000000,84.6500,84.7600,84.6200,84.6200,23910.36,1771383299999,2024837.291900,2919,8438.28,714593.188100,0
1771383300000,84.6300,84.6600,84.6000,84.6100,13905.39,1771383599999,1176778.110800,1978,6585.48,557326.908500,0
1771383600000,84.6200,84.7500,84.5800,84.7300,40673.45,1771383899999,3444014.479700,4636,27883.93,2361380.310100,0
1771383900000,84.7200,84.7300,84.5500,84.6000,18689.42,1771384199999,1581761.144100,3184,9045.00,765451.403800,0
1771384200000,84.6000,84.6500,84.4900,84.6200,28661.59,1771384499999,2423232.105700,3640,8020.90,678233.528600,0
1771384500000,84.6100,84.7900,84.6000,84.6800,14138.77,1771384799999,1197512.144600,3101,8195.60,694140.553900,0
1771384800000,84.6800,84.8400,84.6700,84.8100,18351.94,1771385099999,1555582.285200,2509,11677.33,989839.460700,0
1771385100000,84.8100,84.9600,84.7700,84.9400,29688.18,1771385399999,2520142.014700,2936,22623.09,1920401.251200,0
1771385400000,84.9500,85.1100,84.8600,85.0000,53462.42,1771385699999,4545006.711000,5702,32014.75,2721810.330300,0
1771385700000,85.0100,85.1300,84.9700,85.1100,46758.67,1771385999999,3978134.066600,3922,25307.20,2152928.511400,0
1771386000000,85.1100,85.1700,85.0500,85.1400,22961.68,1771386299999,1954337.970000,2753,12494.94,1063583.202100,0
1771386300000,85.1400,85.2800,85.1100,85.2500,60594.90,1771386599999,5163199.943600,4887,33168.89,2826383.125100,0
1771386600000,85.2500,85.3900,85.2400,85.3300,49966.59,1771386899999,4263430.083200,3728,22346.21,1906510.799500,0
1771386900000,85.3200,85.4100,85.2500,85.2700,47030.81,1771387199999,4013794.584700,3792,14771.10,1260727.448000,0
1771387200000,85.2700,85.3400,85.1900,85.2000,47084.45,1771387499999,4015020.920600,14415,14548.30,1240715.088100,0
1771387500000,85.1900,85.3600,85.1900,85.3500,34602.20,1771387799999,2949937.409600,3580,19472.58,1660169.735600,0
1771387800000,85.3400,85.5000,85.1100,85.1700,42330.73,1771388099999,3612337.874700,5164,17883.63,1526440.262000,0
1771388100000,85.1800,85.2700,85.1600,85.2700,21860.44,1771388399999,1863074.807000,2573,11379.42,969852.047400,0
1771388400000,85.2700,85.3700,85.2000,85.2900,36218.05,1771388699999,3088830.471300,3636,12563.68,1071696.377100,0
1771388700000,85.2900,85.3000,85.2400,85.2800,15710.35,1771388999999,1339720.967500,1792,7450.93,635407.734100,0
1771389000000,85.2800,85.3500,85.1900,85.3100,30516.53,1771389299999,2602704.016300,3185,22232.14,1896157.272200,0
1771389300000,85.3100,85.3100,85.0400,85.1100,30956.32,1771389599999,2635768.583500,3262,9533.91,811735.497700,0
1771389600000,85.1000,85.1300,85.0000,85.0100,20800.02,1771389899999,1768995.423400,2263,8343.19,709585.866900,0
1771389900000,85.0100,85.0600,84.9200,85.0000,33169.79,1771390199999,2819319.686900,3437,18681.41,1587843.956700,0
1771390200000,85.0000,85.2000,84.9900,85.1400,28344.68,1771390499999,2411298.625600,3008,21567.64,1834820.342000,0
1771390500000,85.1400,85.1400,85.0100,85.1000,18094.03,1771390799999,1539519.852800,2189,11725.66,997696.248700,0
1771390800000,85.1000,85.1700,84.9800,85.0100,19304.46,1771391099999,1642554.507900,2930,11031.60,938768.308100,0
1771391100000,85.0100,85.0300,84.9300,84.9700,17714.53,1771391399999,1505469.389400,2450,6542.60,556028.169100,0
1771391400000,84.9800,85.1100,84.9500,85.0300,33888.49,1771391699999,2880024.643800,2137,21764.39,1849578.628700,0
1771391700000,85.0300,85.1700,85.0200,85.1400,14778.98,1771391999999,1257492.934800,2537,9845.83,837766.265800,0
1771392000000,85.1500,85.1700,85.0200,85.1500,16020.00,1771392299999,1363314.656700,2485,8816.78,750349.674100,0
1771392300000,85.1400,85.2100,84.9100,84.9300,27989.20,1771392599999,2380846.569600,3469,9857.15,838917.508300,0
1771392600000,84.9400,84.9600,84.7000,84.7800,41433.98,1771392899999,3514410.850300,4632,14761.98,1252365.510800,0
1771392900000,84.7800,84.8800,84.7400,84.8200,18976.17,1771393199999,1609135.467700,2467,9181.24,778643.171700,0
1771393200000,84.8200,84.8700,84.7400,84.8200,15787.35,1771393499999,1338707.852000,2379,5143.35,436126.184500,0
1771393500000,84.8100,84.9700,84.7600,84.9300,18819.74,1771393799999,1596593.899600,2897,10869.76,922214.173600,0
1771393800000,84.9300,84.9400,84.8300,84.8900,19506.28,1771394099999,1655711.867900,2230,8574.94,727934.026500,0
1771394100000,84.8900,84.9100,84.7800,84.8500,23521.00,1771394399999,1995729.966600,2332,10053.29,853013.775300,0
1771394400000,84.8400,84.9300,84.8200,84.8300,20826.63,1771394699999,1767967.927300,2808,10935.33,928353.689600,0
1771394700000,84.8200,85.0300,84.7500,84.9500,30503.75,1771394999999,2590371.032800,3684,14767.39,1253974.035800,0
1771395000000,84.9500,85.1200,84.9200,85.0600,27428.94,1771395299999,2332051.396900,2888,18423.50,1566400.059400,0
1771395300000,85.0600,85.1100,84.9700,84.9900,13039.11,1771395599999,1108893.103300,2347,8376.35,712395.266800,0
1771395600000,84.9900,85.1400,84.9200,85.1000,36410.28,1771395899999,3095123.946100,2882,19540.48,1661292.727200,0
1771395900000,85.1100,85.1600,85.0500,85.1200,23561.40,1771396199999,2005116.896400,3114,14434.57,1228500.571800,0
1771396200000,85.1100,85.1300,85.0000,85.0200,19077.38,1771396499999,1622796.517300,2293,8948.71,761309.283800,0
1771396500000,85.0200,85.1800,84.9600,85.0900,27283.31,1771396799999,2321024.229000,3312,13626.83,1159298.784300,0
1771396800000,85.0900,85.1400,85.0700,85.0900,22883.29,1771397099999,1947534.551300,2206,9897.19,842260.416700,0
1771397100000,85.0900,85.2600,85.0500,85.1000,31035.97,1771397399999,2643132.996100,3490,15777.71,1343829.905500,0
1771397400000,85.1100,85.1100,84.9300,84.9300,17732.42,1771397699999,1507559.687100,2458,5482.89,466214.116300,0
1771397700000,84.9400,84.9600,84.8300,84.8700,22859.97,1771397999999,1940504.635600,2802,7534.19,639539.311900,0
1771398000000,84.8700,84.9200,84.8200,84.8700,15023.73,1771398299999,1275015.937300,2693,9282.78,787840.760700,0
1771398300000,84.8700,84.9300,84.7600,84.8400,18751.59,1771398599999,1590837.070500,3041,9854.08,836036.341000,0
1771398600000,84.8400,84.8800,84.7200,84.7600,18764.23,1771398899999,1590726.063600,2785,8955.63,759236.268800,0
1771398900000,84.7600,84.8000,84.6900,84.7300,13559.36,1771399199999,1148937.383200,2080,6058.68,513457.604500,0
1771399200000,84.7300,84.7800,84.6300,84.6500,17702.69,1771399499999,1499568.657300,2364,10602.31,898310.111800,0
1771399500000,84.6500,84.8000,84.6300,84.7800,60014.22,1771399799999,5084239.532200,4335,36349.26,3079337.883800,0
1771399800000,84.7800,84.8200,84.7300,84.7400,16514.04,1771400099999,1399965.913600,2515,8845.29,749857.721600,0
1771400100000,84.7400,85.0800,84.7100,85.0800,48981.97,1771400399999,4162345.617100,5259,32299.82,2744685.860300,0
1771400400000,85.0800,85.2100,84.9700,85.1500,70252.92,1771400699999,5980271.679400,5720,37489.38,3191354.826600,0
1771400700000,85.1500,85.3800,85.1000,85.3300,75644.95,1771400999999,6448959.738500,6660,45529.72,3881711.039500,0
1771401000000,85.3200,85.3800,85.2700,85.3200,55495.84,1771401299999,4734542.493800,4885,18646.06,1590937.007800,0
1771401300000,85.3200,85.3300,85.2100,85.2200,32192.35,1771401599999,2744738.749200,2952,7196.36,613681.971500,0
1771401600000,85.2200,85.4500,85.1700,85.3300,165733.28,1771401899999,14141089.812700,6395,132924.50,11342890.138500,0
1771401900000,85.3300,85.4300,85.3200,85.3700,46664.57,1771402199999,3984352.414100,4145,23736.25,2026656.110800,0
1771402200000,85.3600,85.5000,85.3000,85.3500,50586.52,1771402499999,4320894.706900,4863,27945.89,2387480.962800,0
1771402500000,85.3400,85.8000,85.2800,85.6200,212543.24,1771402799999,18198219.216000,12372,135669.02,11614533.496200,0
1771402800000,85.6100,85.8000,85.5700,85.8000,53495.10,1771403099999,4581963.103000,5372,23292.28,1995297.808300,0
1771403100000,85.7900,86.0400,85.6100,85.6400,151886.61,1771403399999,13036139.517500,10482,88596.49,7605668.993300,0
1771403400000,85.6500,85.7000,85.5200,85.6600,80629.74,1771403699999,6902669.819100,6065,44442.90,3804668.022500,0
1771403700000,85.6700,85.6700,85.3400,85.4000,58575.84,1771403999999,5007695.962300,6026,18628.50,1592383.982800,0
1771404000000,85.4000,85.5300,85.4000,85.4800,29905.04,1771404299999,2556136.591400,3700,12574.04,1074757.819800,0
1771404300000,85.4900,85.5600,85.4500,85.4600,27521.62,1771404599999,2353122.086000,3523,13364.43,1142769.770000,0
1771404600000,85.4600,85.5400,85.3400,85.3900,44507.30,1771404899999,3801243.261300,4191,15198.88,1298248.697200,0
1771404900000,85.3800,85.4400,85.3100,85.4200,41502.34,1771405199999,3543056.503500,3697,22079.07,1885014.387000,0
1771405200000,85.4200,85.4800,85.2700,85.4000,59607.86,1771405499999,5088740.462500,5460,28498.03,2433021.289700,0
1771405500000,85.4000,85.5600,85.3600,85.4300,53853.65,1771405799999,4603204.399300,4715,29238.38,2499476.185700,0
1771405800000,85.4200,85.6600,85.3700,85.6400,43787.09,1771406099999,3746156.044900,4541,25494.57,2181297.471100,0
1771406100000,85.6400,85.7000,85.4700,85.5600,30718.88,1771406399999,2629194.904600,4006,14559.32,1246076.730000,0
1771406400000,85.5600,85.6400,85.5100,85.6000,18970.66,1771406699999,1623374.896600,2617,8221.63,703592.601600,0
1771406700000,85.6000,85.6400,85.5200,85.5300,11917.50,1771406999999,1019839.964600,1828,3389.73,290103.502900,0
1771407000000,85.5200,85.6000,85.4500,85.5900,44376.75,1771407299999,3796022.165700,3944,19587.85,1675476.195800,0
1771407300000,85.5900,85.6300,85.5200,85.5500,20296.96,1771407599999,1737125.703000,2491,8460.38,724010.672900,0
1771407600000,85.5500,85.5900,85.5100,85.5100,13563.66,1771407899999,1160044.115500,1819,6478.38,554068.325800,0
1771407900000,85.5100,85.5100,85.3500,85.3600,20710.68,1771408199999,1769493.868600,2562,7062.04,603467.773400,0
1771408200000,85.3700,85.4300,85.2500,85.3600,38780.89,1771408499999,3309553.708800,4011,22774.90,1943549.598300,0
1771408500000,85.3600,85.3700,85.2600,85.2600,16902.51,1771408799999,1441795.933400,1822,6113.29,521464.710400,0
1771408800000,85.2700,85.3400,85.0300,85.0400,114549.26,1771409099999,9755875.665400,7399,37450.07,3189782.767500,0
1771409100000,85.0500,85.0600,84.8800,85.0300,130818.71,1771409399999,11114397.770700,8420,58944.47,5007952.669000,0
1771409400000,85.0200,85.1400,85.0200,85.0700,28552.33,1771409699999,2429379.938400,3173,13651.64,1161597.530600,0
1771409700000,85.0800,85.0900,84.9700,84.9900,25024.37,1771409999999,2127936.601700,2936,9567.65,813610.014200,0
1771410000000,84.9800,85.0500,84.9300,84.9900,34369.06,1771410299999,2920810.070500,3930,18529.56,1574756.975700,0
1771410300000,84.9900,85.0300,84.9100,85.0200,38627.13,1771410599999,3282450.811500,3107,17995.18,1529355.557500,0
1771410600000,85.0200,85.0200,84.8100,84.8500,45721.06,1771410899999,3882407.219900,4486,20400.18,1732473.989800,0
1771410900000,84.8600,84.9000,84.7600,84.8100,74867.05,1771411199999,6350947.002000,5046,41756.65,3542202.015200,0
1771411200000,84.8100,84.9000,84.5300,84.6100,111136.51,1771411499999,9410758.478100,7666,37982.86,3217370.992800,0
1771411500000,84.6100,84.6100,84.3600,84.4100,131088.22,1771411799999,11077482.630900,9058,55726.54,4710206.645100,0
1771411800000,84.4100,84.4600,84.1300,84.2600,108097.97,1771412099999,9109681.530900,8653,46290.25,3901344.507500,0
1771412100000,84.2500,84.2600,84.1200,84.2200,72785.37,1771412399999,6127151.388200,6109,39497.58,3324855.013700,0
1771412400000,84.2100,84.2200,84.0800,84.1800,91090.53,1771412699999,7664806.375500,6528,45585.76,3836037.852800,0
1771412700000,84.1800,84.2100,83.3500,83.4100,361471.71,1771412999999,30277185.690100,21150,139850.68,11715281.702300,0
1771413000000,83.4100,83.4900,83.1600,83.4300,309341.73,1771413299999,25768684.259700,18319,159753.93,13308274.660200,0
1771413300000,83.4200,83.6700,83.3700,83.4600,258941.92,1771413599999,21635088.559400,12051,105020.02,8770629.454300,0
1771413600000,83.4600,83.5600,83.3300,83.5000,87443.82,1771413899999,7299146.624400,7459,53020.13,4426057.624200,0
1771413900000,83.5000,83.6700,83.4700,83.5200,66200.88,1771414199999,5532407.814200,6060,43123.44,3603516.325100,0
1771414200000,83.5300,83.6600,83.4000,83.5500,86852.91,1771414499999,7255956.782600,7952,39655.23,3312555.838700,0
1771414500000,83.5500,83.6700,83.4500,83.4900,57116.97,1771414799999,4772133.795000,6034,36739.43,3069722.257600,0
1771414800000,83.5000,83.5300,83.1700,83.2800,178869.56,1771415099999,14898526.999600,10231,79074.59,6585713.016200,0
1771415100000,83.2800,83.4400,83.0500,83.1400,264234.14,1771415399999,21981875.330300,14078,127627.33,10619496.006900,0
1771415400000,83.1300,83.3200,83.0000,83.3000,141285.89,1771415699999,11743430.849700,9485,78001.74,6484796.121900,0
1771415700000,83.3100,83.3200,82.7400,82.8000,293609.56,1771415999999,24355194.732300,15796,106424.05,8828586.670200,0
1771416000000,82.7900,83.0200,82.7200,83.0000,268748.72,1771416299999,22267009.165600,16510,143490.69,11891131.469200,0
1771416300000,83.0000,83.2400,82.9600,83.1000,128080.70,1771416599999,10645324.424500,10792,80104.75,6658062.635900,0
1771416600000,83.1000,83.2800,83.0600,83.1900,69153.64,1771416899999,5749883.614100,6908,37318.22,3103236.773600,0
1771416900000,83.2000,83.2400,83.0700,83.1800,50227.71,1771417199999,4177536.889300,5613,24376.35,2027707.722200,0
1771417200000,83.1800,83.2000,82.8500,83.0400,125299.83,1771417499999,10403048.875400,7821,41311.19,3430881.920700,0
1771417500000,83.0400,83.1400,83.0200,83.1200,88205.14,1771417799999,7327213.248000,6556,41888.47,3479935.800600,0
1771417800000,83.1200,83.1500,82.3600,82.4700,381410.17,1771418099999,31519560.813000,23811,138428.32,11438787.291800,0
1771418100000,82.4600,82.7600,82.2400,82.6900,262840.02,1771418399999,21669857.610700,17620,137056.85,11303449.407800,0
1771418400000,82.6800,83.0200,82.6800,82.9200,131094.76,1771418699999,10867454.513400,10820,73714.29,6111266.938300,0
1771418700000,82.9300,83.0700,82.8800,83.0300,49959.72,1771418999999,4143997.709600,5570,29527.07,2449388.890300,0
1771419000000,83.0400,83.1000,82.9600,82.9800,52782.27,1771419299999,4383301.105200,6071,30037.91,2494423.567700,0
1771419300000,82.9800,83.0000,82.8200,82.9400,63819.74,1771419599999,5291704.957100,5642,33688.01,2793348.192700,0
1771419600000,82.9400,83.0900,82.8700,82.8700,68614.94,1771419899999,5694742.314200,6636,31912.74,2648933.546300,0
1771419900000,82.8700,83.1800,82.8400,83.1400,133126.04,1771420199999,11053605.821200,9632,76262.17,6331758.559000,0
1771420200000,83.1400,83.2000,83.0100,83.1200,54890.66,1771420499999,4561741.391500,5658,33870.47,2814868.992100,0
1771420500000,83.1100,83.2100,83.0200,83.0300,64634.03,1771420799999,5373863.088300,7127,39208.41,3260296.301500,0
1771420800000,83.0300,83.0700,82.9300,83.0300,47728.18,1771421099999,3961407.763500,5247,20241.53,1679975.199400,0
1771421100000,83.0300,83.1700,83.0300,83.0500,44574.11,1771421399999,3705278.917100,4255,23068.67,1917708.941300,0
1771421400000,83.0500,83.0700,82.9500,83.0600,52909.57,1771421699999,4392014.185700,5833,19061.88,1582466.571400,0
1771421700000,83.0600,83.1100,82.9500,82.9700,43859.31,1771421999999,3641133.600700,5124,15791.53,1311381.640600,0
1771422000000,82.9600,82.9700,82.6000,82.7800,143996.85,1771422299999,11916547.368300,11688,50908.04,4212852.657500,0
1771422300000,82.7800,82.8700,82.3100,82.3900,242853.67,1771422599999,20033159.467700,16650,92941.31,7667984.251700,0
1771422600000,82.3900,82.5500,82.2300,82.3800,111890.38,1771422899999,9220288.064000,10708,56906.92,4690172.115100,0
1771422900000,82.3800,82.6200,82.2700,82.5400,102116.29,1771423199999,8420367.031500,9491,53313.54,4397037.983900,0
1771423200000,82.5400,82.7500,82.5200,82.7400,119385.47,1771423499999,9869681.130500,10778,68817.93,5688939.525600,0
1771423500000,82.7300,82.8200,82.5700,82.7600,61176.71,1771423799999,5060126.979600,7555,24966.76,2065391.294400,0
1771423800000,82.7600,82.7700,82.5800,82.7200,46482.10,1771424099999,3843355.465100,5761,24168.09,1998346.656000,0
1771424100000,82.7300,82.7700,82.3800,82.5000,80671.94,1771424399999,6658261.893600,9437,27290.47,2252802.471800,0
1771424400000,82.4900,82.5500,82.3400,82.4300,107319.21,1771424699999,8847131.214000,7870,52822.59,4354473.542100,0
1771424700000,82.4300,82.5300,82.1500,82.1700,116917.26,1771424999999,9626910.532000,9144,48905.21,4027828.206500,0
1771425000000,82.1700,82.6800,82.0800,82.3100,243749.12,1771425299999,20080805.227800,28331,151931.84,12515833.728600,0
1771425300000,82.3200,82.6700,82.2200,82.4400,121830.52,1771425599999,10039941.078700,18902,62581.35,5158163.634400,0
1771425600000,82.4400,82.6600,82.2200,82.3300,169910.17,1771425899999,14001235.200300,15493,92004.00,7582057.078900,0
1771425900000,82.3300,82.6400,81.6200,81.9000,530831.66,1771426199999,43506622.439900,31575,227937.27,18697067.390300,0
1771426200000,81.8900,82.6600,81.8900,82.5800,193440.70,1771426499999,15905484.392300,17974,119282.56,9808398.643600,0
1771426500000,82.5900,82.6800,82.3600,82.4900,125632.30,1771426799999,10368787.163300,12078,71332.43,5888080.924100,0
1771426800000,82.4900,82.9500,82.4500,82.9100,215162.94,1771427099999,17809144.080500,19737,138863.97,11492246.473100,0
1771427100000,82.9200,83.0400,82.5100,82.6600,204773.37,1771427399999,16956609.183400,15686,111243.63,9214950.191900,0
1771427400000,82.6600,82.7700,82.5200,82.7200,112785.85,1771427699999,9318960.938800,10516,62038.29,5126364.149800,0
1771427700000,82.7300,83.0000,82.6800,82.7800,132607.59,1771427999999,10985532.932000,13837,62740.21,5198140.895600,0
1771428000000,82.7700,83.0200,82.7300,82.7700,85768.22,1771428299999,7107952.001200,8867,40089.71,3323383.184700,0
1771428300000,82.7700,82.8100,82.5300,82.7600,89197.98,1771428599999,7376436.904700,15606,42182.17,3488532.096600,0
1771428600000,82.7600,82.9100,82.7000,82.7900,110793.66,1771428899999,9173618.840300,9877,43403.29,3593483.310000,0
1771428900000,82.7900,83.7100,82.7900,83.6800,324577.25,1771429199999,27057865.847800,23075,205713.50,17143402.397400,0
1771429200000,83.6900,83.9700,83.5200,83.6500,292567.93,1771429499999,24516412.422800,20810,130753.78,10958482.552100,0
1771429500000,83.6600,83.6800,83.3300,83.3500,111022.51,1771429799999,9274634.897800,11833,48666.17,4065881.251400,0
1771429800000,83.3400,83.4000,82.9400,83.1500,235285.92,1771430099999,19561424.353300,15590,133883.22,11130837.482700,0
1771430100000,83.1500,83.2000,82.7400,82.9500,126851.20,1771430399999,10525872.370300,10594,56004.80,4647804.008100,0
1771430400000,82.9600,83.0400,82.2900,82.6000,217141.97,1771430699999,17946238.950100,16461,89781.36,7423448.017800,0
1771430700000,82.6100,82.6100,82.1100,82.1700,233330.15,1771430999999,19199598.454200,17262,91277.67,7511275.484200,0
1771431000000,82.1800,82.2900,82.0000,82.1800,233702.31,1771431299999,19192477.917000,15524,100400.34,8246717.972500,0
1771431300000,82.1900,82.2700,82.0500,82.1500,141666.32,1771431599999,11640294.182700,11970,71696.14,5891382.015200,0
1771431600000,82.1500,82.4900,82.1200,82.3000,169790.19,1771431899999,13982701.981100,11898,111830.50,9211011.457900,0
1771431900000,82.3100,82.5200,82.2100,82.4300,74061.55,1771432199999,6101378.275700,8047,41487.46,3418250.266800,0
1771432200000,82.4300,82.4700,82.0600,82.0700,53291.11,1771432499999,4386304.608800,7815,22215.58,1829354.541500,0
1771432500000,82.0700,82.2400,82.0000,82.2200,79139.29,1771432799999,6498561.193500,8558,35233.46,2893582.040200,0
1771432800000,82.2200,82.3000,82.1800,82.2300,33222.38,1771433099999,2732316.768500,5127,21238.77,1746786.200100,0
1771433100000,82.2300,82.3300,82.0900,82.1400,69552.45,1771433399999,5717529.398500,6952,32207.66,2648372.265300,0
1771433400000,82.1400,82.2300,82.0100,82.1500,41517.12,1771433699999,3409411.246000,5506,21716.35,1783434.927700,0
1771433700000,82.1500,82.2700,82.1000,82.2300,40779.24,1771433999999,3351263.939000,4682,19249.15,1582059.903000,0
1771434000000,82.2300,82.4900,82.2300,82.4300,85426.03,1771434299999,7036246.057900,8320,50577.91,4165503.539400,0
1771434300000,82.4400,82.9500,82.4400,82.6800,194424.65,1771434599999,16088184.374400,13618,120755.42,9992056.569200,0
1771434600000,82.6700,82.7000,82.2500,82.3700,93115.02,1771434899999,7680136.967700,9202,30858.35,2544427.651200,0
1771434900000,82.3600,82.5500,82.3500,82.5100,61836.11,1771435199999,5097717.169400,6010,32000.06,2638202.997100,0
1771435200000,82.5100,82.5300,82.3500,82.4000,36430.28,1771435499999,3003250.974400,4459,23264.29,1917854.773200,0
1771435500000,82.4000,82.4200,82.2100,82.2900,40965.87,1771435799999,3370816.132400,4884,16669.35,1371542.113900,0
1771435800000,82.2900,82.4800,82.2300,82.3900,33276.68,1771436099999,2740161.019400,4803,16924.43,1393685.512900,0
1771436100000,82.3900,82.4800,82.3500,82.4500,23987.45,1771436399999,1976752.467900,3863,10407.42,857779.324900,0
1771436400000,82.4500,82.4500,82.2300,82.2500,24765.18,1771436699999,2038452.829100,3787,9891.45,814114.050400,0
1771436700000,82.2600,82.3300,82.2300,82.2600,53979.66,1771436999999,4441192.852900,3993,35506.91,2921440.324600,0
1771437000000,82.2600,82.2600,82.0500,82.0500,70032.21,1771437299999,5751210.770200,6085,32075.24,2634220.662800,0
1771437300000,82.0500,82.2200,82.0300,82.1200,58529.35,1771437599999,4805182.835700,4984,40153.58,3296591.710300,0
1771437600000,82.1300,82.3100,82.0600,82.1300,60700.70,1771437899999,4989665.689800,6173,32564.43,2677605.325400,0
1771437900000,82.1400,82.2100,82.0400,82.0800,48199.89,1771438199999,3958036.264700,4838,31515.60,2587943.712100,0
1771438200000,82.0700,82.2300,82.0700,82.2100,26991.98,1771438499999,2217931.525400,4213,18682.16,1535172.110700,0
1771438500000,82.2100,82.2400,81.6500,81.7200,176066.47,1771438799999,14418163.342000,11481,46477.30,3805941.765700,0
1771438800000,81.7200,81.8000,81.2000,81.6000,415729.41,1771439099999,33872289.548300,23619,159593.71,13008057.087200,0
1771439100000,81.6000,81.8600,81.5500,81.6800,103341.43,1771439399999,8447513.724600,9337,54409.64,4447299.507900,0
1771439400000,81.6900,81.7200,81.4400,81.7200,100415.48,1771439699999,8187594.084900,8903,55329.23,4511306.046200,0
1771439700000,81.7200,81.8800,81.6500,81.7400,65347.35,1771439999999,5342872.875200,7230,32898.62,2690112.490200,0
1771440000000,81.7300,81.7300,80.7400,81.1100,459665.53,1771440299999,37300339.019500,23692,164672.40,13363335.150200,0
1771440300000,81.1100,81.4800,81.0200,81.4100,195240.90,1771440599999,15861854.908600,13994,101872.45,8279325.882500,0
1771440600000,81.4000,81.4800,81.1500,81.4000,114445.49,1771440899999,9304051.684700,10189,57067.08,4639614.665600,0
1771440900000,81.4100,81.5300,81.1900,81.2300,74877.37,1771441199999,6091613.200500,6633,36336.61,2956321.499100,0
1771441200000,81.2200,81.5500,81.1000,81.4000,167430.45,1771441499999,13625742.251600,13649,75305.33,6129849.004200,0
1771441500000,81.4000,81.4200,81.2900,81.3600,50300.85,1771441799999,4092372.311100,5912,21041.25,1711843.487700,0
1771441800000,81.3600,81.5300,81.1100,81.1700,69917.86,1771442099999,5685574.113700,7267,38555.89,3135675.087200,0
1771442100000,81.1700,81.2600,80.9900,81.0600,111493.84,1771442399999,9044127.063000,9609,40762.71,3306630.537500,0
1771442400000,81.0700,81.1500,80.9000,80.9500,146916.01,1771442699999,11902278.075800,11700,70602.63,5719290.867500,0
1771442700000,80.9400,81.0700,80.7200,81.0500,153757.55,1771442999999,12434552.263000,12061,66224.69,5357364.791300,0
1771443000000,81.0500,81.0800,80.5500,80.7000,202311.75,1771443299999,16339389.928000,14416,79347.67,6409490.967500,0
1771443300000,80.6900,80.7700,80.3700,80.6400,248251.02,1771443599999,20002333.306600,18094,99425.32,8012881.631600,0
1771443600000,80.6400,80.9500,80.5900,80.9300,123129.46,1771443899999,9950488.207500,11657,66413.08,5367057.239400,0
1771443900000,80.9300,81.1600,80.8700,80.9300,161781.64,1771444199999,13103851.946200,11732,77247.99,6258389.055000,0
1771444200000,80.9200,81.0000,80.7600,80.7600,58916.41,1771444499999,4765377.497700,5640,30974.73,2505282.401900,0
1771444500000,80.7500,80.9700,80.6200,80.8700,71708.58,1771444799999,5792588.311200,7981,43839.85,3541416.717800,0
1771444800000,80.8700,81.0900,80.7900,80.9900,70972.89,1771445099999,5745331.156300,9242,37169.87,3009080.789600,0
1771445100000,80.9800,81.0500,80.8700,80.9500,54820.30,1771445399999,4438321.039500,7555,27305.16,2210626.996000,0
1771445400000,80.9500,81.1500,80.8900,81.0100,68098.55,1771445699999,5519848.657500,7446,40363.39,3272110.098100,0
1771445700000,81.0000,81.1500,80.9000,81.0600,54483.48,1771445999999,4413645.107800,10181,22111.39,1791240.995700,0
1771446000000,81.0700,81.1300,80.9200,81.0700,39787.35,1771446299999,3224013.579800,5514,23439.75,1899290.248900,0
1771446300000,81.0700,81.1800,81.0000,81.0300,34183.19,1771446599999,2771388.462800,4795,19098.40,1548296.444300,0
1771446600000,81.0200,81.4000,81.0000,81.3400,98092.29,1771446899999,7969341.346800,7977,61113.21,4964795.845100,0
1771446900000,81.3500,81.5400,81.2900,81.4700,122897.18,1771447199999,10008695.945700,8288,76697.39,6247250.110100,0
1771447200000,81.4700,81.4900,81.2800,81.4400,39565.70,1771447499999,3220645.279000,4520,15342.86,1248987.559600,0
1771447500000,81.4500,81.5500,81.3800,81.4500,57704.83,1771447799999,4700996.987800,5017,36342.89,2960738.012000,0
1771447800000,81.4600,81.5000,81.1300,81.3300,101729.30,1771448099999,8271247.463900,8563,35261.32,2866932.612900,0
1771448100000,81.3200,81.3700,81.2000,81.2700,132112.54,1771448399999,10737851.885000,8417,60930.66,4952397.226900,0
1771448400000,81.2700,81.3900,80.9200,81.0400,157140.56,1771448699999,12756343.688800,9210,101084.94,8207886.295600,0
1771448700000,81.0400,81.1300,80.9700,81.0300,47991.65,1771448999999,3889184.580900,4816,25972.99,2104851.122400,0
1771449000000,81.0300,81.2700,81.0200,81.1500,29271.37,1771449299999,2375844.887000,4184,20849.23,1692138.098300,0
1771449300000,81.1500,81.3400,81.1200,81.3100,40850.70,1771449599999,3319945.912300,4507,31164.54,2532817.028300,0
1771449600000,81.3100,81.4100,81.2400,81.3500,41158.83,1771449899999,3347490.255600,4333,21313.78,1733427.948600,0
1771449900000,81.3400,81.4800,81.3000,81.4300,34456.75,1771450199999,2803813.437600,3594,26240.41,2135347.223200,0
1771450200000,81.4300,81.5300,81.3700,81.5100,40543.68,1771450499999,3302484.324700,4337,28486.38,2320592.028900,0
1771450500000,81.5200,81.5900,81.3700,81.5200,36498.12,1771450799999,2974261.289600,4408,24250.39,1976348.009400,0
1771450800000,81.5200,81.5400,81.4200,81.4400,23900.09,1771451099999,1947296.934700,2879,8403.04,684656.452600,0
1771451100000,81.4400,81.4900,81.3600,81.4000,18536.92,1771451399999,1509158.634200,2682,10763.59,876276.055100,0
1771451400000,81.3900,81.4000,81.0000,81.1500,114262.52,1771451699999,9274715.445400,6636,26142.43,2122728.796700,0
1771451700000,81.1500,81.3100,81.1100,81.2100,50372.62,1771451999999,4091455.788800,4229,27940.06,2269474.502600,0
1771452000000,81.2200,81.2600,81.1500,81.2400,24476.66,1771452299999,1987654.314200,3505,9192.77,746541.496200,0
1771452300000,81.2400,81.3500,81.2100,81.2300,18564.53,1771452599999,1508885.096400,2615,8056.50,654858.840500,0
1771452600000,81.2400,81.2800,80.9900,81.1200,44699.26,1771452899999,3624864.500900,4214,21486.21,1742427.599000,0
1771452900000,81.1300,81.2200,81.0800,81.2200,19980.81,1771453199999,1621110.617600,2544,10850.23,880359.851500,0
1771453200000,81.2200,81.2600,81.0100,81.0400,32752.21,1771453499999,2657242.014800,4095,12960.08,1051382.352800,0
1771453500000,81.0500,81.2000,81.0200,81.1300,18886.76,1771453799999,1532139.095000,2470,8876.65,720117.831300,0
1771453800000,81.1300,81.3900,81.1300,81.3000,48091.29,1771454099999,3908253.466100,4295,28042.28,2279114.855500,0
1771454100000,81.3000,81.4000,81.2600,81.3900,16274.27,1771454399999,1323631.647000,2465,8840.41,719060.814600,0
1771454400000,81.4000,81.4900,81.2700,81.2800,47954.59,1771454699999,3904018.870900,4478,30700.15,2499594.271900,0
1771454700000,81.2800,81.4600,81.2700,81.4600,14128.74,1771454999999,1149186.713500,2442,10227.33,831816.741600,0
1771455000000,81.4600,81.5000,81.4100,81.4200,12713.45,1771455299999,1035563.868700,2513,5472.71,445804.694300,0
1771455300000,81.4200,81.4400,81.3100,81.4100,14688.94,1771455599999,1195285.453700,2913,5122.39,416815.433300,0
1771455600000,81.4200,81.4700,81.2200,81.2600,52863.44,1771455899999,4300538.663200,5367,22567.29,1835773.829000,0
1771455900000,81.2600,81.3000,81.2100,81.2400,23093.87,1771456199999,1876415.395100,3212,11118.37,903447.138500,0
1771456200000,81.2300,81.4200,81.1800,81.3900,26676.72,1771456499999,2168423.722100,3468,18068.85,1469070.172300,0
1771456500000,81.3900,81.4400,81.2700,81.3300,16526.26,1771456799999,1344495.528800,2507,7786.93,633542.587400,0
1771456800000,81.3300,81.4000,81.2300,81.2800,17366.63,1771457099999,1412234.766000,2376,11286.78,917916.902500,0
1771457100000,81.2900,81.3900,81.2100,81.2500,17601.97,1771457399999,1430525.907400,2258,9624.56,782253.883500,0
1771457400000,81.2500,81.4700,81.2400,81.4000,22763.16,1771457699999,1852315.536300,3383,15460.02,1257866.440000,0
1771457700000,81.4000,81.4600,81.3400,81.4000,26151.98,1771457999999,2128788.493800,2656,13403.14,1091111.785500,0
1771458000000,81.4100,81.4900,81.4000,81.4500,20441.82,1771458299999,1664881.689800,2193,9897.16,806056.325500,0
1771458300000,81.4500,81.5600,81.4300,81.5000,45848.00,1771458599999,3735986.514700,3979,24662.96,2009943.974700,0
1771458600000,81.4900,81.5700,81.4400,81.5400,16393.20,1771458899999,1336090.726000,2483,9919.12,808541.984200,0
1771458900000,81.5400,81.5900,81.5000,81.5500,19477.45,1771459199999,1588477.992600,2682,11257.71,918128.358700,0
1771459200000,81.5400,81.5700,81.4300,81.5100,29510.26,1771459499999,2405043.870200,4678,12641.80,1030373.449400,0
1771459500000,81.5000,81.6800,81.4700,81.5300,42882.94,1771459799999,3497476.570700,4930,23852.46,1945796.250800,0
1771459800000,81.5300,81.5300,81.2800,81.3300,36409.43,1771460099999,2963030.995900,3790,16457.65,1339180.603300,0
1771460100000,81.3300,81.5400,81.3300,81.4800,41840.79,1771460399999,3407571.744800,4047,27181.87,2213713.572000,0
1771460400000,81.4800,81.5000,81.3400,81.3700,19859.63,1771460699999,1616735.250600,2985,7661.89,623801.932600,0
1771460700000,81.3700,81.3700,81.1800,81.3500,29500.06,1771460999999,2397390.713700,3737,16422.90,1334844.067800,0
1771461000000,81.3400,81.4200,81.2800,81.4100,22739.76,1771461299999,1849879.860300,3508,12927.78,1051683.239000,0
1771461300000,81.4000,81.5200,81.3700,81.4600,15153.93,1771461599999,1234366.344200,2740,9013.10,734156.956400,0
1771461600000,81.4600,81.6300,81.4500,81.5700,19572.63,1771461899999,1596307.561100,3132,13165.68,1073810.628200,0
1771461900000,81.5800,81.6400,81.4200,81.4500,23246.77,1771462199999,1895327.193100,3867,9840.07,802302.633700,0
1771462200000,81.4600,81.5200,81.3900,81.4500,18397.88,1771462499999,1498482.489100,2652,9210.30,750160.454900,0
1771462500000,81.4500,81.5000,81.4000,81.4400,17356.01,1771462799999,1413601.006400,2280,7113.15,579345.432500,0
1771462800000,81.4400,81.7200,81.4400,81.6100,57085.81,1771463099999,4658425.993100,5925,26330.52,2148794.695200,0
1771463100000,81.6000,81.6700,81.5400,81.6200,24783.65,1771463399999,2022508.429700,3503,8674.65,707921.785900,0
1771463400000,81.6200,81.9900,81.5900,81.8000,106691.93,1771463699999,8732655.326300,7862,69005.16,5647659.178000,0
1771463700000,81.8000,81.8200,81.5900,81.6100,32974.24,1771463999999,2693764.389100,4380,13816.77,1128713.930800,0
1771464000000,81.6100,81.6600,81.4600,81.6000,34356.54,1771464299999,2802224.971000,4606,13289.31,1084102.457100,0
1771464300000,81.6100,81.7100,81.5700,81.6200,17661.92,1771464599999,1441811.406900,2967,9478.24,773686.738600,0
1771464600000,81.6200,81.7600,81.6200,81.7400,18399.30,1771464899999,1503301.327500,3530,10733.59,876974.503300,0
1771464900000,81.7400,81.8000,81.4700,81.5300,31505.74,1771465199999,2570776.689300,4439,11828.71,965260.305400,0
1771465200000,81.5300,81.7600,81.5200,81.7000,35651.11,1771465499999,2912137.086200,4137,20377.09,1664336.827200,0
1771465500000,81.7000,81.7800,81.6700,81.7800,19865.61,1771465799999,1623413.132100,3394,10501.83,858220.549500,0
1771465800000,81.7700,81.8000,81.6800,81.7800,17050.37,1771466099999,1393689.914900,3181,7866.62,643015.500100,0
1771466100000,81.7800,81.8500,81.7500,81.8200,25281.44,1771466399999,2068334.454300,3063,13776.64,1127115.014600,0
1771466400000,81.8300,81.8700,81.7200,81.8700,50748.96,1771466699999,4151397.259000,4542,27220.27,2226715.197100,0
1771466700000,81.8600,82.0200,81.7800,81.9600,67491.04,1771466999999,5525645.927700,5465,44980.43,3682902.140700,0
1771467000000,81.9600,82.0000,81.7800,81.8200,36636.66,1771467299999,2999202.353000,3723,17840.56,1460370.742200,0
1771467300000,81.8200,81.8700,81.7000,81.7500,89799.86,1771467599999,7343475.920700,4052,16723.56,1367848.933200,0
1771467600000,81.7500,81.8300,81.6500,81.7100,27228.54,1771467899999,2225534.067200,3147,11561.92,945112.570000,0
1771467900000,81.7200,81.8600,81.6800,81.8600,56422.71,1771468199999,4613792.434700,3844,35718.78,2921148.182300,0
1771468200000,81.8600,81.8700,81.5700,81.6600,43800.69,1771468499999,3579033.442900,4285,11982.87,978867.469700,0
1771468500000,81.6500,81.6500,81.2900,81.3400,83311.06,1771468799999,6785360.811700,6809,30701.83,2501014.351000,0
1771468800000,81.3500,81.4400,81.2500,81.3700,64297.72,1771469099999,5231609.413600,5222,39507.15,3214662.148000,0
1771469100000,81.3800,81.5000,81.3700,81.4600,17814.95,1771469399999,1450815.965300,3175,10807.26,880134.428600,0
1771469400000,81.4500,81.5200,81.4300,81.4500,14345.40,1771469699999,1168690.180300,2506,8145.09,663599.011000,0
1771469700000,81.4500,81.6800,81.4500,81.6000,19395.14,1771469999999,1582095.357500,3258,12555.13,1024091.416300,0
1771470000000,81.5900,81.7200,81.5200,81.6800,21472.02,1771470299999,1752670.012300,3461,12038.58,982758.110600,0
1771470300000,81.6700,81.7100,81.4900,81.5200,22164.51,1771470599999,1808005.194400,3355,7586.55,618865.796500,0
1771470600000,81.5200,81.5600,81.3700,81.5000,19033.00,1771470899999,1550330.490600,3204,8049.96,655700.862400,0
1771470900000,81.5000,81.6800,81.4900,81.6000,15614.41,1771471199999,1274234.496200,3457,7048.54,575120.497500,0
1771471200000,81.6100,81.7400,81.6000,81.7200,12884.51,1771471499999,1052392.023000,2428,8322.13,679829.512600,0
1771471500000,81.7300,81.8600,81.7200,81.8500,25614.95,1771471799999,2094662.757300,3052,13725.91,1122511.944400,0
1771471800000,81.8600,81.9000,81.6700,81.7100,41410.06,1771472099999,3386713.302000,4475,15090.05,1234474.782400,0
1771472100000,81.7000,81.8100,81.5500,81.5600,27535.57,1771472399999,2249458.615400,3528,12805.95,1046393.493400,0
1771472400000,81.5700,81.6300,81.5500,81.6200,16868.83,1771472699999,1376309.005000,2134,8799.60,718025.804000,0
1771472700000,81.6200,81.6400,81.5300,81.5700,15137.68,1771472999999,1235007.617600,2439,6727.98,548944.489700,0
1771473000000,81.5800,81.7000,81.5300,81.6500,17996.52,1771473299999,1468717.327800,2684,10411.68,849826.992900,0
1771473300000,81.6600,81.7500,81.6500,81.7100,28367.54,1771473599999,2318000.960100,2593,12085.08,987469.841800,0
1771473600000,81.7200,81.9600,81.6900,81.8800,36681.04,1771473899999,3002168.101400,4924,22876.56,1872269.540900,0
1771473900000,81.8800,81.9200,81.7700,81.7900,24798.35,1771474199999,2029358.460700,3510,11768.28,963144.316000,0
1771474200000,81.7900,81.8600,81.7800,81.8500,18544.13,1771474499999,1517379.391600,2245,13152.07,1076218.552600,0
1771474500000,81.8600,81.8600,81.7800,81.8600,13699.29,1771474799999,1120846.013800,2049,8633.43,706389.359500,0
1771474800000,81.8700,81.8700,81.6500,81.6500,17881.80,1771475099999,1461310.987500,2334,4248.83,347255.718100,0
1771475100000,81.6600,81.6900,81.5800,81.6500,27699.00,1771475399999,2261491.946300,2765,11791.43,962807.256800,0
1771475400000,81.6500,81.7700,81.6500,81.7200,23126.58,1771475699999,1889660.485800,2900,14519.95,1186458.537700,0
1771475700000,81.7200,81.7700,81.6800,81.7400,7910.89,1771475999999,646440.825400,1863,3207.75,262141.242100,0
1771476000000,81.7400,82.0000,81.5300,81.5700,166346.62,1771476299999,13604393.957100,7803,89542.65,7327448.614100,0
1771476300000,81.5800,81.6700,81.5200,81.6500,48425.37,1771476599999,3950715.982000,4173,26631.50,2172882.596300,0
1771476600000,81.6600,81.6800,81.5000,81.5100,28548.65,1771476899999,2328880.028500,3355,8349.08,681045.243600,0
1771476900000,81.5100,81.5200,81.4300,81.4600,36199.70,1771477199999,2949534.102600,3649,12329.70,1004657.543500,0
1771477200000,81.4500,81.7000,81.3200,81.6200,113164.96,1771477499999,9227558.737600,8016,75664.80,6170593.921900,0
1771477500000,81.6300,81.6400,81.4900,81.6000,39565.11,1771477799999,3226864.824500,4861,16861.48,1375194.333200,0
1771477800000,81.6000,81.7300,81.6000,81.6900,20908.92,1771478099999,1707765.912600,3584,10036.45,819675.496700,0
1771478100000,81.6900,81.9300,81.6400,81.8900,49913.92,1771478399999,4084563.187500,5239,29008.03,2373576.263200,0
1771478400000,81.8900,81.8900,81.5900,81.6500,52506.31,1771478699999,4290511.028000,5419,17951.33,1466460.484100,0
1771478700000,81.6400,81.6600,81.4700,81.5500,53712.63,1771478999999,4380692.525400,4795,29980.20,2445031.187400,0
1771479000000,81.5500,81.6200,81.4200,81.5800,59010.36,1771479299999,4810070.908000,5023,37380.00,3047115.528800,0
1771479300000,81.5700,81.7400,81.5600,81.6500,29593.89,1771479599999,2416350.758300,3776,16965.61,1385104.922900,0
1771479600000,81.6400,81.7200,81.6300,81.6300,14564.22,1771479899999,1189668.736100,1909,6824.73,557448.263800,0
1771479900000,81.6300,81.7100,81.5500,81.6500,23452.69,1771480199999,1915216.971600,2655,7777.80,635063.585400,0
1771480200000,81.6500,81.7700,81.5800,81.7500,17983.13,1771480499999,1469255.803700,2229,11820.20,965732.536700,0
1771480500000,81.7500,81.8800,81.7500,81.8300,38114.35,1771480799999,3119128.573300,3480,20008.38,1637366.350800,0
1771480800000,81.8300,81.9400,81.7700,81.9300,26139.76,1771481099999,2139417.193000,3722,14576.17,1193031.634000,0
1771481100000,81.9300,82.0900,81.9200,82.0400,63451.54,1771481399999,5203229.438500,6400,34183.87,2803423.540700,0
1771481400000,82.0300,82.2000,82.0300,82.1600,60999.43,1771481699999,5009780.746900,5695,41421.71,3401944.746500,0
1771481700000,82.1600,82.3800,82.1100,82.3000,76547.74,1771481999999,6296630.163800,6178,44997.01,3701696.449400,0
1771482000000,82.3000,82.4200,82.2100,82.3300,65746.33,1771482299999,5410855.754500,6116,35905.52,2955359.848200,0
1771482300000,82.3300,82.4000,82.2900,82.3600,38036.51,1771482599999,3132215.128300,3584,18672.41,1537621.582800,0
1771482600000,82.3500,82.4500,82.2100,82.3000,55522.76,1771482899999,4571102.451500,6296,33096.75,2725070.891500,0
1771482900000,82.3100,82.3500,82.1900,82.3000,32246.98,1771483199999,2652845.444400,4164,15091.79,1241606.292300,0
1771483200000,82.3000,82.3200,82.1400,82.2100,32251.65,1771483499999,2651257.684300,3769,13017.59,1070028.442500,0
1771483500000,82.2200,82.3800,82.2000,82.3600,35339.14,1771483799999,2908353.013100,3739,27840.21,2291344.552600,0
1771483800000,82.3500,82.4400,82.2700,82.4000,24885.10,1771484099999,2049744.294200,3531,12101.42,996966.626600,0
1771484100000,82.4000,82.4000,82.2600,82.3200,33843.96,1771484399999,2786856.400000,3234,7479.70,615932.990600,0
1771484400000,82.3100,82.3900,82.2100,82.2900,21499.75,1771484699999,1769459.405200,3617,9330.31,767925.005400,0
1771484700000,82.3000,82.3100,82.1600,82.2200,27227.88,1771484999999,2238472.684700,3221,13144.20,1080504.926700,0
1771485000000,82.2300,82.5700,82.2200,82.4400,92508.47,1771485299999,7624943.697000,7278,54772.96,4514264.081200,0
1771485300000,82.4400,82.5700,82.4300,82.4800,43100.45,1771485599999,3555926.263400,4168,21342.77,1760870.217000,0
1771485600000,82.4900,82.6300,82.3600,82.3800,86059.06,1771485899999,7099947.217200,6675,42089.96,3472593.225800,0
1771485900000,82.3800,82.4500,82.3400,82.3700,23299.29,1771486199999,1919817.188300,3073,14024.94,1155710.448700,0
1771486200000,82.3700,82.4700,82.2900,82.3100,32542.31,1771486499999,2680494.881300,3361,16164.35,1331681.803300,0
1771486500000,82.3100,82.4700,82.2500,82.2600,17026.57,1771486799999,1402312.347700,3258,7587.95,624986.152600,0
1771486800000,82.2700,82.2700,81.9500,82.2000,143660.88,1771487099999,11795642.554100,6728,53767.42,4415435.952400,0
1771487100000,82.2100,82.3000,82.0900,82.2800,36917.28,1771487399999,3033883.447100,3619,21628.05,1777709.860200,0
1771487400000,82.2800,82.3500,82.2300,82.3300,24659.01,1771487699999,2029224.774000,3160,13611.96,1120129.698300,0
1771487700000,82.3300,82.3600,82.1900,82.3400,42549.84,1771487999999,3500524.505600,3229,21919.48,1803365.559800,0
1771488000000,82.3400,82.3500,82.1400,82.3100,44431.48,1771488299999,3654510.923900,4828,15073.75,1239863.248400,0
1771488300000,82.3100,82.3100,82.1100,82.2300,65061.33,1771488599999,5346664.339900,5337,28602.22,2350522.553800,0
1771488600000,82.2300,82.3100,82.1900,82.2400,55706.83,1771488899999,4581801.101700,5019,33458.72,2752071.592600,0
1771488900000,82.2500,82.2500,82.0400,82.2400,57105.15,1771489199999,4691673.702700,4596,26197.69,2152587.592400,0
1771489200000,82.2300,82.2500,81.9800,82.0100,51823.39,1771489499999,4252356.577000,4200,20575.85,1688362.985600,0
1771489500000,82.0100,82.0700,81.8500,81.9700,58891.50,1771489799999,4825574.140900,4868,16689.28,1367701.734600,0
1771489800000,81.9800,81.9800,81.5100,81.6400,117904.67,1771490099999,9629502.110500,9232,44226.18,3611730.303200,0
1771490100000,81.6300,81.7700,81.5500,81.7700,59942.54,1771490399999,4894473.526300,5485,23568.95,1924970.474000,0
1771490400000,81.7700,81.7800,81.5800,81.6400,35203.75,1771490699999,2875580.761600,3538,16595.26,1355429.098300,0
1771490700000,81.6400,81.7100,81.5500,81.6600,36492.85,1771490999999,2979355.331500,3851,22729.77,1855850.696100,0
1771491000000,81.6600,81.7100,81.5900,81.6700,28171.01,1771491299999,2300137.202900,3136,18688.99,1526004.376900,0
1771491300000,81.6700,81.7300,81.6100,81.6700,42185.58,1771491599999,3445225.074800,3120,18980.92,1550195.684400,0
1771491600000,81.6800,81.7900,81.5000,81.5300,107051.63,1771491899999,8740421.314700,7152,51874.16,4236955.858100,0
1771491900000,81.5200,81.6700,81.3200,81.6600,182654.44,1771492199999,14882711.164800,7811,39405.49,3211112.514800,0
1771492200000,81.6600,81.6900,81.5500,81.6700,34436.67,1771492499999,2811474.868600,3639,17463.88,1425879.102900,0
1771492500000,81.6800,81.7100,81.5500,81.6300,31538.07,1771492799999,2575135.368000,3479,21792.16,1779423.943700,0
1771492800000,81.6300,81.9600,81.5800,81.8900,67475.24,1771493099999,5518561.452600,5805,42895.47,3508600.074700,0
1771493100000,81.8900,81.9000,81.7300,81.8000,25489.28,1771493399999,2085055.630900,2833,11402.21,932671.522800,0
1771493400000,81.8100,81.8500,81.7300,81.8100,26914.68,1771493699999,2201238.615700,3175,12748.33,1042777.142400,0
1771493700000,81.8100,81.8500,81.6300,81.6800,25492.81,1771493999999,2083131.280300,3576,10960.75,895760.705200,0
1771494000000,81.6800,81.7000,81.6100,81.6500,13467.29,1771494299999,1099508.021600,2272,7403.69,604458.908000,0
1771494300000,81.6600,81.6700,81.0600,81.0700,125191.68,1771494599999,10172781.485300,10247,44683.87,3631158.071100,0
1771494600000,81.0800,81.2600,81.0700,81.2200,66209.51,1771494899999,5374631.837400,5635,33718.97,2737161.421900,0
1771494900000,81.2100,81.2400,81.1000,81.1400,40796.22,1771495199999,3311310.922300,3461,20902.64,1696653.929000,0
1771495200000,81.1500,81.1600,80.8900,80.9200,105275.58,1771495499999,8527879.109400,9225,37236.09,3016785.330200,0
1771495500000,80.9200,81.2800,80.8600,81.2800,146808.09,1771495799999,11898593.075100,10471,102341.34,8296218.764600,0
1771495800000,81.2700,81.4900,81.2500,81.3500,141632.15,1771496099999,11527073.423300,8601,87330.00,7107394.767500,0
1771496100000,81.3500,81.7300,81.3300,81.6800,130668.19,1771496399999,10660122.064600,8071,85118.51,6942658.191900,0
1771496400000,81.6900,81.7900,81.5600,81.5800,119519.89,1771496699999,9762178.199800,7733,57865.89,4726382.523900,0
1771496700000,81.5900,81.6900,81.5600,81.6000,30823.72,1771496999999,2516485.046500,2792,14390.89,1174884.454900,0
1771497000000,81.6000,81.7800,81.5100,81.6400,76751.09,1771497299999,6266276.500000,6484,36956.00,3017584.614600,0
1771497300000,81.6500,81.7100,81.4600,81.6700,122884.22,1771497599999,10021956.053600,7000,71458.09,5828193.307900,0
1771497600000,81.6700,81.7200,81.6300,81.6700,28341.33,1771497899999,2315185.990200,2571,10183.68,831917.271500,0
1771497900000,81.6700,81.6800,81.5400,81.6100,20780.33,1771498199999,1696172.165200,2274,8500.34,693802.828200,0
1771498200000,81.6200,81.6200,81.3500,81.4300,53222.14,1771498499999,4335999.056500,4214,20967.64,1707991.421800,0
1771498500000,81.4400,81.5100,81.4100,81.4800,17551.15,1771498799999,1429832.953300,2532,9396.54,765561.749000,0
1771498800000,81.4900,81.6000,81.4400,81.5500,26781.43,1771499099999,2182970.072100,3446,15808.62,1288642.298100,0
1771499100000,81.5500,81.7100,81.5000,81.7000,19845.36,1771499399999,1619142.707500,2922,12145.23,991026.500300,0
1771499400000,81.7100,81.7700,81.6900,81.7600,21842.39,1771499699999,1785439.933800,2341,8742.51,714652.603500,0
1771499700000,81.7600,81.8600,81.7000,81.7300,69664.98,1771499999999,5697435.752300,5141,37167.35,3039868.553000,0
1771500000000,81.7200,81.7900,81.6800,81.7800,15653.06,1771500299999,1279366.391500,2033,7051.01,576359.052600,0
1771500300000,81.7800,81.8000,81.6500,81.6600,19517.96,1771500599999,1595056.371700,2370,7611.19,622178.195400,0
1771500600000,81.6700,81.6800,81.5700,81.6200,18998.67,1771500899999,1550736.148300,2528,8519.07,695376.304400,0
1771500900000,81.6200,81.6200,81.2200,81.2900,70522.17,1771501199999,5737825.108100,6410,21784.34,1772281.347700,0
1771501200000,81.3000,81.4000,81.2800,81.3300,35704.70,1771501499999,2904273.146300,3671,21459.79,1745653.025100,0
1771501500000,81.3400,81.3900,81.2600,81.3100,39305.34,1771501799999,3196224.455400,4062,16450.21,1337732.680200,0
1771501800000,81.3000,81.3100,81.0600,81.1300,89507.50,1771502099999,7263059.446000,7506,27974.32,2270360.934100,0
1771502100000,81.1400,81.2300,81.1100,81.2000,41445.71,1771502399999,3364659.620100,3901,23644.56,1919495.888300,0
1771502400000,81.2000,81.2500,81.0500,81.1100,70600.53,1771502699999,5728209.916900,6695,26271.61,2131694.906100,0
1771502700000,81.1000,81.2800,80.8600,81.2300,187520.69,1771502999999,15195507.537200,14003,78262.20,6344348.925700,0
1771503000000,81.2300,81.2300,81.0700,81.1800,124277.77,1771503299999,10086420.713000,7906,86764.82,7042665.095500,0
1771503300000,81.1800,81.2200,80.9500,81.0100,114727.27,1771503599999,9303961.737700,7759,45015.77,3651814.797900,0
1771503600000,81.0100,81.1400,80.9700,81.0500,54506.77,1771503899999,4417379.557400,4180,35728.71,2895579.523200,0
1771503900000,81.0400,81.1700,81.0100,81.1200,31591.71,1771504199999,2561760.907000,3399,18110.87,1468537.965500,0
1771504200000,81.1200,81.1800,81.0400,81.1000,33171.14,1771504499999,2691178.267300,3592,20718.45,1681036.456200,0
1771504500000,81.1100,81.2200,80.8200,81.2100,99486.64,1771504799999,8063515.375100,6990,46602.44,3778726.324300,0
1771504800000,81.2100,81.2100,80.9600,81.0000,94100.60,1771505099999,7626722.524800,5746,32195.33,2609119.303200,0
1771505100000,81.0000,81.0400,80.7200,80.8200,72584.76,1771505399999,5866071.446600,5954,27562.33,2227747.570800,0
1771505400000,80.8300,80.8800,80.7500,80.7700,30576.32,1771505699999,2470966.492200,3823,14042.53,1134870.327700,0
1771505700000,80.7800,80.8000,80.6300,80.7600,90274.66,1771505999999,7286973.169600,5707,42658.86,3443791.045700,0
1771506000000,80.7600,80.8800,80.5400,80.6400,83520.83,1771506299999,6739754.090300,8992,32693.99,2639432.563800,0
1771506300000,80.6400,80.6400,80.1300,80.2700,291559.52,1771506599999,23412561.436200,18027,100384.06,8061110.857500,0
1771506600000,80.2800,80.5800,80.2800,80.5100,93813.79,1771506899999,7544863.955100,7404,64319.13,5172612.689900,0
1771506900000,80.5200,80.5900,80.3400,80.4200,78653.50,1771507199999,6328841.465200,8520,32691.07,2630860.472600,0
1771507200000,80.4300,80.5500,80.3000,80.3000,61083.88,1771507499999,4912505.194700,6179,32792.23,2637529.014700,0
1771507500000,80.3000,80.3900,80.1300,80.2400,90506.97,1771507799999,7260627.486300,8963,44192.72,3545011.614400,0
1771507800000,80.2400,80.4900,80.2000,80.4200,106321.85,1771508099999,8541856.481800,10406,67641.60,5434199.711200,0
1771508100000,80.4200,80.4700,80.0300,80.0500,116720.63,1771508399999,9363367.513100,10060,41611.58,3339883.888900,0
1771508400000,80.0400,80.1000,79.7100,79.8600,440754.34,1771508699999,35218499.934300,25071,210321.79,16808830.637200,0
1771508700000,79.8600,79.9300,79.6300,79.7300,187892.68,1771508999999,14992479.207200,14012,105617.56,8428847.290600,0
1771509000000,79.7400,79.9700,79.5700,79.9500,196996.52,1771509299999,15715469.827600,16597,97881.75,7809073.986200,0
1771509300000,79.9500,80.0000,79.8300,79.9600,78790.64,1771509599999,6295672.730500,6545,47680.96,3810305.626500,0
1771509600000,79.9700,80.1800,79.9000,79.9500,163157.94,1771509899999,13062773.776000,12567,96366.66,7716095.821900,0
1771509900000,79.9400,80.3200,79.9400,80.2200,89486.76,1771510199999,7170760.503200,8975,48791.57,3909822.268800,0
1771510200000,80.2100,80.3400,80.0100,80.2100,137864.84,1771510499999,11058237.390200,9757,66987.93,5373970.223600,0
1771510500000,80.2200,80.2900,79.9300,80.0600,94489.24,1771510799999,7570744.124700,8762,44739.54,3585126.435200,0
1771510800000,80.0700,80.2800,80.0400,80.2200,68081.86,1771511099999,5458450.802300,6323,40131.00,3217539.016400,0
1771511100000,80.2200,80.4100,80.2000,80.3300,68651.14,1771511399999,5512221.368100,7232,37532.83,3014050.984600,0
1771511400000,80.3200,80.3300,79.9200,80.0700,192491.22,1771511699999,15421513.771000,18872,82361.64,6596027.861300,0
1771511700000,80.0700,80.7300,79.9600,80.5400,249177.74,1771511999999,20007680.224900,23526,126753.78,10178945.857700,0
1771512000000,80.5400,81.0000,80.2900,80.8200,344086.56,1771512299999,27774767.946300,22936,221009.82,17849662.398400,0
1771512300000,80.8200,80.9500,80.4900,80.6900,165455.17,1771512599999,13356897.911100,16147,74833.91,6041073.351100,0
1771512600000,80.6900,81.1600,80.6600,80.9700,192204.56,1771512899999,15556428.493600,15875,106351.11,8610173.494300,0
1771512900000,80.9700,81.2900,80.6600,80.7400,206085.22,1771513199999,16691283.040600,15006,94482.22,7655809.378200,0
1771513200000,80.7400,81.2600,80.6600,81.0300,171848.21,1771513499999,13913072.498000,14902,88122.65,7133805.297500,0
1771513500000,81.0400,81.1700,80.5400,80.5900,127957.94,1771513799999,10341220.548200,11858,53516.67,4326969.789800,0
1771513800000,80.6000,80.7000,80.0400,80.1300,168927.42,1771514099999,13565098.018200,15591,72585.65,5829052.618300,0
1771514100000,80.1400,80.6000,80.1200,80.3900,138814.30,1771514399999,11162883.306500,12846,76713.82,6169300.992400,0
1771514400000,80.3900,80.4600,79.9700,80.4300,132288.30,1771514699999,10606192.646700,11466,59017.84,4731980.221600,0
1771514700000,80.4200,80.4200,80.0500,80.1000,56779.18,1771514999999,4553969.688000,6032,30821.18,2471130.723600,0
1771515000000,80.1100,80.3500,79.9100,80.3400,90940.99,1771515299999,7288198.678600,9429,54261.49,4349041.264500,0
1771515300000,80.3400,80.7100,80.3100,80.5500,102485.10,1771515599999,8250403.402200,10353,58897.79,4741023.101800,0
1771515600000,80.5500,80.7000,80.4500,80.6300,47769.42,1771515899999,3849690.805500,6380,24796.49,1998492.273200,0
1771515900000,80.6300,80.8200,80.3400,80.3700,88967.50,1771516199999,7168598.226700,8287,44052.77,3551208.751900,0
1771516200000,80.3600,80.4800,80.1000,80.4500,69608.51,1771516499999,5587827.860000,6977,33778.84,2711418.342900,0
1771516500000,80.4500,80.6400,80.3800,80.5900,44712.29,1771516799999,3600413.249700,5939,18582.00,1496712.216800,0
1771516800000,80.5800,80.5800,80.2700,80.2700,66478.86,1771517099999,5346587.030700,7580,26510.42,2131420.368800,0
1771517100000,80.2600,80.4200,79.8600,80.2900,186422.85,1771517399999,14935145.983900,13748,90996.64,7292887.492700,0
1771517400000,80.2900,80.4800,80.1800,80.4800,69548.33,1771517699999,5585743.007900,7425,35184.10,2826338.803000,0
1771517700000,80.4800,80.9200,80.4200,80.7800,153785.69,1771517999999,12410038.842800,11990,80850.24,6524601.907400,0
1771518000000,80.7800,80.8200,80.3400,80.3900,112579.73,1771518299999,9069698.294400,9983,40454.40,3258252.419700,0
1771518300000,80.3900,80.4000,80.0200,80.1400,168158.54,1771518599999,13474195.129200,11026,90435.15,7245627.261600,0
1771518600000,80.1500,80.7700,80.1500,80.7500,132449.61,1771518899999,10657000.649900,10875,66725.50,5369060.575000,0
1771518900000,80.7500,80.7600,80.4000,80.7300,72159.34,1771519199999,5815943.686900,7385,25410.11,2047895.211700,0
1771519200000,80.7200,80.7300,80.5500,80.5700,36541.59,1771519499999,2946726.848100,5267,15176.57,1223980.958200,0
1771519500000,80.5700,80.6800,80.4100,80.5000,61081.70,1771519799999,4917172.902300,6415,32709.27,2633112.374700,0
1771519800000,80.5000,80.7200,80.3000,80.7000,72448.17,1771520099999,5828655.031900,7435,38438.00,3093108.757800,0
1771520100000,80.7000,80.8500,80.4200,80.7600,108139.22,1771520399999,8725873.727800,9034,62643.78,5054399.227400,0
1771520400000,80.7600,80.8500,80.6400,80.7000,79421.16,1771520699999,6413204.211200,6978,35069.24,2831989.350100,0
1771520700000,80.7100,80.9400,80.4600,80.4600,87459.39,1771520999999,7059622.984600,8186,34199.94,2762758.314900,0
1771521000000,80.4600,81.2400,80.4600,81.1800,229286.47,1771521299999,18568747.126600,11877,119899.23,9708367.642300,0
1771521300000,81.1800,81.9000,80.9600,81.7200,341397.68,1771521599999,27838614.961900,22996,187013.61,15252376.750400,0
1771521600000,81.7200,81.7300,81.4200,81.4900,144160.35,1771521899999,11755835.839700,12623,63183.40,5152476.665800,0
1771521900000,81.4800,81.4900,80.9300,80.9700,147467.53,1771522199999,11974525.522200,10616,58455.93,4747316.705400,0
1771522200000,80.9700,81.0700,80.8300,80.9100,86811.89,1771522499999,7027165.864400,8351,43535.21,3524703.927200,0
1771522500000,80.9100,81.0200,80.6600,80.6900,85901.52,1771522799999,6943250.991300,8692,45567.66,3684635.568400,0
1771522800000,80.6900,81.0200,80.6900,80.8700,85457.66,1771523099999,6913672.803400,7659,42025.84,3399818.942400,0
1771523100000,80.8600,80.9400,80.4800,80.4900,88521.93,1771523399999,7143220.583800,8490,33896.12,2736661.756100,0
1771523400000,80.4800,80.5500,80.1700,80.2500,140225.72,1771523699999,11269524.137300,12047,70546.16,5670360.118800,0
1771523700000,80.2500,80.5000,80.2300,80.4200,68695.47,1771523999999,5523735.973200,6976,43927.14,3532300.354500,0
1771524000000,80.4300,80.5600,80.3300,80.4500,53405.44,1771524299999,4294847.829800,7121,31604.48,2541746.361800,0
1771524300000,80.4500,80.7400,80.4000,80.6300,37504.93,1771524599999,3022189.539000,6090,24696.15,1989846.359300,0
1771524600000,80.6200,81.0600,80.5400,81.0100,79386.04,1771524899999,6413658.511500,7639,44451.54,3592383.815000,0
1771524900000,81.0000,81.0100,80.7700,80.8600,45165.18,1771525199999,3653715.729000,6027,18483.28,1495042.586400,0
1771525200000,80.8600,81.2800,80.6900,81.2600,85340.86,1771525499999,6913533.549400,9269,48446.74,3926486.736600,0
1771525500000,81.2600,81.6500,81.2500,81.4700,207187.05,1771525799999,16885481.554300,12322,116962.20,9530598.786400,0
1771525800000,81.4600,81.6600,81.2600,81.3100,143103.40,1771526099999,11663212.281800,12013,94156.74,7676790.392400,0
1771526100000,81.3100,81.5200,81.2200,81.3700,72775.97,1771526399999,5921081.601000,7920,43144.28,3510675.496900,0
1771526400000,81.3700,81.7800,81.3400,81.7700,97572.37,1771526699999,7961317.176800,9023,62886.62,5131392.987600,0
1771526700000,81.7600,82.0000,81.7000,81.8600,162403.44,1771526999999,13295426.518900,12865,105685.04,8652315.186900,0
1771527000000,81.8500,81.9500,81.6900,81.9100,80754.34,1771527299999,6607242.142400,8252,40397.84,3305919.217200,0
1771527300000,81.9000,82.0200,81.7400,81.9500,93840.44,1771527599999,7684158.751900,8197,45296.60,3709734.947800,0
1771527600000,81.9500,82.0500,81.7900,81.9400,94156.59,1771527899999,7712287.858000,9294,43619.13,3573139.751600,0
1771527900000,81.9400,82.1900,81.7600,82.0300,101287.61,1771528199999,8307948.095300,11645,70120.72,5751785.557300,0
1771528200000,82.0200,82.0500,81.6900,81.7200,72870.49,1771528499999,5960427.121800,8918,29379.73,2403182.844600,0
1771528500000,81.7100,81.8200,81.6200,81.6800,44811.68,1771528799999,3660916.095200,6057,20503.05,1674999.161500,0
1771528800000,81.6800,81.7600,81.4900,81.6000,63748.71,1771529099999,5201927.886300,6520,34572.12,2821270.880800,0
1771529100000,81.6000,81.6600,81.3600,81.4800,75397.83,1771529399999,6143571.409400,7602,24825.53,2023172.464400,0
1771529400000,81.4800,81.5100,81.3600,81.4400,37911.39,1771529699999,3087460.176600,4972,15088.93,1228789.529200,0
1771529700000,81.4400,81.4800,81.1600,81.2100,44663.75,1771529999999,3631470.507600,5768,21990.66,1788277.911600,0
1771530000000,81.2100,81.5800,81.0200,81.5400,176287.83,1771530299999,14330714.226600,11826,108705.02,8837351.425600,0
1771530300000,81.5300,81.6700,81.4200,81.5300,70203.20,1771530599999,5723995.834100,6432,43094.19,3514198.451400,0
1771530600000,81.5200,82.0200,81.5200,81.8400,112452.71,1771530899999,9202287.587700,9264,59229.93,4847116.432600,0
1771530900000,81.8300,81.9900,81.8000,81.9000,69138.77,1771531199999,5662088.989300,5347,37525.28,3073554.819000,0
1771531200000,81.9000,82.0500,81.8000,81.8800,55193.24,1771531499999,4521306.553500,6527,27479.90,2251302.590000,0
1771531500000,81.8800,82.1400,81.7000,81.9900,88733.83,1771531799999,7273480.347600,9455,49200.23,4033756.417900,0
1771531800000,81.9900,82.1400,81.9500,81.9600,61713.78,1771532099999,5064461.372900,6766,29504.92,2421710.489000,0
1771532100000,81.9700,81.9700,81.6300,81.8200,38714.24,1771532399999,3165835.728500,6145,14662.67,1199135.403000,0
1771532400000,81.8100,81.9700,81.7700,81.8500,33249.63,1771532699999,2722027.892400,4364,19391.30,1587591.507600,0
1771532700000,81.8400,82.0600,81.7800,82.0200,44629.09,1771532999999,3656576.076700,4903,21126.61,1731432.889300,0
1771533000000,82.0200,82.2200,81.8400,81.9400,196508.23,1771533299999,16121003.918200,9195,46994.25,3857441.589500,0
1771533300000,81.9400,82.0000,81.7900,81.8700,24308.97,1771533599999,1991177.613700,4220,11556.97,946669.658300,0
1771533600000,81.8700,82.0600,81.8600,81.9600,23090.87,1771533899999,1892814.860100,4041,10455.93,857049.333700,0
1771533900000,81.9700,82.3400,81.9600,82.0500,74251.93,1771534199999,6104721.807700,8227,44586.14,3666062.337600,0
1771534200000,82.0400,82.1700,82.0200,82.1300,31954.79,1771534499999,2623727.136200,4320,18002.24,1478110.418100,0
1771534500000,82.1300,82.1400,81.9600,82.0600,52814.23,1771534799999,4332915.581200,4707,24430.43,2004247.019000,0
1771534800000,82.0500,82.1300,81.9500,82.0500,40140.04,1771535099999,3292921.047800,5313,19382.07,1590188.490400,0
1771535100000,82.0400,82.1400,82.0300,82.0900,18128.01,1771535399999,1487915.292300,3405,10224.11,839189.172200,0
1771535400000,82.0800,82.0900,81.9100,81.9200,37380.01,1771535699999,3064376.939800,4137,17196.18,1409708.625400,0
1771535700000,81.9300,82.0300,81.9000,81.9400,14484.68,1771535999999,1187094.682500,3014,6057.51,496515.971300,0
1771536000000,81.9400,82.0100,81.8600,81.8700,34007.80,1771536299999,2785696.917500,3826,11579.70,948583.584600,0
1771536300000,81.8600,81.9300,81.7800,81.8600,27188.07,1771536599999,2225490.635600,3189,8018.95,656421.014100,0
1771536600000,81.8500,81.9200,81.7800,81.9100,15818.47,1771536899999,1294794.311700,2746,7669.94,627841.401800,0
1771536900000,81.9100,82.1400,81.8200,82.0500,56557.06,1771537199999,4637913.911400,4888,27391.63,2246640.372500,0
1771537200000,82.0500,82.0600,82.0000,82.0500,18714.06,1771537499999,1535217.857500,2173,9778.07,802167.676100,0
1771537500000,82.0500,82.1000,82.0100,82.0700,17838.10,1771537799999,1463837.673200,2222,6641.37,544996.646100,0
1771537800000,82.0600,82.1000,81.9800,82.0100,19647.46,1771538099999,1611681.743700,2541,6199.19,508564.702400,0
1771538100000,82.0100,82.0300,81.9400,82.0200,22338.69,1771538399999,1831489.462800,2608,9796.29,803228.977700,0
1771538400000,82.0200,82.0800,81.8900,81.9900,39739.66,1771538699999,3258590.901500,4191,17142.60,1405676.203300,0
1771538700000,81.9900,82.1300,81.9900,82.1300,25735.78,1771538999999,2112055.952800,3245,15619.98,1281944.138500,0
1771539000000,82.1300,82.5000,82.1300,82.2600,111568.42,1771539299999,9184924.355500,10058,71213.01,5862217.259400,0
1771539300000,82.2500,82.3800,82.1100,82.1200,52934.07,1771539599999,4352507.334100,5501,23153.00,1903994.877400,0
1771539600000,82.1200,82.2300,82.0000,82.1100,39460.03,1771539899999,3239572.289100,4458,18054.74,1482406.672900,0
1771539900000,82.1200,82.1600,82.0000,82.0400,26414.87,1771540199999,2168293.607000,3463,10546.31,865818.674000,0
1771540200000,82.0400,82.2100,81.9200,82.0800,42903.15,1771540499999,3520742.185200,5335,18704.17,1534983.696600,0
1771540500000,82.0800,82.1300,81.8600,81.9300,51136.70,1771540799999,4191254.046400,5299,15267.71,1251760.993000,0
1771540800000,81.9300,82.1300,81.8700,82.1200,32309.32,1771541099999,2648447.644300,4273,19721.53,1616699.909800,0
1771541100000,82.1300,82.1800,82.0300,82.0300,23117.58,1771541399999,1897876.581600,3229,10790.48,885860.308000,0
1771541400000,82.0300,82.2500,82.0300,82.2100,12089.55,1771541699999,993449.824400,2827,6817.94,560191.898000,0
1771541700000,82.2000,82.3500,82.2000,82.2900,23909.44,1771541999999,1967420.161700,3800,14466.04,1190429.781300,0
1771542000000,82.2900,82.4400,82.2000,82.2400,41704.82,1771542299999,3432518.889400,6175,20200.22,1662632.080200,0
1771542300000,82.2400,82.2900,82.0700,82.2300,39556.73,1771542599999,3249952.185500,5265,19999.16,1643072.135200,0
1771542600000,82.2400,82.3300,82.1100,82.2000,24160.35,1771542899999,1986158.514600,4170,10351.68,850962.609400,0
1771542900000,82.2000,82.2900,82.1800,82.2700,23150.56,1771543199999,1903893.495800,3312,13089.59,1076500.056300,0
1771543200000,82.2700,82.4500,82.2500,82.3400,34959.08,1771543499999,2880124.036400,4310,20402.10,1680675.818300,0
1771543500000,82.3400,82.4100,82.2800,82.3300,13138.76,1771543799999,1081727.279900,2651,4047.36,333297.583200,0
1771543800000,82.3300,82.3700,82.2400,82.3000,18918.80,1771544099999,1557107.531100,3238,9623.75,792080.658600,0
1771544100000,82.2900,82.3500,82.2000,82.2900,27979.07,1771544399999,2302302.720600,3107,21321.35,1754542.647600,0
1771544400000,82.2800,82.2900,82.1900,82.2700,10173.26,1771544699999,836619.706300,1998,5261.95,432740.322500,0
1771544700000,82.2800,82.3700,82.2300,82.3100,31917.11,1771544999999,2626983.994700,3620,18799.48,1547179.269300,0
1771545000000,82.3100,82.3600,82.2000,82.3600,17211.64,1771545299999,1416226.744700,2345,11127.07,915539.433600,0
1771545300000,82.3500,82.5200,82.3200,82.4600,50691.42,1771545599999,4178958.830200,4280,36921.45,3044166.100100,0
1771545600000,82.4600,82.4800,82.2800,82.2900,51441.04,1771545899999,4238248.625100,5566,25153.40,2072841.848300,0
1771545900000,82.2900,82.3800,82.2700,82.3100,28311.78,1771546199999,2330982.476400,3685,11046.39,909532.454700,0
1771546200000,82.3100,82.8200,82.3100,82.7800,135610.28,1771546499999,11206806.042200,10024,85016.04,7026380.677700,0
1771546500000,82.7800,83.5000,82.7800,83.0900,384661.05,1771546799999,32002636.694800,27127,189119.01,15729579.850300,0
1771546800000,83.0900,83.2000,82.9600,83.0900,88693.87,1771547099999,7367701.947300,7799,37512.44,3115970.717800,0
1771547100000,83.0800,83.4500,82.9800,83.3900,100710.22,1771547399999,8388941.385200,9607,49530.00,4126097.043400,0
1771547400000,83.3900,83.4100,83.0700,83.1000,87104.21,1771547699999,7252659.706100,7991,32235.67,2684377.396200,0
1771547700000,83.1000,83.3000,83.0900,83.1600,58611.58,1771547999999,4875759.245900,6015,24860.33,2068094.571100,0
1771548000000,83.1500,83.2100,82.9600,83.0300,59428.89,1771548299999,4937907.851000,5760,18056.68,1500085.894400,0
1771548300000,83.0200,83.1300,82.9700,83.0300,59751.69,1771548599999,4961827.692300,5830,19645.04,1631372.528800,0
1771548600000,83.0300,83.0500,82.8100,82.8400,48946.62,1771548899999,4058251.276800,5219,13350.13,1106989.169300,0
1771548900000,82.8400,82.9200,82.8400,82.8500,19070.93,1771549199999,1580578.420400,3179,8540.45,707872.678000,0
1771549200000,82.8500,82.9600,82.8200,82.8800,35810.33,1771549499999,2968085.831700,4457,14564.00,1207278.595000,0
1771549500000,82.8700,83.0700,82.8700,82.9400,36614.00,1771549799999,3038594.555000,5122,22015.08,1827087.081400,0
1771549800000,82.9500,83.0500,82.8700,83.0200,34976.04,1771550099999,2901878.311800,4157,19996.89,1659291.787200,0
1771550100000,83.0100,83.0100,82.7400,82.8100,42752.92,1771550399999,3540968.086500,4972,16563.24,1371928.506700,0
1771550400000,82.8100,83.1000,82.6900,82.6900,67978.89,1771550699999,5638547.491000,6111,38070.03,3158122.947300,0
1771550700000,82.6900,82.8100,82.6400,82.7800,53718.00,1771550999999,4443902.041000,4533,30598.29,2531424.867200,0
1771551000000,82.7800,82.8700,82.7300,82.8300,27236.12,1771551299999,2255244.234800,3857,15567.29,1289158.949500,0
1771551300000,82.8200,83.0000,82.7800,82.9400,45604.88,1771551599999,3780470.078500,4927,23972.81,1987754.581600,0
1771551600000,82.9400,83.0900,82.9000,83.0300,50036.17,1771551899999,4153073.687100,4502,30797.57,2556127.006700,0
1771551900000,83.0300,83.0300,82.7500,82.7700,40877.14,1771552199999,3388578.337400,5937,17341.53,1437704.395700,0
1771552200000,82.7700,82.8500,82.7000,82.8100,30314.78,1771552499999,2509482.355400,4070,14160.14,1172292.744500,0
1771552500000,82.8100,82.9700,82.7800,82.9700,20230.27,1771552799999,1676787.197900,3173,13344.71,1106121.782500,0
1771552800000,82.9700,83.2000,82.8900,83.1800,64428.51,1771553099999,5350343.600800,6629,40180.03,3336824.621100,0
1771553100000,83.1900,83.2700,83.0900,83.1000,46245.08,1771553399999,3847261.888500,5540,21991.10,1829764.862800,0
1771553400000,83.1000,83.1200,82.8400,82.9700,32277.82,1771553699999,2678437.107900,4769,17714.22,1470081.510700,0
1771553700000,82.9700,83.1100,82.9400,83.0400,31068.02,1771553999999,2578835.177800,3886,17408.67,1444990.109700,0
1771554000000,83.0300,83.0400,82.7600,82.8900,39647.42,1771554299999,3286264.367400,4908,14208.45,1177694.907300,0
1771554300000,82.8900,82.9000,82.7600,82.7700,30398.16,1771554599999,2517144.450600,3451,12785.79,1058639.180000,0
1771554600000,82.7700,82.9300,82.7500,82.9000,118663.58,1771554899999,9829525.987900,8261,57933.97,4799197.890700,0
1771554900000,82.9100,83.1000,82.8800,83.0900,48672.05,1771555199999,4040053.206400,4962,25982.70,2156971.959400,0
1771555200000,83.0900,83.1400,82.9300,83.0900,81293.37,1771555499999,6749801.601300,6011,48353.73,4014406.685900,0
1771555500000,83.0900,83.0900,82.9600,82.9700,21921.93,1771555799999,1819764.388600,3625,9590.32,796108.449300,0
1771555800000,82.9700,83.0600,82.8500,82.9000,26575.96,1771556099999,2205409.931700,3477,15175.43,1259597.884500,0
1771556100000,82.8900,82.9800,82.8500,82.8600,22935.65,1771556399999,1901480.248400,3175,10791.81,894839.472100,0
1771556400000,82.8700,83.0200,82.8500,82.9800,18858.17,1771556699999,1564260.289100,3648,9000.27,746560.258100,0
1771556700000,82.9800,83.0100,82.7900,82.9100,51659.52,1771556999999,4280454.810500,5323,21330.96,1767493.665300,0
1771557000000,82.9100,82.9400,82.8700,82.9100,14166.80,1771557299999,1174513.376100,2338,6199.94,514030.681600,0
1771557300000,82.9100,82.9400,82.8200,82.8900,19870.68,1771557599999,1646822.900700,2840,8096.45,671072.607000,0
1771557600000,82.9000,83.1900,82.9000,83.1100,35296.98,1771557899999,2932940.300900,4351,22509.25,1869943.082700,0
1771557900000,83.1100,83.3200,83.1100,83.1400,91397.94,1771558199999,7606290.702600,6252,54868.13,4566044.000300,0
1771558200000,83.1500,83.1500,83.0400,83.1000,27566.04,1771558499999,2290708.461900,4370,12906.18,1072509.905900,0
1771558500000,83.1000,83.2400,83.1000,83.1600,32059.10,1771558799999,2666309.889500,4159,20491.69,1704393.866100,0
1771558800000,83.1700,83.1900,82.9700,83.0300,50616.12,1771559099999,4203596.503400,5201,25914.14,2151867.634700,0
1771559100000,83.0400,83.1000,82.9700,83.0400,42239.73,1771559399999,3507678.794200,3344,30920.48,2567758.312500,0
1771559400000,83.0400,83.0800,82.9200,83.0400,28713.96,1771559699999,2382759.317100,3494,10269.16,852172.589100,0
1771559700000,83.0400,83.0400,82.9500,82.9700,19260.92,1771559999999,1598213.269700,2896,7999.51,663786.006100,0
1771560000000,82.9800,83.0500,82.7300,82.8400,69989.94,1771560299999,5800493.559200,6653,23558.35,1952184.108600,0
1771560300000,82.8500,82.9400,82.8000,82.8400,28193.84,1771560599999,2336281.116700,4162,11136.75,922796.941900,0
1771560600000,82.8400,82.8400,82.6500,82.7000,65740.08,1771560899999,5437422.156100,4836,14154.64,1170947.208900,0
1771560900000,82.7000,82.8700,82.4000,82.4500,125852.20,1771561199999,10396670.097300,9996,46555.91,3847478.682900,0
1771561200000,82.4500,82.6300,82.3200,82.6100,91100.19,1771561499999,7512355.559700,7437,44866.44,3700287.096500,0
1771561500000,82.6100,82.6800,82.5400,82.5500,39172.38,1771561799999,3235765.553900,3856,15812.78,1306419.561100,0
1771561800000,82.5400,82.7900,82.4900,82.6900,65634.90,1771562099999,5423604.675700,5070,32459.92,2683581.736800,0
1771562100000,82.6800,82.8600,82.6800,82.8500,35916.93,1771562399999,2973130.165600,3555,15792.08,1307238.988800,0
1771562400000,82.8400,82.9400,82.8400,82.8600,49543.77,1771562699999,4106467.446300,4114,15125.15,1253757.981000,0
1771562700000,82.8500,82.8700,82.6900,82.7200,38032.11,1771562999999,3148341.140400,4227,8357.72,691987.408300,0
1771563000000,82.7300,82.7600,82.6500,82.6900,26689.30,1771563299999,2207521.818200,2775,8517.10,704483.261800,0
1771563300000,82.6900,82.7100,82.5500,82.6300,35868.83,1771563599999,2963665.715300,3707,10784.96,891152.928500,0
1771563600000,82.6300,82.7400,82.5600,82.6500,41289.36,1771563899999,3411961.769800,4199,13312.22,1100409.185200,0
1771563900000,82.6500,82.6800,82.4600,82.5700,57281.54,1771564199999,4729526.531500,5161,17941.01,1481239.187500,0
1771564200000,82.5700,82.6300,82.5400,82.5600,18305.11,1771564499999,1511527.499400,2808,10136.06,836961.584200,0
1771564500000,82.5600,82.5700,82.4500,82.5100,15783.23,1771564799999,1302512.676300,2471,6784.49,559906.801200,0
1771564800000,82.5100,82.7000,82.4600,82.6700,30469.38,1771565099999,2516206.142100,3536,18322.64,1513565.900200,0
1771565100000,82.6700,82.9000,82.6400,82.8100,38298.93,1771565399999,3171254.455900,4224,20051.77,1660343.080000,0
1771565400000,82.8000,83.7100,82.8000,83.5800,260955.58,1771565699999,21747658.014500,17584,164331.87,13696070.349300,0
1771565700000,83.5900,83.7000,83.2800,83.3200,114678.16,1771565999999,9571834.349400,9268,43497.56,3630356.015300,0
1771566000000,83.3200,83.4600,83.1900,83.4500,73386.54,1771566299999,6116977.771800,5940,33964.44,2831755.351400,0
1771566300000,83.4400,83.5900,83.3300,83.5200,134375.35,1771566599999,11215892.527600,8983,77536.60,6472471.008400,0
1771566600000,83.5100,83.5800,83.2900,83.2900,41332.29,1771566899999,3447718.792600,5082,11153.65,930632.906300,0
1771566900000,83.2900,83.3400,83.1500,83.2300,45984.60,1771567199999,3826792.888200,4365,18212.74,1515844.097300,0
1771567200000,83.2200,83.3000,83.1500,83.2200,42471.66,1771567499999,3535303.880100,4830,22863.91,1903300.816500,0
1771567500000,83.2100,83.3900,83.1900,83.3300,26769.56,1771567799999,2229867.411700,3623,19223.34,1601349.322300,0
1771567800000,83.3300,83.4200,83.3000,83.3600,22303.29,1771568099999,1859346.625600,3558,12013.87,1001537.437600,0
1771568100000,83.3600,83.4300,83.3000,83.4000,28214.32,1771568399999,2352221.022200,3731,17647.12,1471208.370000,0
1771568400000,83.3900,83.4000,83.0900,83.1300,49193.48,1771568699999,4093299.986200,4652,20415.33,1698803.286200,0
1771568700000,83.1200,83.2400,83.1100,83.1800,35870.11,1771568999999,2983585.138000,2900,17603.73,1464195.861200,0
1771569000000,83.1900,83.5100,83.1000,83.5000,83884.08,1771569299999,6992391.520400,6476,59008.04,4920033.755400,0
1771569300000,83.5100,83.5500,83.4400,83.4900,35841.51,1771569599999,2992322.832200,4000,16197.48,1352325.993300,0
1771569600000,83.4900,83.5400,83.3500,83.3900,47678.66,1771569899999,3978498.073000,3408,10068.33,840227.586200,0
1771569900000,83.4000,83.6000,83.3200,83.5500,67499.42,1771570199999,5631545.169400,4687,46091.82,3845456.805000,0
1771570200000,83.5500,83.6100,83.5200,83.5900,38589.09,1771570499999,3224952.461400,3784,28360.04,2370159.703900,0
1771570500000,83.5800,83.6900,83.5800,83.6600,38263.15,1771570799999,3200516.269900,4166,22670.70,1896282.416000,0
1771570800000,83.6600,83.6900,83.5100,83.6300,130208.08,1771571099999,10882205.036200,5216,104409.79,8725177.394400,0
1771571100000,83.6300,83.6900,83.5700,83.6100,39231.51,1771571399999,3281615.971300,4920,16566.65,1385833.882100,0
1771571400000,83.6200,83.6200,83.4900,83.5800,27757.13,1771571699999,2319406.910300,3322,7856.00,656531.423300,0
1771571700000,83.5800,83.8800,83.4800,83.7200,98815.95,1771571999999,8270598.579100,8248,61308.41,5132745.138500,0
1771572000000,83.7200,83.8600,83.7000,83.7600,47366.37,1771572299999,3967386.550200,4673,30066.08,2518260.576600,0
1771572300000,83.7600,83.8400,83.7100,83.7100,26269.50,1771572599999,2200627.550700,3558,13996.50,1172652.049100,0
1771572600000,83.7100,83.7700,83.6500,83.6600,31205.75,1771572899999,2612756.921700,4094,11697.07,979298.350400,0
1771572900000,83.6700,83.6700,83.5300,83.6300,38353.20,1771573199999,3206492.271300,4637,14612.83,1221741.987700,0
1771573200000,83.6200,83.6400,83.5400,83.5600,20778.76,1771573499999,1736821.220100,2871,9059.27,757233.308300,0
1771573500000,83.5700,83.6000,83.4600,83.5500,25947.28,1771573799999,2167251.371100,3234,10379.69,866994.646200,0
1771573800000,83.5400,83.7000,83.5200,83.5800,39802.69,1771574099999,3327513.545700,4185,20138.50,1683705.557000,0
1771574100000,83.5800,83.5800,83.3400,83.3800,80416.50,1771574399999,6706932.034400,6019,20378.47,1699650.331700,0
1771574400000,83.3900,83.5700,83.3900,83.5300,42804.11,1771574699999,3572888.011800,4195,26316.48,2196683.600700,0
1771574700000,83.5300,83.6200,83.4100,83.4300,41529.96,1771574999999,3468039.739500,4857,15997.75,1335980.611200,0
1771575000000,83.4300,83.5300,83.4200,83.4300,27240.82,1771575299999,2273591.735200,3805,9988.87,833696.938100,0
1771575300000,83.4200,83.6300,83.3900,83.5400,26777.31,1771575599999,2236085.505700,4234,13387.63,1118122.422800,0
1771575600000,83.5300,83.5700,83.4000,83.5400,23207.87,1771575899999,1937072.902000,3221,9942.78,829855.204900,0
1771575900000,83.5400,83.6200,83.5300,83.5800,17973.45,1771576199999,1502182.512400,2927,7177.21,599925.495700,0
1771576200000,83.5700,83.6900,83.3200,83.3300,39683.28,1771576499999,3312686.544300,5069,16829.99,1405519.306600,0
1771576500000,83.3300,83.4500,83.3000,83.3700,33100.06,1771576799999,2758812.832500,3870,14672.32,1223021.021300,0
1771576800000,83.3700,83.3700,83.2500,83.2800,24800.63,1771577099999,2066595.975100,2949,10968.15,914134.858500,0
1771577100000,83.2700,83.4500,83.2400,83.3600,41380.15,1771577399999,3449229.373400,3852,24085.74,2007556.492900,0
1771577400000,83.3700,83.7600,83.3600,83.7300,48220.52,1771577699999,4030941.109100,5159,25970.65,2170484.270800,0
1771577700000,83.7200,83.7300,83.5600,83.5900,29869.96,1771577999999,2497763.204100,3485,13392.40,1119662.324500,0
1771578000000,83.5800,84.2400,83.5800,84.1600,212525.14,1771578299999,17851497.318600,17516,149205.19,12532771.603600,0
1771578300000,84.1600,84.2400,84.0700,84.2200,188466.69,1771578599999,15863512.602400,13198,111543.78,9389258.020200,0
1771578600000,84.2100,84.4300,84.2100,84.2200,137941.59,1771578899999,11627029.570500,12463,70520.88,5944390.698600,0
1771578900000,84.2100,84.4500,84.2100,84.2900,105890.92,1771579199999,8931761.932600,9532,41276.72,3481690.541800,0
1771579200000,84.2800,84.3500,84.1900,84.2200,45257.34,1771579499999,3813954.764600,5272,14303.88,1205413.268100,0
1771579500000,84.2200,84.3600,84.1700,84.2400,87290.16,1771579799999,7356051.328600,6353,46842.91,3948270.518200,0
1771579800000,84.2400,84.3000,84.1200,84.2400,50216.11,1771580099999,4228665.615700,5719,17995.51,1515561.110200,0
1771580100000,84.2300,84.3400,84.1800,84.2400,96149.08,1771580399999,8102813.177300,6967,35299.32,2974719.737400,0
1771580400000,84.2300,84.2300,84.1200,84.1900,51907.79,1771580699999,4369195.763900,4502,20773.66,1748525.178300,0
1771580700000,84.1900,84.2700,84.1600,84.1800,28011.91,1771580999999,2359095.588900,3238,11236.57,946398.757900,0
1771581000000,84.1700,84.2800,84.1300,84.1700,29893.37,1771581299999,2516626.576900,3096,15368.43,1293888.916200,0
1771581300000,84.1700,84.2300,84.1300,84.1600,27010.48,1771581599999,2273438.279200,2795,13290.39,1118716.270300,0
1771581600000,84.1500,84.1900,84.0800,84.1500,33646.73,1771581899999,2830820.711400,4188,16304.27,1371823.241200,0
1771581900000,84.1400,84.7100,84.1400,84.6800,266673.73,1771582199999,22539648.213100,15875,156849.58,13255949.800500,0
1771582200000,84.6700,84.8100,84.3000,84.4100,180247.98,1771582499999,15240351.749000,11831,90840.12,7681188.787100,0
1771582500000,84.4100,84.6100,84.4100,84.5500,48893.05,1771582799999,4133242.782900,5402,23948.46,2024387.762600,0
1771582800000,84.5500,84.5900,84.3200,84.3400,43995.76,1771583099999,3715858.065500,4862,15428.05,1303140.464500,0
1771583100000,84.3400,84.5800,84.3300,84.5600,33823.74,1771583399999,2857371.049800,4220,20959.27,1770550.525600,0
1771583400000,84.5600,84.7000,84.5500,84.5600,59122.97,1771583699999,5003645.302100,6125,38937.35,3295341.181900,0
1771583700000,84.5600,84.5900,84.4000,84.4400,74052.18,1771583999999,6256931.433300,5376,31512.34,2663179.256200,0
1771584000000,84.4300,84.4500,84.2500,84.2900,57658.49,1771584299999,4863083.430000,5089,27358.85,2307829.050300,0
1771584300000,84.2800,84.3900,84.2000,84.3500,48139.56,1771584599999,4058462.906800,5090,25014.33,2109130.351500,0
1771584600000,84.3500,84.3600,84.1000,84.1200,59377.13,1771584899999,5000299.207000,5511,21484.42,1809501.585400,0
1771584900000,84.1100,84.2000,83.9900,84.0500,111951.60,1771585199999,9410878.837300,7904,45014.42,3784114.730600,0
1771585200000,84.0500,84.1000,83.7600,83.8400,140429.58,1771585499999,11783880.018000,9983,47064.05,3950056.485600,0
1771585500000,83.8300,84.0300,83.8200,83.9700,64027.30,1771585799999,5374918.765400,5471,41766.43,3506121.123400,0
1771585800000,83.9800,84.0400,83.7300,83.8600,74697.96,1771586099999,6263908.194100,6424,29518.89,2475536.864800,0
1771586100000,83.8500,83.8700,83.7200,83.7700,81592.21,1771586399999,6837554.508900,6373,35316.30,2959626.015300,0
1771586400000,83.7700,83.8700,83.6700,83.7500,54441.39,1771586699999,4560428.794500,5189,27210.88,2279515.908900,0
1771586700000,83.7600,84.1600,83.7300,84.0400,132631.57,1771586999999,11142281.018900,8930,70680.04,5936444.999500,0
1771587000000,84.0500,84.2100,83.9200,83.9200,101387.30,1771587299999,8525556.699500,7552,43536.05,3660677.031400,0
1771587300000,83.9200,83.9600,83.6200,83.6500,158561.55,1771587599999,13273102.223500,8415,90763.50,7596784.568800,0
1771587600000,83.6500,83.7300,83.4000,83.4200,150419.51,1771587899999,12574453.565500,10237,68882.78,5759043.507200,0
1771587900000,83.4300,83.5800,83.2900,83.4300,185665.43,1771588199999,15494827.669100,10084,96563.77,8059522.272900,0
1771588200000,83.4300,83.5900,83.4000,83.5200,75410.45,1771588499999,6295844.088500,6645,45718.94,3817059.919800,0
1771588500000,83.5200,83.6900,83.4900,83.5200,72219.71,1771588799999,6036487.293500,5919,37782.25,3158086.134500,0
1771588800000,83.5300,83.6400,83.3100,83.5500,115160.50,1771589099999,9612586.370200,9495,48235.75,4026693.988700,0
1771589100000,83.5500,83.6600,83.5300,83.6500,34589.81,1771589399999,2892078.440300,4728,14796.07,1237104.091700,0
1771589400000,83.6500,83.8500,83.6200,83.7900,75070.10,1771589699999,6286437.577000,6237,45175.67,3783540.282000,0
1771589700000,83.7900,83.9900,83.5700,83.6500,84296.70,1771589999999,7065984.286700,8090,28440.50,2384556.440500,0
1771590000000,83.6500,83.7500,83.6200,83.7300,28579.36,1771590299999,2391565.276300,3976,14106.02,1180465.804400,0
1771590300000,83.7200,83.8000,83.5500,83.6000,39376.77,1771590599999,3294074.200600,4332,15852.94,1326161.898800,0
1771590600000,83.5900,83.7300,83.5400,83.5400,38029.86,1771590899999,3180978.999400,4439,22476.90,1880364.851300,0
1771590900000,83.5500,83.7200,83.5300,83.5900,28985.18,1771591199999,2423864.217400,3792,12237.32,1023454.948600,0
1771591200000,83.5800,83.6500,83.3100,83.5200,160495.93,1771591499999,13397369.256500,9023,64080.85,5349153.025900,0
1771591500000,83.5200,83.6900,83.5000,83.6600,35408.06,1771591799999,2960216.004300,4232,24322.69,2033553.213100,0
1771591800000,83.6700,83.8700,83.6100,83.6100,82270.06,1771592099999,6889308.093900,6574,48554.57,4066159.773100,0
1771592100000,83.6200,83.6800,83.5800,83.6700,22298.42,1771592399999,1865237.117800,2366,9265.18,775034.706100,0
1771592400000,83.6700,83.6700,83.1500,83.3000,157421.65,1771592699999,13116246.184400,12051,69679.27,5805324.127000,0
1771592700000,83.3000,83.3200,82.9700,83.3000,201846.17,1771592999999,16778664.066800,11200,65528.69,5448873.348100,0
1771593000000,83.3000,83.3400,83.1200,83.1700,49290.68,1771593299999,4102683.563200,5332,19153.73,1593989.589000,0
1771593300000,83.1800,83.2400,83.0600,83.1800,57511.59,1771593599999,4781923.018100,5779,23135.08,1923749.020800,0
1771593600000,83.1900,83.2000,82.8100,82.8200,132570.67,1771593899999,11000613.094300,8879,46850.74,3888232.219700,0
1771593900000,82.8300,83.1000,82.7500,83.0700,181590.08,1771594199999,15045656.194600,10382,101565.89,8416846.839500,0
1771594200000,83.0800,83.1000,82.3800,82.5000,367574.11,1771594499999,30360114.846400,21871,165409.24,13659888.611400,0
1771594500000,82.5000,82.5200,81.9100,81.9300,448266.56,1771594799999,36826367.682900,28499,182972.02,15032068.374400,0
1771594800000,81.9300,82.0600,81.7600,81.9100,376151.34,1771595099999,30810480.957300,16795,165473.97,13555743.305300,0
1771595100000,81.9100,81.9900,81.7100,81.9100,204701.55,1771595399999,16757539.593300,11791,116083.70,9504117.676500,0
1771595400000,81.9200,82.2400,81.8800,82.1500,247112.31,1771595699999,20273883.174900,15113,149346.04,12255231.210200,0
1771595700000,82.1600,82.2000,81.9000,82.1500,149104.20,1771595999999,12233613.707600,10846,76157.97,6249291.007400,0
1771596000000,82.1600,82.4600,82.0700,82.3600,145466.10,1771596299999,11972511.975300,11268,80716.37,6643782.510200,0
1771596300000,82.3700,82.5600,82.3300,82.4200,114003.01,1771596599999,9397247.189200,8833,55227.36,4553370.475200,0
1771596600000,82.4300,82.4300,82.2700,82.3800,70303.08,1771596899999,5790570.567300,6800,38647.54,3183191.736800,0
1771596900000,82.3800,82.5100,82.2500,82.2800,98933.73,1771597199999,8151583.416700,7943,42508.46,3501985.921100,0
1771597200000,82.2800,82.6600,82.1900,82.4800,143154.16,1771597499999,11794447.560400,10702,72799.44,6000280.202200,0
1771597500000,82.4800,82.7800,82.4800,82.6300,99566.59,1771597799999,8232809.833700,7930,55706.29,4605945.630700,0
1771597800000,82.6400,83.1800,82.4600,82.9900,255641.93,1771598099999,21195806.275600,21324,141743.68,11753802.529700,0
1771598100000,82.9900,83.3500,82.8600,83.1100,336536.09,1771598399999,27976794.070000,19897,232076.47,19296479.136300,0
1771598400000,83.1200,83.3000,82.9100,82.9900,130038.79,1771598699999,10802443.516700,11593,63963.61,5313946.539600,0
1771598700000,83.0000,83.0200,82.6600,82.8500,124372.07,1771598999999,10299518.226500,11318,53154.30,4401964.008300,0
1771599000000,82.8600,83.0000,82.6800,82.7900,93328.31,1771599299999,7734132.580700,10485,48275.21,4000805.738400,0
1771599300000,82.7900,83.0700,82.7500,83.0200,89693.02,1771599599999,7437567.376100,8742,53745.22,4456873.967300,0
1771599600000,83.0200,84.7600,83.0000,84.0600,1057255.14,1771599899999,88996514.705800,58536,579467.09,48754340.445400,0
1771599900000,84.0700,84.1800,83.5700,84.0200,419136.29,1771600199999,35151685.576100,31355,198899.23,16679147.485600,0
1771600200000,84.0200,84.1700,83.1100,83.1400,251082.81,1771600499999,20997791.662500,21291,105959.49,8863787.750200,0
1771600500000,83.1400,83.6800,82.6200,83.4300,383282.46,1771600799999,31866165.724600,28604,171468.41,14263999.771700,0
1771600800000,83.4300,84.0900,83.3800,83.7600,202567.82,1771601099999,16964016.308400,18921,116590.67,9763608.617000,0
1771601100000,83.7700,84.1400,83.6700,84.0100,243243.67,1771601399999,20427042.111900,18464,125192.59,10511757.521100,0
1771601400000,84.0000,84.0500,83.3600,83.4700,203273.21,1771601699999,17003270.804300,18659,94236.55,7881488.672800,0
1771601700000,83.4800,83.6100,83.1700,83.5200,129450.15,1771601999999,10796430.175500,16383,65348.09,5450939.760500,0
1771602000000,83.5200,83.5400,83.0900,83.4300,105934.36,1771602299999,8823573.840400,13448,50145.28,4176854.359700,0
1771602300000,83.4400,83.8000,83.2700,83.6800,104213.01,1771602599999,8706776.081800,11291,49645.00,4148621.027000,0
1771602600000,83.6800,83.9300,83.3700,83.8700,113406.06,1771602899999,9496268.730700,10271,49748.02,4163359.606300,0
1771602900000,83.8800,84.4700,83.8800,84.3300,371361.85,1771603199999,31298057.695900,21283,191671.15,16150293.258600,0
1771603200000,84.3200,84.7100,84.2200,84.6300,233825.13,1771603499999,19747458.759500,23640,128007.87,10811393.726500,0
1771603500000,84.6200,84.9200,84.4100,84.6700,233040.21,1771603799999,19726780.333700,20072,136667.65,11569547.599600,0
1771603800000,84.6700,84.7400,84.4400,84.5100,135769.49,1771604099999,11483536.157700,12071,61534.00,5205367.850900,0
1771604100000,84.5100,84.6300,84.1300,84.2500,172981.98,1771604399999,14577625.037700,13740,73694.37,6210290.006000,0
1771604400000,84.2500,84.7300,84.0800,84.5900,189495.52,1771604699999,15984335.518400,15399,100117.07,8446972.349400,0
1771604700000,84.5800,84.7000,83.9300,83.9600,281177.77,1771604999999,23716299.789200,17753,127665.22,10774453.689600,0
1771605000000,83.9600,83.9700,83.6800,83.8900,200828.82,1771605299999,16836530.709500,14721,109922.49,9216083.834500,0
1771605300000,83.9000,84.1200,83.8600,84.0700,76437.84,1771605599999,6418997.729600,10044,37945.54,3186693.566800,0
1771605600000,84.0800,84.0900,83.7600,83.9400,71279.22,1771605899999,5979958.870000,7609,29565.31,2480678.046100,0
1771605900000,83.9400,84.2600,83.8800,84.1500,71458.26,1771606199999,6007055.569100,8423,35175.67,2957162.828100,0
1771606200000,84.1500,84.3700,84.0400,84.3100,75609.43,1771606499999,6364527.052300,6900,30995.19,2609347.270200,0
1771606500000,84.3100,84.6400,84.2700,84.4500,132124.69,1771606799999,11162086.118600,10020,79496.20,6716941.609100,0
1771606800000,84.4500,84.4900,84.2500,84.3400,83872.79,1771607099999,7075901.328800,8589,41234.82,3478804.495400,0
1771607100000,84.3400,84.4500,83.7900,83.8700,120672.21,1771607399999,10149887.966500,11888,52584.19,4422990.700100,0
1771607400000,83.8700,83.8800,83.1600,83.1600,258974.74,1771607699999,21633673.916200,15291,92444.39,7725500.407600,0
1771607700000,83.1600,83.2800,82.8000,82.9400,335066.50,1771607999999,27839630.386200,19465,151882.50,12624025.559200,0
1771608000000,82.9300,83.0800,82.7500,82.9200,239895.97,1771608299999,19884294.994700,14444,117128.61,9709846.495300,0
1771608300000,82.9200,83.2900,82.8300,83.2000,183861.02,1771608599999,15280839.160900,12930,88051.40,7319332.624000,0
1771608600000,83.2100,83.4300,83.1000,83.2000,120642.16,1771608899999,10042292.747600,11437,47592.82,3962063.903700,0
1771608900000,83.2100,83.8200,82.9600,83.8000,151544.67,1771609199999,12634129.130000,14419,85055.93,7094137.049400,0
1771609200000,83.8100,83.9300,83.6000,83.8500,245839.30,1771609499999,20600445.499700,14712,102008.37,8547975.341300,0
1771609500000,83.8500,84.2800,83.6600,84.2700,202475.16,1771609799999,16981488.442000,18168,120338.97,10095350.301600,0
1771609800000,84.2600,84.5600,84.1100,84.4300,244256.00,1771610099999,20600716.684700,17598,130022.12,10966959.318100,0
1771610100000,84.4300,84.5200,84.2000,84.4400,195804.34,1771610399999,16520688.174100,14612,104774.18,8840350.135800,0
1771610400000,84.4500,84.6500,84.2500,84.5500,181996.60,1771610699999,15371930.952300,14056,104945.05,8866342.722000,0
1771610700000,84.5500,84.6300,84.2500,84.3200,137403.99,1771610999999,11604310.756200,11010,63263.34,5344319.381700,0
1771611000000,84.3200,84.3800,84.0800,84.1300,133852.88,1771611299999,11274020.049500,8635,60427.35,5088583.944500,0
1771611300000,84.1300,84.2100,83.9500,84.0800,157866.40,1771611599999,13273987.176900,10627,82452.43,6933828.947700,0
1771611600000,84.0800,84.7100,83.9000,84.4600,220606.00,1771611899999,18602618.518800,16439,123559.52,10418094.122400,0
1771611900000,84.4600,84.5600,84.2500,84.5200,62930.50,1771612199999,5313276.287400,7527,33758.26,2850846.610700,0
1771612200000,84.5100,85.1600,84.3200,84.9900,269050.26,1771612499999,22828518.303800,22793,168136.93,14268728.452400,0
1771612500000,84.9800,84.9800,84.2600,84.7400,241120.99,1771612799999,20408465.242100,22554,108980.66,9222730.004000,0
1771612800000,84.7400,85.1500,84.6700,85.0100,132976.45,1771613099999,11298079.552200,13203,73169.03,6216061.173600,0
1771613100000,85.0000,85.4400,84.9500,85.0600,237637.44,1771613399999,20256018.499100,20015,136128.29,11604868.353200,0
1771613400000,85.0600,85.1200,84.8100,84.9800,112613.59,1771613699999,9567749.852500,11902,58529.01,4972734.993900,0
1771613700000,84.9800,85.3200,84.9200,85.2100,73656.41,1771613999999,6269583.330900,8014,36192.07,3081188.439500,0
1771614000000,85.2000,85.3400,84.9200,84.9400,61891.90,1771614299999,5270389.993600,9306,20230.10,1723227.936900,0
1771614300000,84.9300,85.0000,84.7700,84.8200,81215.08,1771614599999,6891182.181100,7338,41612.39,3531031.345200,0
1771614600000,84.8300,84.8700,84.6600,84.7200,60795.34,1771614899999,5152584.005800,7216,34110.86,2891321.946900,0
1771614900000,84.7300,84.9000,84.6600,84.8200,40579.23,1771615199999,3441020.135900,5912,22693.28,1924332.619700,0
1771615200000,84.8200,84.9400,84.7300,84.7700,31399.54,1771615499999,2663529.271300,5138,16233.30,1377104.366200,0
1771615500000,84.7700,84.7900,84.3300,84.4400,71880.13,1771615799999,6076100.881400,8411,29505.74,2494192.281400,0
1771615800000,84.4500,84.7500,84.4400,84.7500,95239.76,1771616099999,8056650.909800,6906,65980.74,5582029.365400,0
1771616100000,84.7400,84.8400,84.6300,84.6400,53467.81,1771616399999,4532056.245000,5609,34886.05,2956994.055400,0
1771616400000,84.6400,84.8400,84.4800,84.5300,73685.53,1771616699999,6237247.928400,6668,37072.37,3137951.616900,0
1771616700000,84.5300,84.6200,84.4000,84.5300,52850.80,1771616999999,4467417.770800,5870,29973.06,2533622.863100,0
1771617000000,84.5300,84.9200,84.5100,84.7500,81697.20,1771617299999,6926329.190600,7881,41950.49,3555491.227700,0
1771617300000,84.7500,84.8200,84.6500,84.7200,30673.36,1771617599999,2599004.267400,4248,17396.96,1474153.769900,0
1771617600000,84.7100,84.9200,84.6600,84.8100,48604.33,1771617899999,4122001.663600,6196,26822.74,2275019.490200,0
1771617900000,84.8200,85.1600,84.8100,85.0500,59124.03,1771618199999,5027623.998600,7609,28113.78,2390107.395700,0
1771618200000,85.0500,85.1900,84.9200,85.1600,39874.26,1771618499999,3392207.531900,5120,18212.05,1549483.332200,0
1771618500000,85.1500,85.1500,84.8300,84.9100,26050.54,1771618799999,2213801.515200,4743,7555.30,641949.096900,0
1771618800000,84.9100,84.9200,84.6200,84.6800,32731.45,1771619099999,2773593.502000,4702,13888.50,1176933.463100,0
1771619100000,84.6800,84.6900,84.5100,84.5700,38874.92,1771619399999,3287963.155500,4536,14768.49,1249225.185100,0
1771619400000,84.5800,84.6500,84.3600,84.4900,45986.88,1771619699999,3886803.459200,5358,24139.47,2040579.405200,0
1771619700000,84.4900,84.6800,84.4900,84.6500,40934.06,1771619999999,3462809.290900,4582,13682.18,1157417.688300,0
1771620000000,84.6400,84.8000,84.6400,84.7700,20033.27,1771620299999,1697485.301900,3323,11900.60,1008389.401200,0
1771620300000,84.7700,84.8300,84.6100,84.6300,30093.88,1771620599999,2550046.693700,4026,12584.26,1066481.254700,0
1771620600000,84.6400,84.7100,84.4700,84.5600,45296.20,1771620899999,3829931.309900,4763,19417.94,1641815.968900,0
1771620900000,84.5600,84.6600,84.4600,84.5700,72524.18,1771621199999,6131286.797800,6389,35457.44,2997595.883800,0
1771621200000,84.5700,84.7200,84.4400,84.4500,63612.32,1771621499999,5381796.607300,6608,34112.36,2886155.204100,0
1771621500000,84.4400,84.6000,84.3500,84.5300,45957.61,1771621799999,3881415.032300,4990,27322.18,2307580.553300,0
1771621800000,84.5300,84.5900,84.3700,84.4600,21689.51,1771622099999,1831558.637900,3667,9399.39,793719.776200,0
1771622100000,84.4600,84.4600,84.3000,84.4400,53203.48,1771622399999,4488898.369400,4859,24861.76,2097779.734700,0
1771622400000,84.4300,84.4400,84.3500,84.3800,14201.35,1771622699999,1198581.486800,2445,6139.92,518216.644300,0
1771622700000,84.3800,84.4900,84.3600,84.4000,15794.68,1771622999999,1333436.516700,2194,10529.08,888864.121400,0
1771623000000,84.4000,84.4300,84.2800,84.3300,44020.16,1771623299999,3713070.987100,4217,22517.54,1899538.504900,0
1771623300000,84.3200,84.4900,84.2500,84.2600,98140.44,1771623599999,8279247.037100,5511,45487.07,3838264.383300,0
1771623600000,84.2600,84.5700,84.2600,84.4700,39727.71,1771623899999,3354496.288100,3910,29284.28,2472420.099700,0
1771623900000,84.4600,84.5100,84.3900,84.4700,13607.95,1771624199999,1149177.438100,2253,7805.28,659179.913900,0
1771624200000,84.4600,84.4900,84.2900,84.4800,58751.84,1771624499999,4958021.023400,4425,40709.71,3435702.233900,0
1771624500000,84.4800,84.6200,84.4200,84.5200,70759.55,1771624799999,5981108.080100,5313,49098.78,4150104.956800,0
1771624800000,84.5100,84.5100,84.2600,84.3600,32641.22,1771625099999,2752824.748900,4058,17122.54,1443966.419800,0
1771625100000,84.3700,84.4400,84.2500,84.3000,61026.78,1771625399999,5147175.996000,4831,24252.05,2045793.651100,0
1771625400000,84.3000,84.3000,84.1300,84.1900,58422.53,1771625699999,4919593.163700,5273,22757.54,1916562.025600,0
1771625700000,84.1900,84.3300,84.0600,84.2700,65269.64,1771625999999,5493678.871200,5587,35094.22,2953713.204200,0
1771626000000,84.2800,84.5600,84.2000,84.5100,58003.54,1771626299999,4896888.844100,4787,33115.76,2795229.113200,0
1771626300000,84.5100,84.5900,84.3300,84.5100,45454.46,1771626599999,3841302.350800,5205,21966.56,1856463.477400,0
1771626600000,84.5100,84.7300,84.4000,84.5100,71236.00,1771626899999,6026244.495600,6476,40400.87,3418074.916000,0
1771626900000,84.5200,84.6300,84.3300,84.4900,23101.04,1771627199999,1951182.688100,3940,9931.58,838787.359600,0
1771627200000,84.4900,84.5100,84.3300,84.3400,21257.71,1771627499999,1794462.797500,3549,10262.41,866430.013000,0
1771627500000,84.3400,84.4800,84.3000,84.4000,16040.85,1771627799999,1353860.429500,3252,8837.12,745919.091100,0
1771627800000,84.4000,84.6000,84.4000,84.5800,19771.34,1771628099999,1670626.248200,3732,10785.64,911338.262800,0
1771628100000,84.5800,84.6600,84.4500,84.5500,27868.68,1771628399999,2356503.021600,4054,10020.15,847310.658800,0
1771628400000,84.5400,84.6400,84.5100,84.5100,32191.16,1771628699999,2722572.337700,5055,12498.73,1057199.366700,0
1771628700000,84.5100,84.6600,84.3600,84.4400,46232.47,1771628999999,3907337.258600,4717,12717.63,1074996.712400,0
1771629000000,84.4400,84.5300,84.3800,84.3900,15522.43,1771629299999,1310991.542300,3050,7431.60,627717.668800,0
1771629300000,84.3900,84.4300,84.2300,84.4200,46116.77,1771629599999,3889535.412200,4632,28154.10,2374733.360800,0
1771629600000,84.4200,84.5400,84.3200,84.3500,36978.40,1771629899999,3122964.910900,4118,19730.91,1666324.180800,0
1771629900000,84.3600,84.4600,84.3600,84.4500,16311.17,1771630199999,1376895.374600,2292,11675.69,985618.887700,0
1771630200000,84.4400,84.5200,84.3900,84.4300,21779.10,1771630499999,1839146.767000,3070,8943.22,755230.587600,0
1771630500000,84.4300,84.4900,84.3300,84.3300,20025.33,1771630799999,1690720.654400,3239,11479.49,969286.039400,0
1771630800000,84.3200,84.4000,84.3200,84.3500,14657.58,1771631099999,1236476.592700,2549,6832.55,576403.359400,0
1771631100000,84.3400,84.4500,84.3400,84.4000,18838.73,1771631399999,1589947.368100,2120,12357.45,1042945.750200,0
1771631400000,84.4100,84.5800,84.4100,84.5800,24630.18,1771631699999,2081703.587400,2759,6918.00,584745.679400,0
1771631700000,84.5900,84.6700,84.5800,84.6200,22595.39,1771631999999,1912048.391500,2585,6573.45,556269.258900,0
1771632000000,84.6200,84.6500,84.4900,84.5500,48642.26,1771632299999,4114557.701900,4233,16516.74,1397238.674500,0
1771632300000,84.5500,84.6400,84.5400,84.5900,33522.18,1771632599999,2835901.462000,3940,13610.11,1151442.649700,0
1771632600000,84.5800,84.7100,84.5800,84.6600,34588.36,1771632899999,2927863.545300,3633,21051.61,1782009.498700,0
1771632900000,84.6500,84.6800,84.5800,84.5900,20473.33,1771633199999,1732826.011800,2507,4381.02,370824.991600,0
1771633200000,84.5800,84.6300,84.5200,84.5800,22815.02,1771633499999,1929593.755700,2457,13310.01,1125653.482400,0
1771633500000,84.5900,84.6000,84.5100,84.5400,14660.50,1771633799999,1239443.828300,2294,4511.15,381415.468100,0
1771633800000,84.5300,84.5500,84.4300,84.5300,25428.95,1771634099999,2148812.350600,3365,12083.85,1021149.305100,0
1771634100000,84.5200,84.5800,84.4600,84.5500,22277.75,1771634399999,1883095.055200,2633,11711.97,990039.380900,0
1771634400000,84.5500,84.5800,84.3900,84.4000,25559.33,1771634699999,2159467.865600,2902,6382.17,539221.005500,0
1771634700000,84.3900,84.4100,84.3100,84.4000,30078.40,1771634999999,2537062.295200,3754,13008.41,1097244.321000,0
1771635000000,84.4000,84.4000,84.3100,84.3700,18309.12,1771635299999,1544163.314700,2189,7648.09,645038.974000,0
1771635300000,84.3600,84.4800,84.2900,84.4000,34577.53,1771635599999,2918055.043800,3248,17411.83,1469395.784200,0
1771635600000,84.4000,84.5200,84.4000,84.4600,16338.38,1771635899999,1380097.655100,2811,8460.53,714637.610000,0
1771635900000,84.4600,84.5200,84.4500,84.4900,14265.04,1771636199999,1205188.236200,2405,8372.86,707391.015500,0
1771636200000,84.4900,84.6000,84.4500,84.5900,12479.11,1771636499999,1054937.300800,2176,6603.46,558196.302900,0
1771636500000,84.5900,84.6200,84.5000,84.5000,16599.62,1771636799999,1403704.711100,2261,6960.33,588683.831600,0
1771636800000,84.5000,84.5100,84.4300,84.4500,12971.34,1771637099999,1095694.814400,2008,6420.72,542353.658100,0
1771637100000,84.4600,84.4900,84.4300,84.4600,9217.97,1771637399999,778560.601300,1688,2637.30,222746.253600,0
1771637400000,84.4600,84.5600,84.4500,84.4900,12413.76,1771637699999,1049086.835900,2105,6458.74,545860.534800,0
1771637700000,84.4900,84.7600,84.4900,84.7600,44161.65,1771637999999,3737647.281400,3698,35236.50,2982282.215300,0
1771638000000,84.7500,84.7500,84.6600,84.7200,23376.00,1771638299999,1980217.497500,2641,10974.74,929675.067100,0
1771638300000,84.7100,84.8100,84.7000,84.7100,30910.27,1771638599999,2619692.481500,3144,14865.24,1259983.958300,0
1771638600000,84.7100,84.7400,84.6200,84.6600,26353.52,1771638899999,2231222.982600,2990,9136.02,773497.525300,0
1771638900000,84.6600,84.6900,84.6000,84.6500,19149.77,1771639199999,1620889.988500,2266,5918.25,500963.805700,0
1771639200000,84.6400,84.6600,84.4800,84.5200,20080.13,1771639499999,1698376.441700,2807,8361.82,707273.734900,0
1771639500000,84.5200,84.6200,84.4900,84.6200,9723.71,1771639799999,822161.812900,1989,5334.05,451034.991100,0
1771639800000,84.6200,84.7200,84.5700,84.6600,15650.37,1771640099999,1324927.907500,2285,8028.14,679604.703400,0
1771640100000,84.6600,84.7600,84.5700,84.7600,25605.08,1771640399999,2167991.836900,2636,13481.83,1141527.629600,0
1771640400000,84.7600,84.8800,84.7500,84.7800,47674.68,1771640699999,4043789.623000,4019,33369.88,2830434.559300,0
1771640700000,84.7900,84.8600,84.7800,84.8500,15056.32,1771640999999,1277255.098600,1953,9170.48,777948.169700,0
1771641000000,84.8400,84.9800,84.8400,84.9400,35946.48,1771641299999,3052239.768400,3854,20493.90,1740356.520500,0
1771641300000,84.9500,84.9600,84.8800,84.9100,23567.76,1771641599999,2001374.027500,2474,7847.80,666540.857600,0
1771641600000,84.9100,84.9100,84.7700,84.8900,31072.57,1771641899999,2635827.913000,2948,10474.23,888561.914300,0
1771641900000,84.8800,84.8900,84.7600,84.8300,22766.19,1771642199999,1931003.420200,2594,6708.99,569024.166500,0
1771642200000,84.8200,84.8300,84.7500,84.7600,13078.23,1771642499999,1108966.016300,2296,3202.76,271588.557200,0
1771642500000,84.7600,84.8700,84.7500,84.7600,12741.53,1771642799999,1080680.085800,2171,6195.79,525557.991900,0
1771642800000,84.7600,84.7900,84.3300,84.3700,77722.86,1771643099999,6567169.958300,7718,17982.94,1518704.209600,0
1771643100000,84.3800,84.3900,84.1600,84.1900,58358.33,1771643399999,4918178.857300,5380,26854.93,2263606.474800,0
1771643400000,84.2000,84.3600,84.2000,84.3000,68599.92,1771643699999,5781803.071700,5095,41396.61,3488989.611700,0
1771643700000,84.3100,84.3800,84.2400,84.2700,33034.03,1771643999999,2784619.473000,2999,11356.47,957402.382600,0
1771644000000,84.2800,84.4400,84.2700,84.4100,22470.01,1771644299999,1895673.326800,2490,14899.91,1256960.422300,0
1771644300000,84.4100,84.4700,84.3900,84.4700,18327.39,1771644599999,1547173.571200,2383,11198.14,945333.684000,0
1771644600000,84.4600,84.6300,84.4600,84.5600,26379.07,1771644899999,2230481.368100,2979,14072.97,1189906.542100,0
1771644900000,84.5600,84.5700,84.5200,84.5300,7347.41,1771645199999,621136.104800,1349,2340.22,197846.720200,0
1771645200000,84.5300,84.5300,84.2100,84.2800,69156.20,1771645499999,5830273.761600,5869,18949.88,1597217.623000,0
1771645500000,84.2800,84.3100,84.1900,84.2700,25895.35,1771645799999,2181390.962800,3063,10184.41,858030.140400,0
1771645800000,84.2700,84.2800,84.1900,84.2400,21570.69,1771646099999,1816977.938000,2324,11013.39,927715.724300,0
1771646100000,84.2400,84.3000,84.1900,84.2900,15219.07,1771646399999,1282206.293500,2238,7148.36,602220.309900,0
1771646400000,84.3000,84.3700,84.2100,84.2300,30218.54,1771646699999,2546922.005400,3844,14349.88,1209581.262300,0
1771646700000,84.2300,84.3200,84.2000,84.3000,18174.85,1771646999999,1531208.137900,2615,7333.17,617859.866600,0
1771647000000,84.3000,84.3600,84.2900,84.3000,9724.01,1771647299999,819941.953700,1923,5988.91,505021.573100,0
1771647300000,84.3000,84.3400,84.1400,84.2300,22161.13,1771647599999,1866612.858800,2781,6247.40,526276.430700,0
1771647600000,84.2300,84.2600,84.0800,84.2500,34669.04,1771647899999,2918003.469700,3574,18616.47,1567124.523000,0
1771647900000,84.2600,84.3300,84.2500,84.3100,13205.86,1771648199999,1113148.105200,1975,8120.30,684499.102200,0
1771648200000,84.3100,84.4100,84.2800,84.3600,16772.86,1771648499999,1414668.409900,1947,9510.55,802241.359300,0
1771648500000,84.3700,84.4300,84.3200,84.3200,11830.04,1771648799999,998427.410100,1807,4328.29,365323.353700,0
1771648800000,84.3200,84.3600,84.2200,84.2400,25253.64,1771649099999,2128445.861100,1898,5405.31,455733.786200,0
1771649100000,84.2300,84.2600,84.1700,84.2400,15669.37,1771649399999,1319557.141000,2396,6832.14,575369.936300,0
1771649400000,84.2300,84.3700,84.2000,84.3100,17057.57,1771649699999,1437637.453500,2219,11759.07,991072.194800,0
1771649700000,84.3100,84.4600,84.3000,84.3600,29623.64,1771649999999,2500519.116600,2933,17232.24,1454548.870100,0
1771650000000,84.3500,84.4700,84.3300,84.4600,18068.45,1771650299999,1525428.907100,2746,11621.33,981183.143200,0
1771650300000,84.4700,84.4900,84.4100,84.4600,25861.76,1771650599999,2183978.140500,2631,8260.91,697772.037600,0
1771650600000,84.4600,84.4800,84.4100,84.4500,12303.00,1771650899999,1038884.504300,1995,5861.47,494951.913100,0
1771650900000,84.4500,84.5400,84.4300,84.4600,17740.57,1771651199999,1498831.367500,2509,7888.12,666528.740200,0
1771651200000,84.4500,84.4600,84.4000,84.4300,9276.01,1771651499999,783168.959400,1623,4239.11,357923.569700,0
1771651500000,84.4400,84.4400,84.3600,84.4200,12133.36,1771651799999,1024000.434400,1838,3558.77,300373.624300,0
1771651800000,84.4200,84.4600,84.3600,84.4600,9048.72,1771652099999,763795.033100,1604,4391.56,370722.376400,0
1771652100000,84.4600,84.4600,84.3500,84.4000,16681.77,1771652399999,1407642.567300,2032,6841.67,577260.320000,0
1771652400000,84.3900,84.5000,84.3900,84.4900,12903.12,1771652699999,1089926.357000,1525,8197.64,692426.112700,0
1771652700000,84.4900,84.4900,84.3700,84.3800,16079.26,1771652999999,1357844.317200,2054,5311.47,448603.223800,0
1771653000000,84.3700,84.4900,84.3700,84.4400,8834.09,1771653299999,745820.143200,1631,4047.40,341690.567600,0
1771653300000,84.4400,84.4600,84.3900,84.4200,9520.35,1771653599999,803635.995600,1224,5849.92,493839.693600,0
1771653600000,84.4200,84.5200,84.4200,84.5000,24207.77,1771653899999,2044941.131200,2356,17778.51,1501886.299500,0
1771653900000,84.5000,84.6000,84.4600,84.5800,29236.28,1771654199999,2472163.754500,3453,20337.58,1719727.793100,0
1771654200000,84.5800,84.7100,84.5600,84.7000,22339.52,1771654499999,1891258.731600,2679,15503.11,1312472.824000,0
1771654500000,84.7100,84.7400,84.6300,84.6400,18852.39,1771654799999,1596580.364200,2641,6426.82,544331.416500,0
1771654800000,84.6400,84.6600,84.5500,84.5800,10325.81,1771655099999,873664.194100,1622,3532.51,298861.269400,0
1771655100000,84.5800,84.5900,84.2500,84.2900,173067.93,1771655399999,14608763.721400,8208,39021.95,3293910.332300,0
1771655400000,84.2800,84.3100,83.9600,84.0700,217685.56,1771655699999,18311276.182600,12580,72656.79,6111080.680900,0
1771655700000,84.0600,84.1400,84.0000,84.0700,36036.03,1771655999999,3029482.893500,3955,17638.96,1482848.638500,0
1771656000000,84.0700,84.1400,84.0600,84.0800,18872.05,1771656299999,1587238.473000,2181,9820.50,825995.267900,0
1771656300000,84.0700,84.0900,83.9800,84.0300,22704.69,1771656599999,1907991.248800,3018,6233.26,523905.688600,0
1771656600000,84.0200,84.0800,84.0100,84.0300,15966.80,1771656899999,1341978.050800,2239,7712.17,648203.265200,0
1771656900000,84.0400,84.1100,84.0300,84.0800,11638.27,1771657199999,978419.554500,1572,7659.21,643908.150500,0
1771657200000,84.0700,84.1000,83.9100,83.9600,29309.71,1771657499999,2461467.817100,3454,9598.40,806013.340200,0
1771657500000,83.9600,84.1300,83.9200,84.0600,84522.30,1771657799999,7101750.997000,6100,45595.45,3830715.870100,0
1771657800000,84.0600,84.1100,83.9900,84.0200,53728.49,1771658099999,4515843.892000,4294,30552.05,2567887.250400,0
1771658100000,84.0300,84.1100,84.0100,84.1000,15899.67,1771658399999,1336579.833700,2323,9639.76,810379.442600,0
1771658400000,84.0900,84.1300,84.0600,84.0900,14797.84,1771658699999,1244354.362700,1673,4220.43,354950.622700,0
1771658700000,84.0800,84.1400,84.0800,84.1200,11712.76,1771658999999,985210.662200,1531,8069.95,678822.367900,0
1771659000000,84.1100,84.1900,84.1000,84.1700,17858.98,1771659299999,1502808.145100,2221,12117.49,1019712.837100,0
1771659300000,84.1600,84.2900,84.0500,84.2400,54703.24,1771659599999,4605554.718900,4991,27766.93,2337921.656400,0
1771659600000,84.2300,84.2500,84.1500,84.1800,37500.68,1771659899999,3157269.042600,3354,13546.02,1140570.972400,0
1771659900000,84.1700,84.1800,84.1100,84.1200,9729.39,1771660199999,818604.376800,1498,3497.57,294267.948900,0
1771660200000,84.1300,84.1900,84.0900,84.0900,11440.02,1771660499999,962485.680100,1551,5945.78,500270.644200,0
1771660500000,84.0900,84.1800,84.0700,84.1800,13898.31,1771660799999,1169108.442400,1746,8099.71,681351.180600,0
1771660800000,84.1700,84.2400,84.1400,84.2200,23954.49,1771661099999,2016739.866700,3002,13590.06,1144225.642700,0
1771661100000,84.2100,84.3200,84.1700,84.2800,32028.49,1771661399999,2698676.433700,2997,21347.43,1798895.802100,0
1771661400000,84.2700,84.3300,84.2700,84.2800,18709.18,1771661699999,1577065.777100,2112,11839.37,997999.946800,0
1771661700000,84.2800,84.3900,84.2500,84.2900,26223.97,1771661999999,2211408.001200,2875,12990.45,1095408.071600,0
1771662000000,84.2900,84.3700,84.2900,84.3500,13461.35,1771662299999,1135243.309200,1424,7898.78,666124.691800,0
1771662300000,84.3500,84.3800,84.3300,84.3400,12804.52,1771662599999,1080126.805500,1290,5632.62,475159.237000,0
1771662600000,84.3300,84.4100,84.3100,84.4000,14629.99,1771662899999,1234304.007200,2030,6966.06,587727.320000,0
1771662900000,84.4000,84.4000,84.2600,84.2700,17138.71,1771663199999,1445050.066800,2100,5277.68,444919.730800,0
1771663200000,84.2600,84.5000,84.2300,84.4600,43528.75,1771663499999,3673205.586700,3226,24247.90,2046771.041000,0
1771663500000,84.4600,84.5300,84.3900,84.4900,29608.01,1771663799999,2501260.954900,2718,20337.34,1718207.093400,0
1771663800000,84.5000,84.6000,84.4500,84.6000,31555.08,1771664099999,2666978.895400,2907,20106.33,1699517.237500,0
1771664100000,84.6000,84.6900,84.5300,84.6700,67338.02,1771664399999,5697866.913600,4704,39904.32,3376726.203200,0
1771664400000,84.6600,84.7600,84.6400,84.6800,56511.00,1771664699999,4786411.840900,4594,26427.17,2238588.678000,0
1771664700000,84.6700,84.7000,84.6100,84.6400,29337.10,1771664999999,2483601.098000,3337,11740.16,993920.101600,0
1771665000000,84.6400,84.6900,84.6300,84.6400,19730.37,1771665299999,1670376.998400,2435,6827.34,577997.578600,0
1771665300000,84.6300,84.8900,84.6300,84.8400,72851.10,1771665599999,6178565.525900,5392,53176.16,4509497.886100,0
1771665600000,84.8500,85.1500,84.8100,85.0900,130290.40,1771665899999,11076264.248000,9037,81760.56,6950671.541400,0
1771665900000,85.0800,85.1000,84.9700,85.0300,42036.86,1771666199999,3574715.918900,3756,17506.93,1488779.191700,0
1771666200000,85.0200,85.0900,84.9300,84.9700,64160.90,1771666499999,5454204.861900,5491,26453.49,2249184.592600,0
1771666500000,84.9800,85.0400,84.9200,85.0200,75669.23,1771666799999,6431139.619300,4677,49541.52,4210777.572100,0
1771666800000,85.0300,85.1100,84.9400,84.9700,39979.05,1771667099999,3399952.688800,3550,19675.99,1673588.096300,0
1771667100000,84.9800,85.0800,84.9300,85.0200,29710.65,1771667399999,2525764.030000,3260,13707.26,1165350.097600,0
1771667400000,85.0200,85.0200,84.8300,84.8400,33982.86,1771667699999,2885626.609300,3404,7590.94,644681.546800,0
1771667700000,84.8500,84.9200,84.8300,84.8600,32164.53,1771667999999,2729865.319600,2588,16999.01,1442835.712100,0
1771668000000,84.8700,85.0000,84.8500,84.9200,39613.05,1771668299999,3364412.333800,3933,19497.44,1656242.383200,0
1771668300000,84.9200,85.0000,84.8800,84.8800,22795.11,1771668599999,1936076.476100,2671,10549.62,896080.828600,0
1771668600000,84.8900,84.9000,84.8400,84.8800,27684.51,1771668899999,2349396.928000,2305,12471.46,1058397.872000,0
1771668900000,84.8800,84.9700,84.8700,84.9300,24293.25,1771669199999,2063042.682500,2809,12563.42,1066938.260000,0
1771669200000,84.9200,85.0000,84.8800,84.9800,22122.04,1771669499999,1879512.676900,2150,10435.39,886665.505200,0
1771669500000,84.9800,85.0800,84.9600,85.0400,26406.32,1771669799999,2245362.784200,2405,17295.08,1470586.626200,0
1771669800000,85.0300,85.0800,85.0000,85.0200,27447.46,1771670099999,2334012.034600,2688,12234.58,1040431.972300,0
1771670100000,85.0300,85.2400,85.0200,85.1300,51101.32,1771670399999,4351374.817300,4441,34640.29,2949660.155800,0
1771670400000,85.1200,85.1200,84.9700,85.0600,27557.67,1771670699999,2342744.590100,2761,12854.65,1092740.703600,0
1771670700000,85.0500,85.0500,84.9700,85.0100,13389.70,1771670999999,1138231.434600,2075,4618.17,392602.034300,0
1771671000000,85.0200,85.1500,85.0100,85.0600,27385.18,1771671299999,2330212.475600,2290,15609.40,1328367.442200,0
1771671300000,85.0600,85.1100,85.0400,85.1100,16529.96,1771671599999,1406165.297100,1965,8805.00,749043.612400,0
1771671600000,85.1100,85.2700,85.0900,85.1400,47822.02,1771671899999,4074151.378500,4418,28274.08,2409154.683600,0
1771671900000,85.1400,85.3900,85.1400,85.3900,56810.24,1771672199999,4845063.247600,4999,39562.50,3374008.545100,0
1771672200000,85.3800,85.6700,85.3600,85.5600,205288.68,1771672499999,17554927.800200,11878,129266.97,11055286.618700,0
1771672500000,85.5600,85.5600,85.3800,85.4400,81697.69,1771672799999,6982097.410200,6139,32250.94,2756286.761300,0
1771672800000,85.4400,85.5100,85.3200,85.3200,45589.57,1771673099999,3894656.794200,4640,17942.31,1533009.112100,0
1771673100000,85.3300,85.4000,85.2800,85.3400,35106.19,1771673399999,2995947.077400,2964,12627.79,1077724.598400,0
1771673400000,85.3400,85.3700,85.2000,85.2700,39516.82,1771673699999,3369347.834100,3696,15961.76,1361115.100000,0
1771673700000,85.2800,85.3500,85.2400,85.2600,27049.92,1771673999999,2307234.250300,2804,12434.87,1060695.514500,0
1771674000000,85.2500,85.3500,85.2400,85.3500,58770.67,1771674299999,5012147.843700,3784,31150.71,2656688.892600,0
1771674300000,85.3400,85.4800,85.3200,85.3400,46050.42,1771674599999,3932769.753500,4564,21208.87,1811220.551600,0
1771674600000,85.3400,85.3800,85.2600,85.3000,23473.51,1771674899999,2002631.878200,2545,6499.56,554533.037300,0
1771674900000,85.2900,85.3500,85.2700,85.3500,21884.17,1771675199999,1866777.284700,2104,11322.41,965876.107500,0
1771675200000,85.3500,85.4900,85.3500,85.3600,39455.88,1771675499999,3370465.982100,4203,23391.67,1998141.252400,0
1771675500000,85.3700,85.3700,85.2100,85.2300,36186.35,1771675799999,3085871.477500,3734,10123.70,863288.439900,0
1771675800000,85.2300,85.2500,85.0900,85.1200,65509.97,1771676099999,5578296.702700,4755,17205.39,1464932.284100,0
1771676100000,85.1200,85.1700,85.0800,85.1400,40262.53,1771676399999,3427137.685000,3166,21401.89,1821814.349100,0
1771676400000,85.1400,85.2800,85.1400,85.2400,33470.62,1771676699999,2852395.234600,2888,18920.44,1612468.591100,0
1771676700000,85.2500,85.3000,85.0800,85.1400,43188.26,1771676999999,3678631.166600,3778,14122.40,1203085.706400,0
1771677000000,85.1400,85.1400,84.9600,85.0000,82658.76,1771677299999,7027433.888800,5454,25210.24,2143424.446500,0
1771677300000,84.9900,85.1200,84.9900,85.0700,36070.12,1771677599999,3068052.664500,3415,21379.12,1818581.294500,0
1771677600000,85.0600,85.1200,85.0400,85.0700,27423.14,1771677899999,2333011.239300,2729,14524.02,1235650.903700,0
1771677900000,85.0700,85.2300,85.0600,85.2200,39566.33,1771678199999,3368334.824000,3876,24654.05,2098859.167300,0
1771678200000,85.2100,85.3100,85.1600,85.3000,32699.16,1771678499999,2787056.396600,3210,22864.20,1948958.965300,0
1771678500000,85.3000,85.3300,85.2200,85.2500,67818.72,1771678799999,5783189.814400,2853,50122.51,4274287.225400,0
1771678800000,85.2600,85.3700,85.2000,85.2300,108854.85,1771679099999,9283663.801700,4166,85396.23,7283040.715200,0
1771679100000,85.2400,85.3500,85.2400,85.3400,26132.39,1771679399999,2229359.489500,2605,12467.77,1063622.194600,0
1771679400000,85.3500,85.3500,85.2100,85.2800,15615.15,1771679699999,1331699.950900,2214,5667.18,483388.122500,0
1771679700000,85.2800,85.2800,85.1100,85.2400,28880.34,1771679999999,2460328.880400,3045,11587.85,987195.940100,0
1771680000000,85.2400,85.4800,85.2300,85.4300,34448.11,1771680299999,2941441.684100,3263,20580.39,1757177.969100,0
1771680300000,85.4200,85.4800,85.3300,85.3700,60599.76,1771680599999,5176121.399200,4058,28468.70,2431784.839000,0
1771680600000,85.3800,85.4200,85.3000,85.3100,24592.49,1771680899999,2099442.089200,2938,9030.68,771051.966500,0
1771680900000,85.3100,85.3300,85.2600,85.3300,21363.12,1771681199999,1822174.260700,2563,12073.66,1029879.161300,0
1771681200000,85.3200,85.3700,85.2700,85.2800,15685.51,1771681499999,1338352.442900,2104,8815.74,752207.820900,0
1771681500000,85.2800,85.3800,85.2700,85.3600,23926.27,1771681799999,2041465.788100,2399,13927.91,1188413.886700,0
1771681800000,85.3600,85.5300,85.3500,85.4800,47845.69,1771682099999,4088435.532100,3883,35723.40,3052581.629200,0
1771682100000,85.4800,85.9300,85.4600,85.8100,203964.00,1771682399999,17491259.799000,12396,134730.13,11553660.899500,0
1771682400000,85.8100,85.8300,85.6400,85.6600,58563.52,1771682699999,5019874.748700,5374,27277.25,2337980.150400,0
1771682700000,85.6500,85.8000,85.5800,85.6800,71335.52,1771682999999,6111720.843800,5963,42214.35,3616877.946100,0
1771683000000,85.6900,85.7800,85.6200,85.7000,53569.17,1771683299999,4590906.659400,4448,23256.19,1993258.112800,0
1771683300000,85.7000,85.7000,85.6000,85.7000,28396.19,1771683599999,2432191.376500,3057,15642.46,1339874.120200,0
1771683600000,85.7000,86.6300,85.6800,86.3800,585296.85,1771683899999,50530511.189300,31953,358276.90,30928482.801700,0
1771683900000,86.3900,86.5500,86.1700,86.2300,171058.46,1771684199999,14771418.199700,11369,73780.34,6371541.151800,0
1771684200000,86.2200,86.4500,86.1800,86.3400,150548.40,1771684499999,12998573.248200,10243,82827.31,7151599.381100,0
1771684500000,86.3400,86.4200,86.2200,86.3900,72992.81,1771684799999,6300177.954500,6265,36341.77,3136974.769800,0
1771684800000,86.3800,86.4200,86.2300,86.3300,57804.29,1771685099999,4991251.010500,4851,33971.81,2933711.086700,0
1771685100000,86.3300,86.4100,86.2200,86.2400,49643.99,1771685399999,4285666.538100,5388,22791.68,1967884.622600,0
1771685400000,86.2400,86.5600,86.2300,86.3500,80906.79,1771685699999,6994341.594200,6509,38467.72,3325661.108000,0
1771685700000,86.3500,86.3500,86.2000,86.2700,75162.00,1771685999999,6484079.670700,5501,23802.16,2053435.098600,0
1771686000000,86.2700,86.3700,86.2000,86.2400,48005.90,1771686299999,4142019.756500,4887,24638.47,2125882.117600,0
1771686300000,86.2400,86.3900,86.1600,86.3600,49246.61,1771686599999,4248274.288600,5412,24921.32,2150087.771500,0
1771686600000,86.3500,86.6800,86.3100,86.5300,128838.65,1771686899999,11149208.463100,9213,81309.25,7036332.001400,0
1771686900000,86.5300,86.5800,86.4500,86.5300,56478.74,1771687199999,4885917.902300,5089,29376.07,2541511.302700,0
1771687200000,86.5400,86.5700,86.4100,86.5100,66445.85,1771687499999,5747927.492300,5269,33920.56,2934562.435500,0
1771687500000,86.5200,86.5500,86.2300,86.2500,62348.62,1771687799999,5385065.959100,5323,25447.07,2198192.047300,0
1771687800000,86.2500,86.3300,86.1300,86.3000,71760.66,1771688099999,6187514.130800,6506,33889.73,2922474.390500,0
1771688100000,86.3100,86.3300,86.2200,86.3000,27979.19,1771688399999,2414242.874800,3256,12751.65,1100327.847000,0
1771688400000,86.3000,86.6400,86.2800,86.5700,66769.03,1771688699999,5777296.977100,5980,32673.53,2826707.463300,0
1771688700000,86.5700,86.6500,86.5400,86.6100,60742.03,1771688999999,5259995.657700,5921,29313.09,2538411.186700,0
1771689000000,86.6100,86.6300,86.5000,86.5500,37908.48,1771689299999,3281871.382100,4319,17272.54,1495576.947500,0
1771689300000,86.5500,86.5800,86.5100,86.5200,43296.86,1771689599999,3747191.614600,3703,21760.78,1883355.123200,0
1771689600000,86.5200,86.6200,86.0700,86.0800,169444.18,1771689899999,14619888.252500,12506,71889.51,6202784.977900,0
1771689900000,86.0800,86.1800,85.8800,86.1500,147432.82,1771690199999,12682374.345600,10968,75242.58,6473130.888500,0
1771690200000,86.1500,86.2800,86.1300,86.1500,51916.32,1771690499999,4474438.049200,5023,25931.62,2235042.173800,0
1771690500000,86.1500,86.2100,85.9900,86.0800,94536.36,1771690799999,8139326.962100,6223,50423.66,4342193.372300,0
1771690800000,86.0800,86.1700,85.8300,85.9600,115858.49,1771691099999,9962364.122600,6957,40966.51,3523044.776500,0
1771691100000,85.9600,86.0900,85.8200,86.0700,88364.43,1771691399999,7596712.015500,6179,53997.57,4642365.035700,0
1771691400000,86.0700,86.0900,85.8000,85.9400,64923.27,1771691699999,5577624.747600,5526,17627.55,1514723.190700,0
1771691700000,85.9400,86.2200,85.9400,86.1900,48380.04,1771691999999,4166596.750200,4905,28903.11,2488997.586700,0
1771692000000,86.1900,86.2300,86.1200,86.2200,28260.46,1771692299999,2435521.392900,3080,13009.33,1121202.728500,0
1771692300000,86.2200,86.2200,86.1100,86.1200,24110.64,1771692599999,2077311.888700,2946,9937.41,856215.003500,0
1771692600000,86.1100,86.2200,86.1100,86.2000,20606.97,1771692899999,1775844.516600,2607,10405.26,896751.884400,0
1771692900000,86.1900,86.2200,86.0800,86.1000,15250.69,1771693199999,1313666.474500,2385,5232.73,450772.918100,0
1771693200000,86.0900,86.1000,85.9700,85.9900,41843.09,1771693499999,3599797.674300,4289,16971.85,1460167.311400,0
1771693500000,86.0000,86.0300,85.7700,85.8800,54495.38,1771693799999,4678640.667800,5093,16928.01,1453558.788800,0
1771693800000,85.8900,86.0400,85.8600,86.0200,159045.49,1771694099999,13669301.484700,7493,111150.11,9553842.657900,0
1771694100000,86.0200,86.0700,85.8300,85.8400,80572.41,1771694399999,6927103.100200,4890,40756.33,3504360.086000,0
1771694400000,85.8400,86.1000,85.8200,86.0300,70363.62,1771694699999,6049705.903300,4321,43795.47,3765438.050600,0
1771694700000,86.0300,86.2400,85.9800,86.0400,156385.23,1771694999999,13468594.798000,8280,111151.41,9573211.170400,0
1771695000000,86.0500,86.1000,86.0200,86.0700,16767.45,1771695299999,1443089.404600,2368,8179.53,703990.382600,0
1771695300000,86.0700,86.2400,86.0600,86.2000,40398.65,1771695599999,3481781.710400,3582,26500.41,2284007.084100,0
1771695600000,86.2100,86.4200,86.2000,86.3000,61578.50,1771695899999,5315346.796000,5742,32577.11,2811964.143300,0
1771695900000,86.2900,86.3500,86.2000,86.2200,51230.25,1771696199999,4420014.515200,4392,17341.04,1496346.200800,0
1771696200000,86.2200,86.2400,86.1200,86.2100,29902.82,1771696499999,2576814.142100,3253,11190.52,964435.188300,0
1771696500000,86.2000,86.2300,86.1200,86.1900,16657.41,1771696799999,1435323.069700,2256,7480.71,644647.403700,0
1771696800000,86.1900,86.3700,86.1400,86.3400,22486.18,1771697099999,1939329.488100,3199,10968.61,946126.021600,0
1771697100000,86.3400,86.3900,86.2000,86.2000,16063.18,1771697399999,1386365.379600,2347,7126.75,615121.288800,0
1771697400000,86.2100,86.2400,86.1400,86.1600,16078.40,1771697699999,1385800.990600,2237,6150.24,530133.177000,0
1771697700000,86.1600,86.2800,86.1300,86.2500,21213.24,1771697999999,1828237.863000,2356,11841.82,1020708.588800,0
1771698000000,86.2600,86.3200,86.1900,86.2800,51502.77,1771698299999,4441797.418200,4370,14488.62,1249646.285100,0
1771698300000,86.2800,86.3000,86.1400,86.1900,14920.10,1771698599999,1286512.182500,2137,6109.39,526747.949200,0
1771698600000,86.1900,86.2600,86.1500,86.2300,16688.70,1771698899999,1438642.623900,2220,9806.12,845364.560600,0
1771698900000,86.2200,86.4000,86.2200,86.3900,30027.26,1771699199999,2592947.873400,3600,16033.99,1384420.225600,0
1771699200000,86.3900,86.4400,86.3500,86.3800,22735.88,1771699499999,1964248.136900,2566,12380.67,1069673.015900,0
1771699500000,86.3700,86.6700,86.3400,86.6200,200710.82,1771699799999,17361330.476400,7791,166006.74,14359185.795000,0
1771699800000,86.6200,86.6400,86.5300,86.6000,42239.48,1771700099999,3657797.197000,3227,19800.88,1714707.839500,0
1771700100000,86.6000,86.6400,86.4600,86.5300,40583.60,1771700399999,3512485.088900,3363,17305.41,1497571.041300,0
1771700400000,86.5300,86.5600,86.3700,86.4300,58463.57,1771700699999,5053981.322000,5137,25459.84,2200816.097500,0
1771700700000,86.4200,86.5800,86.3900,86.5500,20510.67,1771700999999,1773520.520800,3009,9711.84,839913.264500,0
1771701000000,86.5400,86.6400,86.4700,86.6000,36620.55,1771701299999,3171022.778200,3662,24346.39,2108207.543000,0
1771701300000,86.6000,86.6400,86.4900,86.5600,26990.22,1771701599999,2336876.600300,2514,10799.46,935169.127300,0
1771701600000,86.5500,86.5500,86.4100,86.4800,13562.88,1771701899999,1172683.423100,2036,5898.20,509967.295200,0
1771701900000,86.4900,86.5600,86.4400,86.4500,24081.72,1771702199999,2083479.669000,2229,12747.69,1102934.277200,0
1771702200000,86.4500,86.4600,86.3100,86.4200,32031.29,1771702499999,2766774.466600,2979,9958.34,860180.039100,0
1771702500000,86.4200,86.5000,86.3900,86.4200,9958.98,1771702799999,860834.478100,1959,4005.10,346172.290700,0
1771702800000,86.4200,86.4500,86.3200,86.3800,30412.60,1771703099999,2626849.568900,2621,8394.94,725283.737500,0
1771703100000,86.3700,86.3800,86.3200,86.3400,9734.67,1771703399999,840599.599200,1664,4388.85,378983.356900,0
1771703400000,86.3400,86.3400,86.2100,86.2300,28930.85,1771703699999,2495421.910100,2925,8309.60,716720.192200,0
1771703700000,86.2400,86.2700,86.1300,86.1700,57394.35,1771703999999,4946378.496400,3505,18042.68,1555006.178000,0
1771704000000,86.1600,86.1700,86.0300,86.0700,45858.11,1771704299999,3947837.012100,4051,13932.13,1199311.911800,0
1771704300000,86.0700,86.1400,85.9900,86.0300,40340.65,1771704599999,3471981.223700,4073,21227.49,1827268.697300,0
1771704600000,86.0300,86.1200,85.8600,85.8600,57685.21,1771704899999,4960196.406700,4351,12879.59,1107372.614000,0
1771704900000,85.8600,86.0800,85.8600,86.0400,40611.87,1771705199999,3491825.449800,3516,29049.77,2497559.645100,0
1771705200000,86.0400,86.0700,85.9800,86.0600,17441.49,1771705499999,1500314.030000,1898,10516.63,904693.501200,0
1771705500000,86.0600,86.0800,86.0200,86.0400,10634.65,1771705799999,915183.499500,1452,6555.81,564190.218100,0
1771705800000,86.0400,86.0700,86.0000,86.0100,9238.49,1771706099999,794768.447700,1318,3339.36,287305.982100,0
1771706100000,86.0100,86.0100,85.7600,85.8500,43845.57,1771706399999,3765089.245500,4068,13528.18,1161921.988500,0
1771706400000,85.8600,85.8600,85.2100,85.3000,314917.32,1771706699999,26913734.577300,20078,117797.50,10064042.528200,0
1771706700000,85.3100,85.5600,85.3000,85.5100,78907.27,1771706999999,6742188.757900,6770,44046.20,3763168.970900,0
1771707000000,85.5000,85.6400,85.4000,85.5400,65526.15,1771707299999,5604948.918600,5474,29989.07,2565098.000500,0
1771707300000,85.5400,85.6200,85.3900,85.4100,75069.11,1771707599999,6418277.199100,5335,28321.11,2422377.106900,0
1771707600000,85.4200,85.5700,85.3500,85.5300,63319.85,1771707899999,5412358.099700,6656,33429.03,2857534.523700,0
1771707900000,85.5200,85.5800,85.4200,85.5700,41039.93,1771708199999,3508296.348800,3852,13969.54,1194763.117500,0
1771708200000,85.5700,85.5700,85.4100,85.5300,24742.33,1771708499999,2115282.761200,3255,9980.19,853291.629200,0
1771708500000,85.5300,85.6100,85.4600,85.4600,53170.98,1771708799999,4547192.608500,3920,24337.29,2081647.044800,0
1771708800000,85.4600,85.6300,85.4600,85.6200,33766.00,1771709099999,2889321.066300,3313,20005.07,1711664.568000,0
1771709100000,85.6100,85.6800,85.6000,85.6100,32345.74,1771709399999,2770185.938200,2424,16359.66,1401172.918600,0
1771709400000,85.6000,85.7700,85.5900,85.7000,50144.81,1771709699999,4297930.427500,3920,35500.93,3043046.997000,0
1771709700000,85.7000,85.7500,85.6600,85.7000,40163.25,1771709999999,3442424.052000,2778,22582.27,1935717.265800,0
1771710000000,85.7000,85.7300,85.5800,85.6200,13827.63,1771710299999,1184498.015400,2039,4289.40,367487.830100,0
1771710300000,85.6100,85.6800,85.6000,85.6300,10432.42,1771710599999,893527.049100,1932,5057.35,433161.948600,0
1771710600000,85.6200,85.7000,85.6200,85.7000,7381.78,1771710899999,632288.672300,1139,5445.53,466449.910600,0
1771710900000,85.7000,85.8000,85.6900,85.7900,25696.53,1771711199999,2203961.435400,2107,17984.33,1542538.383900,0
1771711200000,85.7900,85.8500,85.7200,85.7800,32857.97,1771711499999,2818810.749100,3630,14155.22,1214262.721400,0
1771711500000,85.7800,85.8100,85.7000,85.7300,16168.41,1771711799999,1386289.038400,2431,9816.85,841682.974900,0
1771711800000,85.7300,85.7300,85.4900,85.5800,35348.29,1771712099999,3025519.928200,3501,12103.18,1035708.422700,0
1771712100000,85.5700,85.5900,85.4600,85.5900,29949.00,1771712399999,2561037.316800,2705,18966.16,1621826.974500,0
1771712400000,85.5900,85.7100,85.5600,85.6000,18862.53,1771712699999,1615223.407800,2031,11360.37,972828.190200,0
1771712700000,85.6000,85.6100,85.5000,85.5700,18044.29,1771712999999,1543898.881800,1966,9320.01,797481.969100,0
1771713000000,85.5700,85.6100,85.4900,85.5400,12955.28,1771713299999,1108400.280300,1844,7979.17,682700.279100,0
1771713300000,85.5300,85.6200,85.4200,85.4500,22421.60,1771713599999,1917930.911100,2781,8718.64,745733.709400,0
1771713600000,85.4500,85.5500,85.3200,85.4200,44050.61,1771713899999,3763521.245900,4813,20962.11,1790989.842500,0
1771713900000,85.4300,85.5600,85.3400,85.4300,38101.23,1771714199999,3255236.721400,3727,22167.92,1894017.308200,0
1771714200000,85.4400,85.4800,85.3200,85.4500,21652.04,1771714499999,1849162.525000,2835,8554.62,730601.438100,0
1771714500000,85.4400,85.5000,85.3700,85.4000,26192.95,1771714799999,2237744.657900,3025,12311.25,1051762.132200,0
1771714800000,85.4100,85.5100,85.3300,85.3400,36219.06,1771715099999,3093833.762700,4270,17559.27,1500191.459300,0
1771715100000,85.3500,85.3700,85.2000,85.2100,83548.18,1771715399999,7123718.355400,6502,30639.16,2612731.376100,0
1771715400000,85.2200,85.2500,85.1300,85.1500,158823.15,1771715699999,13531582.338600,5259,31090.07,2648922.416900,0
1771715700000,85.1600,85.2500,85.0700,85.0900,58774.20,1771715999999,5006021.808900,4425,20160.61,1717346.921000,0
1771716000000,85.0900,85.3400,85.0900,85.3100,31713.37,1771716299999,2702990.032500,3248,23687.08,2018774.203500,0
1771716300000,85.3100,85.3800,85.2300,85.3400,41420.09,1771716599999,3533637.086500,3946,28222.24,2407733.231300,0
1771716600000,85.3500,85.3600,85.2800,85.3200,22629.43,1771716899999,1930824.507100,2646,12861.40,1097430.546700,0
1771716900000,85.3200,85.3300,85.2400,85.2700,12480.08,1771717199999,1064273.113700,2064,5700.39,486143.554800,0
1771717200000,85.2700,85.2700,85.2200,85.2200,11570.62,1771717499999,986310.945900,1983,5150.75,439083.576400,0
1771717500000,85.2200,85.2600,85.1400,85.1900,20853.05,1771717799999,1776890.807100,2803,9960.44,848809.138000,0
1771717800000,85.2000,85.2300,85.1500,85.1500,15002.31,1771718099999,1278193.393300,2093,7607.95,648232.462300,0
1771718100000,85.1500,85.2100,85.1200,85.1200,11378.92,1771718399999,969220.845400,1668,4493.26,382727.085000,0
1771718400000,85.1200,85.1300,84.9600,85.1000,94766.74,1771718699999,8058718.183000,7449,46459.39,3951084.012100,0
1771718700000,85.0900,85.1600,85.0000,85.1500,34959.62,1771718999999,2974013.452600,4169,23979.67,2040049.192500,0
1771719000000,85.1500,85.1800,85.0700,85.0700,18420.19,1771719299999,1568377.297300,2770,9517.75,810426.160600,0
1771719300000,85.0700,85.1700,84.9900,85.0800,35111.59,1771719599999,2986824.834100,4007,22968.28,1953735.867400,0
1771719600000,85.0800,85.0800,84.7800,84.8700,104318.80,1771719899999,8857315.064700,6619,35786.58,3038527.540700,0
1771719900000,84.8700,84.8800,84.7700,84.8600,71821.50,1771720199999,6092326.834100,4805,27134.44,2301858.327200,0
1771720200000,84.8600,84.9200,84.7400,84.8500,57846.14,1771720499999,4908164.946500,4723,35831.16,3040602.547900,0
1771720500000,84.8500,84.9200,84.8300,84.8800,22986.89,1771720799999,1950896.540400,2803,15243.20,1293725.941100,0
1771720800000,84.8800,84.9600,84.7700,84.7800,28777.40,1771721099999,2442803.947800,3216,14567.76,1236784.913500,0
1771721100000,84.7800,84.8700,84.7100,84.7600,28733.63,1771721399999,2436086.008800,3801,15884.28,1346695.438600,0
1771721400000,84.7600,84.9000,84.7100,84.9000,46187.32,1771721699999,3915355.260400,4245,30842.12,2614689.623700,0
1771721700000,84.9000,85.0300,84.8900,85.0100,38887.86,1771721999999,3304187.086500,3593,30225.57,2568272.011900,0
1771722000000,85.0100,85.2100,85.0100,85.1200,48810.55,1771722299999,4154728.478700,4835,32001.44,2724032.908100,0
1771722300000,85.1100,85.2100,85.1100,85.1300,28309.77,1771722599999,2411105.374500,3587,19487.29,1659772.973300,0
1771722600000,85.1200,85.1300,85.0400,85.0600,17076.04,1771722899999,1452814.637000,2466,6986.90,594434.646200,0
1771722900000,85.0600,85.2200,85.0000,85.1600,55854.67,1771723199999,4754365.461800,4587,37955.53,3231234.530200,0
1771723200000,85.1600,85.2600,85.1200,85.2500,31251.47,1771723499999,2662204.993000,2864,23438.59,1996678.057300,0
1771723500000,85.2500,85.3000,85.2100,85.2500,23741.53,1771723799999,2024051.593200,2829,15700.73,1338521.191700,0
1771723800000,85.2600,85.3600,85.1900,85.2000,32141.03,1771724099999,2741034.575300,3813,18228.71,1554727.162100,0
1771724100000,85.2100,85.2200,85.1400,85.1500,14653.31,1771724399999,1248215.554400,2586,7256.32,618154.095300,0
1771724400000,85.1400,85.2200,85.1400,85.2200,22618.49,1771724699999,1926713.447400,2988,15570.61,1326383.020500,0
1771724700000,85.2100,85.3800,85.1400,85.1500,88512.19,1771724999999,7543765.284100,4959,43770.49,3730541.898800,0
1771725000000,85.1500,85.2600,85.1500,85.1900,42267.31,1771725299999,3601590.625000,3060,22563.03,1922631.878300,0
1771725300000,85.2000,85.2800,85.1100,85.2800,51150.81,1771725599999,4358281.693500,3258,39878.12,3397956.578900,0
1771725600000,85.2800,85.3700,85.1600,85.2600,35127.12,1771725899999,2995570.641000,3794,19535.03,1666070.816500,0
1771725900000,85.2600,85.5600,85.2200,85.4800,66991.49,1771726199999,5721621.467800,5900,48763.04,4165241.765000,0
1771726200000,85.4900,85.5200,85.3700,85.4200,30404.83,1771726499999,2597808.018800,3228,13660.03,1167051.018900,0
1771726500000,85.4200,85.4400,85.1500,85.1900,51628.55,1771726799999,4401733.929700,4742,24170.37,2060544.675700,0
1771726800000,85.1900,85.2200,85.0500,85.0500,49602.21,1771727099999,4222831.464300,3706,18666.85,1589346.089500,0
1771727100000,85.0500,85.1100,84.9600,84.9700,34241.37,1771727399999,2912033.957400,3327,11718.96,996885.001500,0
1771727400000,84.9700,85.0800,84.9600,85.0400,32997.83,1771727699999,2805684.037300,3277,20547.36,1747153.748100,0
1771727700000,85.0400,85.0500,84.8000,84.8500,71380.94,1771727999999,6061325.585200,5957,27842.05,2364613.130900,0
1771728000000,84.8400,84.9800,84.8400,84.9500,36372.74,1771728299999,3087849.831700,3798,17122.42,1453889.506200,0
1771728300000,84.9500,85.0400,84.8700,84.8700,30049.94,1771728599999,2553248.302600,3149,12160.61,1033584.887900,0
1771728600000,84.8800,85.0000,84.8800,84.9800,16792.64,1771728899999,1426492.438600,2090,12267.31,1042072.072200,0
1771728900000,84.9800,85.0300,84.8400,84.9000,29055.36,1771729199999,2467424.919600,2928,12330.52,1047087.508700,0
1771729200000,84.9100,85.0500,84.8800,84.9200,26254.83,1771729499999,2230119.991000,3198,12871.53,1093391.992600,0
1771729500000,84.9100,85.0400,84.8800,85.0200,31026.91,1771729799999,2636322.202500,3265,22978.02,1952476.497300,0
1771729800000,85.0100,85.0900,84.9400,85.0400,24682.54,1771730099999,2098992.381400,3332,14500.06,1233107.779700,0
1771730100000,85.0400,85.1100,84.6200,84.7500,112533.61,1771730399999,9547219.490300,8756,42178.65,3581157.154100,0
1771730400000,84.7600,84.9000,84.6800,84.6900,100623.90,1771730699999,8528753.772400,5943,48859.11,4141244.758900,0
1771730700000,84.6900,84.8500,84.6900,84.8000,26446.96,1771730999999,2242208.058600,3288,16697.56,1415659.639100,0
1771731000000,84.8000,84.9500,84.7400,84.8800,27187.99,1771731299999,2305967.273100,3401,14199.61,1204289.013300,0
1771731300000,84.8900,84.9700,84.8500,84.9600,21732.56,1771731599999,1845095.350900,2604,13003.70,1104032.966800,0
1771731600000,84.9600,85.0100,84.8600,84.9900,32746.91,1771731899999,2781996.636600,3296,22594.26,1919698.897500,0
1771731900000,84.9900,85.0600,84.8900,85.0100,34724.57,1771732199999,2951196.335700,3368,20058.41,1704911.247400,0
1771732200000,85.0200,85.0700,84.9800,84.9900,13246.48,1771732499999,1126329.292400,1974,8097.23,688493.735100,0
1771732500000,84.9900,85.0400,84.9500,85.0300,19338.60,1771732799999,1643716.383300,2035,13982.68,1188555.318700,0
1771732800000,85.0300,85.3000,85.0000,85.2300,66109.77,1771733099999,5630908.554900,5433,52360.90,4459549.039200,0
1771733100000,85.2300,85.2400,85.0900,85.1200,33485.14,1771733399999,2851741.229900,3750,16903.46,1439636.647600,0
1771733400000,85.1100,85.1700,85.1100,85.1400,14092.41,1771733699999,1199745.110000,2310,8589.35,731267.670300,0
1771733700000,85.1400,85.1500,85.0600,85.0700,16353.23,1771733999999,1391652.353100,2155,7921.30,674095.779200,0
1771734000000,85.0700,85.0800,84.9100,84.9400,21794.32,1771734299999,1852131.110200,2832,9016.89,766259.366100,0
1771734300000,84.9500,85.0200,84.9400,84.9600,12047.74,1771734599999,1023878.984000,1871,6796.33,577575.186900,0
1771734600000,84.9600,85.0800,84.9500,85.0500,15908.47,1771734899999,1352511.922600,2043,12965.94,1102371.563900,0
1771734900000,85.0400,85.1400,85.0400,85.0600,19074.35,1771735199999,1623108.633600,1963,13209.43,1124034.988300,0
1771735200000,85.0500,85.0800,84.9900,85.0600,10420.89,1771735499999,886109.043100,1675,4779.05,406396.195300,0
1771735500000,85.0600,85.0800,85.0200,85.0500,9914.97,1771735799999,843345.772000,1281,4922.20,418663.303900,0
1771735800000,85.0500,85.1500,85.0500,85.1300,10312.86,1771736099999,877729.734100,1348,7214.61,614039.496800,0
1771736100000,85.1300,85.1400,85.0700,85.1000,9415.42,1771736399999,801241.453000,1401,4133.20,351758.749500,0
1771736400000,85.1000,85.1600,85.0100,85.0100,16942.32,1771736699999,1441790.208700,2341,8302.88,706647.998600,0
1771736700000,85.0200,85.0600,84.9000,84.9200,19759.79,1771736999999,1679232.758300,2798,5948.03,505479.667200,0
1771737000000,84.9200,84.9400,84.8200,84.9300,22051.38,1771737299999,1871929.200900,3064,8291.86,703869.351400,0
1771737300000,84.9300,84.9400,84.8600,84.9100,19811.66,1771737599999,1682086.363300,2131,5462.54,463800.151800,0
1771737600000,84.9100,84.9400,84.8800,84.9400,8060.05,1771737899999,684429.756900,1360,4676.06,397082.624800,0
1771737900000,84.9400,84.9900,84.9100,84.9400,7405.98,1771738199999,629147.040600,1170,3971.13,337355.634100,0
1771738200000,84.9400,84.9500,84.8900,84.9100,19632.37,1771738499999,1667120.283100,1719,4997.01,424355.151000,0
1771738500000,84.9200,84.9700,84.8600,84.8600,9739.30,1771738799999,827071.807200,1615,5518.71,468692.013800,0
1771738800000,84.8600,84.8900,84.8000,84.8200,12807.19,1771739099999,1086473.193900,1863,3844.39,326161.964300,0
1771739100000,84.8200,84.8900,84.7300,84.8800,68421.13,1771739399999,5802396.890700,4956,34758.17,2948031.790900,0
1771739400000,84.8800,84.9300,84.8400,84.9000,29591.53,1771739699999,2511876.114200,2300,14223.81,1207451.204700,0
1771739700000,84.9000,84.9800,84.8600,84.9300,38853.18,1771739999999,3299009.792100,2812,14569.50,1237194.924600,0
1771740000000,84.9200,85.0800,84.9100,85.0800,24820.99,1771740299999,2109357.567300,2978,18760.38,1594384.468100,0
1771740300000,85.0800,85.1000,85.0500,85.0600,22363.38,1771740599999,1902419.058000,2735,13379.12,1138177.050800,0
1771740600000,85.0600,85.0700,84.9300,84.9800,14885.70,1771740899999,1265066.806000,2578,4892.91,415784.111000,0
1771740900000,84.9800,85.0200,84.9500,85.0100,9359.86,1771741199999,795385.548900,1815,5683.20,482988.182300,0
1771741200000,85.0200,85.0200,84.8900,84.9400,13912.59,1771741499999,1181617.431900,1848,4976.15,422595.900300,0
1771741500000,84.9400,85.2000,84.9300,85.1200,60057.28,1771741799999,5111462.958800,4080,44938.35,3824288.564000,0
1771741800000,85.1300,85.2800,85.0700,85.2700,29715.38,1771742099999,2531178.292800,3262,19693.03,1677388.519600,0
1771742100000,85.2700,85.2700,85.1500,85.1600,29408.39,1771742399999,2505643.241400,3114,10255.54,873691.211400,0
1771742400000,85.1700,85.2100,85.1400,85.1800,28611.96,1771742699999,2437134.288300,2951,18304.79,1559279.424000,0
1771742700000,85.1700,85.2400,85.1600,85.1900,21935.01,1771742999999,1868864.247100,2181,11080.70,944057.570900,0
1771743000000,85.1900,85.2400,85.1700,85.2200,13385.62,1771743299999,1140412.737800,1452,7869.83,670477.041500,0
1771743300000,85.2100,85.2800,85.1800,85.2400,39771.94,1771743599999,3389547.028200,2688,20201.19,1721713.375600,0
1771743600000,85.2400,85.2500,85.1800,85.2000,51935.98,1771743899999,4425614.468500,2833,11592.36,987903.503700,0
1771743900000,85.2100,85.2600,85.0900,85.2500,101018.52,1771744199999,8605915.654200,3559,21780.07,1855283.982100,0
1771744200000,85.2400,85.2800,85.2200,85.2700,23664.60,1771744499999,2017565.901600,2193,15161.82,1292670.841700,0
1771744500000,85.2600,85.2700,85.1600,85.1900,14948.34,1771744799999,1273885.095700,2222,6424.19,547453.305700,0
1771744800000,85.2000,85.2200,85.1700,85.1900,11083.59,1771745099999,944290.020800,1564,6245.29,532085.625900,0
1771745100000,85.1800,85.3200,85.1500,85.2500,29293.36,1771745399999,2497472.960800,2553,16510.39,1407666.951700,0
1771745400000,85.2600,85.4000,85.2500,85.3900,27533.67,1771745699999,2349328.371100,3199,19123.45,1631787.401900,0
1771745700000,85.3800,85.3900,85.3100,85.3800,22828.35,1771745999999,1948471.777900,2236,10646.38,908716.518600,0
1771746000000,85.3700,85.4500,85.3700,85.4200,34163.24,1771746299999,2917925.659100,3343,19776.41,1689171.931300,0
1771746300000,85.4200,85.5000,85.4000,85.4300,114177.98,1771746599999,9759923.205200,4670,93719.82,8011553.208100,0
1771746600000,85.4300,85.4500,85.3100,85.3300,38377.31,1771746899999,3276775.908300,4003,12448.28,1062876.145600,0
1771746900000,85.3400,85.3700,85.1800,85.1900,26787.42,1771747199999,2283835.815600,3267,9937.45,847302.637200,0
1771747200000,85.1900,85.2100,85.1100,85.1600,33158.37,1771747499999,2823535.305000,4031,17107.93,1456807.666900,0
1771747500000,85.1600,85.1600,85.0300,85.0800,41474.00,1771747799999,3528986.630900,3834,16273.52,1384638.600500,0
1771747800000,85.0800,85.1200,85.0500,85.0900,18836.81,1771748099999,1602811.082700,2582,7876.45,670213.463100,0
1771748100000,85.0900,85.1000,85.0300,85.0600,39851.05,1771748399999,3389672.593400,2915,16173.10,1375645.668900,0
1771748400000,85.0700,85.1000,84.8900,84.9400,41007.05,1771748699999,3485638.705800,3316,13344.40,1134482.356800,0
1771748700000,84.9400,84.9500,84.8100,84.9100,59839.70,1771748999999,5079326.287300,4386,26516.82,2250922.952800,0
1771749000000,84.9100,84.9500,84.8300,84.8900,36835.33,1771749299999,3126912.463300,3236,20140.06,1709786.989100,0
1771749300000,84.8900,85.0200,84.8800,84.9900,27033.11,1771749599999,2296574.460200,3065,19540.98,1660136.764900,0
1771749600000,84.9800,84.9900,84.9000,84.9600,22785.84,1771749899999,1935554.168400,2500,12709.61,1079645.625000,0
1771749900000,84.9700,84.9900,84.8800,84.8900,20935.94,1771750199999,1778187.701800,2303,7499.06,636984.306300,0
1771750200000,84.8900,84.9100,84.8500,84.8800,16750.90,1771750499999,1421736.096700,1684,6687.40,567633.444800,0
1771750500000,84.8900,84.9800,84.8700,84.9100,16211.47,1771750799999,1376795.677400,1934,10528.61,894113.707600,0
1771750800000,84.9100,85.0100,84.8800,84.9800,20169.03,1771751099999,1713352.850400,2971,12495.49,1061524.248100,0
1771751100000,84.9900,85.0000,84.9300,85.0000,15159.18,1771751399999,1288080.932400,1862,7205.48,612261.035600,0
1771751400000,85.0000,85.0100,84.9100,85.0100,20880.74,1771751699999,1774173.184000,2653,11667.91,991389.188900,0
1771751700000,85.0100,85.1400,84.9900,85.1000,25902.13,1771751999999,2203433.401800,3399,18050.01,1535626.155600,0
1771752000000,85.1000,85.1300,85.0600,85.0900,19123.10,1771752299999,1627308.095900,2074,9787.59,832879.367900,0
1771752300000,85.0800,85.0900,84.9900,85.0200,14413.83,1771752599999,1225716.210100,1593,5374.27,457029.896100,0
1771752600000,85.0300,85.0900,84.9700,85.0500,14162.36,1771752899999,1204017.932500,2242,6003.30,510433.178900,0
1771752900000,85.0500,85.0900,84.9800,85.0200,12291.21,1771753199999,1045087.323500,1869,5694.28,484185.948800,0
1771753200000,85.0200,85.0700,84.9800,85.0600,13223.03,1771753499999,1124232.476400,1834,6790.88,577355.292000,0
1771753500000,85.0600,85.0900,85.0400,85.0400,16148.90,1771753799999,1373664.315100,1963,9869.61,839552.966600,0
1771753800000,85.0400,85.0400,84.9100,84.9800,21137.10,1771754099999,1795869.519400,2798,12524.88,1064146.604300,0
1771754100000,84.9800,85.0200,84.9500,84.9700,10680.35,1771754399999,907597.350000,1649,6633.11,563671.451900,0
1771754400000,84.9700,85.0800,84.9400,85.0800,20028.25,1771754699999,1702558.620900,2409,15745.87,1338596.338800,0
1771754700000,85.0800,85.1800,85.0700,85.1100,24781.87,1771754999999,2109818.765500,3105,14259.69,1213990.443100,0
1771755000000,85.1200,85.1300,85.0900,85.1300,9564.96,1771755299999,814087.330900,1587,4832.50,411317.534000,0
1771755300000,85.1300,85.1400,85.0600,85.1400,12973.87,1771755599999,1104036.307800,1855,7531.95,640967.209900,0
1771755600000,85.1300,85.2400,85.1100,85.1800,24121.37,1771755899999,2054569.720500,2587,12913.09,1100018.486800,0
1771755900000,85.1800,85.2100,85.1200,85.1600,13617.28,1771756199999,1159771.880400,1723,5437.33,463045.556100,0
1771756200000,85.1600,85.2500,85.0900,85.1100,48121.41,1771756499999,4099327.125300,2858,34413.52,2931753.768100,0
1771756500000,85.1000,85.2000,85.1000,85.1800,17646.77,1771756799999,1502873.868700,1698,8055.15,686013.202600,0
1771756800000,85.1900,85.2300,85.1600,85.1700,14254.19,1771757099999,1214513.766500,1457,7784.45,663289.914400,0
1771757100000,85.1700,85.2100,85.1100,85.2000,23774.18,1771757399999,2024927.726000,1868,8428.02,717891.710300,0
1771757400000,85.2000,85.2300,85.1200,85.1400,14738.17,1771757699999,1255366.798700,1859,8638.05,735734.088300,0
1771757700000,85.1300,85.1800,85.1300,85.1600,17625.47,1771757999999,1500942.233600,1596,10252.55,873106.295100,0
1771758000000,85.1700,85.4300,85.1700,85.3300,59433.69,1771758299999,5070280.433000,5277,40284.55,3436693.015500,0
1771758300000,85.3300,85.3800,85.3000,85.3300,26982.17,1771758599999,2302579.245500,3245,9458.06,807159.402400,0
1771758600000,85.3400,85.3800,85.3000,85.3100,20420.31,1771758899999,1742429.828600,2945,6036.19,515099.443500,0
1771758900000,85.3100,85.4000,85.3000,85.3600,25762.58,1771759199999,2198794.500800,3091,10550.77,900468.904700,0
1771759200000,85.3500,85.3700,85.2400,85.2900,15180.90,1771759499999,1294874.182400,2466,3861.22,329320.319000,0
1771759500000,85.2900,85.3500,85.2600,85.2700,14097.58,1771759799999,1202439.423200,1752,5440.46,464066.131000,0
1771759800000,85.2700,85.3500,85.2400,85.3200,21852.89,1771760099999,1863632.293800,2628,11669.27,995156.609400,0
1771760100000,85.3300,85.4000,85.1600,85.1900,43776.79,1771760399999,3733905.104800,3346,15337.64,1308503.829700,0
1771760400000,85.2000,85.2300,85.0900,85.1400,21268.83,1771760699999,1811088.586500,2734,10400.60,885679.304400,0
1771760700000,85.1500,85.2100,85.1300,85.1900,12065.49,1771760999999,1027452.369600,1410,7548.76,642862.756900,0
1771761000000,85.1900,85.2200,85.1700,85.2000,7417.44,1771761299999,632010.425500,1159,4588.49,390979.620200,0
1771761300000,85.2100,85.2100,85.1800,85.2000,7465.10,1771761599999,636015.024200,1009,3257.12,277514.405100,0
1771761600000,85.2000,85.2600,84.9900,85.0100,43214.28,1771761899999,3676874.212700,4676,14054.16,1195908.760600,0
1771761900000,85.0100,85.0200,84.8000,84.8800,77861.61,1771762199999,6609459.710600,6627,33379.83,2833620.756800,0
1771762200000,84.8900,84.9000,84.8000,84.8500,44163.99,1771762499999,3747218.905800,3672,22487.35,1908093.601600,0
1771762500000,84.8400,84.9600,84.8300,84.8300,49923.02,1771762799999,4238740.250000,3867,29687.76,2520743.909100,0
1771762800000,84.8300,84.9200,84.6300,84.8300,132831.81,1771763099999,11260647.174400,6904,27046.02,2293132.737800,0
1771763100000,84.8300,84.9000,84.8300,84.8800,40481.09,1771763399999,3435435.038600,3518,24493.55,2078723.309500,0
1771763400000,84.8900,84.8900,84.7400,84.7500,39176.26,1771763699999,3322339.972300,3510,17343.54,1470887.843800,0
1771763700000,84.7400,84.7900,84.3200,84.3500,181345.26,1771763999999,15322970.455600,10726,55083.54,4655977.782900,0
1771764000000,84.3600,84.4600,84.2900,84.3300,184739.72,1771764299999,15589738.323500,10848,103997.76,8776917.095200,0
1771764300000,84.3300,84.4900,84.2700,84.4500,90503.96,1771764599999,7638953.764700,6835,60101.89,5073391.195100,0
1771764600000,84.4600,84.5100,84.3600,84.3700,47133.83,1771764899999,3980121.223200,4079,20705.90,1748780.527800,0
1771764900000,84.3700,84.4700,84.3300,84.4000,33532.51,1771765199999,2830457.616200,3008,20511.63,1731403.163900,0
1771765200000,84.4000,84.5900,84.4000,84.5400,64495.31,1771765499999,5450086.427300,5921,43578.93,3682629.434200,0
1771765500000,84.5300,84.5400,84.1600,84.2800,98857.36,1771765799999,8331722.949100,8439,34460.42,2904284.341000,0
1771765800000,84.2800,84.4000,84.2700,84.3800,55076.31,1771766099999,4645268.037700,4945,38097.55,3213142.782000,0
1771766100000,84.3900,84.5000,84.3200,84.3200,65149.50,1771766399999,5499553.131500,5462,30536.34,2578152.446200,0
1771766400000,84.3200,84.3300,84.2100,84.2900,84742.88,1771766699999,7140510.769300,5116,56411.12,4753317.701500,0
1771766700000,84.2900,84.3500,84.1500,84.1900,45171.55,1771766999999,3806396.033100,4204,15523.56,1308354.312600,0
1771767000000,84.2000,84.3300,84.1000,84.1600,107438.61,1771767299999,9045971.479800,7858,53462.74,4502149.523000,0
1771767300000,84.1600,84.1800,83.8200,83.8400,209864.54,1771767599999,17630419.177200,14968,62186.94,5225125.510700,0
1771767600000,83.8500,83.8800,83.6200,83.8100,192110.38,1771767899999,16091482.230900,13347,95774.78,8022919.439200,0
1771767900000,83.8100,83.9700,83.7100,83.8700,174982.15,1771768199999,14669715.323200,11140,106061.54,8892635.226300,0
1771768200000,83.8700,83.9400,83.8100,83.8700,49796.26,1771768499999,4176213.321200,4699,23235.92,1948828.452600,0
1771768500000,83.8800,83.9600,83.8100,83.9400,33204.24,1771768799999,2785422.677400,3538,20562.43,1724982.496000,0
1771768800000,83.9500,84.0100,83.7100,83.7200,65142.92,1771769099999,5464423.572900,6237,26698.57,2240269.548400,0
1771769100000,83.7300,83.8300,83.5600,83.6900,163884.84,1771769399999,13714983.097800,11321,73216.74,6128167.356200,0
1771769400000,83.6900,83.8400,83.6500,83.8000,62677.81,1771769699999,5247402.375300,5122,39538.50,3310213.148200,0
1771769700000,83.7900,83.8500,83.5700,83.6200,96526.19,1771769999999,8079050.864000,6703,46274.86,3872718.233000,0
1771770000000,83.6100,83.8400,83.6100,83.7300,80947.71,1771770299999,6777774.210200,4954,43119.79,3610826.513900,0
1771770300000,83.7300,83.8100,83.7000,83.7900,34124.37,1771770599999,2858030.902900,3168,23489.08,1967279.559200,0
1771770600000,83.7900,84.0300,83.7700,83.9600,83937.06,1771770899999,7044173.177500,6379,56605.43,4750757.921200,0
1771770900000,83.9600,84.0200,83.8600,83.9100,60233.62,1771771199999,5055342.877600,4809,33708.46,2829140.234300,0
1771771200000,83.9100,83.9300,83.6100,83.6500,96654.69,1771771499999,8093609.456500,7106,28717.44,2405148.175300,0
1771771500000,83.6500,83.7100,83.3200,83.4200,256833.69,1771771799999,21445544.181600,16322,85968.82,7181097.757200,0
1771771800000,83.4200,83.7100,83.4200,83.5800,96157.36,1771772099999,8039138.005000,8168,52513.83,4390390.560100,0
1771772100000,83.5800,83.6100,83.5300,83.6000,43870.26,1771772399999,3666261.735600,4155,17853.49,1492110.913700,0
1771772400000,83.6000,83.6400,83.5300,83.5800,50293.50,1771772699999,4203783.219200,4931,21323.21,1782297.740300,0
1771772700000,83.5700,83.6000,83.1400,83.3200,278531.04,1771772999999,23198453.364600,15099,111434.31,9281650.339000,0
1771773000000,83.3200,83.4000,83.2900,83.3500,180963.43,1771773299999,15083346.509700,6568,47508.70,3960082.147100,0
1771773300000,83.3500,83.3700,82.9400,83.0500,271425.60,1771773599999,22554138.388600,13886,100231.35,8329564.587900,0
1771773600000,83.0500,83.2100,83.0400,83.1900,140466.29,1771773899999,11675937.514100,7314,87034.95,7234860.051400,0
1771773900000,83.2000,83.4600,83.1800,83.4600,125575.23,1771774199999,10466720.359600,7766,92519.34,7711339.396600,0
1771774200000,83.4500,83.5400,83.3600,83.5300,208279.35,1771774499999,17386833.097900,7771,90309.03,7538184.738500,0
1771774500000,83.5200,83.6800,83.4300,83.6500,107134.24,1771774799999,8951298.882900,7331,71930.06,6010424.538000,0
1771774800000,83.6500,83.6500,83.4000,83.5700,70393.98,1771775099999,5879968.281100,5458,35063.33,2929262.786800,0
1771775100000,83.5800,83.6300,83.4800,83.4800,55087.47,1771775399999,4602925.787700,3837,19505.64,1630302.464000,0
1771775400000,83.4800,83.5700,83.4800,83.5500,30166.73,1771775699999,2519663.240700,2974,15661.03,1308093.000800,0
1771775700000,83.5600,83.5600,83.4000,83.4400,41533.09,1771775999999,3466757.014000,3363,15035.05,1255141.727700,0
1771776000000,83.4400,83.5000,83.3500,83.4100,48285.10,1771776299999,4027497.305000,4721,22314.85,1861456.407100,0
1771776300000,83.4200,83.4300,83.2000,83.2900,49985.64,1771776599999,4163222.178900,4954,13699.33,1140951.398700,0
1771776600000,83.3000,83.3300,83.2300,83.2300,25419.18,1771776899999,2117015.054900,2999,13379.68,1114319.953400,0
1771776900000,83.2400,83.3300,83.2100,83.3200,28352.21,1771777199999,2360912.739300,2856,18955.66,1578531.481000,0
1771777200000,83.3300,83.3600,83.2200,83.2200,27664.18,1771777499999,2304930.486300,2627,17384.32,1448491.319700,0
1771777500000,83.2200,83.2800,83.1300,83.1800,33175.81,1771777799999,2760483.476200,3196,16073.87,1337531.562400,0
1771777800000,83.1900,83.3000,83.1800,83.2800,28099.38,1771778099999,2339321.736700,3142,18792.98,1564563.866200,0
1771778100000,83.2800,83.2900,83.1700,83.1700,23615.96,1771778399999,1965998.561400,2702,8866.26,738151.818200,0
1771778400000,83.1700,83.3000,83.1700,83.2800,27432.33,1771778699999,2283867.655600,2222,11260.67,937434.514600,0
1771778700000,83.2800,83.5000,83.2600,83.4200,64771.01,1771778999999,5403048.037100,5288,50031.88,4173751.952000,0
1771779000000,83.4200,83.4900,83.3500,83.4800,28557.18,1771779299999,2382279.824600,3078,15487.19,1292025.481400,0
1771779300000,83.4900,83.5800,83.4700,83.5200,56510.68,1771779599999,4720215.396700,3511,44393.50,3708099.453600,0
1771779600000,83.5300,83.5600,83.4400,83.4500,29578.64,1771779899999,2469823.314200,3450,14219.49,1187509.182300,0
1771779900000,83.4400,83.4500,83.2500,83.3000,53923.56,1771780199999,4494344.838600,5170,15667.41,1305468.426500,0
1771780200000,83.3000,83.4200,83.2600,83.2700,36876.07,1771780499999,3072934.266200,3855,23365.61,1947120.133200,0
1771780500000,83.2800,83.3400,83.2000,83.2500,53725.28,1771780799999,4473286.420200,3982,26305.15,2190284.654000,0
1771780800000,83.2500,83.2900,83.2000,83.2800,19073.55,1771781099999,1587741.953500,2660,12396.13,1031919.652600,0
1771781100000,83.2800,83.3700,83.2700,83.2700,24248.91,1771781399999,2020325.133600,3025,16464.54,1371743.657900,0
1771781400000,83.2700,83.3200,82.7900,82.8700,217568.71,1771781699999,18057699.167300,14133,95150.16,7899225.636100,0
1771781700000,82.8700,82.9500,82.7600,82.8600,114118.05,1771781999999,9454181.504800,8790,51898.54,4299808.635400,0
1771782000000,82.8700,82.9300,82.7900,82.8100,88297.72,1771782299999,7314578.535200,5448,52609.72,4358065.792200,0
1771782300000,82.8200,83.0200,82.8200,82.9400,72658.41,1771782599999,6024303.038600,5800,50511.93,4188089.781900,0
1771782600000,82.9300,82.9900,82.8300,82.9800,41373.81,1771782899999,3429681.294800,4141,19717.42,1634628.456300,0
1771782900000,82.9800,83.0700,82.9300,83.0100,34387.54,1771783199999,2854549.146200,4087,18460.39,1532494.425400,0
1771783200000,83.0000,83.0400,82.9100,83.0400,42884.75,1771783499999,3558464.608100,4248,21604.25,1792730.830400,0
1771783500000,83.0300,83.1200,82.9600,83.1100,41078.47,1771783799999,3410488.360600,4183,17989.08,1493614.188500,0
1771783800000,83.1000,83.1800,83.0400,83.1100,33028.20,1771784099999,2744469.650800,3720,18726.63,1556179.107900,0
1771784100000,83.1200,83.2400,82.9900,83.0100,41906.96,1771784399999,3483530.343400,3909,15151.41,1260113.829600,0
1771784400000,83.0200,83.0300,82.9300,83.0000,28511.36,1771784699999,2366339.042100,2590,14165.21,1175691.102200,0
1771784700000,83.0100,83.1000,82.9300,83.0900,56748.97,1771784999999,4712650.593300,3216,37449.47,3110438.784500,0
1771785000000,83.0900,83.0900,82.9500,83.0300,44627.82,1771785299999,3704864.434100,2909,7380.45,612597.273000,0
1771785300000,83.0200,83.1100,82.9600,83.1100,31278.66,1771785599999,2596241.165100,2729,17032.51,1413856.935700,0
1771785600000,83.1100,83.1400,83.0400,83.1300,13617.28,1771785899999,1131547.935100,1844,7380.27,613339.331000,0
1771785900000,83.1400,83.2200,83.1200,83.1600,23784.96,1771786199999,1978023.981000,2097,10358.50,861574.522300,0
1771786200000,83.1700,83.2200,83.1400,83.1700,19301.16,1771786499999,1605415.279400,1860,10538.06,876537.115700,0
1771786500000,83.1700,83.1900,83.1200,83.1600,16732.20,1771786799999,1391373.245100,1807,9181.35,763514.940600,0
1771786800000,83.1600,83.2600,83.1600,83.2300,24590.42,1771787099999,2046467.880500,3155,12941.70,1077095.137200,0
1771787100000,83.2200,83.2400,83.1600,83.2000,14470.22,1771787399999,1203956.931300,2239,7955.49,661967.007100,0
1771787400000,83.1900,83.1900,82.9700,83.0400,31092.32,1771787699999,2581859.332700,3222,10953.82,909643.408600,0
1771787700000,83.0500,83.1600,83.0400,83.1400,18404.63,1771787999999,1529210.060300,1853,8524.08,708384.622000,0
1771788000000,83.1400,83.1900,83.1200,83.1700,15073.54,1771788299999,1253547.036600,1732,8042.45,668828.600000,0
1771788300000,83.1700,83.1800,83.0900,83.1200,10541.85,1771788599999,876211.671700,1697,5348.54,444544.858800,0
1771788600000,83.1200,83.2300,83.0700,83.2300,17254.05,1771788899999,1434936.579200,2181,12175.32,1012647.730200,0
1771788900000,83.2200,83.2900,83.2100,83.2900,21143.66,1771789199999,1760459.613400,1871,13480.31,1122382.679400,0
1771789200000,83.2900,83.3200,83.2500,83.3100,20731.69,1771789499999,1726654.379700,1874,13641.29,1136191.588900,0
1771789500000,83.3100,83.3400,83.2800,83.3300,28930.50,1771789799999,2410044.396900,2254,16786.33,1398452.927900,0
1771789800000,83.3400,83.3600,83.1900,83.2600,18428.48,1771790099999,1534693.026000,2411,8068.12,671958.231900,0
1771790100000,83.2600,83.2600,83.2200,83.2500,11590.60,1771790399999,964794.821100,1376,4899.16,407823.430400,0
1771790400000,83.2400,83.2700,83.1900,83.2000,22979.84,1771790699999,1912587.251100,2458,13235.82,1101541.847900,0
1771790700000,83.2000,83.3200,83.1500,83.2100,20704.45,1771790999999,1723007.469100,2271,12913.82,1074648.228000,0
1771791000000,83.2100,83.2200,83.0100,83.0300,34025.74,1771791299999,2827500.070400,3260,7241.80,601789.363800,0
1771791300000,83.0200,83.2200,83.0200,83.2200,37470.80,1771791599999,3113993.076100,3078,21113.11,1754571.638600,0
1771791600000,83.2200,83.3100,83.1900,83.2500,24461.15,1771791899999,2036003.913300,2914,14741.53,1226990.008200,0
1771791900000,83.2500,83.2600,83.1500,83.1900,29399.99,1771792199999,2445917.483500,2138,8547.81,710988.957700,0
1771792200000,83.2000,83.2100,83.0900,83.1500,28725.49,1771792499999,2388184.009000,3040,11461.86,953002.351700,0
1771792500000,83.1600,83.1700,83.1200,83.1300,22141.17,1771792799999,1840959.367900,2163,12623.49,1049616.518600,0
1771792800000,83.1400,83.1700,83.0600,83.1100,19545.79,1771793099999,1624536.382800,2102,11919.10,990706.068200,0
1771793100000,83.1200,83.2500,83.1200,83.2200,14311.60,1771793399999,1190648.885700,1856,11576.99,963128.693400,0
1771793400000,83.2100,83.2200,82.9100,82.9800,172889.60,1771793699999,14350399.050500,4789,20958.57,1739810.353400,0
1771793700000,82.9800,83.0600,82.9400,82.9700,25271.65,1771793999999,2097424.307500,2089,9653.00,801190.799600,0
1771794000000,82.9700,83.1700,82.9700,83.1400,26978.47,1771794299999,2241802.225000,3509,17875.39,1485290.552000,0
1771794300000,83.1300,83.1800,83.0700,83.0900,9655.00,1771794599999,802611.178100,2368,3583.34,297879.399300,0
1771794600000,83.0800,83.1600,83.0800,83.0900,15704.39,1771794899999,1305304.040500,2268,4939.98,410601.874600,0
1771794900000,83.1000,83.1600,83.0900,83.1400,11151.34,1771795199999,927079.080100,1977,6235.96,518444.331400,0
1771795200000,83.1400,83.1800,83.1000,83.1100,9372.18,1771795499999,779159.027100,1626,5039.65,418992.677000,0
1771795500000,83.1100,83.1600,83.0000,83.0300,13163.69,1771795799999,1093870.081800,2043,4756.60,395259.062100,0
1771795800000,83.0400,83.1500,82.9900,83.1200,28574.74,1771796099999,2374440.363300,3389,19358.34,1608824.849900,0
1771796100000,83.1200,83.4000,83.1100,83.3800,47855.76,1771796399999,3985009.231500,3900,29489.93,2455430.419500,0
1771796400000,83.3800,83.3900,83.2900,83.3800,29416.60,1771796699999,2451031.755900,2590,19625.56,1635282.834800,0
1771796700000,83.3800,83.4800,83.3500,83.4500,44672.41,1771796999999,3726738.406600,3363,31258.65,2608037.094500,0
1771797000000,83.4400,83.5300,83.4300,83.4600,32171.16,1771797299999,2685386.182100,2889,20860.66,1741330.800800,0
1771797300000,83.4600,83.4900,83.4200,83.4400,20296.45,1771797599999,1693677.139900,1664,5862.36,489249.232400,0
1771797600000,83.4400,83.5400,83.4200,83.4300,32181.40,1771797899999,2686449.180900,2875,13304.79,1110594.673100,0
1771797900000,83.4300,83.4600,83.3100,83.3300,22639.81,1771798199999,1888144.679200,2681,5007.49,417587.550200,0
1771798200000,83.3300,83.3600,83.1800,83.2700,36708.61,1771798499999,3057417.583500,4285,18600.39,1549380.962000,0
1771798500000,83.2700,83.3500,83.2600,83.2800,16447.81,1771798799999,1370167.501300,2611,6526.74,543722.984700,0
1771798800000,83.2800,83.6600,83.2700,83.5100,56540.89,1771799099999,4722222.445000,5725,33157.55,2769608.244800,0
1771799100000,83.5100,83.5200,83.2100,83.2400,57003.59,1771799399999,4753264.273700,4943,20752.94,1730217.740300,0
1771799400000,83.2400,83.3500,83.0300,83.3300,95402.16,1771799699999,7931447.987500,8465,59061.20,4909873.264800,0
1771799700000,83.3300,83.3300,83.1300,83.2400,23537.10,1771799999999,1958442.665200,2988,10604.91,882405.099400,0
1771800000000,83.2300,83.5300,83.2300,83.4400,61833.47,1771800299999,5156659.397700,6157,39103.79,3261019.802700,0
1771800300000,83.4400,83.6200,83.4300,83.5300,48647.91,1771800599999,4063432.577100,4805,23538.88,1966044.146200,0
1771800600000,83.5200,83.5500,83.4400,83.5300,34516.27,1771800899999,2881796.824300,4064,19755.69,1649488.002100,0
1771800900000,83.5400,83.6000,83.5100,83.5200,22139.22,1771801199999,1849722.058000,2955,10380.94,867381.675400,0
1771801200000,83.5200,83.6000,83.3700,83.4900,37749.26,1771801499999,3151294.053000,5028,18502.69,1544549.405300,0
1771801500000,83.4900,83.5400,83.1600,83.1900,153179.26,1771801799999,12764573.760900,11061,71663.09,5972047.071500,0
1771801800000,83.1900,83.2400,82.9100,82.9300,152720.14,1771802099999,12683558.278900,11613,87600.02,7275829.838700,0
1771802100000,82.9200,83.0300,82.7400,82.8100,144717.24,1771802399999,11994875.964800,10807,73010.74,6052570.987900,0
1771802400000,82.8100,82.8300,82.5400,82.7600,173715.45,1771802699999,14358447.576300,12216,85699.15,7083303.580300,0
1771802700000,82.7600,82.7900,82.6100,82.6900,65935.65,1771802999999,5453081.750100,5652,33486.00,2769073.350500,0
1771803000000,82.7000,82.7500,82.5500,82.6600,69022.94,1771803299999,5704951.367500,6691,37218.65,3076140.936200,0
1771803300000,82.6700,82.9000,82.6300,82.7500,67477.59,1771803599999,5587561.920700,5515,41869.39,3466875.079800,0
1771803600000,82.7500,82.8000,82.4300,82.5200,106709.79,1771803899999,8806296.666700,8081,46566.27,3842682.987000,0
1771803900000,82.5200,82.6000,82.4700,82.5400,58994.87,1771804199999,4869402.713000,5540,38137.34,3148013.077600,0
1771804200000,82.5500,82.7500,82.5100,82.7500,55086.21,1771804499999,4551002.621500,4268,42432.26,3505885.894200,0
1771804500000,82.7500,82.9200,82.6700,82.7500,67681.85,1771804799999,5603342.781300,5184,41856.10,3465320.337700,0
1771804800000,82.7500,82.7600,82.5200,82.6000,85042.02,1771805099999,7027314.303100,7201,42437.60,3506979.702900,0
1771805100000,82.6000,82.8100,82.5200,82.7600,57005.16,1771805399999,4710703.770100,5830,32996.85,2727316.538400,0
1771805400000,82.7500,82.7700,82.6200,82.7400,33780.10,1771805699999,2793573.261700,4189,15442.31,1276914.283400,0
1771805700000,82.7400,82.7700,82.5900,82.6200,34927.16,1771805999999,2888107.879800,4326,19452.80,1608651.271800,0
1771806000000,82.6300,82.6300,82.5100,82.5100,32214.46,1771806299999,2660157.980000,3715,16155.58,1334155.300000,0
1771806300000,82.5200,82.5600,82.1100,82.2100,263568.72,1771806599999,21679158.573300,13804,95738.62,7873264.093600,0
1771806600000,82.2100,82.2200,81.9400,81.9600,136149.24,1771806899999,11171680.944300,10606,51810.49,4252238.052700,0
1771806900000,81.9600,82.0300,81.7700,81.8700,116066.60,1771807199999,9505298.584500,9155,50610.37,4145432.146400,0
1771807200000,81.8700,82.1300,81.8500,82.0100,117752.25,1771807499999,9658732.190600,8294,82009.19,6726570.164300,0
1771807500000,82.0100,82.0900,81.7600,82.0000,117051.43,1771807799999,9592617.957000,9292,64379.02,5276611.130300,0
1771807800000,82.0000,82.1100,81.9100,82.0700,65828.41,1771808099999,5397304.569000,5168,34284.56,2811233.061800,0
1771808100000,82.0600,82.0900,81.2600,81.3400,299097.62,1771808399999,24383316.872000,17857,100865.16,8224330.209600,0
1771808400000,81.3300,81.3300,79.8800,80.8600,1005879.80,1771808699999,80999378.505400,55190,433395.06,34904194.724700,0
1771808700000,80.8600,80.8900,78.8600,79.3400,907707.69,1771808999999,72239850.732300,53823,357857.26,28481781.208000,0
1771809000000,79.3400,79.5100,78.8500,79.3000,820771.10,1771809299999,65013241.731900,47084,402880.25,31917129.516500,0
1771809300000,79.3000,79.3100,78.5200,78.5900,627965.21,1771809599999,49507196.331400,46741,257709.91,20317019.821900,0
1771809600000,78.6000,78.7500,77.9200,78.2800,644672.80,1771809899999,50486711.065600,43647,320587.01,25109960.305000,0
1771809900000,78.2700,78.6300,77.9600,78.4300,417281.20,1771810199999,32659735.792800,31093,214797.67,16821415.806900,0
1771810200000,78.4400,78.8200,78.3100,78.7000,310487.45,1771810499999,24392304.640600,26598,181966.47,14298424.834400,0
1771810500000,78.7000,78.7300,78.4100,78.7300,213275.07,1771810799999,16758492.520400,20506,112832.91,8866553.566600,0
1771810800000,78.7200,78.8200,78.3400,78.4600,195784.85,1771811099999,15367568.839100,15364,102732.66,8062876.048400,0
1771811100000,78.4600,78.5700,77.4600,77.9100,671201.46,1771811399999,52310967.927800,47177,279713.22,21799841.895300,0
1771811400000,77.9000,78.1700,77.3900,77.6400,338053.24,1771811699999,26285858.585600,29236,146846.72,11423263.504800,0
1771811700000,77.6300,78.2600,77.5200,77.8800,273149.57,1771811999999,21313172.021000,23220,157360.11,12280333.231600,0
1771812000000,77.8800,78.1500,77.7300,78.0800,246441.25,1771812299999,19210053.704200,23084,106316.06,8288173.960900,0
1771812300000,78.0800,78.3600,78.0300,78.3500,197997.03,1771812599999,15481817.332300,18823,91556.06,7159844.493900,0
1771812600000,78.3500,78.3700,77.8400,78.1300,149483.15,1771812899999,11679165.781400,14067,69669.39,5444478.549600,0
1771812900000,78.1200,78.1700,77.9200,77.9600,121602.70,1771813199999,9489628.068600,12825,64101.93,5002726.095000,0
1771813200000,77.9600,78.1800,77.5200,77.6000,172004.62,1771813499999,13389624.059200,15589,70276.12,5471674.729200,0
1771813500000,77.6000,77.9000,77.6000,77.8900,109564.20,1771813799999,8519158.145300,11217,68014.99,5288778.171300,0
1771813800000,77.8900,78.1100,77.8300,78.0400,154841.08,1771814099999,12069902.047800,13218,84684.11,6601953.918900,0
1771814100000,78.0500,78.1000,77.7400,77.8700,125428.36,1771814399999,9774890.517200,11539,70329.21,5481416.759800,0
1771814400000,77.8700,77.9500,77.7200,77.8600,65328.02,1771814699999,5084323.558900,7327,39736.37,3092516.717500,0
1771814700000,77.8600,77.9300,77.7200,77.8000,95951.81,1771814999999,7466051.521500,8542,48581.77,3780075.335100,0
1771815000000,77.8000,77.8700,77.5500,77.6000,138735.63,1771815299999,10778534.904900,10176,53964.50,4192883.500700,0
1771815300000,77.5900,77.8200,77.4500,77.7900,144393.53,1771815599999,11206739.509600,12084,80444.11,6244778.850900,0
1771815600000,77.7800,77.9100,77.6800,77.9000,117800.11,1771815899999,9160469.169200,9964,44759.77,3481079.717600,0
1771815900000,77.8900,78.2300,77.8600,78.0200,186342.26,1771816199999,14552286.235000,13623,99368.14,7759071.272000,0
1771816200000,78.0200,78.0200,77.7500,77.9300,124665.87,1771816499999,9707917.967300,8882,56276.47,4381117.583200,0
1771816500000,77.9300,77.9500,77.5200,77.6400,132015.87,1771816799999,10257523.311400,10891,50091.71,3892484.743300,0
1771816800000,77.6400,77.6800,77.4800,77.5200,175255.33,1771817099999,13593775.268900,9990,74829.85,5804328.730200,0
1771817100000,77.5200,77.5900,77.1600,77.3900,206186.91,1771817399999,15944933.300100,15249,81724.39,6320463.267600,0
1771817400000,77.4000,77.6000,77.3900,77.5100,96134.32,1771817699999,7450168.827200,9237,44307.53,3433535.145300,0
1771817700000,77.5200,77.6900,77.4700,77.5900,144852.90,1771817999999,11237461.312700,10198,68127.32,5286433.270400,0
1771818000000,77.5800,77.7900,77.5300,77.7500,91225.44,1771818299999,7088473.810300,8256,56943.40,4424866.645700,0
1771818300000,77.7400,77.8000,77.5900,77.7500,53988.76,1771818599999,4194892.916000,6551,26988.02,2097189.934100,0
1771818600000,77.7400,77.8200,77.6400,77.8000,71507.65,1771818899999,5558334.638800,6084,33769.83,2625275.723100,0
1771818900000,77.8000,77.9200,77.5600,77.5700,145431.61,1771819199999,11305744.249300,9032,72594.52,5643382.490900,0
1771819200000,77.5800,77.6400,77.4000,77.5200,173054.20,1771819499999,13411867.324900,13144,66834.23,5180035.102700,0
1771819500000,77.5100,77.5300,77.2300,77.4600,123085.49,1771819799999,9521964.911800,10169,55218.43,4271064.539200,0
1771819800000,77.4700,77.6500,77.4500,77.5900,69840.32,1771820099999,5417014.724300,6371,43772.04,3395111.397900,0
1771820100000,77.5900,77.6600,77.4000,77.6000,69037.45,1771820399999,5353346.646600,6089,32623.33,2529731.883900,0
1771820400000,77.5900,77.6100,77.3200,77.4700,52930.86,1771820699999,4098667.027700,5495,21779.44,1686240.213100,0
1771820700000,77.4700,77.5000,77.3700,77.4400,40634.30,1771820999999,3146583.133800,4270,15976.11,1237107.766000,0
1771821000000,77.4400,77.5500,77.4300,77.5100,40638.95,1771821299999,3149495.045700,4989,22278.15,1726524.600600,0
1771821300000,77.5100,77.5100,77.0600,77.1200,153602.57,1771821599999,11863531.941700,10680,54347.03,4197378.431100,0
1771821600000,77.1300,77.3400,77.1300,77.2300,93017.45,1771821899999,7183743.999200,6963,46068.74,3558144.196900,0
1771821900000,77.2300,77.3200,77.2000,77.2300,38172.61,1771822199999,2949380.031000,4251,21024.38,1624486.832200,0
1771822200000,77.2400,77.3200,77.1800,77.2800,54911.20,1771822499999,4241746.265000,4771,26262.81,2028982.111200,0
1771822500000,77.2700,77.3200,77.2600,77.2900,28919.29,1771822799999,2235328.444600,3501,16443.01,1271019.544400,0
1771822800000,77.3000,77.3800,77.2500,77.3000,75148.93,1771823099999,5809543.621300,31452,45612.41,3526184.248100,0
1771823100000,77.3000,77.4500,77.3000,77.4400,87317.45,1771823399999,6758552.855600,6533,59552.52,4609475.841300,0
1771823400000,77.4500,77.7800,77.4300,77.6300,300415.74,1771823699999,23340494.772300,12024,121897.99,9467381.077800,0
1771823700000,77.6200,77.8700,77.6000,77.7500,141021.72,1771823999999,10965854.934400,8757,78928.57,6137965.624800,0
1771824000000,77.7600,77.8300,77.6300,77.7300,92474.11,1771824299999,7188780.248400,6464,45121.00,3507831.974300,0
1771824300000,77.7300,77.7600,77.5100,77.7500,103047.15,1771824599999,7998512.273000,7699,34707.79,2694021.661000,0
1771824600000,77.7400,77.9800,77.7400,77.8600,95548.27,1771824899999,7442364.200600,7939,51674.12,4024964.226800,0
1771824900000,77.8700,77.9000,77.7100,77.8500,56024.64,1771825199999,4360271.331400,5550,25798.78,2008185.072500,0
1771825200000,77.8500,77.9700,77.8300,77.8900,53359.73,1771825499999,4156904.847000,4275,30175.92,2350894.723600,0
1771825500000,77.9000,77.9800,77.5700,77.5800,122857.05,1771825799999,9554836.839500,7688,46471.36,3613898.682300,0
1771825800000,77.5800,77.7000,77.3600,77.6700,161499.14,1771826099999,12517368.262000,10765,77701.52,6023279.076000,0
1771826100000,77.6800,77.8000,77.6600,77.7400,77508.71,1771826399999,6025436.896200,5185,38695.37,3008138.441500,0
1771826400000,77.7400,77.8600,77.5700,77.8300,102153.27,1771826699999,7936125.869500,7442,31929.96,2482098.162800,0
1771826700000,77.8300,78.0500,77.8100,78.0400,122697.91,1771826999999,9563835.661500,8590,78130.48,6090328.387000,0
1771827000000,78.0400,78.4800,78.0200,78.3900,319129.60,1771827299999,24983684.479400,15693,195109.39,15274699.473600,0
1771827300000,78.3800,78.4800,78.3000,78.3700,197148.69,1771827599999,15457994.880500,10177,107451.67,8425480.229500,0
1771827600000,78.3800,78.6000,78.3700,78.4500,159386.71,1771827899999,12510073.299200,9786,76830.66,6029986.676000,0
1771827900000,78.4500,78.5400,78.4100,78.4200,80462.95,1771828199999,6315008.252500,6373,26711.21,2096498.286300,0
1771828200000,78.4200,78.6500,78.3500,78.6200,95151.53,1771828499999,7468975.504300,8442,50159.33,3938193.298700,0
1771828500000,78.6100,78.9000,78.5500,78.7600,217541.45,1771828799999,17131282.897500,15642,119271.56,9393195.686700,0
1771828800000,78.7600,78.8100,78.6400,78.7200,151073.10,1771829099999,11894899.806000,8929,80102.25,6307538.873300,0
1771829100000,78.7300,79.0800,78.6800,79.0000,258450.50,1771829399999,20408478.267700,13096,162041.56,12795622.805800,0
1771829400000,79.0000,79.1000,78.8900,79.0700,145991.80,1771829699999,11534802.914000,8144,78527.01,6205415.088500,0
1771829700000,79.0700,79.0900,78.9400,79.0100,57636.02,1771829999999,4553748.601300,5113,24242.21,1915436.977100,0
1771830000000,79.0000,79.3100,78.9900,79.2000,148019.22,1771830299999,11718523.434600,11639,78991.02,6253351.945400,0
1771830300000,79.2000,79.2800,78.9700,79.0300,123314.77,1771830599999,9756635.769400,8886,47323.78,3745793.846100,0
1771830600000,79.0300,79.1900,78.9300,79.1200,82244.36,1771830899999,6501788.132200,7447,43407.07,3432047.124600,0
1771830900000,79.1200,79.2100,78.9100,79.1200,97396.03,1771831199999,7701002.003500,7453,43126.28,3410821.094500,0
1771831200000,79.1200,79.1400,78.9000,79.0000,98835.96,1771831499999,7808865.887600,7040,32384.46,2558349.923700,0
1771831500000,78.9900,79.1100,78.9700,79.0300,56094.05,1771831799999,4433519.987500,5292,23398.09,1849516.081600,0
1771831800000,79.0200,79.1100,78.8300,79.0800,97417.80,1771832099999,7692010.065600,7366,31331.66,2474013.811800,0
1771832100000,79.0800,79.4500,79.0500,79.4500,97584.46,1771832399999,7732492.995300,8825,60397.05,4786191.238100,0
1771832400000,79.4500,79.6300,79.3400,79.4100,210891.15,1771832699999,16767116.741500,13196,89536.80,7120332.822400,0
1771832700000,79.4000,79.4600,79.2700,79.3200,79643.92,1771832999999,6320993.547200,7529,28290.61,2245349.928600,0
1771833000000,79.3300,79.4300,79.2900,79.3400,76511.74,1771833299999,6071389.295100,5624,40676.32,3227873.280800,0
1771833300000,79.3400,79.4000,79.2900,79.3200,46415.13,1771833599999,3682707.559000,4310,22170.68,1759164.791700,0
1771833600000,79.3200,79.3300,78.9400,79.0600,195335.64,1771833899999,15457417.618800,12744,82688.67,6544470.649500,0
1771833900000,79.0600,79.0600,78.8300,78.8800,138357.77,1771834199999,10922518.516600,8180,62654.61,4947057.385300,0
1771834200000,78.8700,79.0200,78.8700,79.0200,77722.16,1771834499999,6135164.009700,4777,54292.27,4285865.950700,0
1771834500000,79.0200,79.0700,78.8900,78.9500,61922.02,1771834799999,4890933.178900,5093,29969.46,2367414.406200,0
1771834800000,78.9500,78.9500,78.6200,78.6400,155568.96,1771835099999,12248108.829700,8238,61290.28,4825691.587000,0
1771835100000,78.6400,78.8300,78.6100,78.7300,91363.69,1771835399999,7193708.698500,5315,43474.74,3423138.464100,0
1771835400000,78.7300,78.8300,78.6400,78.6800,57841.60,1771835699999,4553496.875700,5265,29037.72,2286284.587200,0
1771835700000,78.6800,78.7100,78.5500,78.6800,90800.87,1771835999999,7139707.719500,6533,39590.87,3113444.739400,0
1771836000000,78.6800,78.7000,78.5300,78.5700,46787.38,1771836299999,3676710.339200,4032,23668.38,1859875.411900,0
1771836300000,78.5800,78.6500,78.4400,78.6500,138252.58,1771836599999,10859281.493500,8060,72579.20,5700842.382100,0
1771836600000,78.6500,78.7300,78.5600,78.6300,101052.51,1771836899999,7945594.108100,5837,61827.28,4861670.061900,0
1771836900000,78.6200,78.7500,78.6200,78.6900,46480.11,1771837199999,3657246.451900,3919,30482.74,2398438.003000,0
1771837200000,78.6900,78.9000,78.6900,78.8400,121346.76,1771837499999,9562673.575400,7598,66544.06,5244350.991400,0
1771837500000,78.8500,78.9200,78.7500,78.8000,55681.09,1771837799999,4390415.592900,5486,27725.85,2186309.215900,0
1771837800000,78.8100,78.9400,78.7900,78.8900,45134.04,1771838099999,3559700.249400,4426,24853.46,1960146.565900,0
1771838100000,78.8800,78.9800,78.7400,78.7900,80473.75,1771838399999,6347666.436700,5586,34806.96,2746049.785100,0
1771838400000,78.7800,78.8500,78.7200,78.8400,35824.00,1771838699999,2821654.382400,3490,17864.14,1407152.574400,0
1771838700000,78.8500,79.1000,78.8100,79.0400,63077.76,1771838999999,4980795.049600,5052,33268.74,2627595.885400,0
1771839000000,79.0400,79.8700,78.9800,79.6400,457820.63,1771839299999,36425972.516500,22104,237341.87,18884156.904500,0
1771839300000,79.6400,80.3000,79.6400,80.1300,394656.52,1771839599999,31595580.055800,19952,244832.55,19598603.147500,0
1771839600000,80.1300,80.1300,79.9500,80.0300,230511.07,1771839899999,18445436.509900,10833,95589.84,7649929.237800,0
1771839900000,80.0300,80.4500,80.0300,80.2400,306186.66,1771840199999,24567816.445100,15895,166294.95,13342495.334700,0
1771840200000,80.2300,80.4700,80.0800,80.4700,121951.89,1771840499999,9789344.334100,7888,56583.02,4542315.231400,0
1771840500000,80.4700,80.4800,80.3000,80.4000,73851.32,1771840799999,5935165.654500,6243,25729.32,2067859.865000,0
1771840800000,80.4000,80.6300,80.2100,80.3400,148017.74,1771841099999,11903480.708300,13234,69894.27,5622415.370600,0
1771841100000,80.3400,80.4100,80.1200,80.1500,134200.29,1771841399999,10769556.669200,9805,46509.28,3733174.489800,0
1771841400000,80.1500,80.2100,80.0900,80.1300,80727.75,1771841699999,6469143.480400,6767,37102.03,2973331.511900,0
1771841700000,80.1300,80.3500,80.0300,80.3400,114010.10,1771841999999,9141107.900200,8066,57694.22,4627468.015400,0
1771842000000,80.3500,80.5100,80.3000,80.4600,103252.99,1771842299999,8305447.732300,7194,70876.36,5701331.194600,0
1771842300000,80.4600,80.4600,80.3000,80.3400,81415.65,1771842599999,6544502.656400,6536,33309.85,2677766.318900,0
1771842600000,80.3300,80.3700,80.2000,80.2700,83220.55,1771842899999,6681237.762000,6434,37860.25,3039794.867800,0
1771842900000,80.2800,80.3400,80.2000,80.2400,63982.65,1771843199999,5135608.453900,5028,31603.20,2536691.109000,0
1771843200000,80.2500,80.4400,80.2300,80.3000,64876.15,1771843499999,5213306.933600,4877,33622.08,2701946.862000,0
1771843500000,80.3100,80.3300,80.0800,80.1400,62537.14,1771843799999,5013149.603400,5658,20127.29,1613721.318900,0
1771843800000,80.1300,80.2700,80.0500,80.2200,64304.15,1771844099999,5153582.590100,5267,35521.06,2847032.978500,0
1771844100000,80.2200,80.3100,80.1500,80.2200,51173.83,1771844399999,4105805.846000,4556,25665.61,2059270.865400,0
1771844400000,80.2200,80.2500,80.1200,80.1300,40892.74,1771844699999,3279699.225400,4318,12992.20,1042176.109500,0
1771844700000,80.1200,80.3100,80.1200,80.3000,49217.37,1771844999999,3947951.118100,4868,30316.49,2431985.734900,0
1771845000000,80.3000,80.3600,80.2500,80.3400,40616.29,1771845299999,3261863.255800,4494,25340.88,2035167.788500,0
1771845300000,80.3300,80.4700,80.3100,80.3900,68346.55,1771845599999,5493149.421400,5793,43377.44,3486294.229700,0
1771845600000,80.4000,80.5000,80.2600,80.2900,47079.61,1771845899999,3783601.546100,4727,22442.40,1804169.471300,0
1771845900000,80.2900,80.3500,80.2300,80.3300,50433.61,1771846199999,4049925.110500,4483,22805.97,1831341.760600,0
1771846200000,80.3200,80.3400,80.2100,80.2900,50755.49,1771846499999,4074269.678700,4863,19482.25,1563878.357800,0
1771846500000,80.2900,80.3300,80.0900,80.1600,64674.73,1771846799999,5184774.795400,5439,21501.44,1723581.116900,0
1771846800000,80.1500,80.2100,80.0300,80.0700,62188.04,1771847099999,4980733.188300,5328,21105.07,1690445.280900,0
1771847100000,80.0700,80.1300,79.9200,79.9400,126822.83,1771847399999,10146641.686100,7870,38815.92,3105960.160700,0
1771847400000,79.9300,80.0700,79.9300,79.9300,54900.15,1771847699999,4391497.209900,4464,25720.54,2057727.485300,0
1771847700000,79.9400,80.0300,79.9000,79.9900,59057.16,1771847999999,4721095.981400,3806,24520.57,1960222.766800,0
1771848000000,79.9900,80.0300,79.8800,79.9400,54178.21,1771848299999,4332041.053500,5446,22622.91,1809268.472800,0
1771848300000,79.9500,80.1900,79.9400,80.0800,77058.12,1771848599999,6169313.453100,6344,51240.21,4102456.580400,0
1771848600000,80.0800,80.1200,80.0200,80.0800,36316.12,1771848899999,2907664.110300,4208,20507.95,1642063.665400,0
1771848900000,80.0800,80.1300,80.0400,80.0800,43356.88,1771849199999,3472380.791700,4669,23182.53,1856663.501000,0
1771849200000,80.0800,80.1300,79.9400,80.1300,64482.04,1771849499999,5160039.025100,5182,29830.05,2387447.766400,0
1771849500000,80.1200,80.1400,80.0500,80.0900,29682.37,1771849799999,2377315.725400,3448,14689.26,1176528.238800,0
1771849800000,80.0800,80.0900,79.8100,80.0500,174181.75,1771850099999,13924839.324600,11193,75077.11,6001806.913800,0
1771850100000,80.0600,80.9300,80.0500,80.6300,431568.29,1771850399999,34790242.798100,22733,250146.87,20156854.546500,0
1771850400000,80.6400,80.8300,80.5200,80.7100,198556.60,1771850699999,16020975.000800,11400,100511.24,8110205.419400,0
1771850700000,80.7200,80.8400,80.5300,80.5400,124383.85,1771850999999,10034561.527700,8328,49500.62,3994798.704300,0
1771851000000,80.5400,80.7200,80.4300,80.6600,166793.92,1771851299999,13433808.989700,9095,71276.76,5741541.662800,0
1771851300000,80.6600,80.6900,80.5700,80.6500,90284.91,1771851599999,7279653.186700,6819,35115.68,2831450.861500,0
1771851600000,80.6500,80.7000,80.4700,80.4900,75379.90,1771851899999,6075072.228300,7116,25929.76,2089893.736200,0
1771851900000,80.4900,80.7000,80.4200,80.6000,83834.47,1771852199999,6753873.827300,7180,43615.66,3514608.574200,0
1771852200000,80.5900,80.6600,80.5200,80.5500,33761.74,1771852499999,2720488.882100,4472,15147.26,1220581.725300,0
1771852500000,80.5400,80.5800,80.3700,80.4400,65388.45,1771852799999,5261549.687900,5752,27576.39,2218967.336600,0
1771852800000,80.4300,80.5300,80.3900,80.4400,161520.54,1771853099999,12997591.033900,5215,127984.52,10299603.550100,0
1771853100000,80.4500,80.6900,80.4300,80.6100,69559.05,1771853399999,5603295.465200,5610,37696.74,3036936.359000,0
1771853400000,80.6100,80.7100,80.5500,80.5800,60523.32,1771853699999,4880206.258900,6145,22968.37,1851874.071100,0
1771853700000,80.5800,80.6700,80.5300,80.6200,91552.14,1771853999999,7379773.873300,6327,39262.58,3164888.039800,0
1771854000000,80.6200,80.9900,80.6100,80.9700,173160.05,1771854299999,13996239.070700,10741,97906.61,7915408.074300,0
1771854300000,80.9800,81.0600,80.8000,80.8300,108906.10,1771854599999,8812077.045600,7556,52218.43,4225992.777300,0
1771854600000,80.8300,80.9400,80.6600,80.8600,147974.22,1771854899999,11955435.180600,7838,71138.47,5747370.038700,0
1771854900000,80.8600,80.8900,80.3800,80.4700,249068.74,1771855199999,20077261.467100,11664,77179.94,6220235.586600,0
1771855200000,80.4700,80.6400,80.4300,80.6100,90833.85,1771855499999,7314476.655200,7378,53133.82,4278736.467200,0
1771855500000,80.6200,80.7600,80.5900,80.6500,82165.00,1771855799999,6627114.425100,6306,41120.16,3316950.844100,0
1771855800000,80.6400,80.6900,80.5300,80.6700,61907.87,1771856099999,4992147.561500,4765,40891.59,3297786.717400,0
1771856100000,80.6700,80.6700,80.3000,80.3000,150513.11,1771856399999,12106200.246700,7735,54094.41,4350448.486600,0
1771856400000,80.3000,80.3100,80.1200,80.1700,133571.65,1771856699999,10713694.985500,7906,54515.31,4372803.008100,0
1771856700000,80.1800,80.2200,80.1300,80.2000,59741.41,1771856999999,4790106.535000,4355,34790.64,2789663.197000,0
1771857000000,80.1900,80.6800,80.1800,80.3200,239574.95,1771857299999,19271985.488400,19055,118104.03,9500840.709200,0
1771857300000,80.3200,80.6300,80.0100,80.0400,290814.37,1771857599999,23327799.323600,19750,140205.71,11245562.199100,0
1771857600000,80.0300,80.0800,79.3600,79.9700,553832.96,1771857899999,44155768.209600,28813,260572.17,20773241.906900,0
1771857900000,79.9700,80.4800,79.7300,79.7500,399274.16,1771858199999,32008615.893100,21772,148949.92,11940975.446000,0
1771858200000,79.7400,80.4800,79.7200,80.0800,242503.83,1771858499999,19445890.736400,20125,112845.97,9049934.926800,0
1771858500000,80.0700,80.3000,79.9700,80.0900,130936.70,1771858799999,10493660.150300,11650,71177.05,5703571.181500,0
1771858800000,80.0900,80.2900,79.6100,79.7900,260147.80,1771859099999,20799544.246600,18558,122492.57,9792612.310600,0
1771859100000,79.7800,80.0200,79.7000,79.8800,122187.80,1771859399999,9755704.580400,11208,69414.38,5542395.655500,0
1771859400000,79.8900,80.1100,79.6900,79.8500,116991.49,1771859699999,9350069.321000,10560,67832.81,5420052.953800,0
1771859700000,79.8500,80.2200,79.7900,79.8500,133521.15,1771859999999,10679597.187600,12759,80679.70,6453250.959800,0
1771860000000,79.8500,80.0400,79.7100,79.9200,113600.86,1771860299999,9071997.601200,9862,61872.45,4941564.906400,0
1771860300000,79.9100,79.9100,79.5900,79.6400,126297.71,1771860599999,10069815.891500,9966,43178.79,3443023.954800,0
1771860600000,79.6400,79.8700,79.4700,79.5800,132182.00,1771860899999,10524319.894100,11226,67658.90,5387837.208900,0
1771860900000,79.5700,79.8500,79.4600,79.7300,119105.05,1771861199999,9491430.822300,9458,74371.29,5927964.662100,0
1771861200000,79.7200,79.8800,79.5300,79.6600,86758.36,1771861499999,6916921.129600,7882,50582.97,4033092.577100,0
1771861500000,79.6600,79.8000,79.5100,79.6100,79910.93,1771861799999,6364585.666700,7814,43474.35,3462605.273400,0
1771861800000,79.6000,79.6400,79.1500,79.4500,214004.93,1771862099999,16982642.078400,13959,94468.51,7498649.472300,0
1771862100000,79.4500,79.5500,79.3500,79.3500,135950.24,1771862399999,10801472.050200,7922,66490.66,5283012.775400,0
1771862400000,79.3600,79.3900,78.7900,78.9200,353894.09,1771862699999,27982777.881500,19805,150789.31,11924079.594100,0
1771862700000,78.9100,78.9300,78.6100,78.7700,252124.11,1771862999999,19853169.590300,16595,135183.14,10645748.022700,0
1771863000000,78.7800,79.1700,78.7000,78.8000,203275.87,1771863299999,16046368.260500,14635,113616.13,8970510.757400,0
1771863300000,78.8000,79.4700,78.7800,79.3500,220513.05,1771863599999,17442905.389900,15422,135959.09,10750523.405700,0
1771863600000,79.3500,79.5600,79.3200,79.3400,148343.39,1771863899999,11782382.885800,10639,68095.55,5409611.845800,0
1771863900000,79.3400,79.7300,79.3300,79.6200,125722.09,1771864199999,10004490.630000,9366,64180.99,5107958.010100,0
1771864200000,79.6200,79.7600,79.0900,79.1200,229898.96,1771864499999,18261211.950800,13856,78637.78,6251795.301500,0
1771864500000,79.1200,79.3700,78.9900,79.1900,154488.88,1771864799999,12234504.445600,11247,87267.80,6911355.383700,0
1771864800000,79.1800,79.2900,79.1500,79.1900,50370.24,1771865099999,3990912.896700,6086,27763.03,2199841.608700,0
1771865100000,79.1900,79.2400,78.8800,78.9400,102091.29,1771865399999,8064842.697800,10110,35130.47,2775422.972400,0
1771865400000,78.9300,79.0600,78.8200,78.9700,86552.01,1771865699999,6834685.099000,7104,35501.61,2803907.426100,0
1771865700000,78.9800,78.9800,78.7700,78.9200,75948.01,1771865999999,5990022.780700,6771,38261.03,3017974.515900,0
1771866000000,78.9300,79.1000,78.8500,79.0400,114837.07,1771866299999,9071289.350300,9579,63530.45,5018698.765400,0
1771866300000,79.0500,79.1100,78.8500,78.9000,71818.85,1771866599999,5673372.526900,7187,36527.01,2885687.524900,0
1771866600000,78.8900,79.0400,78.4600,78.5300,152192.18,1771866899999,11976991.205700,12447,53053.52,4175215.245700,0
1771866900000,78.5200,78.7900,78.4100,78.4300,202758.52,1771867199999,15943138.263500,14533,111719.29,8785237.355800,0
1771867200000,78.4200,78.7200,78.4000,78.5800,188047.61,1771867499999,14768037.387000,12633,97949.17,7692854.091600,0
1771867500000,78.5700,78.6900,78.1900,78.2100,192324.96,1771867799999,15079412.000100,13107,79492.95,6235548.371900,0
1771867800000,78.2000,78.2800,78.0100,78.1000,228269.32,1771868099999,17837648.499100,14534,118069.33,9227793.401000,0
1771868100000,78.1000,78.1700,77.5800,77.7600,320493.65,1771868399999,24942317.122200,20718,127527.90,9925343.096800,0
1771868400000,77.7600,78.1600,77.6700,77.7500,215320.83,1771868699999,16777797.399900,15302,111424.78,8684645.230200,0
1771868700000,77.7600,77.9200,77.5900,77.6400,139902.30,1771868999999,10878627.714800,11336,59548.06,4629680.273800,0
1771869000000,77.6400,77.7400,77.2100,77.5900,324679.81,1771869299999,25150647.911100,19410,130538.21,10113625.060600,0
1771869300000,77.5900,78.2800,77.5400,78.2700,281433.18,1771869599999,21944255.108600,17451,165977.30,12943154.378100,0
1771869600000,78.2800,78.4200,78.0000,78.2700,262179.86,1771869899999,20495333.957500,14965,160295.76,12532397.471300,0
1771869900000,78.2700,78.5200,78.0000,78.4300,124313.23,1771870199999,9727439.711700,12001,60850.92,4763223.622800,0
1771870200000,78.4400,78.4800,78.2400,78.3100,100441.47,1771870499999,7870022.102000,8902,38832.59,3043034.836900,0
1771870500000,78.3100,78.4200,78.0900,78.1400,165843.77,1771870799999,12979980.956100,10343,59883.06,4687507.657300,0
1771870800000,78.1400,78.4800,78.0700,78.4400,138983.07,1771871099999,10880824.779900,9472,85599.89,6701364.743800,0
1771871100000,78.4300,78.5300,78.3100,78.4800,69617.71,1771871399999,5459905.130900,6196,26889.67,2109454.236300,0
1771871400000,78.4900,78.8500,78.3700,78.8500,152841.42,1771871699999,12017230.092700,11033,95853.98,7538023.346700,0
1771871700000,78.8500,79.2600,78.7400,79.1500,273952.62,1771871999999,21659882.482200,15905,150746.85,11917238.953800,0
1771872000000,79.1500,79.2000,78.9700,78.9900,93944.14,1771872299999,7428317.350700,6984,41462.85,3279294.139400,0
1771872300000,78.9900,78.9900,78.7600,78.9400,83124.67,1771872599999,6556491.881400,7176,32798.46,2587382.533200,0
1771872600000,78.9400,78.9500,78.7400,78.7600,41020.07,1771872899999,3233726.485700,4883,16204.78,1277524.076000,0
1771872900000,78.7500,78.8100,78.4200,78.5700,124691.06,1771873199999,9799282.050200,8690,60100.46,4724142.873600,0
1771873200000,78.5800,78.6400,78.4200,78.5000,117711.77,1771873499999,9245130.814300,8746,46363.49,3641496.067700,0
1771873500000,78.5100,78.8400,78.5000,78.8000,76659.77,1771873799999,6034948.790000,7123,45322.29,3567669.478000,0
1771873800000,78.7900,78.8700,78.7000,78.7000,37927.07,1771874099999,2988801.869700,4761,17839.93,1405991.363300,0
1771874100000,78.7000,78.7900,78.6000,78.7400,47394.79,1771874399999,3730132.049500,5324,20977.96,1651229.395600,0
1771874400000,78.7300,78.7800,78.3200,78.4100,126608.48,1771874699999,9936931.693800,9413,48289.32,3790438.982100,0
1771874700000,78.4000,78.4900,78.2500,78.2800,48765.39,1771874999999,3823185.142700,4954,16060.02,1259365.511600,0
1771875000000,78.2900,78.4700,78.1900,78.2600,87112.56,1771875299999,6823421.050400,8500,37259.56,2918256.045200,0
1771875300000,78.2600,78.4100,77.8800,78.0700,157523.53,1771875599999,12307791.467600,11517,62523.98,4887587.923700,0
1771875600000,78.0700,78.3300,78.0500,78.2700,88863.44,1771875899999,6947963.015900,7161,53930.37,4216548.794000,0
1771875900000,78.2700,78.3900,77.9300,78.0400,121057.36,1771876199999,9462872.039200,9390,56232.25,4396786.493600,0
1771876200000,78.0400,78.1900,77.9900,78.1000,142642.25,1771876499999,11134965.088800,8543,70532.78,5506734.527800,0
1771876500000,78.1000,78.3500,78.0700,78.2500,58186.02,1771876799999,4553443.412200,5185,32309.40,2528029.372600,0
1771876800000,78.2400,78.4200,78.1300,78.4100,45127.81,1771877099999,3531891.894200,5681,23709.95,1855875.301100,0
1771877100000,78.4100,78.4100,78.1700,78.2200,47672.26,1771877399999,3730520.748000,5479,21560.26,1687182.334000,0
1771877400000,78.2200,78.2800,77.9300,77.9800,109815.81,1771877699999,8577752.616500,8341,52875.96,4130451.716600,0
1771877700000,77.9700,78.1100,77.8600,78.0200,116644.55,1771877999999,9097564.583100,8978,57687.08,4499817.725800,0
1771878000000,78.0200,78.2400,77.9600,78.0400,84043.54,1771878299999,6561371.092500,7411,49733.27,3883210.649900,0
1771878300000,78.0400,78.0900,77.8000,77.9300,64618.58,1771878599999,5036835.841800,6052,27991.22,2181890.122800,0
1771878600000,77.9300,78.4000,77.9200,78.3200,86255.11,1771878899999,6747555.348100,8844,51405.74,4021293.003800,0
1771878900000,78.3200,78.4000,78.1500,78.2300,64449.86,1771879199999,5044348.696500,6154,38837.16,3039612.656700,0
1771879200000,78.2400,78.3300,78.1300,78.3200,34624.64,1771879499999,2709336.087800,3822,21263.89,1664020.257400,0
1771879500000,78.3300,78.4100,78.1800,78.2800,44167.47,1771879799999,3458563.974400,4885,24544.28,1921999.361600,0
1771879800000,78.2900,78.4300,78.2100,78.4100,70600.86,1771880099999,5530983.801700,6509,42401.51,3321760.875400,0
1771880100000,78.4200,78.5000,78.2400,78.2600,169753.76,1771880399999,13300369.762600,10435,76596.35,6001613.360900,0
1771880400000,78.2600,78.4800,78.1300,78.3500,103459.67,1771880699999,8100677.875900,8998,50170.36,3928175.171800,0
1771880700000,78.3500,78.4500,78.2100,78.2200,101285.50,1771880999999,7934896.468700,7440,46815.02,3667517.032300,0
1771881000000,78.2200,78.5600,78.2200,78.5100,60982.82,1771881299999,4785480.250500,5127,35620.97,2794959.718900,0
1771881300000,78.5100,78.5900,78.3900,78.5500,41783.23,1771881599999,3279642.501500,4507,25853.19,2029160.608300,0
1771881600000,78.5500,78.5800,78.3500,78.4100,48001.51,1771881899999,3764890.486600,4039,15238.85,1195470.297800,0
1771881900000,78.4200,78.4900,78.3600,78.4100,19791.34,1771882199999,1552086.105000,3090,9260.60,726278.356800,0
1771882200000,78.4100,78.5500,78.3500,78.3900,50564.13,1771882499999,3966780.214500,4561,25017.44,1963072.648200,0
1771882500000,78.3800,78.3800,78.1900,78.2200,44783.34,1771882799999,3503539.947500,4027,17261.21,1350363.453200,0
1771882800000,78.2200,78.6900,78.2100,78.3600,101738.11,1771883099999,7987229.381500,7771,50588.15,3971784.146600,0
1771883100000,78.3500,78.4800,78.2500,78.4600,42497.95,1771883399999,3328978.588500,4106,23715.34,1857913.018400,0
1771883400000,78.4500,78.5100,78.2600,78.2900,40077.84,1771883699999,3142182.915000,3909,18537.27,1453499.488300,0
1771883700000,78.2900,78.3400,78.2100,78.3300,61263.64,1771883999999,4795023.071600,4822,36968.34,2893602.609600,0
1771884000000,78.3300,78.6500,78.3000,78.6200,64851.26,1771884299999,5090273.910600,5789,35639.69,2797212.734100,0
1771884300000,78.6200,78.8400,78.5900,78.8100,95916.25,1771884599999,7548288.027800,6854,58415.56,4597444.870600,0
1771884600000,78.8100,78.8600,78.6600,78.7800,120293.59,1771884899999,9473246.537700,7352,58885.74,4637240.617000,0
1771884900000,78.7800,78.8600,78.6800,78.8000,73033.95,1771885199999,5753311.774800,5684,31678.13,2495611.604200,0
1771885200000,78.8000,78.8600,78.6900,78.8300,55088.10,1771885499999,4339700.037700,3944,28425.82,2239474.838600,0
1771885500000,78.8400,78.8700,78.8100,78.8100,21989.86,1771885799999,1733629.582400,2684,11364.15,895947.268900,0
1771885800000,78.8000,78.8100,78.7100,78.8100,27829.12,1771886099999,2191813.318700,3030,14544.95,1145511.973100,0
1771886100000,78.8100,78.8500,78.6700,78.7900,40124.36,1771886399999,3159504.157400,3330,18904.16,1488887.902200,0
1771886400000,78.7800,78.8600,78.6200,78.7200,65067.91,1771886699999,5125273.052200,5823,34281.98,2700451.577800,0
1771886700000,78.7300,78.8100,78.6300,78.6600,21640.87,1771886999999,1703801.785200,2783,10527.61,828908.672400,0
1771887000000,78.6600,78.7200,78.3400,78.3400,72034.63,1771887299999,5657969.872500,5149,28771.56,2261107.806300,0
1771887300000,78.3400,78.4100,78.2000,78.2100,59492.19,1771887599999,4658661.631900,5095,26115.63,2045326.715600,0
1771887600000,78.2100,78.4800,78.2100,78.3900,88423.57,1771887899999,6929674.678800,6508,45946.38,3600204.900900,0
1771887900000,78.3900,78.5000,78.2900,78.4900,32117.17,1771888199999,2518376.750100,4433,15651.48,1227438.134900,0
1771888200000,78.5000,78.5000,78.3700,78.4200,15926.27,1771888499999,1248993.165000,2731,5979.99,468981.361800,0
1771888500000,78.4100,78.4600,78.1600,78.1700,68785.77,1771888799999,5386851.450600,4411,23928.96,1873649.004400,0
1771888800000,78.1700,78.2600,78.0800,78.2000,56937.47,1771889099999,4451263.925100,4318,23427.14,1831623.664000,0
1771889100000,78.1900,78.2000,78.0900,78.1500,28031.66,1771889399999,2190397.495500,2424,16662.12,1302012.799700,0
1771889400000,78.1600,78.2000,78.0500,78.1000,36266.32,1771889699999,2832631.328000,3017,16498.84,1288632.620600,0
1771889700000,78.1100,78.1800,77.8600,77.9100,76434.88,1771889999999,5959003.085500,6024,24536.99,1913335.160800,0
1771890000000,77.9000,77.9100,77.7500,77.7800,61720.37,1771890299999,4803606.106200,4681,17840.31,1388744.345600,0
1771890300000,77.7800,77.9200,77.6600,77.7100,79154.10,1771890599999,6157278.260700,5452,29579.65,2301432.509700,0
1771890600000,77.7000,77.7200,77.5700,77.6700,71997.12,1771890899999,5590487.208200,5369,34365.07,2668381.758200,0
1771890900000,77.6700,77.8800,77.6100,77.8700,52804.86,1771891199999,4106502.723300,3948,37211.08,2894137.837500,0
1771891200000,77.8600,78.1300,77.8500,77.9800,109796.55,1771891499999,8564853.255600,8227,66838.29,5213452.062100,0
1771891500000,77.9800,78.1400,77.9400,78.1400,36029.81,1771891799999,2811062.714600,3758,24758.75,1931917.927700,0
1771891800000,78.1400,78.3000,78.1100,78.2700,82823.71,1771892099999,6476828.339700,5793,54448.27,4258080.058200,0
1771892100000,78.2700,78.3400,78.2100,78.3400,42520.48,1771892399999,3328918.114900,4425,25891.44,2027137.907500,0
1771892400000,78.3300,78.3400,78.1400,78.1400,56925.98,1771892699999,4453116.507200,4418,28300.71,2213844.440300,0
1771892700000,78.1500,78.1900,78.0700,78.1800,41623.57,1771892999999,3251943.692700,3570,21508.18,1680414.025900,0
1771893000000,78.1800,78.2100,78.1100,78.1700,35148.55,1771893299999,2747147.857400,3410,16515.19,1290780.078700,0
1771893300000,78.1600,78.2500,78.0900,78.2100,37674.39,1771893599999,2945487.332700,3797,19099.78,1493232.909800,0
1771893600000,78.2200,78.4300,78.2100,78.3700,82518.24,1771893899999,6464839.739600,4655,47923.77,3754614.756400,0
1771893900000,78.3800,78.4600,78.3700,78.4600,43345.23,1771894199999,3398903.588500,3691,23835.26,1869041.178400,0
1771894200000,78.4600,78.4900,78.3700,78.4500,33283.74,1771894499999,2609938.679900,3476,17380.10,1362830.929100,0
1771894500000,78.4400,78.4600,78.2100,78.4100,60589.28,1771894799999,4745903.076400,4480,31110.88,2437064.107000,0
1771894800000,78.4000,78.4200,78.0500,78.1100,73591.30,1771895099999,5755047.244500,6810,30005.21,2346536.562100,0
1771895100000,78.1100,78.1500,77.8700,77.8800,87107.73,1771895399999,6796164.253800,6400,38740.19,3022968.443200,0
1771895400000,77.8800,77.8900,77.3500,77.4000,282497.08,1771895699999,21913914.849700,16323,96158.86,7460600.756200,0
1771895700000,77.4100,77.5400,75.6800,76.6400,1453350.14,1771895999999,111148678.272200,77037,609663.73,46589798.329500,0
1771896000000,76.6500,77.7300,76.5600,77.5500,478596.13,1771896299999,37006518.396000,33127,274869.95,21249090.893200,0
1771896300000,77.5500,78.0700,77.5400,77.8400,243833.10,1771896599999,18979826.004900,17904,152548.29,11873844.056500,0
1771896600000,77.8300,78.2600,77.7200,78.0800,204055.87,1771896899999,15920532.238800,15664,108453.14,8462134.923100,0
1771896900000,78.0800,78.1400,77.5400,77.6100,126705.73,1771897199999,9864913.240400,12155,53917.80,4198217.192200,0
1771897200000,77.6100,77.8700,77.4200,77.6700,125725.80,1771897499999,9762506.329400,11336,70374.87,5465730.717500,0
1771897500000,77.6800,77.7900,77.3200,77.6800,99249.29,1771897799999,7691555.350800,10538,52598.40,4076487.573700,0
1771897800000,77.6800,77.8600,77.6000,77.8100,76344.90,1771898099999,5933921.557400,6671,41989.52,3264241.052600,0
1771898100000,77.8000,77.8200,77.5800,77.6300,39956.15,1771898399999,3103007.688400,5099,21466.90,1666961.436800,0
1771898400000,77.6200,77.8600,77.5300,77.5600,87535.47,1771898699999,6799230.824000,8679,53342.07,4143324.712500,0
1771898700000,77.5500,77.7800,77.4600,77.5900,75555.67,1771898999999,5865318.664000,8836,39429.86,3060993.587400,0
1771899000000,77.5800,78.0000,77.5800,77.9000,84209.65,1771899299999,6555151.248100,7409,57084.63,4443548.776800,0
1771899300000,77.9000,78.1100,77.6300,77.7900,120837.53,1771899599999,9411859.621900,9951,62008.02,4830726.124100,0
1771899600000,77.7900,77.9000,77.7000,77.8900,47026.39,1771899899999,3659409.714600,5337,25311.00,1969961.629700,0
1771899900000,77.9000,78.0500,77.8100,78.0300,52022.40,1771900199999,4056002.923400,6088,35105.58,2737084.214100,0
1771900200000,78.0300,78.3800,77.9900,78.1700,126206.71,1771900499999,9869812.633300,10448,74597.88,5834025.963600,0
1771900500000,78.1700,78.1700,77.8300,77.9000,85711.31,1771900799999,6680710.474700,6994,35823.30,2792264.417000,0
1771900800000,77.9100,77.9300,77.5900,77.6200,67714.47,1771901099999,5263944.535000,6061,31899.10,2479808.419700,0
1771901100000,77.6300,77.7000,77.5500,77.6100,82710.99,1771901399999,6420594.926700,6330,49335.71,3830074.336500,0
1771901400000,77.6100,77.6300,77.4600,77.5400,53707.87,1771901699999,4164521.190000,5148,17269.86,1339086.867300,0
1771901700000,77.5500,77.6900,77.5100,77.5800,33653.52,1771901999999,2612102.161700,3792,15938.15,1237064.248400,0
1771902000000,77.5900,77.5900,76.8500,77.2200,279765.19,1771902299999,21589121.992100,19704,102503.83,7912146.775200,0
1771902300000,77.2200,77.3500,76.9800,77.1400,107784.88,1771902599999,8318480.203900,9701,56714.59,4377888.439500,0
1771902600000,77.1300,77.3100,76.7500,76.9900,108859.16,1771902899999,8380832.644900,9669,46953.00,3617954.795900,0
1771902900000,76.9900,77.1700,76.7800,77.1000,93731.68,1771903199999,7217561.847900,10580,46082.03,3549143.452700,0
1771903200000,77.0900,77.1900,77.0000,77.0400,46587.94,1771903499999,3592047.889100,5375,23505.93,1812344.334500,0
1771903500000,77.0400,77.0900,76.8900,76.9000,55722.55,1771903799999,4289407.564900,5555,25984.63,2000538.795800,0
1771903800000,76.9000,76.9900,76.6800,76.7800,98222.24,1771904099999,7543877.016400,8816,37296.25,2865366.537100,0
1771904100000,76.7700,76.8800,76.6300,76.7300,121874.18,1771904399999,9353832.039900,9416,31369.79,2408114.257100,0
1771904400000,76.7300,76.9700,76.7100,76.7700,131077.33,1771904699999,10072358.699000,8687,58681.98,4509925.018900,0
1771904700000,76.7700,76.8200,76.5900,76.6400,113201.55,1771904999999,8679724.090500,9136,35756.72,2741959.634600,0
1771905000000,76.6400,76.9400,76.4300,76.9400,151287.37,1771905299999,11591302.504300,11754,64142.77,4916939.995300,0
1771905300000,76.9300,77.0200,76.7400,76.8400,50926.85,1771905599999,3913938.562100,5079,27545.06,2117277.676000,0
1771905600000,76.8400,77.0400,76.8200,76.8900,79628.78,1771905899999,6124728.709400,7621,44969.89,3459625.143600,0
1771905900000,76.8800,77.0200,76.5500,76.6300,116288.38,1771906199999,8929424.882200,11367,41240.50,3166832.288100,0
1771906200000,76.6300,76.8300,76.1500,76.1700,198457.34,1771906499999,15159354.828300,15658,69691.40,5325823.987100,0
1771906500000,76.1800,76.2600,76.0600,76.2200,196868.21,1771906799999,14993520.658700,15697,87419.51,6658218.878100,0
1771906800000,76.2100,76.9300,76.2100,76.7600,220889.34,1771907099999,16937194.301600,15340,118534.21,9084809.866300,0
1771907100000,76.7500,76.8600,76.6000,76.7400,85878.60,1771907399999,6589746.214000,6959,36043.34,2766004.491900,0
1771907400000,76.7500,76.7500,76.2800,76.5700,99824.05,1771907699999,7633235.410200,8855,45074.30,3447105.295900,0
1771907700000,76.5700,76.7800,76.5700,76.7300,53556.90,1771907999999,4107169.552900,5443,31163.91,2389958.503800,0
1771908000000,76.7300,76.8000,76.6700,76.7100,38466.98,1771908299999,2951715.761400,4047,23949.04,1837713.882700,0
1771908300000,76.7100,76.8100,76.6800,76.7500,74893.27,1771908599999,5747746.735900,5650,39217.33,3010052.656100,0
1771908600000,76.7500,76.8000,76.6000,76.6900,39422.44,1771908899999,3023360.531100,4129,13326.01,1022060.891600,0
1771908900000,76.7000,76.8200,76.6200,76.8000,30990.72,1771909199999,2377755.825500,3761,21259.15,1631399.918500,0
1771909200000,76.8000,76.9000,76.6600,76.8600,64896.95,1771909499999,4982314.156200,6165,39310.95,3018595.183800,0
1771909500000,76.8700,77.2200,76.8700,77.1400,155673.26,1771909799999,11998031.994300,10092,106043.80,8172802.695900,0
1771909800000,77.1500,77.2900,77.0800,77.1500,97015.08,1771910099999,7488920.833500,7456,63409.17,4895084.448000,0
1771910100000,77.1600,77.1600,76.6700,76.7000,127996.01,1771910399999,9843278.970100,8888,45470.39,3498174.156900,0
1771910400000,76.7000,76.7200,76.1500,76.2200,215263.43,1771910699999,16453632.759200,14901,90069.41,6884832.426400,0
1771910700000,76.2100,76.5300,76.2100,76.4700,132966.63,1771910999999,10161981.703200,9631,77241.80,5903274.065700,0
1771911000000,76.4600,76.6500,76.2700,76.5800,112355.93,1771911299999,8596544.585000,8581,67301.68,5150880.669000,0
1771911300000,76.5800,76.7200,76.4600,76.5000,81244.62,1771911599999,6220616.003300,7475,39827.52,3050108.261500,0
1771911600000,76.5100,76.5200,76.3300,76.4200,48219.28,1771911899999,3684338.742600,4689,21141.74,1615538.989600,0
1771911900000,76.4100,76.6100,76.3600,76.4900,70240.29,1771912199999,5372532.420600,5996,46719.07,3573867.994400,0
1771912200000,76.4800,76.6700,76.4500,76.6700,43345.56,1771912499999,3319806.054400,4113,26013.84,1992576.286400,0
1771912500000,76.6700,76.6700,76.5300,76.5900,25951.35,1771912799999,1987541.919800,2855,13334.10,1021167.859700,0
1771912800000,76.5800,76.6100,76.3300,76.3400,51671.41,1771913099999,3951817.703700,6286,24933.02,1907458.426200,0
1771913100000,76.3500,76.7800,76.3400,76.7600,48548.55,1771913399999,3716123.692200,5666,33170.40,2539650.059800,0
1771913400000,76.7600,76.7800,76.4500,76.5200,38105.78,1771913699999,2919991.679000,4741,20930.89,1603944.273400,0
1771913700000,76.5200,76.7800,76.5100,76.7000,43709.54,1771913999999,3350356.715300,5127,24331.50,1864953.925800,0
1771914000000,76.7000,76.8500,76.6500,76.8400,47183.02,1771914299999,3621921.497900,4765,31718.12,2435206.936100,0
1771914300000,76.8300,76.8800,76.7300,76.7500,61075.83,1771914599999,4690911.927400,5088,32855.95,2523518.904400,0
1771914600000,76.7500,76.8900,76.6400,76.8400,34461.68,1771914899999,2645778.612900,4492,16457.67,1263486.543700,0
1771914900000,76.8400,76.8800,76.6300,76.7700,48751.25,1771915199999,3739424.555100,4247,14442.42,1107983.751500,0
1771915200000,76.7700,76.8600,76.7300,76.7700,23114.50,1771915499999,1775559.766600,3026,13002.08,998792.418000,0
1771915500000,76.7800,76.8500,76.6000,76.8200,38535.75,1771915799999,2955418.913100,4394,17306.07,1327298.474800,0
1771915800000,76.8200,76.8200,76.5900,76.6700,30854.75,1771916099999,2366352.443800,4633,14213.52,1090028.242000,0
1771916100000,76.6700,76.6700,76.3900,76.5500,104018.47,1771916399999,7957392.865800,7672,53394.75,4084534.481000,0
1771916400000,76.5500,76.7100,76.4500,76.4700,42972.09,1771916699999,3291750.992800,5302,24298.03,1861293.288200,0
1771916700000,76.4700,76.9600,76.4600,76.9500,130138.53,1771916999999,9984177.944800,9852,73524.73,5640952.308200,0
1771917000000,76.9600,77.1500,76.8300,77.0900,116308.20,1771917299999,8957945.821000,8092,78493.24,6045884.689000,0
1771917300000,77.0800,77.1700,76.9300,76.9600,85800.31,1771917599999,6609355.139100,7155,39248.52,3024129.839500,0
1771917600000,76.9500,77.0600,76.8100,77.0300,75080.70,1771917899999,5774198.315300,6531,45040.08,3464237.157900,0
1771917900000,77.0200,77.1900,76.9300,77.1300,75053.09,1771918199999,5786830.461400,5837,47263.01,3644122.426700,0
1771918200000,77.1300,77.1500,76.9400,76.9700,35980.07,1771918499999,2772434.027700,4327,18208.77,1403302.646600,0
1771918500000,76.9700,77.0300,76.8800,76.9800,26940.84,1771918799999,2073464.222500,4280,13549.01,1042917.323400,0
1771918800000,76.9800,76.9900,76.6400,76.6800,56520.97,1771919099999,4339271.062000,5888,22319.34,1712946.843300,0
1771919100000,76.6900,76.7100,76.5500,76.6200,49728.25,1771919399999,3810835.676700,5089,22223.14,1703087.056600,0
1771919400000,76.6200,76.7300,76.6200,76.6600,37795.42,1771919699999,2897954.468200,3905,23930.08,1834880.799400,0
1771919700000,76.6600,76.8200,76.6400,76.7900,39593.74,1771919999999,3039484.796200,3604,21864.70,1678422.308000,0
1771920000000,76.8000,76.8100,76.4300,76.6100,116322.49,1771920299999,8907875.045000,8376,43911.24,3362782.233800,0
1771920300000,76.6100,76.7100,76.4800,76.6900,69538.56,1771920599999,5324555.282100,6120,29468.61,2256576.887400,0
1771920600000,76.6900,76.8100,76.6100,76.6300,49007.28,1771920899999,3758987.110400,5760,31914.82,2448149.875300,0
1771920900000,76.6300,76.7200,76.5000,76.5700,34652.19,1771921199999,2654004.903700,5209,16496.53,1263531.806400,0
1771921200000,76.5700,76.9700,76.5500,76.9500,50527.49,1771921499999,3882518.180400,5719,32259.42,2478872.081200,0
1771921500000,76.9500,76.9500,76.8100,76.8700,41606.78,1771921799999,3198145.318100,3769,16169.19,1242793.268000,0
1771921800000,76.8700,77.1000,76.8400,76.9900,75463.56,1771922099999,5809733.961700,6971,51216.92,3942964.291000,0
1771922100000,76.9800,77.0400,76.8400,77.0000,38966.73,1771922399999,2998185.776000,4087,19142.38,1473048.780600,0
1771922400000,77.0100,77.1000,76.9100,76.9600,51815.50,1771922699999,3991231.298300,3932,37442.62,2884468.200800,0
1771922700000,76.9700,77.0700,76.9400,76.9700,43625.73,1771922999999,3359663.616500,4013,24984.63,1924259.721400,0
1771923000000,76.9600,77.1200,76.9600,77.1000,29739.83,1771923299999,2291160.691800,3169,16695.75,1286335.295000,0
1771923300000,77.1100,77.1500,76.9600,76.9800,58937.56,1771923599999,4541830.704400,3882,28108.10,2166163.433800,0
1771923600000,76.9700,77.0900,76.8200,76.9000,69476.00,1771923899999,5345602.640200,6663,28842.84,2219141.735900,0
1771923900000,76.9000,76.9800,76.8100,76.8500,37250.29,1771924199999,2863993.577600,4161,15097.78,1161005.253000,0
1771924200000,76.8600,76.9100,76.7500,76.9100,38110.39,1771924499999,2928065.320600,3194,25149.93,1932301.949400,0
1771924500000,76.9000,76.9500,76.6200,76.6800,79703.45,1771924799999,6115592.567700,5544,23689.14,1818133.822600,0
1771924800000,76.6700,76.7000,76.4600,76.4900,107282.95,1771925099999,8213704.104400,7007,40274.24,3083166.603300,0
1771925100000,76.5000,76.5800,76.4100,76.5200,86062.72,1771925399999,6583032.644900,5137,32436.35,2481447.057100,0
1771925400000,76.5200,76.5800,76.3300,76.3400,58245.32,1771925699999,4453264.811800,5692,25413.56,1943491.703400,0
1771925700000,76.3400,76.4400,75.8700,76.3200,314230.85,1771925999999,23925340.980700,18563,135822.47,10341235.921500,0
1771926000000,76.3300,76.5900,76.3200,76.5400,52601.72,1771926299999,4023692.796200,5198,30117.05,2303592.254300,0
1771926300000,76.5400,76.5800,76.3600,76.5800,62601.93,1771926599999,4787130.785400,5093,32097.70,2455211.946600,0
1771926600000,76.5800,76.7000,76.4800,76.5300,61237.45,1771926899999,4689454.175000,5028,35182.38,2694435.681200,0
1771926900000,76.5200,76.6100,76.4500,76.6100,28292.22,1771927199999,2165501.897300,3033,15414.46,1179941.288700,0
1771927200000,76.6100,76.6300,76.5000,76.5100,33274.22,1771927499999,2547441.066200,4045,12203.27,934282.606800,0
1771927500000,76.5100,76.5600,76.4000,76.5100,29997.53,1771927799999,2294042.055500,3949,14490.81,1108013.658800,0
1771927800000,76.5200,76.7300,76.4900,76.5900,34489.92,1771928099999,2643567.390600,3489,18583.43,1424523.139400,0
1771928100000,76.5900,76.6900,76.4900,76.6800,31531.48,1771928399999,2415312.989300,3742,14523.91,1112765.056100,0
1771928400000,76.6800,76.7700,76.6700,76.7100,37394.01,1771928699999,2869050.109300,3698,18772.31,1440404.333800,0
1771928700000,76.7100,76.7700,76.5600,76.5900,31398.00,1771928999999,2407952.637000,3328,12095.52,927558.599300,0
1771929000000,76.5900,76.7300,76.4900,76.5400,42417.44,1771929299999,3249212.678300,4744,19028.63,1457781.576100,0
1771929300000,76.5300,76.6700,76.4500,76.4600,35352.12,1771929599999,2705943.828500,3815,11327.41,867200.869800,0
1771929600000,76.4500,76.4800,76.3500,76.4800,53396.16,1771929899999,4079881.345100,4343,19440.77,1485553.376000,0
1771929900000,76.4800,76.5700,76.4300,76.4600,17871.79,1771930199999,1367067.072900,2785,11228.11,858889.677400,0
1771930200000,76.4700,76.7900,76.4600,76.7000,68387.55,1771930499999,5244291.030400,5995,37437.48,2870668.652100,0
1771930500000,76.7000,76.7300,76.6200,76.7100,24619.91,1771930799999,1887900.263600,2368,13398.76,1027444.750500,0
1771930800000,76.7100,76.8600,76.6800,76.8200,42842.74,1771931099999,3290560.322700,5331,26187.84,2011418.490300,0
1771931100000,76.8200,76.8300,76.6400,76.6800,38630.20,1771931399999,2963288.999400,4328,15117.76,1159681.503600,0
1771931400000,76.6900,76.7600,76.6500,76.6800,23501.64,1771931699999,1802836.129900,3015,11837.57,908135.617300,0
1771931700000,76.6700,76.7600,76.5900,76.7000,28088.17,1771931999999,2154050.629100,3417,17225.37,1321022.474200,0
1771932000000,76.6900,76.7500,76.6100,76.6700,27167.99,1771932299999,2083479.674300,3109,16358.26,1254485.284000,0
1771932300000,76.6800,76.7600,76.6100,76.6400,23740.65,1771932599999,1820761.829300,3067,11596.27,889463.219200,0
1771932600000,76.6300,76.6500,76.4400,76.6000,47758.75,1771932899999,3655681.170200,4878,15604.66,1194487.479300,0
1771932900000,76.5900,76.7100,76.4400,76.7000,43007.92,1771933199999,3293836.295800,4413,25455.57,1949743.154100,0
1771933200000,76.6900,76.7100,76.5900,76.6000,33489.33,1771933499999,2566510.896500,3368,16503.26,1264730.114700,0
1771933500000,76.5900,76.7500,76.5600,76.7300,41759.65,1771933799999,3200818.585000,3709,22373.99,1714846.774900,0
1771933800000,76.7400,76.7500,76.6200,76.6700,14762.64,1771934099999,1132185.766300,2377,6817.55,522929.053100,0
1771934100000,76.6600,76.7300,76.6000,76.7100,31264.85,1771934399999,2396696.602500,2953,17089.39,1310260.204600,0
1771934400000,76.7100,76.7500,76.5300,76.5900,46412.13,1771934699999,3556150.090900,4963,15978.83,1224046.173300,0
1771934700000,76.6000,76.8000,76.5800,76.7200,60815.63,1771934999999,4666272.710000,5118,32843.91,2519973.268700,0
1771935000000,76.7300,76.9000,76.6800,76.8400,68325.46,1771935299999,5249609.329500,5322,39567.38,3040182.209800,0
1771935300000,76.8500,76.8700,76.6900,76.7200,52472.13,1771935599999,4028215.831800,4300,19182.73,1472757.416200,0
1771935600000,76.7100,76.9400,76.7100,76.9200,30105.12,1771935899999,2313220.690000,3976,18029.18,1385280.356700,0
1771935900000,76.9200,77.0100,76.8800,76.9700,88809.21,1771936199999,6833983.039800,5635,38500.49,2963133.560300,0
1771936200000,76.9600,77.0000,76.8200,76.8400,47785.61,1771936499999,3674753.441400,5049,18271.81,1405309.793700,0
1771936500000,76.8400,76.9200,76.5700,76.5700,47719.33,1771936799999,3662944.063700,5661,15865.50,1217975.675800,0
1771936800000,76.5700,76.6500,76.5100,76.5900,58940.58,1771937099999,4514294.880500,5224,24943.27,1910434.846500,0
1771937100000,76.5900,76.6200,76.4500,76.5200,51469.74,1771937399999,3938598.337500,5513,17391.75,1330903.941500,0
1771937400000,76.5100,76.7400,76.5000,76.6200,37462.31,1771937699999,2869459.876800,4366,18282.80,1400734.619700,0
1771937700000,76.6100,76.6200,76.4900,76.5400,29207.52,1771937999999,2236066.901800,3284,13693.01,1048312.102600,0
1771938000000,76.5500,76.6900,76.4500,76.5800,60516.99,1771938299999,4633485.115400,6169,27912.25,2137253.443300,0
1771938300000,76.5800,76.6800,76.4300,76.6200,64276.21,1771938599999,4919496.942200,5602,30334.63,2322016.167800,0
1771938600000,76.6200,76.7500,76.6100,76.7200,40275.33,1771938899999,3089137.930400,4148,26483.98,2031287.582100,0
1771938900000,76.7100,76.7500,76.5500,76.6300,46431.81,1771939199999,3558415.071300,4353,23595.51,1808239.548000,0
1771939200000,76.6200,76.6500,76.4400,76.4700,89791.64,1771939499999,6870453.478600,6511,26979.96,2064373.411800,0
1771939500000,76.4800,76.5500,76.3700,76.4100,54093.43,1771939799999,4135517.050500,4573,18070.50,1381693.218400,0
1771939800000,76.4100,76.6600,75.9900,76.3700,269650.67,1771940099999,20575749.072200,17716,101961.62,7782067.931300,0
1771940100000,76.3600,76.6000,76.2600,76.5300,173296.51,1771940399999,13237716.604300,14249,87119.08,6655307.188300,0
1771940400000,76.5300,76.7500,76.4100,76.4400,111917.03,1771940699999,8573360.581500,8585,65729.32,5035963.710200,0
1771940700000,76.4500,76.6400,76.3800,76.5000,62311.97,1771940999999,4767021.527900,5998,34228.97,2618751.099000,0
1771941000000,76.5100,76.6500,76.4400,76.5300,42495.57,1771941299999,3252887.283300,4786,22632.58,1732488.089000,0
1771941300000,76.5400,76.7000,76.5100,76.5200,62982.62,1771941599999,4825760.130500,4950,27682.80,2121378.329100,0
1771941600000,76.5100,76.5100,76.2700,76.3300,165458.24,1771941899999,12638341.501800,9613,50775.44,3879123.233800,0
1771941900000,76.3400,76.6000,76.2900,76.3900,56681.52,1771942199999,4332556.880200,6217,30827.52,2356404.332900,0
1771942200000,76.3800,76.4800,76.2900,76.3900,40918.32,1771942499999,3125901.780100,5180,20183.61,1542048.107300,0
1771942500000,76.3800,76.4600,76.1000,76.1200,135804.89,1771942799999,10349940.586200,9864,45968.50,3504196.967800,0
1771942800000,76.1200,76.3300,76.1100,76.2400,62040.52,1771943099999,4731708.392900,5532,35040.46,2672373.936400,0
1771943100000,76.2500,76.3400,76.1100,76.2700,95176.46,1771943399999,7254550.250600,7656,41821.41,3187752.766500,0
1771943400000,76.2700,76.3200,75.7800,75.8500,317778.88,1771943699999,24145300.631100,24638,147436.35,11204757.479500,0
1771943700000,75.8600,76.6500,75.5700,76.5300,548900.53,1771943999999,41734483.744200,35472,295361.16,22473205.878800,0
1771944000000,76.5300,76.9800,76.4300,76.7400,427096.79,1771944299999,32779397.809300,29006,227071.85,17429989.289600,0
1771944300000,76.7400,77.2800,76.6000,77.1700,313322.38,1771944599999,24118832.190300,24085,166428.84,12814406.391800,0
1771944600000,77.1800,77.3900,76.7900,77.1100,302988.73,1771944899999,23367599.118800,23494,162635.00,12544146.809300,0
1771944900000,77.1100,77.1900,76.6500,76.8300,170550.80,1771945199999,13112616.925200,14410,71894.89,5526086.556500,0
1771945200000,76.8400,76.9200,76.5500,76.6100,159966.16,1771945499999,12272288.253400,16764,90484.59,6942838.837600,0
1771945500000,76.6000,76.9100,76.5800,76.8800,157520.56,1771945799999,12089332.572500,15878,90482.04,6943471.674900,0
1771945800000,76.8800,77.1700,76.8600,77.1300,125934.50,1771946099999,9695970.837600,14123,71050.11,5470378.442600,0
1771946100000,77.1300,77.3600,77.0200,77.2600,167173.36,1771946399999,12908826.932600,17327,86766.15,6700757.312000,0
1771946400000,77.2600,77.4500,76.9800,77.3200,190757.19,1771946699999,14730502.792600,17019,95425.06,7372613.432900,0
1771946700000,77.3300,77.3900,77.0200,77.3300,117124.93,1771946999999,9042846.122100,10211,60033.26,4635251.441800,0
1771947000000,77.3400,77.3900,77.1500,77.2400,102530.53,1771947299999,7922109.106100,10978,41104.63,3176274.648900,0
1771947300000,77.2400,77.2600,77.0500,77.1200,81636.57,1771947599999,6295961.184100,9012,33702.89,2599232.734900,0
1771947600000,77.1200,77.2000,76.8800,77.0800,64482.87,1771947899999,4966986.038000,7457,25070.30,1931352.935400,0
1771947900000,77.0700,77.2900,77.0300,77.2300,57886.66,1771948199999,4468245.938300,7350,27571.69,2128093.717100,0
1771948200000,77.2300,77.2400,76.9700,77.0500,60907.49,1771948499999,4694254.158500,7210,17345.90,1337014.402400,0
1771948500000,77.0500,77.2800,77.0400,77.2500,52947.60,1771948799999,4087775.878300,6778,25132.20,1940068.956300,0
1771948800000,77.2600,78.2000,77.1700,77.9900,507634.53,1771949099999,39489013.057100,29389,290971.81,22640086.160100,0
1771949100000,77.9900,78.0700,77.8400,77.9400,169955.59,1771949399999,13248482.976200,13663,76612.16,5972883.995600,0
1771949400000,77.9400,78.0300,77.6300,77.8700,142440.91,1771949699999,11086995.572700,12062,59126.29,4602730.050300,0
1771949700000,77.8700,78.0400,77.7200,78.0200,92154.19,1771949999999,7177545.466000,10123,43134.73,3359759.328100,0
1771950000000,78.0200,78.0300,77.7400,77.7900,91592.70,1771950299999,7134246.776400,8291,39313.88,3062150.521800,0
1771950300000,77.7900,77.9300,77.7100,77.7700,74749.53,1771950599999,5817761.944100,6699,24267.28,1888807.070400,0
1771950600000,77.7700,77.8700,77.3200,77.3200,186348.98,1771950899999,14451847.750000,14551,69747.65,5409019.671100,0
1771950900000,77.3200,77.6600,77.3200,77.6100,124235.76,1771951199999,9626346.540500,10197,67545.50,5233843.041800,0
1771951200000,77.6100,77.9900,77.6100,77.7500,85360.87,1771951499999,6642251.388900,8988,38534.55,2998414.747700,0
1771951500000,77.7600,77.7700,77.5000,77.5200,55914.62,1771951799999,4341554.480500,6857,22234.52,1726449.010600,0
1771951800000,77.5200,77.5900,77.3800,77.4800,67406.07,1771952099999,5221853.570600,6521,25788.18,1998054.064400,0
1771952100000,77.4800,78.1500,77.4500,78.0600,131446.68,1771952399999,10236497.465000,10088,85651.87,6669499.064700,0
1771952400000,78.0700,78.3500,77.9700,78.1300,190786.49,1771952699999,14905941.796600,14574,96304.18,7525168.658600,0
1771952700000,78.1300,78.4300,78.0700,78.2500,173644.15,1771952999999,13584526.107500,13625,109920.44,8600304.330800,0
1771953000000,78.2500,78.4500,78.1400,78.3800,142703.81,1771953299999,11174710.288500,10485,84788.00,6639673.770600,0
1771953300000,78.3700,78.4200,78.1500,78.1900,137315.58,1771953599999,10750012.766600,10962,69765.52,5461954.984300,0
1771953600000,78.1800,78.2800,78.0600,78.2000,60159.02,1771953899999,4702487.049900,6360,30040.30,2348003.181800,0
1771953900000,78.2100,78.2900,78.0500,78.0700,46564.59,1771954199999,3639663.038400,5101,15288.52,1195213.065700,0
1771954200000,78.0800,78.1600,77.9500,78.0500,59052.12,1771954499999,4609164.755200,6223,24704.45,1928425.063100,0
1771954500000,78.0400,78.1400,77.9200,78.0500,45668.47,1771954799999,3561400.934500,5372,21740.62,1695662.541400,0
1771954800000,78.0500,78.1100,77.9400,77.9400,52112.20,1771955099999,4065472.387500,5099,21646.00,1688604.120800,0
1771955100000,77.9500,78.0200,77.8200,77.8700,75117.04,1771955399999,5851897.974800,6305,25290.90,1970365.733500,0
1771955400000,77.8600,77.9700,77.7400,77.9100,99160.98,1771955699999,7717896.482700,7007,47219.92,3675566.914500,0
1771955700000,77.9100,78.0500,77.8400,77.9300,55895.35,1771955999999,4356519.733500,4792,31169.88,2429561.449900,0
1771956000000,77.9200,78.2800,77.8500,77.9700,89406.77,1771956299999,6980096.477800,8624,49154.78,3836979.188300,0
1771956300000,77.9600,78.0300,77.7500,77.8300,52729.74,1771956599999,4104412.510400,6165,26712.44,2079262.249700,0
1771956600000,77.8200,77.8200,77.5100,77.5900,98280.26,1771956899999,7632532.356800,8453,35205.68,2734329.118100,0
1771956900000,77.5900,77.9500,77.5200,77.9300,70292.87,1771957199999,5461435.697300,6463,41619.01,3233893.668900,0
1771957200000,77.9300,78.1200,77.8900,78.0100,68737.51,1771957499999,5362372.941800,6458,36933.49,2881002.606600,0
1771957500000,78.0200,78.0900,77.9200,77.9500,25076.95,1771957799999,1956358.426500,3372,12766.37,995862.152300,0
1771957800000,77.9600,78.1000,77.8900,78.0800,47385.24,1771958099999,3696127.720100,4689,25194.58,1965493.309900,0
1771958100000,78.0800,78.1100,77.9300,78.1100,45807.08,1771958399999,3574856.510600,4365,28230.15,2203306.867800,0
1771958400000,78.1200,78.2800,78.0600,78.1400,87770.08,1771958699999,6861847.956000,6561,43013.02,3363022.420200,0
1771958700000,78.1400,78.2400,78.1200,78.2200,27214.90,1771958999999,2128012.874400,3748,13377.49,1046035.556100,0
1771959000000,78.2300,78.2600,78.1100,78.1900,40297.96,1771959299999,3150538.015200,3849,24939.82,1949579.364000,0
1771959300000,78.1800,78.2000,78.1000,78.1400,35057.10,1771959599999,2739348.423300,3628,16916.26,1321906.852400,0
1771959600000,78.1400,78.3800,78.1000,78.2200,67367.16,1771959899999,5272148.870800,6989,42169.49,3300113.594600,0
1771959900000,78.2100,78.4700,78.1500,78.2300,88286.46,1771960199999,6916007.206400,8934,51242.96,4014955.359200,0
1771960200000,78.2200,78.2300,77.9000,77.9500,68288.79,1771960499999,5331908.277900,6658,22174.61,1731573.499000,0
1771960500000,77.9500,78.2000,77.8200,78.0300,104055.03,1771960799999,8117228.306700,8500,53657.53,4185606.120600,0
1771960800000,78.0400,78.3800,78.0200,78.2500,57219.36,1771961099999,4475742.393600,5316,27947.91,2185545.802000,0
1771961100000,78.2500,78.2900,78.1400,78.1700,22660.92,1771961399999,1772337.740700,3360,9523.26,744776.790800,0
1771961400000,78.1800,78.3100,78.1100,78.2500,29215.04,1771961699999,2284950.591400,3441,15919.91,1245150.781600,0
1771961700000,78.2500,78.3100,78.0900,78.2600,35743.31,1771961999999,2794400.239700,3818,11327.60,885674.627000,0
1771962000000,78.2600,78.3500,78.2300,78.3000,31287.47,1771962299999,2449232.059100,3802,18111.15,1417720.303600,0
1771962300000,78.3100,78.3600,78.1900,78.2400,61710.04,1771962599999,4829366.323400,4940,29038.38,2272454.600500,0
1771962600000,78.2300,78.3100,78.0900,78.1500,29529.29,1771962899999,2309911.185700,3978,17371.34,1358997.266400,0
1771962900000,78.1500,78.3600,78.1400,78.3200,52898.04,1771963199999,4139961.138000,4241,29193.73,2284815.582900,0
1771963200000,78.3300,78.6800,78.3200,78.4700,228864.91,1771963499999,17967138.629300,13104,155382.94,12199265.231500,0
1771963500000,78.4800,78.6600,78.2800,78.3000,69919.27,1771963799999,5488625.419500,6149,37402.34,2937107.659500,0
1771963800000,78.2900,78.5800,78.2800,78.5200,109034.88,1771964099999,8554814.103300,7342,58535.81,4592505.380100,0
1771964100000,78.5100,78.7700,78.4900,78.6000,87235.26,1771964399999,6862572.181300,7256,44592.40,3508050.479200,0
1771964400000,78.5900,78.7200,78.5900,78.6800,42810.77,1771964699999,3368190.397500,4131,27283.75,2146679.066700,0
1771964700000,78.6900,78.7900,78.6600,78.7100,32107.39,1771964999999,2527495.244900,3512,16715.93,1315971.917200,0
1771965000000,78.7100,78.8600,78.5200,78.7200,78912.04,1771965299999,6212035.733000,6561,51027.54,4017005.609800,0
1771965300000,78.7200,78.7500,78.5700,78.6100,49065.09,1771965599999,3859403.301500,4174,12319.60,969057.604700,0
1771965600000,78.6000,78.7800,78.6000,78.7500,20380.67,1771965899999,1603771.852600,2933,7962.92,626622.048700,0
1771965900000,78.7500,78.7700,78.5400,78.5500,26641.10,1771966199999,2095487.362900,3865,8090.11,636393.301300,0
1771966200000,78.5500,78.7900,78.5500,78.6600,38083.64,1771966499999,2995691.775000,4470,15093.03,1186879.431000,0
1771966500000,78.6500,78.6700,78.5600,78.6100,48378.83,1771966799999,3803349.548300,4225,18473.64,1452360.702500,0
1771966800000,78.6000,78.6200,78.1600,78.2200,115961.61,1771967099999,9086948.712200,9115,40530.62,3175534.816500,0
1771967100000,78.2300,78.3400,78.1400,78.3200,67752.98,1771967399999,5301024.668500,5980,36780.27,2877913.593300,0
1771967400000,78.3200,78.5100,78.2400,78.4200,55436.71,1771967699999,4345621.175700,5655,29476.69,2310941.721500,0
1771967700000,78.4200,78.4400,78.0600,78.2000,79574.77,1771967999999,6223303.507900,6861,22950.85,1794790.104100,0
1771968000000,78.2100,78.3900,78.1800,78.3600,65796.98,1771968299999,5148540.463200,4863,24368.46,1906956.223900,0
1771968300000,78.3600,78.5000,78.1600,78.2200,54190.82,1771968599999,4247120.050400,5613,18271.48,1432257.474400,0
1771968600000,78.2200,78.3000,78.1200,78.1700,35630.41,1771968899999,2786719.150400,4248,11881.77,929413.268500,0
1771968900000,78.1800,78.4000,78.1500,78.2900,30450.78,1771969199999,2383346.997900,3598,16776.46,1313065.256600,0
1771969200000,78.2800,78.3600,78.2600,78.2700,16823.01,1771969499999,1317394.596700,1881,5098.71,399299.035300,0
1771969500000,78.2700,78.3600,78.2200,78.2400,28675.34,1771969799999,2245388.340700,2986,11037.17,864350.073000,0
1771969800000,78.2500,78.4700,78.1500,78.4600,58575.92,1771970099999,4586937.133600,4715,33515.86,2624504.768100,0
1771970100000,78.4600,78.6700,78.4500,78.4800,54339.22,1771970399999,4269923.634000,4799,29210.01,2295162.333800,0
1771970400000,78.4800,79.0500,78.3900,78.9500,190035.07,1771970699999,14966485.003700,13014,144338.11,11367984.232600,0
1771970700000,78.9600,79.0600,78.8300,78.9200,80695.57,1771970999999,6369618.776700,6590,36510.58,2882428.919500,0
1771971000000,78.9200,79.3400,78.9100,79.2100,127613.08,1771971299999,10099784.556700,9292,79180.50,6267031.045200,0
1771971300000,79.2000,79.2300,78.8900,78.9200,63792.03,1771971599999,5042813.551600,5904,24970.03,1973965.417900,0
1771971600000,78.9200,79.0300,78.9000,78.9100,27881.54,1771971899999,2201529.433100,3015,17985.54,1420272.308600,0
1771971900000,78.9100,79.0300,78.8400,78.9800,33354.79,1771972199999,2633063.886600,3372,16031.95,1265591.872300,0
1771972200000,78.9800,79.0000,78.8500,78.9600,35577.43,1771972499999,2806896.949800,3515,12761.70,1006901.728300,0
1771972500000,78.9600,79.0400,78.7400,78.8600,27172.95,1771972799999,2143239.161800,3757,11914.43,939782.184500,0
1771972800000,78.8600,78.9800,78.8000,78.8400,37976.87,1771973099999,2996705.451300,3508,24791.99,1956549.527700,0
1771973100000,78.8500,79.0600,78.8400,78.9100,28995.90,1771973399999,2289483.831900,3952,18478.21,1459267.712000,0
1771973400000,78.9100,78.9100,78.7100,78.8500,45748.66,1771973699999,3605225.573200,4224,20007.59,1576550.928000,0
1771973700000,78.8400,79.0400,78.8400,79.0200,33063.39,1771973999999,2610795.451600,3829,17866.88,1410779.198000,0
1771974000000,79.0200,79.1000,78.7800,78.7900,62654.63,1771974299999,4948677.911000,7279,29092.03,2298598.268700,0
1771974300000,78.7900,78.8300,78.5900,78.6400,81118.64,1771974599999,6383030.876400,6921,33911.73,2668691.281900,0
1771974600000,78.6500,79.1000,78.6300,79.0500,69359.37,1771974899999,5470376.129400,6353,36507.54,2879442.813600,0
1771974900000,79.0500,79.1500,79.0000,79.0200,95727.45,1771975199999,7570154.140800,6085,48230.28,3814055.017400,0
1771975200000,79.0200,79.2000,79.0100,79.2000,44587.06,1771975499999,3527328.115700,4548,28848.84,2282220.904700,0
1771975500000,79.2000,79.3900,79.1100,79.3800,81730.34,1771975799999,6476068.054500,6692,49701.52,3939194.601900,0
1771975800000,79.3900,79.5300,79.3200,79.4000,122718.69,1771976099999,9746225.214300,8787,69603.84,5527761.000700,0
1771976100000,79.4100,79.5500,79.3800,79.5100,57271.36,1771976399999,4551005.574000,4880,34017.36,2703175.315300,0
1771976400000,79.5100,79.5600,79.3600,79.4000,35544.50,1771976699999,2823978.745800,3804,19169.23,1523026.169500,0
1771976700000,79.4000,79.4400,79.0900,79.1000,117413.51,1771976999999,9306288.587200,7549,28004.60,2219973.424200,0
1771977000000,79.1000,79.1600,78.8300,78.9000,113299.34,1771977299999,8951943.360700,7605,29813.90,2355903.482800,0
1771977300000,78.8900,79.0000,78.8500,78.9100,75582.66,1771977599999,5964667.368500,5529,28934.37,2283891.524000,0
1771977600000,78.9200,78.9800,78.8300,78.8800,55431.91,1771977899999,4373123.686300,4794,19389.52,1529872.776000,0
1771977900000,78.8900,78.9700,78.7800,78.7900,43895.34,1771978199999,3463081.424500,4612,14065.63,1109924.885600,0
1771978200000,78.7900,78.9400,78.7400,78.7900,117042.72,1771978499999,9227299.862400,7673,35755.27,2819171.656800,0
1771978500000,78.7800,78.9700,78.7800,78.9400,37609.81,1771978799999,2966480.685500,4031,22885.22,1804932.342800,0
1771978800000,78.9400,78.9600,78.7500,78.8700,46701.38,1771979099999,3681712.858700,4925,13244.15,1044205.816800,0
1771979100000,78.8800,78.9200,78.6600,78.7200,32083.01,1771979399999,2526192.064200,3989,14923.35,1175072.559600,0
1771979400000,78.7100,78.8900,78.6900,78.8000,32801.24,1771979699999,2583752.344400,4284,14563.25,1147224.113500,0
1771979700000,78.8000,79.1100,78.8000,79.0600,49849.48,1771979999999,3937026.144600,5043,36318.29,2868265.452900,0
1771980000000,79.0600,79.2600,78.9000,79.2000,87947.79,1771980299999,6957931.740400,6200,54672.22,4325517.058400,0
1771980300000,79.2000,79.2200,79.0800,79.1800,38633.38,1771980599999,3057796.388100,4372,18538.66,1467464.815600,0
1771980600000,79.1900,79.3200,79.1700,79.3200,43466.64,1771980899999,3444995.817600,3931,27141.76,2151288.186500,0
1771980900000,79.3100,79.3700,79.1300,79.1400,56283.19,1771981199999,4460909.429900,4803,22822.06,1808921.224900,0
1771981200000,79.1300,79.3700,79.0400,79.3100,92621.77,1771981499999,7340331.168100,7396,56299.11,4462865.421200,0
1771981500000,79.3000,79.7900,79.2400,79.6600,317174.00,1771981799999,25246277.322200,17688,197046.07,15683981.890900,0
1771981800000,79.6600,81.8800,79.6200,81.3000,1386516.27,1771982099999,112263800.378700,74124,813812.89,65880511.041200,0
1771982100000,81.2900,82.0900,81.0700,81.8800,584739.72,1771982399999,47708886.682800,36850,338867.48,27653621.360100,0
1771982400000,81.8800,82.5300,81.7400,82.0200,564607.68,1771982699999,46371926.148100,36617,297134.62,24408775.955300,0
1771982700000,82.0100,82.4100,81.8800,81.9400,253643.52,1771982999999,20835415.532600,19908,113173.31,9298047.973000,0
1771983000000,81.9400,82.1900,81.8600,81.8700,237352.13,1771983299999,19468175.096400,17047,98823.97,8107489.403600,0
1771983300000,81.8800,82.3100,81.8000,81.8900,247576.26,1771983599999,20311128.552600,17919,107097.54,8789218.263100,0
1771983600000,81.8900,82.0000,81.5500,81.6200,149027.40,1771983899999,12188666.348800,11841,63711.72,5210314.484200,0
1771983900000,81.6100,82.1400,81.5800,82.1000,132848.11,1771984199999,10881681.697400,11326,82877.21,6788543.184400,0
1771984200000,82.1000,82.1300,81.7800,81.9400,134437.38,1771984499999,11009124.155600,9954,72438.79,5930997.555000,0
1771984500000,81.9400,82.0500,81.8800,81.9400,117419.94,1771984799999,9625681.859100,7609,52341.77,4290499.086100,0
1771984800000,81.9500,82.4500,81.9300,82.1500,270868.37,1771985099999,22274046.678000,20804,127101.36,10451012.570600,0
1771985100000,82.1400,82.9700,82.0500,82.3500,336257.83,1771985399999,27746008.409000,25257,215764.68,17805737.732100,0
1771985400000,82.3400,82.7400,82.2800,82.6600,168985.00,1771985699999,13948303.396200,12734,95023.50,7843549.655200,0
1771985700000,82.6600,82.7000,82.3500,82.3700,136426.33,1771985999999,11253675.405700,10492,40659.86,3353834.947700,0
1771986000000,82.3700,82.6400,82.2900,82.5000,160670.74,1771986299999,13259939.746100,10213,82854.49,6837681.933800,0
1771986300000,82.5000,82.6200,82.3200,82.3600,71817.28,1771986599999,5924208.046700,7610,25203.26,2079070.269300,0
1771986600000,82.3600,82.4700,82.0700,82.1200,111388.22,1771986899999,9163858.306100,10897,40766.36,3353817.854100,0
1771986900000,82.1200,82.2500,82.0100,82.0100,97550.12,1771987199999,8011867.899600,8144,55442.84,4553940.513400,0
1771987200000,82.0000,82.2000,81.9800,82.2000,72976.87,1771987499999,5989929.568100,7521,41833.13,3434040.882400,0
1771987500000,82.2000,82.6500,82.1900,82.3700,191262.59,1771987799999,15765143.095600,13946,106618.51,8786650.307200,0
1771987800000,82.3700,82.6300,82.3400,82.4400,105726.09,1771988099999,8721416.741000,9400,52281.03,4313239.339000,0
1771988100000,82.4400,82.5000,82.3200,82.4100,85486.42,1771988399999,7045891.906100,6724,31620.89,2606391.078600,0
1771988400000,82.4200,82.5300,82.1600,82.2100,93353.93,1771988699999,7681807.430500,9101,44743.63,3681987.021800,0
1771988700000,82.2100,82.4200,82.1500,82.2300,66204.10,1771988999999,5446885.719600,7681,33769.47,2778549.619700,0
1771989000000,82.2300,82.3200,82.1500,82.2000,59162.85,1771989299999,4865384.426000,6429,32450.01,2668717.201400,0
1771989300000,82.2000,82.2400,81.8100,81.8800,167955.35,1771989599999,13766502.839100,12836,79376.22,6505903.699600,0
1771989600000,81.8700,82.0900,81.7400,81.8700,156755.60,1771989899999,12833392.494000,10825,69158.90,5662836.714100,0
1771989900000,81.8800,81.9300,81.6800,81.7800,106022.99,1771990199999,8670982.266500,8757,59890.13,4898272.442800,0
1771990200000,81.7700,81.9300,81.6400,81.8200,141628.69,1771990499999,11583130.896800,9961,60471.96,4946157.701800,0
1771990500000,81.8300,81.9500,81.5800,81.7700,116177.00,1771990799999,9497066.580400,10443,51991.50,4250879.998300,0
1771990800000,81.7700,81.8800,81.6700,81.7500,53153.00,1771991099999,4346379.607500,5783,27991.13,2289034.797900,0
1771991100000,81.7500,82.0300,81.7100,81.7600,100876.45,1771991399999,8257778.846700,8841,53287.90,4362750.644300,0
1771991400000,81.7600,81.8400,81.6700,81.6800,67804.60,1771991699999,5543142.640000,5994,26541.83,2170096.265700,0
1771991700000,81.6800,81.7300,81.6000,81.7200,56125.47,1771991999999,4583188.986600,5365,21322.17,1741368.088200,0
1771992000000,81.7100,81.7600,81.2400,81.4500,288159.92,1771992299999,23465121.935800,16111,146316.23,11911747.794700,0
1771992300000,81.4500,81.5300,81.4200,81.5100,83248.21,1771992599999,6782883.145300,7088,36883.08,3005286.308800,0
1771992600000,81.5100,81.9400,81.4800,81.8600,160316.38,1771992899999,13114324.220900,10707,96261.53,7873882.528200,0
1771992900000,81.8600,82.0500,81.7000,81.8700,91740.92,1771993199999,7511562.201700,7972,55772.28,4566953.421300,0
1771993200000,81.8800,82.0700,81.8000,81.9900,123702.20,1771993499999,10135100.935000,8757,61253.97,5019984.589100,0
1771993500000,81.9900,82.2000,81.8800,82.1900,63880.14,1771993799999,5240530.291500,5848,42550.29,3491102.688800,0
1771993800000,82.1900,82.2900,82.1400,82.2100,60278.17,1771994099999,4955830.546900,6523,33729.27,2773260.651500,0
1771994100000,82.2100,82.3100,82.1200,82.3000,104160.51,1771994399999,8564824.541800,5832,32929.15,2708381.458000,0
1771994400000,82.3100,82.4100,82.2600,82.3500,59311.18,1771994699999,4882344.307500,5820,31500.16,2593309.850300,0
1771994700000,82.3500,82.3500,82.1100,82.1600,53234.20,1771994999999,4376960.011700,5283,16038.80,1318697.731300,0
1771995000000,82.1500,82.2000,81.9700,82.0200,201428.42,1771995299999,16525448.091100,7271,126919.51,10411365.883700,0
1771995300000,82.0300,82.0400,81.8800,81.9300,53071.21,1771995599999,4348937.711300,4211,20784.23,1703245.433600,0
1771995600000,81.9200,82.0500,81.8700,82.0400,70675.39,1771995899999,5792708.628900,6529,36137.74,2962211.453800,0
1771995900000,82.0400,82.1400,81.9800,82.0900,71588.05,1771996199999,5874668.810300,6307,42466.68,3484906.130600,0
1771996200000,82.0900,82.0900,81.8200,81.8600,39101.34,1771996499999,3203927.349900,4779,13357.44,1094452.208400,0
1771996500000,81.8600,81.9300,81.8000,81.8100,32346.83,1771996799999,2647746.269300,3964,15968.16,1307188.794500,0
1771996800000,81.8100,81.8500,81.4400,81.4800,172165.98,1771997099999,14059374.935300,9925,65729.50,5368535.730000,0
1771997100000,81.4800,81.6100,81.4200,81.4700,194575.99,1771997399999,15857954.590400,8772,109347.20,8912293.597200,0
1771997400000,81.4800,81.5700,81.2100,81.2500,126327.50,1771997699999,10276186.723800,10534,56686.65,4611955.256100,0
1771997700000,81.2400,81.2900,80.9300,81.1900,346257.60,1771997999999,28084965.385800,16979,177241.08,14377978.308700,0
1771998000000,81.1800,81.2400,81.0000,81.1400,130458.01,1771998299999,10582765.237300,9306,62872.98,5101234.051100,0
1771998300000,81.1500,81.3600,81.0500,81.3300,111626.48,1771998599999,9068052.502600,8366,60286.19,4898551.754600,0
1771998600000,81.3200,81.3800,81.2000,81.2600,72167.10,1771998899999,5868829.159800,4748,27149.75,2208433.185900,0
1771998900000,81.2500,81.3800,81.2400,81.2600,49355.71,1771999199999,4011641.346300,4312,19449.31,1581026.215900,0
1771999200000,81.2500,81.3600,81.2500,81.2700,36457.80,1771999499999,2963909.484000,4807,24773.33,2014044.138500,0
1771999500000,81.2700,81.3300,81.1700,81.2500,48174.18,1771999799999,3914241.330700,5739,19658.11,1597494.418300,0
1771999800000,81.2500,81.3100,81.1700,81.2200,60916.73,1772000099999,4949393.903900,4660,36365.88,2954750.510100,0
1772000100000,81.2200,81.3200,81.1100,81.3200,43289.46,1772000399999,3514887.699300,4597,19779.64,1606088.627600,0
1772000400000,81.3100,81.7100,81.3000,81.6300,149579.17,1772000699999,12196656.660400,9518,109039.32,8891197.739600,0
1772000700000,81.6300,81.8500,81.5700,81.6600,80831.98,1772000999999,6606562.526800,6695,52679.52,4305542.447300,0
1772001000000,81.6600,81.7900,81.5700,81.7000,35880.70,1772001299999,2930564.696100,4870,19273.84,1574381.305000,0
1772001300000,81.7100,81.8000,81.6400,81.7200,36826.87,1772001599999,3010447.313800,3948,20604.43,1684305.206200,0
1772001600000,81.7200,81.7900,81.6700,81.7400,59868.78,1772001899999,4894043.434200,4451,30430.97,2487409.742600,0
1772001900000,81.7400,81.7500,81.6300,81.6500,30412.05,1772002199999,2484517.930700,4094,8501.90,694537.982800,0
1772002200000,81.6400,81.6400,81.4300,81.4700,86843.31,1772002499999,7078135.198300,6421,40871.09,3331562.472200,0
1772002500000,81.4800,81.6200,81.3900,81.5300,115679.10,1772002799999,9427732.035200,6320,72784.05,5932092.336200,0
1772002800000,81.5300,81.6600,81.4500,81.5700,46311.57,1772003099999,3776857.967900,5487,24905.94,2031397.214700,0
1772003100000,81.5600,81.7500,81.4600,81.7500,63039.13,1772003399999,5141811.083600,5957,35957.17,2933359.196400,0
1772003400000,81.7600,81.9400,81.6800,81.8400,65991.72,1772003699999,5400474.404100,6876,36627.09,2997245.267000,0
1772003700000,81.8300,82.3800,81.7700,82.3000,279674.01,1772003999999,22963033.232300,17635,186658.38,15325499.132400,0
1772004000000,82.3000,82.3000,82.0800,82.0800,106819.54,1772004299999,8779872.421000,7060,44053.04,3620975.206700,0
1772004300000,82.0800,82.1600,82.0100,82.1400,33949.49,1772004599999,2786754.196800,3843,18422.88,1512298.144300,0
1772004600000,82.1400,82.3800,82.1100,82.2600,109209.47,1772004899999,8985880.462600,7601,70290.36,5783615.516600,0
1772004900000,82.2500,82.2600,82.0600,82.0700,41807.83,1772005199999,3434300.372900,4620,14059.66,1154930.352100,0
1772005200000,82.0800,82.1900,81.9300,82.0200,73589.00,1772005499999,6036600.792000,5818,30824.48,2529299.284000,0
1772005500000,82.0200,82.0200,81.9200,81.9600,38512.97,1772005799999,3156845.260000,3812,16240.51,1331238.778200,0
1772005800000,81.9600,82.1200,81.9600,82.0900,37060.21,1772006099999,3040050.323300,4007,24478.80,2008084.848100,0
1772006100000,82.0800,82.1700,82.0300,82.1300,31672.31,1772006399999,2600477.640000,3358,17700.43,1453300.467800,0
1772006400000,82.1400,82.2000,82.0100,82.0500,68025.54,1772006699999,5584807.116800,6123,30318.18,2489215.285000,0
1772006700000,82.0500,82.1900,81.9400,81.9700,47729.87,1772006999999,3917900.024300,6085,26376.18,2165433.294900,0
1772007000000,81.9800,82.0200,81.8800,81.9700,36341.54,1772007299999,2977320.411500,4428,15449.57,1265901.885900,0
1772007300000,81.9800,82.2300,81.9200,82.1500,72164.11,1772007599999,5923344.951700,6713,47364.92,3887889.318100,0
1772007600000,82.1600,82.4600,82.1500,82.4200,172823.72,1772007899999,14230225.661300,10428,108024.81,8894432.222700,0
1772007900000,82.4100,82.4400,82.3100,82.3400,56734.04,1772008199999,4673313.219900,4920,34177.59,2815471.520200,0
1772008200000,82.3500,82.4500,82.3100,82.4100,36127.21,1772008499999,2976140.151600,5082,21496.90,1770954.102300,0
1772008500000,82.4100,82.5200,82.2600,82.2700,154224.18,1772008799999,12710503.362700,9657,65090.22,5365142.236700,0
1772008800000,82.2800,82.4100,82.2500,82.2500,59330.95,1772009099999,4883465.314900,5267,29925.12,2463229.134400,0
1772009100000,82.2500,82.3200,82.1700,82.2300,64015.07,1772009399999,5264434.569400,5264,26721.82,2197768.670000,0
1772009400000,82.2300,82.4300,82.1800,82.3800,77711.53,1772009699999,6393883.023800,7031,44925.10,3696036.484200,0
1772009700000,82.3900,82.4500,82.2200,82.4400,118804.62,1772009999999,9781859.330300,6256,64089.60,5276910.941000,0
1772010000000,82.4500,82.5600,82.3800,82.4900,81541.69,1772010299999,6724609.097000,7002,43138.42,3558141.586600,0
1772010300000,82.4900,82.5200,82.3300,82.4700,110301.82,1772010599999,9088222.485300,5832,42149.87,3474389.378000,0
1772010600000,82.4700,82.6600,82.4100,82.4600,95703.10,1772010899999,7899093.989300,8869,52098.98,4300664.514400,0
1772010900000,82.4600,82.5800,82.3600,82.5700,63375.80,1772011199999,5223790.241400,5447,28740.12,2369235.243000,0
1772011200000,82.5600,82.5900,82.3900,82.4000,66124.12,1772011499999,5454904.304600,5425,28673.59,2365633.189200,0
1772011500000,82.3900,82.4500,82.3400,82.4000,46296.17,1772011799999,3813446.083200,4658,21587.59,1778220.922400,0
1772011800000,82.3900,82.4000,82.2900,82.4000,61650.54,1772012099999,5076078.558900,5261,34322.46,2826207.686000,0
1772012100000,82.3900,82.4100,82.1800,82.2700,118339.61,1772012399999,9732247.921700,6244,66845.98,5496323.359200,0
1772012400000,82.2700,82.3000,82.2300,82.2800,38943.88,1772012699999,3203788.472500,3478,15015.82,1235348.020900,0
1772012700000,82.2800,82.4200,82.2700,82.3800,32768.42,1772012999999,2698454.434500,3714,21713.76,1788085.202000,0
1772013000000,82.3800,82.5400,82.3700,82.5300,47495.89,1772013299999,3916909.061400,4174,26750.23,2206007.798000,0
1772013300000,82.5300,82.6000,82.4500,82.4900,56809.53,1772013599999,4688981.980100,5083,33575.16,2771307.460300,0
1772013600000,82.4900,82.7800,82.4900,82.5600,123572.98,1772013899999,10212277.472500,9646,74745.38,6176514.954800,0
1772013900000,82.5700,82.7400,82.4600,82.7000,78266.96,1772014199999,6463996.264200,7521,52325.76,4321927.753600,0
1772014200000,82.6900,82.7800,82.5500,82.7800,51239.99,1772014499999,4236464.664200,5917,26735.57,2210835.389600,0
1772014500000,82.7700,82.9300,82.6000,82.6700,138830.70,1772014799999,11485143.845600,10447,87344.91,7226501.243300,0
1772014800000,82.6700,82.7200,82.5400,82.5600,61783.16,1772015099999,5104739.953200,5493,29139.94,2407868.786900,0
1772015100000,82.5500,82.6200,82.5200,82.5700,51621.55,1772015399999,4261907.163900,3686,32362.96,2671863.829800,0
1772015400000,82.5600,82.5900,82.5100,82.5800,28588.23,1772015699999,2359983.679800,4291,12158.74,1003741.631600,0
1772015700000,82.5800,82.7000,82.5700,82.6400,51731.17,1772015999999,4275001.667300,4470,24730.76,2043669.700000,0
1772016000000,82.6500,82.7100,82.6100,82.6600,22799.90,1772016299999,1884533.055500,3205,11650.25,963037.835800,0
1772016300000,82.6600,82.8300,82.6300,82.7400,54555.88,1772016599999,4514578.382000,5761,34278.65,2836525.136000,0
1772016600000,82.7300,82.7600,82.5600,82.5600,37219.85,1772016899999,3076504.246300,5123,13016.82,1076118.316400,0
1772016900000,82.5600,82.5800,82.4100,82.5100,59830.49,1772017199999,4934525.041700,5014,28656.77,2363604.687500,0
1772017200000,82.5100,82.5300,82.4000,82.4300,63038.16,1772017499999,5198766.528300,5265,24449.50,2016504.142600,0
1772017500000,82.4300,82.5600,82.2600,82.4900,122235.30,1772017799999,10073291.002100,8628,56702.31,4673048.477600,0
1772017800000,82.5000,82.6000,82.4600,82.4900,68040.38,1772018099999,5615375.411600,5433,27692.20,2285635.112400,0
1772018100000,82.4800,82.6000,82.4100,82.5700,77002.35,1772018399999,6353647.817300,4645,22527.06,1859217.749300,0
1772018400000,82.5600,82.8800,82.5500,82.7600,88255.26,1772018699999,7304929.497500,6820,55671.28,4608347.250800,0
1772018700000,82.7600,82.8900,82.7400,82.8300,66881.58,1772018999999,5539443.294200,5275,39421.16,3265080.447000,0
1772019000000,82.8200,83.1700,82.7800,83.0000,224371.92,1772019299999,18627339.613400,14073,153222.39,12722107.707300,0
1772019300000,83.0000,83.0400,82.8600,82.9900,110732.02,1772019599999,9186739.000600,6881,65693.83,5450572.628900,0
1772019600000,82.9900,83.0200,82.9000,82.9600,50651.68,1772019899999,4201654.857800,3706,27786.32,2304961.637100,0
1772019900000,82.9700,83.1000,82.9200,83.0100,65204.16,1772020199999,5411954.566100,4339,37765.74,3134740.515200,0
1772020200000,83.0200,83.0500,82.9600,83.0300,43563.44,1772020499999,3616354.140100,3727,25345.74,2104156.065000,0
1772020500000,83.0400,83.3800,83.0100,83.3300,205064.26,1772020799999,17067760.834600,10883,143563.07,11949235.714200,0
1772020800000,83.3400,83.3400,83.0700,83.0700,148646.97,1772021099999,12370576.803400,9859,83672.24,6963613.732200,0
1772021100000,83.0700,83.1300,82.9800,83.0800,81638.37,1772021399999,6779939.209900,6762,35480.15,2946742.541300,0
1772021400000,83.0900,83.0900,82.9200,82.9300,52477.42,1772021699999,4355526.768100,5124,23321.55,1935636.796800,0
1772021700000,82.9300,83.2700,82.8500,83.1900,135689.18,1772021999999,11267404.358300,10473,83903.98,6967875.918000,0
1772022000000,83.1900,83.4600,83.1700,83.2500,176694.44,1772022299999,14724710.763200,13807,94764.46,7897500.241800,0
1772022300000,83.2600,83.3700,83.2100,83.2800,73592.69,1772022599999,6128728.573200,6671,38727.83,3225227.181600,0
1772022600000,83.2700,83.4500,83.2400,83.3100,79957.20,1772022899999,6663582.868800,8705,43908.19,3659458.824700,0
1772022900000,83.3000,83.4500,83.1900,83.2500,69192.10,1772023199999,5763173.410800,7197,30392.35,2532171.223100,0
1772023200000,83.2500,83.4800,83.2500,83.4400,62940.70,1772023499999,5248512.439800,6585,33095.58,2759617.426400,0
1772023500000,83.4400,83.7500,83.4000,83.7100,191804.76,1772023799999,16024204.586100,15034,111213.33,9293901.159800,0
1772023800000,83.7100,84.0600,83.6800,83.7900,478144.52,1772024099999,40098059.127300,24182,325023.87,27260659.747800,0
1772024100000,83.7900,83.8600,83.5500,83.6400,171304.38,1772024399999,14327606.552000,11084,88029.41,7362757.044600,0
1772024400000,83.6400,83.8900,83.5500,83.5700,242181.02,1772024699999,20274761.933200,15265,100565.05,8421323.168800,0
1772024700000,83.5700,83.6600,83.2900,83.4500,264207.09,1772024999999,22058500.214400,12563,123254.31,10291554.133800,0
1772025000000,83.4600,83.5700,83.4100,83.5300,82772.85,1772025299999,6911472.106700,6560,39851.91,3327479.365900,0
1772025300000,83.5400,83.6900,83.4900,83.5700,89667.43,1772025599999,7496095.197400,7294,61331.61,5127258.663000,0
1772025600000,83.5700,83.7900,83.4200,83.6600,80034.87,1772025899999,6690972.313600,7364,49120.93,4106844.547100,0
1772025900000,83.6700,83.8900,83.6400,83.7800,81866.82,1772026199999,6860338.994400,8460,46424.53,3890279.710000,0
1772026200000,83.7700,83.9200,83.6800,83.7600,57206.31,1772026499999,4793280.516300,6387,21911.22,1836131.399100,0
1772026500000,83.7700,83.9600,83.7100,83.9100,93992.98,1772026799999,7882991.007300,7901,50004.77,4193900.403200,0
1772026800000,83.9100,84.1900,83.8900,83.9700,276564.00,1772027099999,23233676.701600,11515,200176.10,16816673.597200,0
1772027100000,83.9700,84.3900,83.9300,84.3900,254940.93,1772027399999,21461020.649600,16117,143582.99,12087277.787900,0
1772027400000,84.3800,84.4000,83.7200,83.7200,189251.04,1772027699999,15902905.732200,12991,57025.80,4794589.070400,0
1772027700000,83.7200,83.8500,83.7000,83.7800,73371.64,1772027999999,6145731.236500,6689,33499.16,2806284.629400,0
1772028000000,83.7900,83.9700,83.7500,83.9600,138511.45,1772028299999,11616691.488000,8934,95521.61,8011223.361600,0
1772028300000,83.9600,84.2800,83.9200,84.2500,149609.29,1772028599999,12585350.489800,12012,77817.17,6546527.185400,0
1772028600000,84.2500,84.3600,84.1100,84.1300,117470.84,1772028899999,9896588.372200,9572,63582.89,5357781.307900,0
1772028900000,84.1200,84.6300,84.0500,84.3100,329925.38,1772029199999,27817791.675000,17035,200630.92,16915296.967100,0
1772029200000,84.3100,84.5100,84.2900,84.4900,113188.89,1772029499999,9557147.309500,8947,58108.36,4906827.802900,0
1772029500000,84.4900,84.5400,84.3100,84.3400,92813.08,1772029799999,7837576.184700,7439,33845.37,2858116.864100,0
1772029800000,84.3300,84.5900,84.1400,84.2300,211163.44,1772030099999,17807239.612100,20395,105975.09,8937861.787900,0
1772030100000,84.2300,84.3300,83.9200,84.0200,246892.00,1772030399999,20756938.800200,18837,121378.69,10205789.173700,0
1772030400000,84.0200,84.4900,83.9500,84.4400,201913.53,1772030699999,17006261.430100,17191,111053.52,9353926.807600,0
1772030700000,84.4400,85.7500,84.4200,85.5100,657397.18,1772030999999,55957960.657900,43525,399643.16,34017879.209400,0
1772031000000,85.5200,85.6300,85.2000,85.3100,259781.30,1772031299999,22184555.387200,22155,104862.93,8956920.818800,0
1772031300000,85.3100,85.6600,85.2900,85.5900,180392.77,1772031599999,15420948.398900,17467,97667.97,8350288.686000,0
1772031600000,85.5900,86.0200,85.5700,85.7700,376595.29,1772031899999,32337304.745000,31126,206560.80,17737196.433000,0
1772031900000,85.7800,85.8000,84.9500,85.1500,539254.62,1772032199999,45996123.249000,29969,224584.73,19147867.286700,0
1772032200000,85.1400,85.3000,85.0700,85.1800,195189.35,1772032499999,16627098.993200,14099,105730.05,9006592.171900,0
1772032500000,85.1700,85.5900,85.1400,85.2100,187940.44,1772032799999,16046763.852500,16614,94415.10,8062315.501700,0
1772032800000,85.2200,85.3100,85.0600,85.2700,167927.90,1772033099999,14307653.024100,11542,90518.48,7712648.776300,0
1772033100000,85.2600,85.6800,85.2000,85.3800,150128.71,1772033399999,12827416.633200,11752,87229.65,7453326.266900,0
1772033400000,85.3800,85.9800,85.2000,85.6300,228817.72,1772033699999,19599816.619300,18110,135331.38,11595413.889900,0
1772033700000,85.6300,86.0000,85.6300,85.8900,195869.11,1772033999999,16820700.940800,17870,108089.57,9282259.960300,0
1772034000000,85.8900,86.1600,85.8100,86.0700,179079.51,1772034299999,15397967.490700,15168,101753.25,8750559.848300,0
1772034300000,86.0600,86.4300,86.0500,86.2300,345664.64,1772034599999,29807183.115700,25558,191372.12,16504057.740200,0
1772034600000,86.2300,86.3700,85.8800,85.9100,177205.78,1772034899999,15254886.731700,14431,63172.68,5439422.163500,0
1772034900000,85.9200,86.0600,85.7600,85.9200,174087.89,1772035199999,14955537.142900,12945,78447.14,6740033.609900,0
1772035200000,85.9200,86.3100,85.9200,86.1500,216978.59,1772035499999,18686735.090400,15967,113273.15,9755331.029600,0
1772035500000,86.1400,86.4700,85.9200,86.0100,281683.62,1772035799999,24284797.139600,16929,184700.09,15920338.594100,0
1772035800000,86.0100,86.4700,86.0100,86.1900,122828.59,1772036099999,10596094.450600,11506,62695.89,5408274.298200,0
1772036100000,86.1900,86.9600,86.1200,86.8500,392514.97,1772036399999,34005232.232300,25490,248287.68,21508017.253200,0
1772036400000,86.8500,87.2900,86.6400,87.2600,443890.07,1772036699999,38636937.304500,25019,247427.60,21541273.155900,0
1772036700000,87.2500,87.6100,87.1300,87.1500,441759.61,1772036999999,38588070.332000,26277,197260.09,17233864.976400,0
1772037000000,87.1500,87.4400,87.0200,87.0900,251291.02,1772037299999,21927159.440600,16773,110290.79,9624702.919600,0
1772037300000,87.0800,87.3600,86.9100,86.9400,118080.15,1772037599999,10289867.253000,11016,43837.90,3821567.409700,0
1772037600000,86.9400,87.3000,86.9000,87.2400,127642.49,1772037899999,11112509.067700,10612,60438.77,5262388.965600,0
1772037900000,87.2400,87.5700,87.2300,87.5000,205047.04,1772038199999,17929215.822300,13933,104187.65,9109722.691900,0
1772038200000,87.5000,87.5500,87.2900,87.3100,93980.47,1772038499999,8216143.130100,8620,38013.39,3323533.485900,0
1772038500000,87.3100,87.6700,87.2400,87.5000,196366.56,1772038799999,17179655.459900,13297,116141.63,10161694.143300,0
1772038800000,87.5100,88.0500,87.3500,87.4600,453620.30,1772039099999,39809398.870200,29454,279033.88,24495075.455600,0
1772039100000,87.4600,87.6600,87.3800,87.6200,197805.81,1772039399999,17308264.342800,15277,90910.22,7956164.485500,0
1772039400000,87.6300,88.5800,87.5800,88.2800,548220.77,1772039699999,48386005.249700,30026,338539.85,29873461.127400,0
1772039700000,88.2800,88.2900,87.8800,87.9300,242465.07,1772039999999,21361801.804700,18056,98680.59,8695165.354800,0
1772040000000,87.9300,88.4200,87.8500,88.3100,208736.18,1772040299999,18404918.513800,14343,109626.61,9665226.889400,0
1772040300000,88.3100,88.4400,88.1500,88.2700,105546.58,1772040599999,9317244.809600,10767,42977.22,3794305.112100,0
1772040600000,88.2800,88.4100,87.9800,88.2600,211000.00,1772040899999,18613585.164900,14314,91316.92,8055298.123200,0
1772040900000,88.2700,88.7600,88.2600,88.4100,219808.36,1772041199999,19448842.081900,18730,116203.59,10283116.454500,0
1772041200000,88.4100,88.6800,88.3800,88.6500,125118.47,1772041499999,11079175.645900,13224,78720.20,6970513.211400,0
1772041500000,88.6600,88.9200,88.4100,88.5700,173447.15,1772041799999,15373882.824400,13775,105009.34,9311827.050200,0
1772041800000,88.5700,88.9000,88.4700,88.5400,127987.15,1772042099999,11354340.165500,13468,63502.11,5634575.356100,0
1772042100000,88.5400,88.6300,88.3000,88.5200,153495.22,1772042399999,13578125.191000,12386,76162.17,6737824.948700,0
1772042400000,88.5100,88.6000,87.9600,88.0000,282736.03,1772042699999,24935540.280200,19296,117176.35,10335784.267100,0
1772042700000,88.0000,88.3400,87.9600,88.3200,148868.81,1772042999999,13118729.962300,13086,88538.98,7803390.717000,0
1772043000000,88.3300,88.6000,88.2600,88.4400,132056.38,1772043299999,11678865.368900,11514,78359.09,6930620.386300,0
1772043300000,88.4400,88.5500,88.1000,88.2000,159206.92,1772043599999,14064952.232900,13087,57234.47,5057323.443100,0
1772043600000,88.2100,88.4800,88.1700,88.2700,83689.70,1772043899999,7388178.078000,8398,44636.49,3940892.977400,0
1772043900000,88.2700,88.9300,88.2400,88.7700,185662.48,1772044199999,16463792.717800,14072,115602.00,10251191.467600,0
1772044200000,88.7800,88.8100,88.5100,88.5800,128038.51,1772044499999,11348473.808800,12437,49444.21,4382203.902800,0
1772044500000,88.5800,89.0800,88.5800,88.8800,247468.18,1772044799999,22007362.509300,16356,150131.34,13352238.695900,0
1772044800000,88.8900,89.1500,88.8100,88.9500,151013.02,1772045099999,13439099.592200,11696,86271.73,7678036.157600,0
1772045100000,88.9600,88.9900,88.7000,88.8000,123902.97,1772045399999,11001919.399700,10458,39298.25,3489229.602500,0
1772045400000,88.8000,89.0500,88.7700,88.9400,84933.66,1772045699999,7551234.220900,8898,52640.02,4680438.067500,0
1772045700000,88.9400,88.9800,88.8400,88.9100,43008.36,1772045999999,3823609.085500,5333,14129.77,1256339.718400,0
1772046000000,88.9000,89.0000,88.5600,88.7300,149014.30,1772046299999,13227612.220300,13396,69127.10,6136878.124800,0
1772046300000,88.7400,88.7900,88.5300,88.5300,124826.64,1772046599999,11071490.994300,12604,57298.03,5082691.594800,0
1772046600000,88.5300,88.7300,88.3100,88.7000,199396.40,1772046899999,17647154.930300,14717,86171.18,7627207.227300,0
1772046900000,88.6900,89.0200,88.6400,88.9100,152270.28,1772047199999,13530833.462800,12429,87650.48,7789133.022800,0
1772047200000,88.9000,89.3700,88.9000,89.2400,204038.55,1772047499999,18187764.916100,14845,119167.25,10623651.088300,0
1772047500000,89.2400,89.2500,88.9100,88.9800,76781.58,1772047799999,6837289.244800,8237,31121.04,2771367.769900,0
1772047800000,88.9800,89.0200,88.7500,88.8700,88113.34,1772048099999,7831460.984200,8972,37604.87,3342730.273100,0
1772048100000,88.8700,89.2000,88.8600,89.1000,89349.72,1772048399999,7960243.041200,8244,49264.69,4388516.744200,0
1772048400000,89.1000,89.1800,89.0300,89.0700,74178.97,1772048699999,6608549.306900,7480,25028.08,2229988.356700,0
1772048700000,89.0700,89.6000,89.0600,89.6000,153616.88,1772048999999,13730877.196200,13378,92228.93,8245907.955700,0
1772049000000,89.5900,89.6000,89.3500,89.3900,124020.44,1772049299999,11097340.557800,10421,47582.41,4257912.059900,0
1772049300000,89.4000,89.5200,89.2900,89.3900,65527.52,1772049599999,5858972.495900,7422,32515.10,2907932.347300,0
1772049600000,89.4000,89.5900,89.1700,89.3500,106001.85,1772049899999,9477212.958800,10681,59250.81,5298620.213100,0
1772049900000,89.3400,89.5400,89.3400,89.4100,43289.08,1772050199999,3871101.580600,6953,21720.61,1942591.438700,0
1772050200000,89.4000,89.4500,89.0100,89.0200,177588.86,1772050499999,15839888.326000,12328,50355.37,4492029.019700,0
1772050500000,89.0100,89.1900,88.9600,89.0700,103571.43,1772050799999,9225422.704100,7826,51224.22,4562986.371400,0
1772050800000,89.0800,89.2200,88.9500,89.0400,88249.99,1772051099999,7861056.308300,6780,41228.91,3673574.568300,0
1772051100000,89.0400,89.1800,88.9900,88.9900,79112.43,1772051399999,7046251.914900,6292,38630.01,3441092.945900,0
1772051400000,89.0000,89.5400,88.9300,89.4300,159636.84,1772051699999,14250164.712400,10544,113454.46,10129054.610700,0
1772051700000,89.4200,89.8200,89.3000,89.5900,256594.08,1772051999999,22985122.628100,13766,173483.00,15538620.348900,0
1772052000000,89.6000,89.7500,89.5900,89.7300,93214.93,1772052299999,8359266.069600,7145,46522.10,4171689.633300,0
1772052300000,89.7400,89.9100,89.6400,89.8500,185095.87,1772052599999,16621957.840900,11466,85874.92,7712482.023000,0
1772052600000,89.8400,90.0800,89.6800,89.7600,213788.21,1772052899999,19222539.143700,15703,126958.48,11417873.660100,0
1772052900000,89.7600,89.8000,89.2700,89.3400,215889.76,1772053199999,19323356.101600,16083,97156.82,8694215.680900,0
1772053200000,89.3300,89.5800,89.3300,89.4900,109596.30,1772053499999,9808128.219700,9993,65762.61,5885360.487000,0
1772053500000,89.5000,89.8500,89.4900,89.8000,67891.96,1772053799999,6089099.818000,7810,41174.01,3692109.508500,0
1772053800000,89.7900,89.8000,89.4700,89.5200,54266.45,1772054099999,4863139.583000,7358,18258.39,1636483.406800,0
1772054100000,89.5200,89.7500,89.4300,89.6300,47708.91,1772054399999,4273976.231300,6934,23597.15,2114324.354500,0
1772054400000,89.6400,89.8400,89.5600,89.7600,47181.22,1772054699999,4233011.320600,6347,19730.63,1770614.114800,0
1772054700000,89.7600,89.9000,89.6100,89.6200,146137.94,1772054999999,13122577.901600,8916,53580.18,4810522.824100,0
1772055000000,89.6200,90.3700,89.5500,90.3600,268616.24,1772055299999,24154222.271000,23086,155630.29,13999298.992400,0
1772055300000,90.3700,92.0900,90.2500,90.9600,1396391.35,1772055599999,127347141.567200,74286,799783.10,72939040.850000,0
1772055600000,90.9600,91.0900,90.2900,90.4600,236183.80,1772055899999,21385580.926300,21627,102825.33,9310480.359200,0
1772055900000,90.4500,90.4900,90.0300,90.0800,200117.97,1772056199999,18055965.485000,20321,83465.74,7531290.044700,0
1772056200000,90.0800,90.3300,89.9600,90.0400,124140.87,1772056499999,11186056.861700,12744,65991.60,5947206.710700,0
1772056500000,90.0500,90.0900,89.5700,89.8100,185341.90,1772056799999,16641237.204300,14070,101644.05,9125394.194700,0
1772056800000,89.8200,90.5000,89.8200,90.3200,179350.59,1772057099999,16186578.341900,17202,104306.63,9413170.912900,0
1772057100000,90.3100,90.3300,90.1400,90.2900,66854.95,1772057399999,6032730.195900,8354,31762.49,2866121.986700,0
1772057400000,90.3000,90.5000,90.2500,90.2900,53502.46,1772057699999,4836415.047800,8437,26290.48,2376744.087700,0
1772057700000,90.2900,90.3600,90.0900,90.1200,62322.86,1772057999999,5623388.211600,7552,25464.36,2297693.425800,0
1772058000000,90.1200,90.1200,89.6400,89.9400,112684.32,1772058299999,10127326.111700,10956,59955.26,5387924.478400,0
1772058300000,89.9300,89.9700,89.6300,89.7200,89623.83,1772058599999,8047824.798300,8463,39722.02,3567169.272300,0
1772058600000,89.7300,90.0600,89.6000,89.9600,101008.86,1772058899999,9069174.792400,10177,50787.13,4559917.456900,0
1772058900000,89.9600,90.0700,89.2900,89.3300,147327.21,1772059199999,13204937.960400,15023,69418.17,6225665.832900,0
1772059200000,89.3200,89.3500,88.7100,88.8800,284977.77,1772059499999,25368660.710600,23281,97765.40,8705490.402500,0
1772059500000,88.8700,89.2800,88.8700,89.1000,98055.27,1772059799999,8738393.059700,12063,51323.61,4574164.990800,0
1772059800000,89.1000,89.1000,88.3300,88.5100,248105.13,1772060099999,21974684.504600,22969,87019.13,7705638.149800,0
1772060100000,88.5100,89.1700,88.4800,89.0700,131711.15,1772060399999,11708226.043800,13449,74951.98,6663760.709100,0
1772060400000,89.0600,89.0700,88.5800,88.9600,136389.58,1772060699999,12117898.950800,14071,68568.46,6091635.429800,0
1772060700000,88.9600,89.3200,88.8500,89.0800,200613.28,1772060999999,17878303.964700,15462,86838.94,7737297.802700,0
1772061000000,89.0800,89.1800,89.0100,89.0400,81637.34,1772061299999,7273414.557100,8154,38857.09,3461898.666600,0
1772061300000,89.0300,89.0400,88.6400,88.6500,102793.20,1772061599999,9137967.058200,11985,42499.01,3778578.273400,0
1772061600000,88.6600,88.7300,88.4000,88.4400,125139.33,1772061899999,11081437.084300,10180,56933.43,5041493.539000,0
1772061900000,88.4400,88.5600,88.3700,88.4100,85576.75,1772062199999,7570049.160800,7415,36252.49,3207296.625600,0
1772062200000,88.4200,88.4700,87.7800,87.8100,286240.29,1772062499999,25196661.527200,20362,86366.29,7602542.270100,0
1772062500000,87.8100,88.2200,87.4900,87.6000,247450.70,1772062799999,21733783.610300,17547,99966.05,8783629.340500,0
1772062800000,87.6000,87.6300,87.0500,87.1400,309705.95,1772063099999,27033414.408000,22526,144836.41,12640365.547100,0
1772063100000,87.1500,87.4100,87.0600,87.0600,164095.06,1772063399999,14317736.358800,14318,98672.55,8611129.791700,0
1772063400000,87.0700,87.9300,87.0600,87.8300,284738.15,1772063699999,24921939.391900,20672,195631.31,17119620.848300,0
1772063700000,87.8200,88.0600,87.7600,88.0100,123395.51,1772063999999,10846911.146900,11510,67547.26,5937347.000800,0
1772064000000,88.0100,88.1300,87.7900,87.9400,140460.42,1772064299999,12352670.990000,13858,54272.01,4773978.034600,0
1772064300000,87.9400,88.7600,87.9100,88.7200,325337.05,1772064599999,28744887.370600,21038,192190.08,16978543.439800,0
1772064600000,88.7200,88.7900,88.4400,88.6000,171612.50,1772064899999,15210223.461500,12576,79345.88,7032705.471800,0
1772064900000,88.6000,89.0800,88.5700,88.7200,195305.22,1772065199999,17355337.692500,15084,106144.89,9433270.607900,0
1772065200000,88.7200,89.2200,88.7200,88.9600,198794.38,1772065499999,17695461.142000,13790,116764.70,10394908.927600,0
1772065500000,88.9600,89.0800,88.8800,88.9200,92945.33,1772065799999,8270676.907400,7339,42226.07,3757288.399500,0
1772065800000,88.9100,89.1600,88.8800,89.1300,89451.67,1772066099999,7962615.521100,8943,44435.36,3955422.899900,0
1772066100000,89.1300,89.2000,88.1500,88.3100,225487.77,1772066399999,19974942.319600,17584,78686.60,6970492.119000,0
1772066400000,88.3100,88.5800,88.1400,88.5300,125470.83,1772066699999,11091650.843500,11070,67371.72,5956689.333000,0
1772066700000,88.5300,88.5400,88.3200,88.4300,84267.08,1772066999999,7453674.472300,8010,40756.52,3604811.392000,0
1772067000000,88.4300,88.5500,88.2400,88.4800,93008.18,1772067299999,8218467.332100,8484,55470.16,4902072.827400,0
1772067300000,88.4800,88.6300,88.4600,88.5500,33650.96,1772067599999,2979849.157600,5524,18712.35,1656957.553500,0
1772067600000,88.5600,88.9900,88.3400,88.9200,74548.33,1772067899999,6608558.224100,10180,41810.07,3707269.855900,0
1772067900000,88.9100,89.1300,88.7000,88.8400,102188.15,1772068199999,9084836.865000,10367,48213.94,4285892.268600,0
1772068200000,88.8500,89.0300,88.7900,88.9600,45524.10,1772068499999,4046063.859100,6638,22910.30,2036396.526100,0
1772068500000,88.9700,89.0200,88.7800,88.9400,64371.16,1772068799999,5722570.979100,7003,29719.96,2641968.473900,0
1772068800000,88.9500,89.0000,88.7800,88.9400,42012.77,1772069099999,3734447.388300,5623,17961.46,1596589.055800,0
1772069100000,88.9400,88.9900,88.5100,88.6900,77590.57,1772069399999,6888993.573800,7149,40075.00,3559058.427600,0
1772069400000,88.6800,88.6900,88.1700,88.3500,79648.60,1772069699999,7040361.152500,9695,25709.60,2272434.062300,0
1772069700000,88.3500,88.6600,88.3100,88.5800,41689.35,1772069999999,3690615.293800,6162,21962.27,1944396.946200,0
1772070000000,88.5800,88.9300,88.4200,88.4500,62740.66,1772070299999,5566044.452700,8252,32438.60,2878654.520300,0
1772070300000,88.4400,88.4800,88.2300,88.4400,73088.43,1772070599999,6456977.056300,8066,30476.15,2692462.394400,0
1772070600000,88.4300,88.4500,88.2600,88.4000,36990.06,1772070899999,3268510.758100,5275,15915.54,1406299.234900,0
1772070900000,88.3900,88.6300,88.3500,88.3900,54903.35,1772071199999,4860256.269500,5751,36058.14,3192552.249900,0
1772071200000,88.3900,88.4400,87.8600,87.9400,140984.61,1772071499999,12417555.886700,12003,35277.82,3107653.514900,0
1772071500000,87.9400,88.0100,87.6300,87.8300,118937.47,1772071799999,10440163.887100,11060,49027.04,4303289.294900,0
1772071800000,87.8300,87.8300,87.5100,87.5900,131431.66,1772072099999,11517998.019100,11192,58427.21,5120557.817200,0
1772072100000,87.5900,88.1900,87.5800,87.8700,148739.18,1772072399999,13073112.019200,12963,81982.54,7206285.106500,0
1772072400000,87.8800,87.9100,87.6600,87.6900,60350.73,1772072699999,5297017.477500,6441,25291.42,2219971.634300,0
1772072700000,87.6900,87.7800,87.5500,87.6100,51243.33,1772072999999,4492188.409800,5903,22624.48,1983824.518900,0
1772073000000,87.6100,88.1300,87.6100,87.9500,106687.56,1772073299999,9378436.562200,9481,65221.75,5731503.315100,0
1772073300000,87.9600,88.0700,87.8100,87.9600,36364.26,1772073599999,3198202.133300,6196,18952.08,1666772.572100,0
1772073600000,87.9600,88.2100,87.8300,88.1500,84688.87,1772073899999,7456020.089000,7727,55379.50,4874963.139000,0
1772073900000,88.1500,88.2800,88.0600,88.0700,62119.96,1772074199999,5478672.177500,6991,31503.15,2778990.959300,0
1772074200000,88.0800,88.3600,88.0500,88.2200,61510.66,1772074499999,5427161.945800,6348,38453.95,3392876.652100,0
1772074500000,88.2300,88.3300,88.1400,88.1600,33820.46,1772074799999,2983235.020400,4626,14530.58,1281820.976700,0
1772074800000,88.1500,88.3400,88.0600,88.1400,70470.49,1772075099999,6213691.858500,6851,37451.85,3302583.933900,0
1772075100000,88.1400,88.1500,87.7700,87.8800,72163.22,1772075399999,6346499.831800,8064,27980.90,2460908.376100,0
1772075400000,87.8800,88.0100,87.8600,87.9100,25494.81,1772075699999,2242001.851400,3712,12183.58,1071349.796100,0
1772075700000,87.9200,88.0300,87.8600,87.8800,43277.12,1772075999999,3805725.743900,4259,20678.40,1818683.993300,0
1772076000000,87.8900,87.8900,87.7300,87.7900,30197.95,1772076299999,2651867.377700,4004,10259.55,900957.669300,0
1772076300000,87.8000,87.9200,87.7800,87.8500,36256.66,1772076599999,3185231.190400,3457,17031.94,1496301.914600,0
1772076600000,87.8400,88.1300,87.7600,88.0100,66939.62,1772076899999,5887617.703600,6829,34556.62,3039251.393500,0
1772076900000,88.0100,88.0400,87.7900,87.7900,38404.83,1772077199999,3376216.803400,4764,19764.06,1737776.921600,0
1772077200000,87.7900,88.1200,87.7700,88.0000,29180.24,1772077499999,2567366.588000,4143,18418.96,1620435.430600,0
1772077500000,87.9900,88.2200,87.9800,88.1200,34279.25,1772077799999,3021047.248900,4443,16474.11,1451644.202500,0
1772077800000,88.1200,88.1200,87.9500,87.9500,41453.93,1772078099999,3649157.372000,3941,9095.39,800849.142400,0
1772078100000,87.9600,88.0100,87.8800,87.9100,18676.60,1772078399999,1642426.281300,2799,7799.28,685912.274600,0
1772078400000,87.9100,88.0300,87.7900,88.0000,56691.79,1772078699999,4984258.194000,5968,29541.97,2597956.538000,0
1772078700000,88.0000,88.2300,87.9600,88.2000,40903.83,1772078999999,3602284.782200,4764,28338.66,2495766.955300,0
1772079000000,88.2000,88.5500,88.1600,88.3200,129512.07,1772079299999,11446390.239400,10920,80749.10,7137239.531400,0
1772079300000,88.3100,88.5200,88.3000,88.3900,59689.50,1772079599999,5278041.660100,6031,34728.98,3070894.773600,0
1772079600000,88.3900,88.3900,88.1100,88.3200,52911.72,1772079899999,4668982.615400,5854,17848.01,1574859.675000,0
1772079900000,88.3300,88.4600,88.3000,88.3300,47956.53,1772080199999,4238775.630100,5328,18759.24,1658068.052900,0
1772080200000,88.3300,88.8500,88.3000,88.6400,119975.55,1772080499999,10637225.377500,11077,73633.41,6527217.180500,0
1772080500000,88.6500,88.9400,88.5900,88.6900,94681.88,1772080799999,8401763.703100,7839,63266.49,5614941.761900,0
1772080800000,88.7000,89.0000,88.6600,88.7700,89675.46,1772081099999,7967530.027400,9165,52505.48,4665127.604300,0
1772081100000,88.7700,88.8800,88.6600,88.8200,56267.44,1772081399999,4995135.840200,6168,23833.04,2116362.035400,0
1772081400000,88.8300,88.8300,88.6600,88.7300,35039.92,1772081699999,3109014.083300,4582,14572.28,1292926.276600,0
1772081700000,88.7400,88.7800,88.6500,88.6800,46293.28,1772081999999,4106367.740200,4095,14384.87,1275992.324700,0
1772082000000,88.6900,88.6900,88.3800,88.4500,97146.40,1772082299999,8600137.908200,8278,39696.07,3514083.528300,0
1772082300000,88.4400,88.4400,87.6900,87.7000,138622.97,1772082599999,12196842.724100,12435,41472.40,3649517.606600,0
1772082600000,87.7000,87.7100,87.3200,87.6200,182722.10,1772082899999,15991446.734600,12786,80738.94,7068437.838900,0
1772082900000,87.6100,87.6300,87.2400,87.4400,162482.76,1772083199999,14202239.992100,11553,90610.52,7920773.444400,0
1772083200000,87.4300,87.6500,87.1800,87.5400,157964.36,1772083499999,13808314.562600,11212,91158.89,7969477.110800,0
1772083500000,87.5400,87.5600,87.3600,87.4800,100843.92,1772083799999,8820051.878600,7326,38843.27,3397909.875600,0
1772083800000,87.4800,87.6500,87.3600,87.6100,56379.58,1772084099999,4934437.022500,5862,38211.03,3344820.567800,0
1772084100000,87.6100,87.6100,87.3000,87.5200,39543.95,1772084399999,3457492.661200,5570,17532.93,1533198.792700,0
1772084400000,87.5200,87.8200,87.4800,87.8000,43727.75,1772084699999,3835621.362800,5472,26593.99,2332673.237700,0
1772084700000,87.7900,87.8800,87.6600,87.7700,37761.84,1772084999999,3314778.814500,5154,19179.48,1683761.734400,0
1772085000000,87.7600,87.8100,87.6000,87.6200,30351.32,1772085299999,2661094.994500,3983,14833.13,1300512.641400,0
1772085300000,87.6300,87.7400,87.6200,87.7200,23602.39,1772085599999,2069918.783800,3215,12574.06,1102750.258000,0
1772085600000,87.7300,87.7300,87.4300,87.5600,47588.71,1772085899999,4164797.218000,5824,16869.96,1476605.159300,0
1772085900000,87.5600,87.9700,87.5600,87.6300,63189.67,1772086199999,5546605.093400,7277,38312.83,3363206.878000,0
1772086200000,87.6300,87.8200,87.6100,87.7400,34403.55,1772086499999,3017615.803300,4677,16157.25,1417224.857400,0
1772086500000,87.7400,87.8300,87.5600,87.7100,42986.00,1772086799999,3771044.250300,4828,20359.03,1786128.200000,0
1772086800000,87.7200,87.9200,87.7200,87.8200,40251.10,1772087099999,3534525.612300,4674,23551.25,2068295.113400,0
1772087100000,87.8300,87.8300,87.5600,87.5600,29871.45,1772087399999,2619662.083600,3883,10026.44,879558.948400,0
1772087400000,87.5500,87.7100,87.4400,87.6500,53861.46,1772087699999,4715441.440000,6193,19242.42,1684873.371700,0
1772087700000,87.6500,87.6500,87.3200,87.5400,93274.50,1772087999999,8157349.216700,6757,47583.52,4161523.888400,0
1772088000000,87.5400,87.6000,87.4700,87.5200,24517.56,1772088299999,2146102.752800,3117,14480.72,1267514.914400,0
1772088300000,87.5200,87.6700,87.4700,87.6000,46608.15,1772088599999,4081745.681000,4582,21423.30,1876089.757600,0
1772088600000,87.6100,87.6700,87.4900,87.4900,40523.37,1772088899999,3549570.500700,3923,22123.59,1937955.996300,0
1772088900000,87.5000,87.6700,87.4900,87.5900,20096.58,1772089199999,1760442.572600,2730,11029.39,966159.562700,0
1772089200000,87.5900,87.8200,87.5700,87.6600,81817.16,1772089499999,7171992.617600,6537,24594.29,2156188.758900,0
1772089500000,87.6700,87.7900,87.6200,87.7700,24444.84,1772089799999,2143488.201800,3476,12408.41,1088157.539500,0
1772089800000,87.7700,87.8100,87.6300,87.6600,29076.42,1772090099999,2550875.896900,3824,11646.24,1021758.034800,0
1772090100000,87.6600,87.7100,87.5100,87.5800,33491.90,1772090399999,2934763.237800,4125,18386.89,1611193.192900,0
1772090400000,87.5800,87.8400,87.5300,87.6800,34523.91,1772090699999,3027404.751800,3992,18072.17,1584692.165700,0
1772090700000,87.6700,87.7200,87.6100,87.6800,19601.70,1772090999999,1718445.504100,2558,8709.36,763554.754300,0
1772091000000,87.6800,87.7200,87.4600,87.5200,48385.27,1772091299999,4238345.279700,4542,21971.91,1925069.058100,0
1772091300000,87.5100,87.6200,87.3300,87.3400,78838.79,1772091599999,6892927.891200,5839,27572.64,2410761.084200,0
1772091600000,87.3400,87.4700,87.2400,87.4500,80185.83,1772091899999,7003286.443000,5266,33446.56,2921801.651100,0
1772091900000,87.4400,87.5100,87.3200,87.5000,54405.99,1772092199999,4756248.883600,4339,25560.71,2234777.706300,0
1772092200000,87.4900,87.5300,87.1700,87.2800,92737.53,1772092499999,8095487.748200,7095,33544.02,2927889.873000,0
1772092500000,87.2700,87.3900,87.2000,87.2100,41059.79,1772092799999,3584259.102900,3564,17377.40,1516973.918700,0
1772092800000,87.2100,87.4500,87.2000,87.3700,77563.08,1772093099999,6773683.746300,6155,47331.98,4133665.374900,0
1772093100000,87.3700,87.3900,87.2200,87.2400,43499.79,1772093399999,3797120.197400,4892,16233.31,1417074.170400,0
1772093400000,87.2300,87.5100,87.2200,87.4700,42701.27,1772093699999,3730967.707900,5529,26710.49,2334170.367600,0
1772093700000,87.4800,87.4900,87.2800,87.4400,93700.04,1772093999999,8186121.017900,6666,43044.65,3760765.121300,0
1772094000000,87.4400,87.8200,87.4100,87.7100,128899.81,1772094299999,11299359.443600,9934,95425.08,8365455.430400,0
1772094300000,87.7000,87.8300,87.4000,87.5200,86995.06,1772094599999,7625645.725200,6429,50067.98,4389292.130100,0
1772094600000,87.5300,87.6900,87.3200,87.4100,49630.48,1772094899999,4342579.160500,5675,17543.80,1535276.964100,0
1772094900000,87.4100,87.6300,87.3600,87.6200,40687.34,1772095199999,3560220.007100,4756,23155.04,2025922.762800,0
1772095200000,87.6200,87.6300,87.3300,87.4200,24651.25,1772095499999,2155873.811100,3324,10689.82,935068.119800,0
1772095500000,87.4200,87.5600,87.3100,87.5100,59689.03,1772095799999,5220127.420300,5255,31112.92,2721168.120100,0
1772095800000,87.5200,87.5900,87.4800,87.5000,32759.48,1772096099999,2867227.476500,3636,17144.73,1500612.990600,0
1772096100000,87.5000,87.5400,87.2200,87.2400,54968.44,1772096399999,4799739.373600,4448,21818.54,1905064.256700,0
1772096400000,87.2400,87.3600,87.1500,87.3400,72770.20,1772096699999,6350064.815100,6470,39558.88,3452713.808200,0
1772096700000,87.3300,87.6300,87.3300,87.5800,50244.47,1772096999999,4397118.068200,5489,37329.36,3267108.616300,0
1772097000000,87.5800,88.6400,87.5800,88.3100,511801.38,1772097299999,45119490.968300,23367,355508.26,31330819.535400,0
1772097300000,88.3200,88.3300,88.0100,88.0900,106318.78,1772097599999,9371876.417600,9098,47701.07,4205248.731300,0
1772097600000,88.0800,88.1300,88.0000,88.0200,45740.10,1772097899999,4028309.061500,4564,18851.12,1660265.982600,0
1772097900000,88.0200,88.0500,87.8300,87.9100,59381.25,1772098199999,5222168.438300,4906,24372.23,2143552.921400,0
1772098200000,87.9000,88.1000,87.8300,88.1000,67297.00,1772098499999,5920510.542200,6332,42189.50,3711670.758600,0
1772098500000,88.0900,88.4000,88.0400,88.3000,121072.84,1772098799999,10684546.550600,9046,69648.32,6146669.511600,0
1772098800000,88.3000,88.3200,88.1300,88.2300,61367.06,1772099099999,5414132.096400,4657,24074.76,2124001.913400,0
1772099100000,88.2400,88.3300,88.1600,88.2500,71513.96,1772099399999,6311202.912900,5906,34093.55,3009125.930400,0
1772099400000,88.2500,88.3300,88.1500,88.2800,63722.88,1772099699999,5623132.269900,5804,35765.91,3156488.369500,0
1772099700000,88.2700,88.3800,88.2600,88.2700,63130.40,1772099999999,5575985.388500,5026,23297.52,2057902.067500,0
1772100000000,88.2600,88.4700,88.2400,88.3400,53679.07,1772100299999,4742962.153000,6641,27524.25,2432264.168600,0
1772100300000,88.3400,88.5000,88.2300,88.4100,63347.67,1772100599999,5599792.932700,7363,37856.29,3346347.232100,0
1772100600000,88.4100,88.5400,87.9200,87.9400,119630.90,1772100899999,10548626.842000,9659,45891.88,4048415.002000,0
1772100900000,87.9300,87.9600,87.7800,87.8800,106761.34,1772101199999,9380460.177300,8469,45137.71,3966091.183800,0
1772101200000,87.8700,87.8800,87.6900,87.8200,84495.32,1772101499999,7415066.379200,7000,33295.64,2922008.669500,0
1772101500000,87.8300,87.8600,87.5800,87.6000,58555.56,1772101799999,5137658.706600,5658,16605.91,1457738.358400,0
1772101800000,87.6000,87.7000,87.3700,87.5700,109720.15,1772102099999,9604024.161800,9104,50661.20,4435689.472400,0
1772102100000,87.5600,87.6800,87.5300,87.6600,37759.69,1772102399999,3308306.247700,4301,21149.57,1853012.523500,0
1772102400000,87.6500,87.6500,87.4200,87.6200,73740.28,1772102699999,6452554.026800,5866,35030.30,3065336.671200,0
1772102700000,87.6200,87.6600,87.3100,87.3500,53838.44,1772102999999,4710709.094200,5523,26443.24,2314590.659900,0
1772103000000,87.3500,87.3700,87.2200,87.3300,55760.11,1772103299999,4867344.164800,7447,23734.75,2071868.401600,0
1772103300000,87.3200,87.4800,87.2900,87.4000,50545.00,1772103599999,4416080.446400,5044,25183.63,2200393.697700,0
1772103600000,87.4000,87.5100,87.3100,87.4800,46845.09,1772103899999,4095479.254000,5344,28318.66,2475947.057900,0
1772103900000,87.4800,87.5700,87.2500,87.2700,48498.39,1772104199999,4240352.030600,5934,15714.85,1374674.557000,0
1772104200000,87.2600,87.4400,87.2400,87.2800,57456.21,1772104499999,5016871.600600,5996,19260.69,1681644.010500,0
1772104500000,87.2800,87.3100,86.6700,86.7000,292711.50,1772104799999,25445575.320300,21023,81818.61,7113459.148600,0
1772104800000,86.7100,86.9200,86.6000,86.7400,235520.75,1772105099999,20429084.124900,12086,132243.75,11471428.941700,0
1772105100000,86.7400,86.8900,86.7300,86.8100,67871.56,1772105399999,5891825.994900,5565,41424.84,3596190.222600,0
1772105400000,86.8100,86.9400,86.7700,86.8500,41398.06,1772105699999,3595696.881700,5736,25290.45,2196841.557900,0
1772105700000,86.8600,86.9700,86.7800,86.9500,29107.66,1772105999999,2529301.372600,4213,18732.38,1627813.097800,0
1772106000000,86.9600,86.9600,86.7900,86.8500,36155.12,1772106299999,3141452.691300,4106,17847.17,1550938.663200,0
1772106300000,86.8400,86.8700,86.5300,86.7500,95533.80,1772106599999,8279835.163900,8228,47927.68,4154123.095300,0
1772106600000,86.7500,86.7800,86.6300,86.7500,62199.43,1772106899999,5393127.504600,4769,39435.73,3419232.793400,0
1772106900000,86.7400,86.8000,86.7100,86.7600,67670.03,1772107199999,5870817.070800,4089,45174.24,3919144.303700,0
1772107200000,86.7600,86.9300,86.6600,86.8800,69127.08,1772107499999,6000241.389500,7280,44950.83,3902406.894200,0
1772107500000,86.8700,87.0500,86.8100,87.0400,89119.32,1772107799999,7748000.723400,6647,57606.39,5008961.689300,0
1772107800000,87.0300,87.1100,86.9600,87.0500,52860.25,1772108099999,4601340.501700,5131,33562.88,2921814.124400,0
1772108100000,87.0600,87.2900,87.0100,87.2400,67977.06,1772108399999,5925556.591200,6608,43702.07,3809670.779300,0
1772108400000,87.2300,87.4300,87.2300,87.3500,61218.93,1772108699999,5346578.000400,6541,30910.18,2699682.238800,0
1772108700000,87.3400,87.3900,87.1900,87.2900,57637.91,1772108999999,5032222.191600,5559,31300.18,2733242.636500,0
1772109000000,87.3000,87.4500,87.2100,87.4200,44543.30,1772109299999,3890956.281500,5656,28388.49,2480307.484100,0
1772109300000,87.4200,87.6200,87.2600,87.5200,73506.74,1772109599999,6427552.385000,6340,38670.66,3382816.140800,0
1772109600000,87.5100,87.6000,87.4000,87.4000,35910.04,1772109899999,3143055.313100,5241,18711.83,1637957.317300,0
1772109900000,87.4000,87.7400,87.3100,87.6400,62868.47,1772110199999,5499987.626200,7208,34787.92,3044415.907200,0
1772110200000,87.6400,87.6900,87.5500,87.6100,27238.19,1772110499999,2386547.294400,4362,14183.37,1242777.118300,0
1772110500000,87.6100,87.6700,87.5400,87.6300,36653.99,1772110799999,3210709.584300,3753,18240.25,1597865.114900,0
1772110800000,87.6200,87.6700,87.4500,87.5700,42727.32,1772111099999,3740875.028100,5914,17923.41,1569227.601800,0
1772111100000,87.5700,87.8000,87.5700,87.7300,48212.40,1772111399999,4228509.149700,5584,28893.79,2534224.185800,0
1772111400000,87.7300,87.7800,87.5800,87.6600,48721.80,1772111699999,4271104.927400,5188,15174.82,1330493.068700,0
1772111700000,87.6500,87.7100,87.5000,87.5800,44791.21,1772111999999,3923264.881200,5215,17482.94,1531510.975600,0
1772112000000,87.5900,87.7000,87.4700,87.5900,43245.80,1772112299999,3786900.327100,4920,15259.69,1336417.672000,0
1772112300000,87.6000,87.7800,87.5200,87.7300,38205.80,1772112599999,3350928.702400,5094,22801.44,1999831.642100,0
1772112600000,87.7300,87.7300,87.5600,87.6600,35981.01,1772112899999,3153197.317000,5383,18072.36,1583745.802100,0
1772112900000,87.6700,87.6700,87.4200,87.5600,40312.97,1772113199999,3529000.905000,4626,18819.55,1647495.479000,0
1772113200000,87.5600,87.7900,87.5600,87.7400,44028.82,1772113499999,3860367.586500,4277,31530.58,2764764.538500,0
1772113500000,87.7400,88.0400,87.6900,87.8800,88212.41,1772113799999,7750865.033500,7363,50450.71,4434162.172800,0
1772113800000,87.8800,87.8800,87.5600,87.6000,58609.82,1772114099999,5138620.833500,6234,25695.33,2252693.226100,0
1772114100000,87.5900,87.6200,87.4200,87.5700,62895.34,1772114399999,5503035.497800,5638,29555.49,2586248.880200,0
1772114400000,87.5800,87.6300,87.3900,87.4500,79135.55,1772114699999,6922696.230800,7305,39678.71,3471346.837200,0
1772114700000,87.4500,87.5600,87.2100,87.4600,129721.70,1772114999999,11333584.219200,11358,60308.33,5269414.809600,0
1772115000000,87.4700,88.0000,87.4700,87.8800,101204.72,1772115299999,8887806.862600,11213,66782.25,5864590.768300,0
1772115300000,87.8700,87.8900,87.6400,87.7500,53202.56,1772115599999,4667988.173200,5436,32483.48,2850106.571600,0
1772115600000,87.7500,87.8400,87.5400,87.8100,58528.94,1772115899999,5131084.974100,6228,31523.51,2763635.593000,0
1772115900000,87.8100,87.9100,87.7300,87.7300,32962.03,1772116199999,2894735.313500,4520,18390.47,1615248.607600,0
1772116200000,87.7300,87.9400,87.0800,87.8600,182359.09,1772116499999,15958774.257000,22434,82915.62,7257861.552900,0
1772116500000,87.8500,88.2200,87.3800,87.4100,332954.06,1772116799999,29254759.631000,25787,140943.90,12389246.684900,0
1772116800000,87.4000,87.7000,87.2500,87.2800,134307.89,1772117099999,11743826.625100,16167,69782.48,6102476.429200,0
1772117100000,87.2700,87.3100,86.2300,86.3800,604099.15,1772117399999,52376384.177300,39841,260167.93,22561311.610600,0
1772117400000,86.3800,86.7300,86.2600,86.6100,204454.47,1772117699999,17681618.935300,19602,117668.39,10176899.132800,0
1772117700000,86.6200,87.2900,86.5700,86.9700,169422.28,1772117999999,14737095.152700,18126,100545.32,8746158.762400,0
1772118000000,86.9700,87.0500,86.5200,86.6800,193531.42,1772118299999,16794943.139500,17897,84757.69,7356386.484000,0
1772118300000,86.6700,86.9500,86.3200,86.3400,125480.33,1772118599999,10869348.495100,15290,69979.42,6061706.385700,0
1772118600000,86.3400,86.8300,86.1900,86.5200,152140.91,1772118899999,13155078.171900,17177,79993.22,6918557.953300,0
1772118900000,86.5300,86.5400,85.5000,85.6100,738187.70,1772119199999,63354148.338500,39372,350826.71,30096787.455500,0
1772119200000,85.6200,86.0100,85.5600,85.7400,222339.09,1772119499999,19069966.971300,20429,127601.30,10945785.086700,0
1772119500000,85.7400,86.3300,85.6000,85.7500,211909.84,1772119799999,18202714.517100,18913,120383.07,10342322.821700,0
1772119800000,85.7400,85.9400,85.2700,85.3800,306316.00,1772120099999,26244908.651600,21586,144566.86,12386997.601800,0
1772120100000,85.3700,86.3400,85.2200,86.3300,329132.30,1772120399999,28243374.139600,23460,184222.27,15808020.590700,0
1772120400000,86.3200,86.7800,85.9700,86.4000,288132.34,1772120699999,24882390.245100,22534,156470.50,13516768.313700,0
1772120700000,86.3900,86.8500,86.1900,86.4200,219111.37,1772120999999,18949731.375800,18181,97949.19,8472529.692500,0
1772121000000,86.4100,86.5700,86.2900,86.4500,84747.88,1772121299999,7325461.530700,11123,31188.71,2696110.815500,0
1772121300000,86.4400,86.5500,86.1200,86.5200,79245.14,1772121599999,6845280.578700,10019,42312.00,3655686.017400,0
1772121600000,86.5200,86.7100,86.3000,86.3600,131937.53,1772121899999,11411974.082200,14112,59594.63,5154707.011400,0
1772121900000,86.3600,86.4300,86.0200,86.1600,123769.00,1772122199999,10668692.047400,12212,60714.10,5233155.986300,0
1772122200000,86.1700,86.2400,85.9600,86.1900,116705.00,1772122499999,10051422.790900,10723,66593.11,5736152.508500,0
1772122500000,86.1800,86.4700,86.1000,86.2500,138330.97,1772122799999,11933587.111600,11037,97402.93,8403348.393700,0
1772122800000,86.2600,86.4700,86.1700,86.3900,89186.79,1772123099999,7697753.298700,8025,55185.75,4763797.331100,0
1772123100000,86.3900,86.7000,86.3300,86.5100,117982.11,1772123399999,10213302.082200,9893,68954.22,5969075.335600,0
1772123400000,86.5000,86.5600,85.7100,85.9300,197730.58,1772123699999,17021202.484500,13945,61431.65,5286788.941800,0
1772123700000,85.9300,85.9600,85.3700,85.5600,273807.57,1772123999999,23439380.547200,18651,133690.23,11446247.940300,0
1772124000000,85.5700,85.7500,85.3600,85.4900,140461.69,1772124299999,12018662.844600,10002,80136.02,6857890.957400,0
1772124300000,85.4900,85.5300,84.6100,85.2000,687515.65,1772124599999,58396802.436800,34960,302262.18,25676206.646600,0
1772124600000,85.2100,85.2200,84.3800,84.4200,442140.91,1772124899999,37409073.701700,23174,177291.39,14990535.779600,0
1772124900000,84.4300,84.6600,84.2500,84.5300,287317.54,1772125199999,24260599.701300,16268,153338.68,12949331.480300,0
1772125200000,84.5400,85.0200,84.4400,84.9800,340038.15,1772125499999,28812491.970500,21934,157317.10,13333389.298100,0
1772125500000,84.9800,85.2900,84.9000,85.1800,289512.78,1772125799999,24651975.663000,17635,185505.78,15795658.140700,0
1772125800000,85.1900,85.2900,85.0500,85.0700,105972.40,1772126099999,9028391.834600,9166,46070.55,3925830.282500,0
1772126100000,85.0700,85.2400,84.9100,84.9800,98731.37,1772126399999,8397890.006200,9996,60618.17,5156727.970500,0
1772126400000,84.9900,85.0300,84.8500,84.9800,81608.80,1772126699999,6930682.977800,8350,38242.92,3248108.747700,0
1772126700000,84.9800,85.1000,84.9100,85.0500,39291.37,1772126999999,3339455.709600,6044,25044.18,2128546.744400,0
1772127000000,85.0400,85.2500,84.9400,85.1300,81947.93,1772127299999,6973582.416900,7602,49004.06,4169997.297200,0
1772127300000,85.1300,85.1500,84.7300,84.9200,94867.81,1772127599999,8059651.886300,8523,36006.78,3059884.002900,0
1772127600000,84.9300,85.1500,84.9300,85.0500,57982.45,1772127899999,4931188.344800,6063,29485.61,2507241.589100,0
1772127900000,85.0400,85.1000,84.8300,84.8800,84641.27,1772128199999,7194792.991500,5839,21262.26,1807472.781400,0
1772128200000,84.8700,85.0900,84.8100,85.0100,68892.84,1772128499999,5850511.105400,6853,38204.38,3244904.680600,0
1772128500000,85.0200,85.0400,84.8200,84.8500,61795.67,1772128799999,5246386.290500,5848,25421.23,2158203.921200,0
1772128800000,84.8400,85.0500,84.8000,84.8900,80043.82,1772129099999,6796228.048200,7971,46549.86,3952937.194600,0
1772129100000,84.8900,84.9500,84.4000,84.6000,196623.23,1772129399999,16633579.872200,15251,79306.12,6708999.054300,0
1772129400000,84.6000,84.7100,84.5000,84.6600,92778.39,1772129699999,7849880.824900,8963,57356.24,4852909.990500,0
1772129700000,84.6600,85.0500,84.6300,85.0000,111415.98,1772129999999,9460268.946500,9804,75051.69,6371959.522500,0
1772130000000,85.0000,85.0000,84.6600,84.7600,62751.00,1772130299999,5320960.536300,6430,28670.44,2430867.612500,0
1772130300000,84.7600,84.8000,84.5200,84.7200,66682.59,1772130599999,5643931.844400,5971,36632.21,3100608.033400,0
1772130600000,84.7200,85.2700,84.7000,85.1900,179920.28,1772130899999,15304971.649800,13488,109656.51,9326866.026500,0
1772130900000,85.1900,85.6600,85.1000,85.4000,292268.75,1772131199999,24967121.685600,15541,186147.78,15901684.266900,0
1772131200000,85.4000,85.5500,85.2500,85.4400,100152.78,1772131499999,8551986.189200,8450,49152.50,4197802.589300,0
1772131500000,85.4400,85.5000,85.2700,85.3900,67493.74,1772131799999,5763135.885800,5898,32651.47,2788191.760500,0
1772131800000,85.3800,85.4200,85.2500,85.3400,38615.96,1772132099999,3295111.329100,4690,17468.07,1490629.363400,0
1772132100000,85.3500,85.4500,85.2800,85.3300,40884.65,1772132399999,3489532.077400,4961,14636.49,1249340.497900,0
1772132400000,85.3200,86.5200,85.2800,86.2600,444944.64,1772132699999,38234730.372900,22722,324127.69,27850732.529600,0
1772132700000,86.2600,86.2700,85.8400,85.9100,149013.65,1772132999999,12815726.952600,9673,64757.70,5569518.729200,0
1772133000000,85.9000,86.0300,85.8200,85.8800,93389.86,1772133299999,8023396.451800,7528,46011.19,3953239.965400,0
1772133300000,85.8800,86.0900,85.8800,86.0200,70729.25,1772133599999,6083278.724000,6282,35611.45,3062976.048000,0
1772133600000,86.0100,86.2900,85.9700,86.2000,84420.25,1772133899999,7274121.470100,6752,47089.25,4057452.766100,0
1772133900000,86.2000,86.2000,85.9600,86.0100,50561.75,1772134199999,4351154.964400,4837,12328.38,1060868.869500,0
1772134200000,86.0000,86.2100,85.9300,86.1800,49712.66,1772134499999,4279762.242700,4896,25903.39,2230458.789400,0
1772134500000,86.1800,86.1900,85.9900,86.0300,56405.75,1772134799999,4855064.271000,4949,22841.53,1966038.801700,0
1772134800000,86.0300,86.0400,85.7400,85.9100,84712.69,1772135099999,7273869.409400,6036,27771.39,2384536.364100,0
1772135100000,85.9100,86.2200,85.9100,86.2100,48857.87,1772135399999,4207480.388100,4932,30768.61,2649594.519400,0
1772135400000,86.2100,86.2700,86.1200,86.2700,36875.77,1772135699999,3177843.470300,3633,18709.78,1612439.455600,0
1772135700000,86.2700,86.6500,86.2400,86.4100,207796.85,1772135999999,17954110.752400,11987,130864.82,11306955.431300,0
1772136000000,86.4200,86.8300,86.3200,86.7500,134394.22,1772136299999,11644048.268100,10656,82637.11,7160441.897500,0
1772136300000,86.7500,86.7500,86.5400,86.5700,72795.85,1772136599999,6307088.780400,5387,25383.03,2199304.654600,0
1772136600000,86.5700,86.6500,86.4800,86.4800,30614.30,1772136899999,2650557.504700,4213,11149.95,965426.360900,0
1772136900000,86.4900,86.7100,86.4900,86.7000,36496.47,1772137199999,3160555.508700,4413,17589.49,1523416.348700,0
1772137200000,86.7000,86.7100,86.3600,86.4500,105293.94,1772137499999,9108842.802700,6020,30782.65,2664021.712100,0
1772137500000,86.4400,86.4900,86.3100,86.3400,47320.69,1772137799999,4088600.392700,4227,12925.22,1116883.124000,0
1772137800000,86.3500,86.3800,86.1900,86.3400,36758.29,1772138099999,3171489.458200,4253,10493.40,905521.058200,0
1772138100000,86.3500,86.3500,85.9900,86.0600,73838.40,1772138399999,6358000.223000,6406,30520.12,2627472.124300,0
1772138400000,86.0500,86.1600,86.0500,86.1300,20196.51,1772138699999,1739207.531000,2588,10568.40,910114.477100,0
1772138700000,86.1300,86.1400,85.9700,85.9800,22786.79,1772138999999,1960769.931000,3045,6641.96,571594.460900,0
1772139000000,85.9800,86.0000,85.7900,85.9700,67253.56,1772139299999,5777235.214500,5401,24923.61,2141258.436800,0
1772139300000,85.9700,86.2200,85.9200,85.9800,97116.01,1772139599999,8357917.535200,7830,57447.87,4943896.092400,0
1772139600000,85.9700,86.1900,85.9300,86.1700,33826.74,1772139899999,2911746.589200,4003,18281.49,1574010.318300,0
1772139900000,86.1800,86.2000,85.8900,85.9000,36292.47,1772140199999,3121984.895100,4089,10330.75,889072.933800,0
1772140200000,85.8900,86.1300,85.6800,86.0700,118017.92,1772140499999,10134644.989000,8855,63394.43,5444944.484400,0
1772140500000,86.0800,86.1200,85.9500,85.9900,57348.52,1772140799999,4933483.357000,5165,17976.43,1546389.774800,0
1772140800000,86.0000,86.0800,85.9600,86.0400,23473.12,1772141099999,2019382.537200,3125,13829.87,1189910.855600,0
1772141100000,86.0400,86.2200,85.9900,86.2000,29008.70,1772141399999,2498254.603500,3852,17993.04,1549827.506300,0
1772141400000,86.2100,86.2600,85.9500,86.0100,40594.25,1772141699999,3495775.344000,3889,18269.42,1573730.710900,0
1772141700000,86.0100,86.0300,85.8600,85.9300,23018.37,1772141999999,1978527.533800,2314,8477.20,728722.057300,0
1772142000000,85.9400,86.1100,85.8900,86.0800,19252.73,1772142299999,1656136.497300,2135,15077.74,1297056.309000,0
1772142300000,86.0800,86.2000,85.9800,86.1800,28971.44,1772142599999,2494947.451000,3182,15229.42,1311631.213300,0
1772142600000,86.1800,86.1800,85.9100,85.9800,41115.24,1772142899999,3536897.962500,3507,16428.66,1413294.547200,0
1772142900000,85.9900,86.0600,85.8600,85.8900,44117.84,1772143199999,3791565.523500,4007,19944.58,1714130.289300,0
1772143200000,85.9000,85.9700,85.8400,85.9700,15319.20,1772143499999,1315894.271900,2558,9982.57,857555.739100,0
1772143500000,85.9700,86.0300,85.8900,86.0200,14942.40,1772143799999,1284417.799600,2400,6974.79,599600.218900,0
1772143800000,86.0300,86.1500,85.9900,86.0400,22917.53,1772144099999,1972409.220800,2801,17182.41,1478816.778500,0
1772144100000,86.0300,86.0600,85.9000,85.9100,19360.97,1772144399999,1664387.414500,2432,7505.91,645219.390400,0
1772144400000,85.9100,85.9300,85.7300,85.8100,24923.12,1772144699999,2139503.108700,2829,8313.59,713883.715900,0
1772144700000,85.8100,85.9100,85.7600,85.8900,18991.06,1772144999999,1629967.181700,1954,8854.39,760041.497900,0
1772145000000,85.8900,85.9700,85.8500,85.8900,18279.95,1772145299999,1570633.622700,2322,9318.67,800672.503000,0
1772145300000,85.8900,86.1200,85.8700,86.0500,23855.20,1772145599999,2051929.774300,3348,13630.42,1172688.439400,0
1772145600000,86.0400,86.1900,85.9900,86.1500,54257.51,1772145899999,4670892.271900,4668,40133.46,3455111.834700,0
1772145900000,86.1400,86.2100,86.0100,86.2100,32463.44,1772146199999,2796282.752700,3517,24014.39,2068561.578400,0
1772146200000,86.2000,86.2100,86.0100,86.1000,14173.43,1772146499999,1220473.548600,2259,5386.19,463636.977800,0
1772146500000,86.1000,86.1500,85.9400,86.0800,15613.01,1772146799999,1343707.274700,2883,6095.35,524547.201400,0
1772146800000,86.0800,86.1100,85.7900,85.8900,35335.30,1772147099999,3036131.578900,6020,14733.60,1265983.488400,0
1772147100000,85.9000,85.9600,85.7500,85.9600,29099.38,1772147399999,2498218.535900,4136,17250.58,1481189.393400,0
1772147400000,85.9600,86.0600,85.8800,85.9600,17003.94,1772147699999,1461889.266100,2773,10699.45,919900.012200,0
1772147700000,85.9700,86.0000,85.8200,85.9700,21587.17,1772147999999,1854108.044900,2992,10811.47,928645.766800,0
1772148000000,85.9700,86.0700,85.9400,85.9900,20423.31,1772148299999,1756297.851600,2919,11274.13,969510.997600,0
1772148300000,85.9900,86.0400,85.9300,85.9500,19813.07,1772148599999,1703702.828300,2496,13810.25,1187515.219600,0
1772148600000,85.9500,85.9800,85.8600,85.9800,15032.87,1772148899999,1291835.816200,2667,9010.68,774368.265000,0
1772148900000,85.9900,86.0200,85.8500,85.9300,40396.17,1772149199999,3470637.098400,4184,23240.32,1996631.998200,0
1772149200000,85.9200,85.9600,85.7200,85.7400,36259.95,1772149499999,3110981.450500,3201,11877.91,1019168.814700,0
1772149500000,85.7500,85.9000,85.7100,85.8200,34679.10,1772149799999,2975458.837100,3344,15381.97,1319764.765000,0
1772149800000,85.8300,85.9500,85.7600,85.8700,30463.22,1772150099999,2615114.222300,3161,17595.19,1510335.427000,0
1772150100000,85.8700,85.9300,85.8100,85.8600,19064.12,1772150399999,1636739.588700,2163,10203.56,876037.688100,0
1772150400000,85.8600,85.9000,85.7200,85.7600,46440.91,1772150699999,3985545.352300,4276,19730.29,1693438.525100,0
1772150700000,85.7700,86.0000,85.7600,85.9000,25561.74,1772150999999,2196037.991900,3869,13767.34,1182745.249200,0
1772151000000,85.9100,85.9400,85.6700,85.8000,47002.19,1772151299999,4030806.756400,4448,20767.79,1781065.396300,0
1772151300000,85.7900,85.8700,85.6600,85.7300,32374.43,1772151599999,2777061.754200,3681,11335.15,972314.483400,0
1772151600000,85.7400,85.8100,85.5400,85.5900,59725.59,1772151899999,5115491.795600,5571,25392.11,2174845.820400,0
1772151900000,85.5800,85.6900,85.4700,85.6800,66197.16,1772152199999,5663645.580100,5270,34229.36,2929169.974400,0
1772152200000,85.6700,85.6800,85.5500,85.6600,26795.97,1772152499999,2293969.033100,3778,13720.09,1174573.447100,0
1772152500000,85.6700,85.6800,85.3200,85.4000,90738.75,1772152799999,7752765.190900,6987,34123.85,2915063.020200,0
1772152800000,85.4100,85.5600,85.3100,85.3400,94350.12,1772153099999,8057838.542500,5714,50208.12,4288081.332400,0
1772153100000,85.3400,85.4800,85.1400,85.4500,110728.13,1772153399999,9445000.380300,8454,65410.31,5581201.595100,0
1772153400000,85.4500,85.8000,85.4400,85.6500,91309.35,1772153699999,7825050.543600,6641,57504.84,4927690.157100,0
1772153700000,85.6400,85.8100,85.5500,85.8000,61205.47,1772153999999,5244326.575200,4585,40293.74,3453499.123500,0
1772154000000,85.8000,85.8400,85.5500,85.5900,48839.03,1772154299999,4185659.329200,5173,17340.12,1486745.177500,0
1772154300000,85.5900,85.7500,85.2600,85.3200,85605.74,1772154599999,7311731.228100,8206,28635.07,2446386.590700,0
1772154600000,85.3200,85.4400,85.2500,85.4100,42849.24,1772154899999,3656664.773800,4791,25519.29,2177841.404200,0
1772154900000,85.4000,85.6500,85.3300,85.4500,35755.59,1772155199999,3057729.745500,4715,21037.76,1799311.904900,0
1772155200000,85.4500,85.5200,85.2500,85.4700,80386.04,1772155499999,6863713.314700,6627,35704.64,3048862.907800,0
1772155500000,85.4600,85.7300,85.4500,85.5700,158708.68,1772155799999,13579335.005600,5578,32861.52,2813307.107800,0
1772155800000,85.5600,85.8400,85.4700,85.8400,55757.66,1772156099999,4777602.444000,6736,39018.46,3343655.708000,0
1772156100000,85.8400,85.8900,85.7000,85.8800,59007.34,1772156399999,5063226.241900,5673,33716.43,2893251.526000,0
1772156400000,85.8800,86.0500,85.7100,85.7200,167862.83,1772156699999,14413454.639700,12932,94567.30,8121600.049200,0
1772156700000,85.7200,85.8700,85.6300,85.8100,165761.41,1772156999999,14212593.368100,7396,125024.58,10720678.388700,0
1772157000000,85.8200,85.9700,85.7800,85.9400,22895.06,1772157299999,1966526.667900,3612,15136.25,1299975.331200,0
1772157300000,85.9400,86.1100,85.8200,86.0900,37648.67,1772157599999,3237127.247500,5079,19340.78,1663683.076600,0
1772157600000,86.0900,86.2300,86.0100,86.2200,45946.30,1772157899999,3958544.773600,5729,31258.40,2693377.022200,0
1772157900000,86.2100,86.3600,86.1500,86.1800,53033.39,1772158199999,4575312.929100,5591,34951.25,3015558.132800,0
1772158200000,86.1900,86.1900,86.0500,86.0500,48198.00,1772158499999,4150282.462300,3794,15411.98,1327083.680200,0
1772158500000,86.0500,86.3500,85.8900,86.3400,92739.22,1772158799999,7981585.312400,7000,55428.49,4772324.275200,0
1772158800000,86.3500,86.3800,86.2000,86.2400,32510.53,1772159099999,2805367.182800,3490,14757.74,1273684.073000,0
1772159100000,86.2300,86.2900,86.1500,86.2400,19348.13,1772159399999,1668455.075700,2914,9532.74,822134.435200,0
1772159400000,86.2500,86.6800,86.2400,86.6100,79887.97,1772159699999,6912743.189900,7762,56170.70,4860068.440200,0
1772159700000,86.6100,86.7500,86.5400,86.6100,60194.75,1772159999999,5215361.807000,5723,30447.26,2638204.160800,0
1772160000000,86.6200,86.6300,86.4300,86.6300,40979.11,1772160299999,3546287.174700,4454,16612.09,1437647.417900,0
1772160300000,86.6200,86.6800,86.5200,86.6500,31342.26,1772160599999,2714361.608000,4583,16596.11,1437289.267000,0
1772160600000,86.6500,86.7000,86.4800,86.5700,28755.29,1772160899999,2489735.101100,4005,11780.47,1020139.266000,0
1772160900000,86.5600,86.6400,86.4800,86.5200,43625.60,1772161199999,3775125.373100,3852,15889.19,1375278.386400,0
1772161200000,86.5200,86.6200,86.4700,86.5400,34964.97,1772161499999,3025576.742300,8527,13020.48,1126655.412300,0
1772161500000,86.5400,86.5600,86.3400,86.4700,55931.41,1772161799999,4834242.322200,5745,21683.75,1874615.914100,0
1772161800000,86.4800,86.5100,86.3200,86.3800,34748.58,1772162099999,3002506.337900,3663,7657.19,661714.883700,0
1772162100000,86.3800,86.4900,86.3600,86.4600,19925.41,1772162399999,1722277.585100,3011,8509.28,735470.752500,0
1772162400000,86.4600,86.5300,86.3300,86.3600,23596.56,1772162699999,2038928.890100,3600,6772.43,585313.442600,0
1772162700000,86.3600,86.3900,86.3000,86.3200,15781.30,1772162999999,1362572.571400,2322,6520.74,563029.192000,0
1772163000000,86.3200,86.4900,86.3000,86.4800,36001.18,1772163299999,3108847.421900,3727,21392.15,1847178.110300,0
1772163300000,86.4800,86.9300,86.4600,86.8500,100551.39,1772163599999,8720769.734200,8230,61727.93,5353786.437200,0
1772163600000,86.8500,87.1500,86.8100,87.1300,134110.47,1772163899999,11670799.030900,9539,90636.66,7887738.517400,0
1772163900000,87.1300,87.3500,86.9700,87.3000,164575.92,1772164199999,14344657.344500,9461,86454.46,7536983.829400,0
1772164200000,87.3000,87.3600,87.1100,87.3000,95538.10,1772164499999,8337370.200600,6381,54752.95,4778087.881900,0
1772164500000,87.3000,87.7700,87.2900,87.5700,210657.92,1772164799999,18440442.239900,14060,123136.74,10778619.478900,0
1772164800000,87.5700,87.9600,87.4100,87.7900,251539.08,1772165099999,22053165.739800,16006,139523.68,12235716.579300,0
1772165100000,87.7900,87.8100,87.5100,87.6400,214755.12,1772165399999,18819775.311500,9527,72625.68,6364991.747300,0
1772165400000,87.6300,87.9200,87.6100,87.8400,100178.32,1772165699999,8795800.044600,8513,68918.45,6051425.514800,0
1772165700000,87.8500,88.2600,87.8300,88.1000,186943.56,1772165999999,16459073.836200,14605,121984.45,10740808.403200,0
1772166000000,88.1000,88.1200,87.8600,87.9200,101980.76,1772166299999,8971530.227200,7700,57451.36,5055096.580500,0
1772166300000,87.9200,88.0200,87.8200,87.9200,91501.44,1772166599999,8044306.456400,6342,37696.14,3314150.326800,0
1772166600000,87.9200,87.9400,87.6100,87.6500,109150.89,1772166899999,9576787.562100,9030,37038.40,3249296.191100,0
1772166900000,87.6500,87.6800,87.5100,87.5600,81736.71,1772167199999,7159465.095000,6958,24769.10,2169837.625900,0
1772167200000,87.5600,87.6100,87.4500,87.5500,62367.43,1772167499999,5458609.158700,5706,25790.19,2257192.705600,0
1772167500000,87.5500,87.8000,87.5300,87.7600,58220.76,1772167799999,5103454.601100,5393,34742.03,3045098.106800,0
1772167800000,87.7600,87.8300,87.6600,87.7500,56312.56,1772168099999,4941023.037100,5625,28972.85,2542309.101500,0
1772168100000,87.7500,87.7900,87.4200,87.4900,56252.81,1772168399999,4926492.089400,5664,16245.37,1422809.410600,0
1772168400000,87.4900,87.7000,87.4700,87.5900,41560.91,1772168699999,3639505.205100,5411,22189.93,1943263.842300,0
1772168700000,87.5800,87.7000,87.5500,87.5900,26147.08,1772168999999,2291900.951600,3939,12315.91,1079573.082800,0
1772169000000,87.5800,87.7500,87.5700,87.6800,27125.00,1772169299999,2378107.507200,4130,13698.75,1200970.128000,0
1772169300000,87.6800,87.7900,87.6200,87.6700,27860.28,1772169599999,2443732.468300,4000,13670.26,1198986.662500,0
1772169600000,87.6800,87.7600,87.3200,87.4500,77855.93,1772169899999,6809348.575100,7662,18188.90,1590922.292500,0
1772169900000,87.4400,87.5200,87.4100,87.4600,28099.26,1772170199999,2457549.242100,3411,14757.05,1290719.687900,0
1772170200000,87.4700,87.7400,87.4600,87.6600,32326.30,1772170499999,2831922.785200,4547,20746.02,1817339.890700,0
1772170500000,87.6600,87.8000,87.5400,87.7500,45030.39,1772170799999,3947252.058600,4614,21035.48,1844262.462300,0
1772170800000,87.7600,87.8000,87.6600,87.6800,26529.54,1772171099999,2327768.359700,3134,13431.25,1178628.051200,0
1772171100000,87.6900,87.7000,87.5300,87.5800,23604.20,1772171399999,2067804.232300,3223,6047.26,529762.173400,0
1772171400000,87.5800,87.6200,87.4500,87.4800,21441.22,1772171699999,1876824.611100,2680,9128.30,799123.387400,0
1772171700000,87.4900,87.5100,87.3300,87.4800,122761.57,1772171999999,10728757.527100,7164,76056.18,6646534.302500,0
1772172000000,87.4800,87.5700,87.4400,87.5300,43293.61,1772172299999,3787325.697000,3351,11339.03,992114.058800,0
1772172300000,87.5400,87.5700,87.3200,87.3700,29182.40,1772172599999,2551777.116700,3816,11477.43,1003816.382300,0
1772172600000,87.3700,87.3900,87.1600,87.2400,74980.09,1772172899999,6542871.807800,6493,21576.77,1883082.015100,0
1772172900000,87.2400,87.2400,86.9100,87.0100,112258.51,1772173199999,9773035.175100,8737,35623.70,3101972.670600,0
1772173200000,87.0100,87.0200,86.8600,86.9300,68182.35,1772173499999,5927800.075700,6252,30118.00,2618571.272300,0
1772173500000,86.9300,87.0500,86.7900,87.0400,111612.74,1772173799999,9699707.097500,8023,61509.87,5346342.764600,0
1772173800000,87.0400,87.1900,86.9600,87.0300,55789.12,1772174099999,4856984.809200,4839,27697.79,2411936.599200,0
1772174100000,87.0400,87.3200,87.0400,87.3100,59972.87,1772174399999,5232354.650300,5131,41379.27,3609926.394100,0
1772174400000,87.3100,87.4000,87.2000,87.2600,92043.58,1772174699999,8034902.623900,6408,60733.91,5301589.053000,0
1772174700000,87.2600,87.4900,87.2000,87.3500,71711.96,1772174999999,6267271.857200,5425,40567.61,3545604.847600,0
1772175000000,87.3500,87.3600,87.2200,87.2900,40385.01,1772175299999,3525264.824300,3461,11988.85,1046762.509800,0
1772175300000,87.2800,87.3000,87.2300,87.2800,22959.20,1772175599999,2003629.183100,2226,10080.37,879783.558400,0
1772175600000,87.2700,87.3800,87.0500,87.0900,50179.46,1772175899999,4375509.143900,4974,19100.94,1665773.043100,0
1772175900000,87.0900,87.3600,87.0800,87.2700,52876.38,1772176199999,4613129.447400,3967,23660.15,2063660.031500,0
1772176200000,87.2800,87.2900,87.1800,87.2000,12097.04,1772176499999,1055195.580300,2280,5832.94,508810.571000,0
1772176500000,87.1900,87.1900,87.0300,87.1100,30000.86,1772176799999,2612616.540000,3253,11573.34,1007808.453900,0
1772176800000,87.1000,87.1400,86.9200,87.0500,70124.92,1772177099999,6101884.903300,4842,23866.01,2076778.395100,0
1772177100000,87.0500,87.1800,86.9600,87.0000,35358.34,1772177399999,3078653.456300,3463,15797.71,1375546.883600,0
1772177400000,87.0000,87.1300,86.9900,87.0800,36808.47,1772177699999,3204456.022600,3686,23114.65,2012404.166200,0
1772177700000,87.0800,87.1300,86.7600,86.8500,68485.02,1772177999999,5951839.367500,5717,28224.87,2452711.950100,0
1772178000000,86.8500,87.0000,86.7400,86.9800,117842.46,1772178299999,10236557.797000,5746,81522.66,7081318.353700,0
1772178300000,86.9700,87.0800,86.9500,87.0800,46835.54,1772178599999,4075432.326500,3711,27647.70,2405949.033400,0
1772178600000,87.0800,87.3800,87.0600,87.3600,140876.66,1772178899999,12288806.010500,7575,93722.16,8175609.803000,0
1772178900000,87.3600,87.4000,87.2300,87.2600,53316.81,1772179199999,4655873.063900,4444,33734.83,2946108.197700,0
1772179200000,87.2700,87.5100,87.2400,87.4200,117833.44,1772179499999,10296376.904300,8083,67745.23,5919107.721800,0
1772179500000,87.4300,87.7400,87.4200,87.7400,119204.94,1772179799999,10437529.475800,9173,60143.97,5266524.152900,0
1772179800000,87.7300,87.8800,87.6300,87.6400,96452.34,1772180099999,8467231.175200,7764,50302.32,4416625.248300,0
1772180100000,87.6400,87.7200,87.5600,87.6600,51755.98,1772180399999,4537204.903200,4300,24155.35,2117977.174200,0
1772180400000,87.6600,87.7300,87.6300,87.6400,26088.52,1772180699999,2287531.471500,3101,13205.46,1157937.840900,0
1772180700000,87.6400,87.6400,87.4800,87.6100,67560.86,1772180999999,5916195.110500,4625,34101.85,2986405.784700,0
1772181000000,87.6200,87.8300,87.3900,87.4200,58812.17,1772181299999,5153483.001600,5841,25256.38,2213591.084100,0
1772181300000,87.4100,87.4200,87.1400,87.3200,98560.19,1772181599999,8600190.236900,7447,46293.96,4040028.606400,0
1772181600000,87.3200,87.5400,87.3200,87.5000,163702.73,1772181899999,14316366.390900,5885,73110.99,6393382.621700,0
1772181900000,87.5100,87.6600,87.4700,87.4900,62594.71,1772182199999,5481010.745400,5363,35932.97,3146259.387600,0
1772182200000,87.5000,87.5600,87.3700,87.5400,24021.69,1772182499999,2100928.074800,2982,10145.86,887372.526100,0
1772182500000,87.5400,87.5900,87.5000,87.5200,12661.72,1772182799999,1108295.115100,1941,5430.09,475304.804200,0
1772182800000,87.5200,87.6000,87.4600,87.5700,33278.04,1772183099999,2912740.928700,4121,17097.06,1496520.535200,0
1772183100000,87.5700,87.7400,87.5600,87.6900,46608.29,1772183399999,4084673.221900,4707,28411.29,2489914.108800,0
1772183400000,87.6900,87.7400,87.6000,87.7300,28250.95,1772183699999,2476686.099900,3436,15669.97,1373836.900600,0
1772183700000,87.7200,87.7800,87.5200,87.5900,91009.66,1772183999999,7974806.292800,6352,22769.27,1995002.609100,0
1772184000000,87.5900,87.7300,87.2900,87.3500,156149.15,1772184299999,13671113.385500,7196,114311.80,10011516.559600,0
1772184300000,87.3500,87.3900,87.3200,87.3700,21135.00,1772184599999,1846186.283100,2603,10333.42,902653.014200,0
1772184600000,87.3700,87.4500,87.3500,87.4100,16132.67,1772184899999,1410112.237500,2913,8869.45,775294.587100,0
1772184900000,87.4200,87.4200,86.8200,87.0000,100345.60,1772185199999,8733376.781400,9813,36257.80,3154505.818500,0
1772185200000,87.0000,87.0400,86.6500,86.6900,105196.09,1772185499999,9134041.678800,7516,36821.57,3197891.442500,0
1772185500000,86.6800,86.6900,86.1800,86.4500,255117.46,1772185799999,22046551.057300,18160,114936.75,9932005.801800,0
1772185800000,86.4500,86.6100,86.1800,86.2500,127394.84,1772186099999,11003485.413200,10112,59789.16,5164273.481200,0
1772186100000,86.2500,86.4700,86.2400,86.2700,54788.41,1772186399999,4731381.337800,5197,29850.02,2578048.134500,0
1772186400000,86.2600,86.4500,85.9200,85.9700,181927.95,1772186699999,15670077.443400,15695,78838.36,6794543.276200,0
1772186700000,85.9700,86.2600,85.9500,85.9900,78705.07,1772186999999,6778785.302700,7652,46159.93,3976322.265900,0
1772187000000,86.0000,86.0000,85.3000,85.3700,328365.28,1772187299999,28101123.238700,23430,139584.35,11942447.727500,0
1772187300000,85.3600,85.7000,85.1600,85.5700,191227.07,1772187599999,16334595.861000,13753,118360.10,10111071.051300,0
1772187600000,85.5700,85.6200,85.2700,85.4700,124513.13,1772187899999,10638293.839300,9336,53358.66,4558652.702700,0
1772187900000,85.4700,85.5500,85.0300,85.1500,235000.12,1772188199999,20029810.734500,12984,74833.53,6378344.277200,0
1772188200000,85.1500,85.4800,85.1200,85.3400,97900.93,1772188499999,8351622.368500,8901,62947.93,5370144.553400,0
1772188500000,85.3300,85.4200,85.2500,85.2600,50200.57,1772188799999,4283445.903200,4839,23307.73,1988889.683600,0
1772188800000,85.2600,85.3800,85.1900,85.2600,62950.58,1772189099999,5367988.698900,6059,34119.53,2909777.293800,0
1772189100000,85.2600,85.3300,85.0400,85.1900,52138.63,1772189399999,4441665.877400,5991,27062.43,2305577.559700,0
1772189400000,85.1800,85.1800,84.5000,84.5400,279891.84,1772189699999,23728126.978200,20428,100006.90,8478106.435600,0
1772189700000,84.5500,84.7400,84.5100,84.6500,98294.51,1772189999999,8319179.193600,7026,58652.43,4963940.128300,0
1772190000000,84.6600,84.8700,84.6500,84.7600,103647.77,1772190299999,8785074.248800,9174,51117.17,4332809.440500,0
1772190300000,84.7600,84.8600,84.6700,84.8000,75160.64,1772190599999,6371668.974400,7333,40468.27,3430726.534900,0
1772190600000,84.8000,84.9000,84.6800,84.7500,68462.56,1772190899999,5803918.640900,7060,33564.85,2845696.124100,0
1772190900000,84.7500,84.7600,84.1600,84.2100,222897.53,1772191199999,18816913.448300,16601,81512.37,6884007.696400,0
1772191200000,84.2200,84.5400,84.2000,84.4300,92545.70,1772191499999,7810114.869100,9775,58187.65,4910423.009500,0
1772191500000,84.4300,84.7500,84.4000,84.4200,82437.06,1772191799999,6971581.090400,7823,43396.33,3670030.574600,0
1772191800000,84.4100,84.4500,83.9100,84.0600,298759.02,1772192099999,25116657.217400,20165,99676.83,8380591.317700,0
1772192100000,84.0700,84.0700,83.5700,83.6300,279104.56,1772192399999,23380617.003000,20828,108049.10,9052491.368200,0
1772192400000,83.6300,83.7500,83.3500,83.4200,254257.11,1772192699999,21242922.301600,17733,112312.52,9385363.152800,0
1772192700000,83.4300,83.7600,83.2700,83.6400,263013.24,1772192999999,21961815.132900,17905,158349.50,13227302.658100,0
1772193000000,83.6400,83.6700,83.4900,83.5600,103067.25,1772193299999,8613992.183200,8178,43959.37,3674298.625100,0
1772193300000,83.5700,83.6800,83.4700,83.5300,73543.32,1772193599999,6145979.327800,7135,39484.37,3299774.241100,0
1772193600000,83.5200,83.6100,83.2700,83.5400,111361.69,1772193899999,9291887.022500,11409,54060.52,4511295.096900,0
1772193900000,83.5400,83.7100,83.5300,83.5700,94480.18,1772194199999,7901838.394300,9286,57020.87,4769288.780200,0
1772194200000,83.5800,83.5800,83.1600,83.3600,126795.41,1772194499999,10569609.993300,11042,48849.25,4072230.256100,0
1772194500000,83.3700,83.3900,83.0700,83.2400,179808.05,1772194799999,14960440.188100,11676,71839.37,5977598.801800,0
1772194800000,83.2500,83.6000,83.2500,83.3300,167405.79,1772195099999,13971312.266200,11340,104799.95,8746247.539400,0
1772195100000,83.3300,83.4400,83.2200,83.2400,67419.80,1772195399999,5617113.534200,6511,33165.60,2763667.230200,0
1772195400000,83.2400,83.3100,83.1300,83.2500,73959.55,1772195699999,6155744.732800,7010,40281.98,3353249.882400,0
1772195700000,83.2500,83.2600,82.9500,83.0000,186955.18,1772195999999,15526720.095200,11855,54686.99,4543367.945700,0
1772196000000,83.0100,83.0200,82.7100,82.8000,229846.15,1772196299999,19039358.123200,15899,90716.75,7514482.241000,0
1772196300000,82.8000,82.9200,82.5600,82.8700,221008.50,1772196599999,18289140.575300,14869,113390.16,9384295.927300,0
1772196600000,82.8700,83.0700,82.7800,82.9700,143726.61,1772196899999,11921485.050100,9759,83452.91,6922795.180200,0
1772196900000,82.9700,83.0900,82.9100,83.0500,72632.92,1772197199999,6026481.414300,6617,44650.91,3704887.924300,0
1772197200000,83.0600,83.5000,83.0100,83.5000,259830.88,1772197499999,21637758.041600,15801,152341.40,12687416.567500,0
1772197500000,83.5000,83.5000,83.0800,83.1600,147854.19,1772197799999,12311791.469400,9760,61372.36,5110386.109700,0
1772197800000,83.1600,83.2100,82.8900,83.0300,107610.68,1772198099999,8939538.359900,7759,44471.60,3695122.062500,0
1772198100000,83.0200,83.1600,83.0000,83.1500,71481.39,1772198399999,5938848.535700,6456,43709.55,3631752.952400,0
1772198400000,83.1500,83.1500,82.7100,82.7800,124714.91,1772198699999,10336294.234100,8666,41272.52,3421759.861900,0
1772198700000,82.7800,83.0000,82.6600,82.8700,106169.90,1772198999999,8792726.723000,7975,64244.32,5321133.645000,0
1772199000000,82.8700,82.9000,82.1500,82.6200,382963.35,1772199299999,31624071.329200,27508,183408.05,15155592.036500,0
1772199300000,82.6300,82.7000,81.8900,82.2900,690472.43,1772199599999,56759565.994800,32017,298930.22,24571822.396000,0
1772199600000,82.2900,82.5800,82.2900,82.5200,157445.36,1772199899999,12979047.212500,11205,88060.27,7259459.353000,0
1772199900000,82.5200,82.7100,82.4100,82.7000,158530.60,1772200199999,13092420.794200,11599,75458.42,6232412.959100,0
1772200200000,82.7000,83.2500,82.6600,83.0500,434181.02,1772200499999,36052160.226900,21519,286025.06,23753057.697200,0
1772200500000,83.0400,83.0900,82.8900,83.0100,107632.96,1772200799999,8931788.374200,8552,64539.28,5356188.720200,0
1772200800000,83.0100,83.0900,82.9000,82.9000,73775.09,1772201099999,6121580.894100,7759,39658.25,3290778.751500,0
1772201100000,82.9100,82.9900,82.8300,82.8700,69396.77,1772201399999,5752939.353400,7730,36745.66,3046654.609000,0
1772201400000,82.8600,83.0800,82.7900,83.0700,63750.01,1772201699999,5286983.326800,7331,36543.36,3031362.376000,0
1772201700000,83.0700,83.0700,82.8600,82.8700,82791.90,1772201999999,6867387.988000,7232,42783.74,3548833.087300,0
1772202000000,82.8800,82.9100,82.4900,82.5400,154001.20,1772202299999,12728375.384200,12723,65046.97,5374429.248000,0
1772202300000,82.5300,82.6900,82.3200,82.6200,142856.21,1772202599999,11784354.737300,10998,85332.97,7039428.812500,0
1772202600000,82.6200,83.0000,82.5700,82.8700,165708.26,1772202899999,13714032.201600,20576,91161.31,7545818.190600,0
1772202900000,82.8700,83.3100,82.7100,83.1700,167881.59,1772203199999,13947038.082600,18795,94096.63,7817152.172200,0
1772203200000,83.1800,83.1900,82.4500,82.5900,296759.62,1772203499999,24548717.216700,18216,134990.93,11170704.007800,0
1772203500000,82.5800,82.6300,82.1400,82.4200,328399.90,1772203799999,27059467.477000,23646,159193.95,13118612.211400,0
1772203800000,82.4200,82.4200,82.0300,82.2800,213660.56,1772204099999,17571457.792800,14328,143228.79,11781151.033400,0
1772204100000,82.2700,82.4000,82.2000,82.3200,162477.77,1772204399999,13375775.800200,10812,112263.69,9242478.302100,0
1772204400000,82.3200,82.7700,82.2400,82.5500,210344.25,1772204699999,17360914.512800,21328,117231.88,9676437.153000,0
1772204700000,82.5500,83.0300,82.4900,82.8100,283315.87,1772204999999,23462389.808100,20713,178983.56,14823974.025300,0
1772205000000,82.8100,83.0100,82.6200,82.7200,131539.07,1772205299999,10892146.119200,12756,57308.12,4747368.306600,0
1772205300000,82.7200,82.9900,82.4800,82.6900,167477.94,1772205599999,13859002.088700,14739,102898.87,8516155.709700,0
1772205600000,82.6900,82.8700,82.5600,82.6700,87772.06,1772205899999,7259042.062100,10389,49122.29,4062456.104400,0
1772205900000,82.6700,82.8600,82.6300,82.7900,102881.19,1772206199999,8514047.731600,9659,66850.95,5532533.683000,0
1772206200000,82.8000,82.8200,82.3700,82.4800,97042.94,1772206499999,8013025.216500,9981,48520.90,4006162.441000,0
1772206500000,82.4800,82.7900,82.3800,82.5700,90247.15,1772206799999,7450037.925500,9487,47810.84,3947606.417500,0
1772206800000,82.5700,82.7500,82.4900,82.6500,65505.37,1772207099999,5411998.109300,7537,45410.32,3751783.097000,0
1772207100000,82.6500,82.8200,82.5300,82.6200,96529.77,1772207399999,7982878.249400,10298,50524.99,4178767.872700,0
1772207400000,82.6300,82.9700,82.6300,82.6800,117949.76,1772207699999,9765080.815900,10426,74342.89,6154966.016100,0
1772207700000,82.6800,82.7900,82.5700,82.6400,77460.85,1772207999999,6403213.698400,7289,38952.86,3220176.129400,0
1772208000000,82.6300,82.6400,82.3800,82.4400,97401.97,1772208299999,8036139.227000,8449,56014.57,4621503.203100,0
1772208300000,82.4400,82.4500,82.0000,82.1300,413404.57,1772208599999,33950997.225700,21061,155508.35,12772836.140400,0
1772208600000,82.1200,82.1800,81.9600,82.0600,105286.15,1772208899999,8640813.252100,7401,46532.02,3819885.412100,0
1772208900000,82.0600,82.3500,82.0100,82.1300,96875.38,1772209199999,7961696.091200,8283,57638.28,4737514.575000,0
1772209200000,82.1200,82.2300,81.9200,82.2200,165840.35,1772209499999,13606146.744200,10536,74351.69,6101097.129100,0
1772209500000,82.2200,82.2900,82.1300,82.1800,64562.31,1772209799999,5307432.732500,5810,32848.33,2700561.146600,0
1772209800000,82.1800,82.2500,82.0500,82.1800,45333.79,1772210099999,3725023.708700,6233,27194.55,2234665.628500,0
1772210100000,82.1700,82.1800,81.7200,81.7600,195878.08,1772210399999,16026285.490300,13379,79393.45,6495735.512500,0
1772210400000,81.7600,81.7700,81.4300,81.5400,266917.79,1772210699999,21769418.265300,16361,133966.41,10926566.959400,0
1772210700000,81.5400,81.7400,81.4300,81.5500,219302.67,1772210999999,17887007.724900,14119,122106.26,9958812.288900,0
1772211000000,81.5500,81.6300,81.4600,81.5600,137485.25,1772211299999,11212190.467000,9684,80554.45,6569357.079400,0
1772211300000,81.5500,81.6500,81.2400,81.2900,181884.76,1772211599999,14802911.676200,11572,80934.20,6588043.772700,0
1772211600000,81.2900,81.6300,81.2800,81.5400,138950.22,1772211899999,11319249.078500,10574,82658.11,6734095.732000,0
1772211900000,81.5500,81.7400,81.5200,81.6900,109744.05,1772212199999,8958717.143000,9296,66178.77,5402317.344800,0
1772212200000,81.7000,81.7000,81.4100,81.5100,95896.97,1772212499999,7818548.185900,7884,44693.92,3643824.501400,0
1772212500000,81.5200,81.6000,81.2900,81.3500,109839.69,1772212799999,8941945.793600,9360,50060.14,4075110.919300,0
1772212800000,81.3600,81.4400,81.1800,81.3700,116255.12,1772213099999,9452809.958900,9610,54302.66,4416362.513900,0
1772213100000,81.3700,81.4200,81.2300,81.2800,63993.15,1772213399999,5203787.262700,5881,28461.51,2314528.731700,0
1772213400000,81.2800,81.4500,81.0500,81.3400,215537.88,1772213699999,17504863.753000,16505,104835.24,8516410.508600,0
1772213700000,81.3500,81.5300,81.2600,81.3700,122840.80,1772213999999,9998198.944300,12725,84478.69,6875643.513300,0
1772214000000,81.3600,81.6000,81.3400,81.4000,177985.44,1772214299999,14499567.510800,12369,118666.65,9666817.305500,0
1772214300000,81.4000,81.5300,81.2700,81.3300,58038.59,1772214599999,4723561.156500,9380,33844.49,2754563.476300,0
1772214600000,81.3400,81.6700,81.3100,81.4900,125074.33,1772214899999,10196303.597900,13744,73689.02,6006940.275900,0
1772214900000,81.5000,81.8800,81.4400,81.7800,168594.51,1772215199999,13775412.351300,10057,116609.83,9529876.553800,0
1772215200000,81.7800,81.9300,81.6200,81.6800,149090.48,1772215499999,12193967.467000,24335,77589.88,6346525.714400,0
1772215500000,81.6900,81.7500,81.5500,81.5600,57470.30,1772215799999,4692468.921800,7987,27975.04,2284338.770700,0
1772215800000,81.5700,81.6100,81.4900,81.6000,52618.43,1772216099999,4291046.016000,7845,27489.63,2241816.584600,0
1772216100000,81.6000,81.7800,81.5600,81.5800,55399.24,1772216399999,4524187.263700,7670,28265.45,2308630.031900,0
1772216400000,81.5900,81.6700,81.3700,81.4600,77505.93,1772216699999,6317081.948900,9976,46906.90,3823632.538900,0
1772216700000,81.4600,81.7800,81.3500,81.7400,91483.11,1772216999999,7463780.358200,9290,57970.54,4729703.728800,0
1772217000000,81.7500,81.9900,81.6800,81.7700,115980.09,1772217299999,9493416.503100,10650,69661.71,5702165.573900,0
1772217300000,81.7700,81.9000,81.6900,81.7400,39278.73,1772217599999,3212852.196700,6118,25409.44,2078474.002600,0
1772217600000,81.7400,81.8700,81.7300,81.7800,44019.18,1772217899999,3600893.442300,5897,24780.68,2027028.382000,0
1772217900000,81.7700,81.7900,81.5700,81.5700,39186.87,1772218199999,3200714.919500,4636,16372.85,1337607.837700,0
1772218200000,81.5700,81.5800,81.4000,81.4100,87046.18,1772218499999,7091614.789600,6983,45164.22,3679605.519400,0
1772218500000,81.4000,81.5000,81.3700,81.4500,64131.89,1772218799999,5222804.969000,5070,40649.46,3310505.422400,0
1772218800000,81.4500,81.5300,81.3700,81.4300,50997.93,1772219099999,4153561.124800,5015,34338.72,2796733.964500,0
1772219100000,81.4400,81.5500,81.0800,81.1900,89422.67,1772219399999,7266652.927200,7276,40979.41,3330591.488700,0
1772219400000,81.1900,81.4200,81.1600,81.3400,76509.89,1772219699999,6221550.262600,5790,45820.73,3725710.637200,0
1772219700000,81.3400,81.5200,81.2600,81.3400,42370.54,1772219999999,3448057.487200,4358,29707.93,2417490.338300,0
1772220000000,81.3500,81.5000,81.3100,81.4600,32634.35,1772220299999,2657204.594100,3804,22315.87,1817068.213700,0
1772220300000,81.4500,81.6900,81.4100,81.5100,56311.26,1772220599999,4592588.334800,5091,39883.79,3252472.341700,0
1772220600000,81.5100,81.5500,81.4500,81.4800,30809.33,1772220899999,2511218.099600,3722,21336.92,1739156.954600,0
1772220900000,81.4800,81.5700,81.4300,81.4400,21333.56,1772221199999,1738749.422000,3016,9418.78,767642.413500,0
1772221200000,81.4300,81.5700,81.2400,81.3200,33937.76,1772221499999,2762277.649800,3546,18667.69,1519448.887900,0
1772221500000,81.3300,81.4300,81.3200,81.3800,30067.14,1772221799999,2446442.425700,3172,16807.45,1367585.618300,0
1772221800000,81.3700,81.5800,81.3500,81.5500,43513.29,1772222099999,3546002.230900,4188,29237.97,2382789.665100,0
1772222100000,81.5500,81.5800,81.4800,81.5200,20374.74,1772222399999,1661276.639000,2898,10698.27,872276.950400,0
1772222400000,81.5200,81.6600,81.4800,81.5500,54951.50,1772222699999,4483248.736000,5498,25175.89,2053969.777000,0
1772222700000,81.5500,81.7400,81.5100,81.6200,72701.42,1772222999999,5935037.334200,5778,37901.49,3094711.461900,0
1772223000000,81.6200,81.8400,81.5900,81.7900,80777.78,1772223299999,6604594.940900,5597,50980.31,4168125.658000,0
1772223300000,81.7900,81.8000,81.7000,81.7700,50848.69,1772223599999,4157273.946900,3848,22795.90,1863872.443900,0
1772223600000,81.7700,81.8300,81.6800,81.7700,41141.65,1772223899999,3363246.163800,3573,21199.78,1733074.861300,0
1772223900000,81.7600,81.7800,81.6200,81.6400,27460.63,1772224199999,2244052.606000,2436,12716.63,1039394.221900,0
1772224200000,81.6500,81.7200,81.5400,81.6000,66244.18,1772224499999,5406697.115500,3885,21343.11,1741748.901800,0
1772224500000,81.5900,81.6000,81.5000,81.5600,33280.57,1772224799999,2714036.754800,3054,10964.85,894220.272500,0
1772224800000,81.5600,81.6400,81.5200,81.5600,29183.45,1772225099999,2380526.968000,3226,13864.01,1130940.211500,0
1772225100000,81.5700,81.6400,81.4300,81.4900,61229.17,1772225399999,4991361.295700,4760,23604.73,1924357.113500,0
1772225400000,81.5000,81.5600,81.4000,81.5600,76013.87,1772225699999,6192146.695500,5456,32228.07,2625718.833600,0
1772225700000,81.5600,81.6000,81.1700,81.4100,220029.45,1772225999999,17898528.411100,11937,93726.28,7624860.141700,0
1772226000000,81.4100,81.7000,81.3400,81.6900,93082.39,1772226299999,7587379.254400,8038,65834.17,5367732.753500,0
1772226300000,81.7000,81.7900,81.5400,81.6800,93428.97,1772226599999,7629834.673600,6326,61974.37,5061127.894400,0
1772226600000,81.6800,81.6800,81.5300,81.6100,44792.54,1772226899999,3656362.350500,3409,20474.74,1671285.705400,0
1772226900000,81.6100,81.6700,81.5700,81.6500,23356.98,1772227199999,1906367.455400,2727,10565.40,862445.501900,0
1772227200000,81.6500,81.6900,81.4500,81.5000,51827.77,1772227499999,4227248.174600,4485,17265.69,1408184.761100,0
1772227500000,81.4900,81.5600,81.4100,81.5200,43207.48,1772227799999,3520292.385300,3742,15888.94,1294605.224600,0
1772227800000,81.5300,81.5400,81.3200,81.4300,69102.22,1772228099999,5626119.095500,4761,21875.93,1780941.003500,0
1772228100000,81.4400,81.4400,81.2600,81.3500,51114.20,1772228399999,4156669.753800,3920,26943.85,2190947.890600,0
1772228400000,81.3500,81.4000,81.2500,81.3600,48478.26,1772228699999,3941730.874600,2803,33423.38,2717830.803400,0
1772228700000,81.3700,81.4200,81.1500,81.2400,95129.75,1772228999999,7729013.418300,4205,20073.41,1631150.559900,0
1772229000000,81.2300,81.2800,80.8100,80.9300,161308.80,1772229299999,13063840.962600,9581,52362.05,4241361.259000,0
1772229300000,80.9300,81.1700,80.9100,81.1700,80118.26,1772229599999,6489895.872900,5330,54025.79,4376450.805800,0
1772229600000,81.1600,81.2900,81.1300,81.1600,47126.60,1772229899999,3827244.532900,5012,23262.84,1889569.430600,0
1772229900000,81.1700,81.2100,81.0800,81.1200,43867.89,1772230199999,3559994.266600,3563,20657.34,1676478.083600,0
1772230200000,81.1300,81.2500,81.0800,81.2200,29187.97,1772230499999,2368528.187600,2725,18601.84,1509594.173100,0
1772230500000,81.2200,81.3500,81.2100,81.2600,40676.27,1772230799999,3306597.260900,3615,23254.74,1890426.747300,0
1772230800000,81.2700,81.2900,80.9800,81.1100,52249.38,1772231099999,4235929.672300,3977,21901.85,1775689.528800,0
1772231100000,81.1100,81.2100,81.0400,81.0800,32258.92,1772231399999,2616779.586400,3053,19066.45,1546824.759900,0
1772231400000,81.0800,81.1800,80.2600,80.4500,301265.23,1772231699999,24285301.350100,16520,112797.71,9096760.634800,0
1772231700000,80.4500,81.1900,80.4500,81.0800,185522.23,1772231999999,15006212.755600,13022,107615.50,8704181.399100,0
1772232000000,81.0700,81.5600,81.0400,81.5000,180926.40,1772232299999,14721523.095600,11888,109969.33,8949094.101300,0
1772232300000,81.5000,81.5500,81.3000,81.3100,49950.54,1772232599999,4068247.641700,5942,30405.69,2476667.849200,0
1772232600000,81.3000,81.5500,81.3000,81.3900,55353.37,1772232899999,4507382.232000,5136,31964.81,2602895.966000,0
1772232900000,81.3900,81.4100,81.1100,81.3800,55986.25,1772233199999,4548593.600300,5992,28698.94,2331190.940900,0
1772233200000,81.3900,81.5600,81.3000,81.4400,54752.24,1772233499999,4460166.840200,5738,26692.60,2174151.126400,0
1772233500000,81.4300,81.6500,81.4100,81.5900,57331.97,1772233799999,4674485.289100,5254,29702.07,2421910.846800,0
1772233800000,81.5900,81.6100,81.3300,81.3800,63119.61,1772234099999,5142377.387200,4899,30243.74,2464049.361900,0
1772234100000,81.3900,81.6100,81.3600,81.5500,53996.61,1772234399999,4400970.959100,4613,32039.21,2611498.715400,0
1772234400000,81.5500,81.6900,81.5200,81.5800,71443.47,1772234699999,5831264.944200,4973,39679.32,3238753.714400,0
1772234700000,81.5800,81.6400,81.4800,81.6400,35661.40,1772234999999,2908383.017100,3200,17007.05,1387149.887300,0
1772235000000,81.6400,81.8900,81.5900,81.8500,128677.14,1772235299999,10517469.917600,7521,89760.30,7336801.941900,0
1772235300000,81.8500,81.9700,81.7900,81.9300,95449.17,1772235599999,7817049.411100,6174,67615.91,5537734.850800,0
1772235600000,81.9300,81.9400,81.5700,81.6500,66270.10,1772235899999,5416603.755800,5624,29114.25,2379366.096400,0
1772235900000,81.6600,81.9300,81.6200,81.8700,62697.95,1772236199999,5127302.408900,4944,43743.65,3577339.972000,0
1772236200000,81.8700,82.0700,81.8600,81.9700,84254.08,1772236499999,6908610.149900,6028,58577.27,4803144.734600,0
1772236500000,81.9800,82.0000,81.7800,81.8000,95080.94,1772236799999,7783777.811300,6189,39502.43,3234049.795600,0
1772236800000,81.8000,81.8900,81.7300,81.8900,61298.18,1772237099999,5014110.928000,5780,35719.67,2921989.676300,0
1772237100000,81.8900,81.9800,81.8300,81.9300,42677.06,1772237399999,3495910.946000,4460,23668.65,1938981.839700,0
1772237400000,81.9300,82.0500,81.9100,82.0400,68291.42,1772237699999,5598478.291900,5639,38633.61,3167400.141500,0
1772237700000,82.0400,82.0600,81.7500,81.7700,73799.03,1772237999999,6043400.916700,6039,25552.34,2092880.429800,0
1772238000000,81.7800,81.8000,81.7000,81.7100,47494.55,1772238299999,3882844.175000,3828,14368.13,1174700.245200,0
1772238300000,81.7200,81.7500,81.5300,81.6200,78900.54,1772238599999,6440647.667500,6130,25826.28,2108060.283800,0
1772238600000,81.6200,81.7500,81.5600,81.7400,56013.33,1772238899999,4572724.578100,3950,23881.73,1950424.917000,0
1772238900000,81.7500,81.7900,81.6900,81.7800,23428.63,1772239199999,1914858.348600,2861,10180.67,832097.646800,0
1772239200000,81.7800,82.0800,81.7700,82.0100,54588.31,1772239499999,4474660.092200,5537,33418.55,2739195.535000,0
1772239500000,82.0200,82.0200,81.9400,81.9700,25246.76,1772239799999,2069597.864200,3334,12944.15,1061138.214000,0
1772239800000,81.9600,82.0000,81.9000,81.9700,27692.21,1772240099999,2269532.455400,3292,13954.52,1143578.290300,0
1772240100000,81.9700,82.1000,81.9600,82.0600,34562.66,1772240399999,2835851.904500,3559,22440.32,1841137.724200,0
1772240400000,82.0700,82.2200,82.0000,82.1600,76085.71,1772240699999,6248326.122200,6003,41948.54,3445118.008400,0
1772240700000,82.1600,82.1700,81.9100,81.9700,59883.66,1772240999999,4912733.911700,5799,29210.06,2396476.395300,0
1772241000000,81.9700,82.0500,81.9600,82.0300,35139.91,1772241299999,2881852.759500,3920,18346.75,1504663.953800,0
1772241300000,82.0200,82.1800,81.9300,82.1200,37480.00,1772241599999,3076307.748300,4785,24487.26,2010133.209600,0
1772241600000,82.1100,82.1800,82.0200,82.1100,23458.19,1772241899999,1925850.783000,3620,13360.77,1096821.682500,0
1772241900000,82.1100,82.1600,81.8700,81.9100,65292.01,1772242199999,5355122.677200,4894,31754.57,2604945.614200,0
1772242200000,81.9100,81.9500,81.6600,81.7400,55970.49,1772242499999,4576573.129600,5817,20879.87,1707256.695000,0
1772242500000,81.7400,81.9300,81.7300,81.9100,37211.69,1772242799999,3046878.735300,3820,18244.91,1493694.737800,0
1772242800000,81.9000,81.9400,81.7200,81.7700,17509.88,1772243099999,1432096.839700,2868,6853.58,560450.276700,0
1772243100000,81.7800,81.8900,81.7100,81.8600,18127.67,1772243399999,1483134.458700,3200,9514.67,778600.086900,0
1772243400000,81.8700,81.9100,81.8200,81.8400,13825.94,1772243699999,1131903.179300,2525,6405.72,524444.488600,0
1772243700000,81.8300,81.8600,81.7200,81.7300,32471.04,1772243999999,2656050.622300,2669,6539.88,535060.478700,0
1772244000000,81.7200,81.7800,81.6400,81.7400,34024.35,1772244299999,2779474.455400,4132,14865.49,1214489.485100,0
1772244300000,81.7400,81.9300,81.7300,81.9200,22532.54,1772244599999,1843771.804000,3391,14398.84,1178197.042900,0
1772244600000,81.9100,81.9400,81.8400,81.8400,15043.71,1772244899999,1232007.357200,2784,8169.43,669053.335700,0
1772244900000,81.8500,82.0300,81.8400,82.0200,36379.72,1772245199999,2981311.563500,4010,29563.91,2422812.260200,0
1772245200000,82.0200,82.1500,81.9200,81.9500,37174.24,1772245499999,3050040.800600,3978,21912.13,1798063.777100,0
1772245500000,81.9500,82.0600,81.9400,82.0000,17604.80,1772245799999,1443661.392100,2571,9523.08,780998.932600,0
1772245800000,82.0000,82.0700,81.9600,82.0500,16976.53,1772246099999,1392534.100800,2636,7077.75,580576.657900,0
1772246100000,82.0500,82.1200,81.9600,82.0300,28237.37,1772246399999,2316817.642700,2873,13834.36,1135187.081000,0
1772246400000,82.0300,82.0900,82.0000,82.0600,14380.88,1772246699999,1179828.555500,2169,8122.52,666399.423500,0
1772246700000,82.0600,82.1000,82.0400,82.1000,20616.94,1772246999999,1691955.488800,2199,8382.42,688013.768400,0
1772247000000,82.1000,82.1400,82.0500,82.1000,26392.93,1772247299999,2166712.476200,2654,12130.23,995836.436700,0
1772247300000,82.0900,82.1100,82.0100,82.0700,19493.54,1772247599999,1599668.237000,2426,11060.34,907660.805200,0
1772247600000,82.0800,82.0800,81.8800,81.8800,25441.05,1772247899999,2085310.329500,3216,9709.60,796033.040500,0
1772247900000,81.8800,81.9500,81.8800,81.9300,22480.07,1772248199999,1841483.874400,2659,7757.62,635460.291600,0
1772248200000,81.9200,81.9800,81.8900,81.8900,16550.74,1772248499999,1356013.315500,2284,10042.65,822850.342100,0
1772248500000,81.9000,82.0100,81.9000,81.9900,17025.62,1772248799999,1395671.120900,2238,12101.25,992023.848100,0
1772248800000,81.9900,82.0200,81.8900,81.9500,16427.61,1772249099999,1346277.200300,2533,7286.48,597202.916700,0
1772249100000,81.9600,82.0300,81.8500,81.8900,22771.96,1772249399999,1865462.526300,2865,11605.89,950701.724700,0
1772249400000,81.8900,81.9100,81.6900,81.7300,60135.70,1772249699999,4917195.266900,4871,11835.93,967832.101200,0
1772249700000,81.7200,81.7300,81.5300,81.5900,87236.79,1772249999999,7120240.151100,6230,26511.17,2163685.029000,0
1772250000000,81.6000,81.6300,81.4700,81.5100,76480.02,1772250299999,6236830.648500,5207,31257.96,2549296.072900,0
1772250300000,81.5200,81.6700,81.5200,81.6300,24245.84,1772250599999,1978755.404300,3038,13929.65,1136823.570900,0
1772250600000,81.6400,81.7600,81.6300,81.7100,20386.89,1772250899999,1665768.954600,2574,10877.07,888773.055400,0
1772250900000,81.7200,81.7200,81.6100,81.6900,16591.50,1772251199999,1355175.290700,2112,5520.37,450911.950200,0
1772251200000,81.6800,81.8000,81.6700,81.7300,21220.98,1772251499999,1734530.166200,2586,13247.89,1082942.455600,0
1772251500000,81.7400,81.7600,81.6300,81.6300,15196.40,1772251799999,1241427.988300,2536,4356.87,355965.476900,0
1772251800000,81.6400,81.7900,81.5600,81.7700,51351.07,1772252099999,4194233.475300,3842,30583.00,2498343.427400,0
1772252100000,81.7800,81.8400,81.7200,81.8300,31856.40,1772252399999,2604956.308400,2546,16945.72,1385896.644500,0
1772252400000,81.8300,81.8500,81.7500,81.7600,17567.27,1772252699999,1437041.088900,2276,11305.88,924888.331500,0
1772252700000,81.7500,81.8200,81.5000,81.5200,97976.94,1772252999999,8001636.283400,6209,26480.32,2162810.826000,0
1772253000000,81.5200,81.5600,81.1500,81.4400,197629.98,1772253299999,16077151.432300,11752,67689.67,5506718.043200,0
1772253300000,81.4400,81.6300,81.4300,81.6300,34878.71,1772253599999,2845287.490500,3446,22286.66,1818025.476800,0
1772253600000,81.6300,81.6500,81.5000,81.6400,23881.24,1772253899999,1948800.439900,2483,11627.32,948952.630200,0
1772253900000,81.6300,81.7300,81.5900,81.7100,29669.35,1772254199999,2422603.058100,2731,17744.38,1448990.502800,0
1772254200000,81.7100,81.7100,81.5700,81.6400,18543.67,1772254499999,1513560.225200,2370,9350.36,763128.903300,0
1772254500000,81.6300,81.6500,81.5300,81.5900,16735.64,1772254799999,1365658.036500,1746,8981.50,732949.731100,0
1772254800000,81.5900,81.6500,81.5400,81.6500,17222.64,1772255099999,1405026.534700,2440,10602.63,864972.220200,0
1772255100000,81.6500,81.7000,81.6200,81.6700,17540.44,1772255399999,1432487.489100,2134,10016.70,818087.951100,0
1772255400000,81.6700,81.7500,81.6500,81.7400,22770.97,1772255699999,1860922.517100,2211,11661.02,952934.483000,0
1772255700000,81.7300,81.7600,81.6400,81.6800,18503.86,1772255999999,1511873.608800,1913,10649.17,870262.326000,0
1772256000000,81.6800,81.7100,81.5900,81.6000,14194.76,1772256299999,1158885.374200,1880,7143.05,583151.464800,0
1772256300000,81.6000,81.6800,81.5400,81.5500,13069.34,1772256599999,1066643.980800,1800,4567.51,372772.683700,0
1772256600000,81.5400,81.5400,81.3400,81.3400,51694.01,1772256899999,4209354.179300,4654,13571.62,1104971.519500,0
1772256900000,81.3400,81.4100,81.2300,81.3800,56028.92,1772257199999,4555917.773600,4740,27497.41,2236461.522700,0
1772257200000,81.3700,81.4100,81.2400,81.3300,26543.53,1772257499999,2159132.195800,2967,11167.02,908398.431200,0
1772257500000,81.3200,81.4200,81.3200,81.4200,21133.32,1772257799999,1719034.408400,2342,11668.41,949182.508100,0
1772257800000,81.4200,81.4300,81.3200,81.3900,19348.14,1772258099999,1574442.629600,2124,9064.33,737558.112100,0
1772258100000,81.3900,81.5200,81.3700,81.5000,27429.55,1772258399999,2233636.626800,2610,14532.85,1183645.398400,0
1772258400000,81.4900,81.5000,81.3600,81.3900,31350.37,1772258699999,2552377.604900,2880,9447.30,769319.046600,0
1772258700000,81.3800,81.3900,81.2200,81.3200,24705.79,1772258999999,2008175.960300,3182,11274.54,916436.951700,0
1772259000000,81.3200,81.3700,81.0500,81.1600,66758.75,1772259299999,5421547.354900,4928,23185.63,1883366.931300,0
1772259300000,81.1700,81.2000,79.0700,80.1000,1565652.17,1772259599999,125195045.313300,71090,647422.19,51728136.290900,0
1772259600000,80.1000,80.6500,80.0000,80.1500,393527.03,1772259899999,31618959.543200,28371,171643.21,13793524.595500,0
1772259900000,80.1600,80.2800,79.5500,79.6500,296117.95,1772260199999,23646286.835300,23403,132267.02,10565983.407100,0
1772260200000,79.6500,79.6800,78.6000,78.8400,678115.72,1772260499999,53599734.931500,50063,273206.12,21594168.704500,0
1772260500000,78.8400,79.1000,77.9400,78.3500,770966.57,1772260799999,60396793.936100,57001,368321.75,28862205.150100,0
1772260800000,78.3600,79.0200,78.3300,78.8900,305825.29,1772261099999,24073019.725600,27848,163058.32,12837392.068300,0
1772261100000,78.9000,78.9000,78.1600,78.2000,296063.48,1772261399999,23230240.201700,24067,146300.87,11479761.884000,0
1772261400000,78.2000,78.2400,77.5400,77.5900,455274.05,1772261699999,35456693.329100,39520,221648.84,17267476.619300,0
1772261700000,77.5900,77.6300,77.0600,77.4800,525041.25,1772261999999,40631699.546900,40517,260723.07,20177920.042200,0
1772262000000,77.4800,78.1400,77.0600,78.0000,708900.39,1772262299999,55063011.599800,52577,391205.20,30388723.461000,0
1772262300000,77.9900,78.6900,77.8400,78.3100,541478.57,1772262599999,42435501.696400,37156,289056.94,22652483.364800,0
1772262600000,78.3200,78.7200,78.1200,78.4800,283472.13,1772262899999,22241684.336800,21071,123578.18,9694234.688500,0
1772262900000,78.4700,78.6600,78.1900,78.2600,155856.93,1772263199999,12221025.848800,17429,79387.51,6226036.870000,0
1772263200000,78.2600,78.2800,77.7700,77.8800,197251.44,1772263499999,15389579.742300,16935,96787.38,7553102.955800,0
1772263500000,77.8800,78.1200,77.8500,77.9500,137938.50,1772263799999,10751917.083900,12986,81872.72,6382143.168400,0
1772263800000,77.9400,78.5800,77.8200,78.5600,217084.92,1772264099999,16978029.476900,18943,122387.50,9576053.946200,0
1772264100000,78.5600,79.6400,78.3500,79.4200,701923.15,1772264399999,55391481.889700,35571,413017.54,32625995.792600,0
1772264400000,79.4300,79.5400,79.1300,79.1400,283668.15,1772264699999,22498851.497900,20579,139490.43,11064622.600800,0
1772264700000,79.1400,79.1500,78.6500,78.6600,217848.54,1772264999999,17192824.770400,15162,79846.65,6303338.470800,0
1772265000000,78.6700,78.8800,78.6500,78.7800,126789.01,1772265299999,9984328.575500,10561,71180.97,5606110.714300,0
1772265300000,78.7800,78.8100,78.5700,78.6300,70708.18,1772265599999,5564439.322000,7410,31386.94,2470244.125300,0
1772265600000,78.6400,78.6400,78.2200,78.5400,228082.85,1772265899999,17878258.533300,16751,96842.51,7591129.093300,0
1772265900000,78.5400,78.6700,78.2900,78.3900,150335.58,1772266199999,11801700.928800,11357,73981.71,5809190.912800,0
1772266200000,78.3900,78.5500,78.2700,78.2700,107506.69,1772266499999,8429707.749800,9375,45141.54,3539778.575000,0
1772266500000,78.2800,78.5400,78.1400,78.1600,114416.13,1772266799999,8966168.676000,10791,50462.02,3956691.180300,0
1772266800000,78.1500,78.3100,77.8900,78.2400,200482.40,1772267099999,15652913.642300,15510,81417.88,6357793.212300,0
1772267100000,78.2400,78.4900,78.2200,78.2200,71360.05,1772267399999,5591159.571300,7608,38130.31,2987824.913500,0
1772267400000,78.2200,78.4100,78.0400,78.1900,84418.65,1772267699999,6599860.811100,8855,45209.19,3534918.204900,0
1772267700000,78.2000,78.3800,78.1500,78.2600,45156.85,1772267999999,3534175.133800,6257,28659.08,2243014.945400,0
1772268000000,78.2600,78.4600,78.1100,78.1600,77235.06,1772268299999,6047577.573700,7532,39897.51,3124816.942400,0
1772268300000,78.1500,78.2000,78.0500,78.0500,61913.69,1772268599999,4836137.834800,5975,26644.22,2081298.384900,0
1772268600000,78.0500,78.0700,77.9000,78.0300,98591.15,1772268899999,7687193.225400,8712,47298.97,3688155.995200,0
1772268900000,78.0300,78.0800,77.7800,77.9500,100042.77,1772269199999,7794859.312800,8534,39176.31,3052899.313700,0
1772269200000,77.9400,78.1700,77.9300,78.0500,84443.22,1772269499999,6591780.879900,7530,54264.16,4235978.578100,0
1772269500000,78.0400,78.1400,77.7300,77.7500,87931.63,1772269799999,6853352.928600,8121,41019.32,3197843.399000,0
1772269800000,77.7400,78.3300,77.6700,78.2200,159844.52,1772270099999,12464436.264300,13524,80858.71,6307261.212300,0
1772270100000,78.2200,78.2200,78.0200,78.0900,70457.42,1772270399999,5504172.323000,7164,38618.77,3016960.242200,0
1772270400000,78.0900,78.5800,78.0900,78.5600,167500.28,1772270699999,13129191.890000,13343,104998.45,8230849.294100,0
1772270700000,78.5600,78.6600,78.3700,78.5300,152147.94,1772270999999,11948625.388400,11940,91189.89,7161931.114700,0
1772271000000,78.5400,78.5500,78.3900,78.4000,55222.39,1772271299999,4332508.516800,5951,28800.58,2259808.613400,0
1772271300000,78.4000,78.4200,78.1000,78.3300,108178.19,1772271599999,8464467.835600,9640,38547.74,3016199.325100,0
1772271600000,78.3200,78.3700,78.2500,78.3200,46454.46,1772271899999,3638104.599000,4588,25741.68,2016086.108900,0
1772271900000,78.3300,78.4800,78.1000,78.1700,66679.39,1772272199999,5220115.645300,7229,23767.16,1860971.861300,0
1772272200000,78.1700,78.4800,78.1700,78.4600,53690.77,1772272499999,4208237.020400,6325,29489.35,2310901.641100,0
1772272500000,78.4700,78.4800,78.3400,78.3400,38495.33,1772272799999,3017855.931500,4386,20666.99,1620283.176100,0
1772272800000,78.3400,78.3800,77.9100,77.9100,146374.87,1772273099999,11431121.121200,10808,41236.35,3220572.931000,0
1772273100000,77.9200,78.1500,77.9100,78.0500,87532.67,1772273399999,6831499.839700,7767,51355.70,4008259.390500,0
1772273400000,78.0400,78.1100,77.9200,78.0500,55812.66,1772273699999,4354009.743700,5595,24537.88,1914366.618000,0
1772273700000,78.0500,78.3400,77.9700,78.3000,84722.18,1772273999999,6622796.629200,7729,50702.97,3963585.727300,0
1772274000000,78.2900,78.5600,78.2400,78.4600,101377.34,1772274299999,7951124.709700,9192,59614.21,4675566.581600,0
1772274300000,78.4700,78.5100,78.3100,78.4100,69613.14,1772274599999,5459032.636200,5550,35304.55,2768740.919000,0
1772274600000,78.4100,78.9700,78.3900,78.9200,200546.66,1772274899999,15793472.465400,14193,128827.04,10142620.161600,0
1772274900000,78.9200,79.1100,78.8600,78.9600,295005.47,1772275199999,23305879.080500,12450,206084.28,16281761.952500,0
1772275200000,78.9600,78.9900,78.7500,78.7600,79847.24,1772275499999,6295508.461900,5974,30701.45,2420645.496700,0
1772275500000,78.7500,78.9600,78.7400,78.9200,114151.80,1772275799999,9000309.308600,7611,63184.22,4981607.077900,0
1772275800000,78.9300,79.0600,78.8200,78.9400,62329.65,1772276099999,4920018.847900,5986,35674.01,2815953.909000,0
1772276100000,78.9300,79.1100,78.8400,79.0500,64102.87,1772276399999,5064068.743200,5405,39966.86,3157545.864600,0
1772276400000,79.0400,79.4600,78.9900,79.2900,191155.65,1772276699999,15147395.066100,14249,126946.23,10061904.796900,0
1772276700000,79.2900,79.3000,79.1300,79.1300,87193.59,1772276999999,6905880.380600,7491,38937.75,3084221.780900,0
1772277000000,79.1300,79.2900,79.0900,79.2300,70487.70,1772277299999,5583225.723100,5891,34150.67,2705178.795700,0
1772277300000,79.2300,79.2600,79.0700,79.1500,55639.25,1772277599999,4403974.250900,5428,21407.64,1694858.866000,0
1772277600000,79.1500,79.3700,79.1300,79.2600,58514.03,1772277899999,4638979.009500,5641,33514.32,2657278.998600,0
1772277900000,79.2500,79.4000,79.1100,79.3400,69513.40,1772278199999,5511177.294000,7127,39305.23,3116583.366600,0
1772278200000,79.3300,79.5300,79.2600,79.2600,106060.36,1772278499999,8419584.356900,8584,55960.61,4443569.448500,0
1772278500000,79.2700,79.2900,78.9100,78.9300,112773.38,1772278799999,8921496.005400,8502,31588.27,2499566.979000,0
1772278800000,78.9200,78.9600,78.8300,78.9300,78349.04,1772279099999,6181474.187700,6245,27514.46,2171095.234500,0
1772279100000,78.9300,79.0100,78.8700,78.9900,61745.53,1772279399999,4875074.132500,5071,32843.08,2593217.039000,0
1772279400000,79.0000,79.0800,78.8900,78.9100,47808.56,1772279699999,3776767.646000,4163,18166.99,1435532.919800,0
1772279700000,78.9100,78.9500,78.5800,78.7100,151163.64,1772279999999,11898327.054400,10104,55406.98,4360565.570800,0
1772280000000,78.7100,78.8000,78.6300,78.6900,108723.42,1772280299999,8559713.297200,7242,66395.66,5227724.974900,0
1772280300000,78.7000,78.8700,78.6900,78.8500,74053.03,1772280599999,5835180.239100,6120,38944.76,3068675.728200,0
1772280600000,78.8500,79.0900,78.8400,78.9500,120371.05,1772280899999,9507904.899300,7958,57872.72,4571490.317300,0
1772280900000,78.9500,79.0900,78.8800,79.0700,67954.19,1772281199999,5365788.109700,5519,34672.50,2738329.935900,0
1772281200000,79.0800,79.1600,78.9500,79.0200,42859.14,1772281499999,3388769.688800,4603,23409.35,1850969.452300,0
1772281500000,79.0200,79.0200,78.9200,78.9600,23927.50,1772281799999,1889453.801400,2919,9054.46,715072.577900,0
1772281800000,78.9700,79.0300,78.9000,78.9400,34763.41,1772282099999,2744906.269500,4234,11589.29,915150.535900,0
1772282100000,78.9300,79.0600,78.8800,78.9600,23764.75,1772282399999,1876412.218800,3765,12211.89,964417.218100,0
1772282400000,78.9500,78.9800,78.9200,78.9300,21940.35,1772282699999,1732373.229300,2538,11832.62,934340.184800,0
1772282700000,78.9400,78.9900,78.6900,78.7100,42619.44,1772282999999,3357611.262700,5025,12879.32,1014629.605800,0
1772283000000,78.7100,78.8400,78.5500,78.7400,76213.18,1772283299999,5995595.924000,5986,26900.02,2116670.429200,0
1772283300000,78.7400,78.8900,78.6800,78.8600,23725.05,1772283599999,1869560.601300,3245,12608.59,993708.705400,0
1772283600000,78.8700,79.0300,78.7800,78.8500,65159.01,1772283899999,5140707.643900,6255,30367.83,2396079.348000,0
1772283900000,78.8400,78.9000,78.7300,78.8800,43046.89,1772284199999,3393364.751100,4640,24852.22,1959275.169800,0
1772284200000,78.8700,79.1100,78.8600,79.1000,55027.68,1772284499999,4345609.907700,4915,38933.78,3074898.911000,0
1772284500000,79.1100,79.3400,79.0200,79.0300,121931.16,1772284799999,9656483.166700,9987,64284.34,5092020.584400,0
1772284800000,79.0300,79.0400,78.8800,78.9400,42218.66,1772285099999,3333422.317800,4672,17432.96,1376368.230300,0
1772285100000,78.9400,78.9700,78.7900,78.8300,46325.97,1772285399999,3653653.750000,3149,13963.53,1101089.068500,0
1772285400000,78.8300,78.9600,78.8000,78.9200,47471.17,1772285699999,3744755.627800,4630,32389.95,2555179.306900,0
1772285700000,78.9200,78.9200,78.7000,78.8000,41702.16,1772285999999,3285235.777500,4071,16115.34,1269671.683800,0
1772286000000,78.7900,79.0800,78.6300,79.0800,96734.62,1772286299999,7625338.313200,6594,46851.65,3694881.033900,0
1772286300000,79.0800,80.8900,79.0700,80.2400,1030607.92,1772286599999,82523213.824200,46243,642248.02,51422591.205800,0
1772286600000,80.2400,80.9500,80.0500,80.5100,580260.06,1772286899999,46675116.141300,38290,313646.16,25232614.384500,0
1772286900000,80.5000,80.8100,80.1300,80.7500,476453.97,1772287199999,38309665.292000,26136,266026.89,21384314.935400,0
1772287200000,80.7500,81.4600,80.3200,80.4500,860978.55,1772287499999,69752386.145700,48532,470349.34,38130679.184600,0
1772287500000,80.4500,80.6600,80.3900,80.5600,152404.85,1772287799999,12272043.452500,14854,76477.30,6159573.598700,0
1772287800000,80.5500,80.8800,80.2700,80.4000,189027.54,1772288099999,15235204.760900,15469,100458.46,8097467.432300,0
1772288100000,80.4000,80.7000,80.2800,80.5800,163408.50,1772288399999,13153856.323200,12830,77807.49,6265569.143400,0
1772288400000,80.5700,80.5700,80.2000,80.5400,181330.02,1772288699999,14565828.189500,12365,63467.30,5100733.335900,0
1772288700000,80.5400,80.6400,80.4500,80.5600,65517.92,1772288999999,5277618.869400,6605,30859.63,2485933.833800,0
1772289000000,80.5700,80.5800,80.3300,80.4100,76219.42,1772289299999,6130643.278600,8574,27407.65,2204463.215400,0
1772289300000,80.4100,81.3200,80.3100,81.3200,329108.04,1772289599999,26640330.813700,23579,181039.79,14652542.609300,0
1772289600000,81.3200,81.3200,81.0100,81.0800,119162.89,1772289899999,9665882.940000,10278,51496.88,4177297.524200,0
1772289900000,81.0900,81.2300,80.6100,80.6900,180734.66,1772290199999,14612235.547500,14247,56960.47,4607890.170800,0
1772290200000,80.7000,80.8200,79.9600,80.1900,372764.41,1772290499999,29923815.117200,21361,132105.78,10612070.876000,0
1772290500000,80.1800,80.2900,79.9800,80.1900,187771.06,1772290799999,15049941.302000,11991,83398.08,6686233.988200,0
1772290800000,80.1900,80.4800,80.1200,80.4300,118611.91,1772291099999,9520253.476000,9519,79192.65,6356604.298300,0
1772291100000,80.4300,80.6100,80.0500,80.2600,138512.51,1772291399999,11131538.213000,11153,70702.78,5684899.000800,0
1772291400000,80.2500,80.3100,79.5400,79.6400,260784.01,1772291699999,20834272.082000,16311,79113.08,6322317.762500,0
1772291700000,79.6300,80.0400,79.6300,80.0000,109288.82,1772291999999,8731719.088300,9425,63482.30,5071871.595500,0
1772292000000,80.0100,80.5300,79.9600,80.4500,275445.19,1772292299999,22127654.707100,10996,134979.01,10837731.621300,0
1772292300000,80.4600,81.1000,80.2800,80.7200,244351.54,1772292599999,19726454.280700,16706,142764.70,11528091.029800,0
1772292600000,80.7300,80.8800,80.5000,80.8700,138494.46,1772292899999,11173839.921200,11569,79052.97,6379501.842600,0
1772292900000,80.8700,81.0000,80.6500,80.7200,117762.47,1772293199999,9519286.151500,10163,53039.30,4288607.020700,0
1772293200000,80.7200,80.7900,80.6500,80.7500,42696.37,1772293499999,3446567.160900,4569,18832.55,1520213.059500,0
1772293500000,80.7500,80.7800,80.5900,80.6300,51880.22,1772293799999,4185752.664400,4773,25181.27,2031885.636200,0
1772293800000,80.6300,80.7600,80.5700,80.7200,51292.25,1772294099999,4139028.990000,4780,20527.20,1656686.001400,0
1772294100000,80.7200,80.8800,80.7200,80.8700,35845.79,1772294399999,2896694.945200,3591,20820.42,1682508.771800,0
1772294400000,80.8600,80.8600,80.5200,80.5800,69390.10,1772294699999,5597072.086700,6761,25368.15,2046250.266200,0
1772294700000,80.5800,80.8700,80.4300,80.7800,70141.48,1772294999999,5658141.250000,7424,36030.26,2906026.318800,0
1772295000000,80.7800,80.9900,80.7500,80.8300,71269.08,1772295299999,5763024.142000,7083,38913.13,3146693.232100,0
1772295300000,80.8400,80.8400,80.5900,80.6200,72084.32,1772295599999,5818294.655600,5976,28505.26,2300762.165800,0
1772295600000,80.6200,80.9200,80.5900,80.9100,49295.50,1772295899999,3981490.063400,4956,28514.26,2303674.554300,0
1772295900000,80.9100,80.9600,80.8000,80.8900,69762.54,1772296199999,5643211.547800,5322,42958.90,3475049.201600,0
1772296200000,80.9000,80.9200,80.6700,80.9200,90342.91,1772296499999,7299590.659600,5008,23447.23,1894308.950600,0
1772296500000,80.9200,80.9400,80.5800,80.7100,137034.57,1772296799999,11063357.303200,7885,57168.08,4615013.465800,0
1772296800000,80.7100,81.2900,80.6700,81.2000,149375.90,1772297099999,12107736.573600,11029,89492.86,7255584.218300,0
1772297100000,81.2100,81.2600,80.8500,80.9400,93237.63,1772297399999,7552502.222400,7783,39044.97,3163379.843500,0
1772297400000,80.9400,81.0100,80.7900,80.9400,52451.78,1772297699999,4244172.189900,4871,21888.84,1771216.226300,0
1772297700000,80.9400,81.1300,80.8600,81.0200,46157.25,1772297999999,3740286.805100,4518,27061.31,2192855.294500,0
1772298000000,81.0100,81.0500,80.8600,80.9000,43793.73,1772298299999,3544816.737400,4546,15987.82,1293881.651300,0
1772298300000,80.9100,81.0400,80.8400,80.9100,83984.80,1772298599999,6797352.277300,5944,44807.87,3626441.603100,0
1772298600000,80.9000,80.9800,80.8100,80.9700,48509.34,1772298899999,3925150.761300,4460,17891.04,1447788.689400,0
1772298900000,80.9800,81.0600,80.8500,80.9100,49388.95,1772299199999,3999219.956600,5258,20349.27,1647729.318400,0
1772299200000,80.9000,80.9900,80.8200,80.9100,41151.13,1772299499999,3328910.180200,3775,20912.50,1691625.717600,0
1772299500000,80.9000,81.1000,80.9000,81.0900,39559.16,1772299799999,3205185.237300,4528,25100.32,2033654.335700,0
1772299800000,81.0800,81.2400,80.9700,81.0000,50682.08,1772300099999,4110633.210100,5441,20895.29,1694907.776600,0
1772300100000,81.0000,81.0200,80.7400,80.8600,57866.03,1772300399999,4680828.623900,5253,21299.69,1723016.462700,0
1772300400000,80.8700,80.8900,80.5200,80.7100,88507.02,1772300699999,7140815.078300,7646,35174.00,2837561.737900,0
1772300700000,80.7100,81.1300,80.6200,81.0600,85960.71,1772300999999,6951148.142400,7994,45419.63,3673851.979600,0
1772301000000,81.0600,81.1100,80.9900,81.0300,36351.23,1772301299999,2946708.639900,3342,17232.06,1397026.236100,0
1772301300000,81.0200,81.4800,80.9900,81.3300,122974.87,1772301599999,9995695.099200,8831,75122.14,6106923.563400,0
1772301600000,81.3200,81.4500,81.1800,81.3500,108596.19,1772301899999,8830358.462300,9298,54232.95,4410147.073900,0
1772301900000,81.3400,81.4300,81.2000,81.2100,63198.66,1772302199999,5137171.373800,6005,36871.01,2996959.273800,0
1772302200000,81.2200,81.2700,81.1100,81.1500,45327.50,1772302499999,3680439.763300,4592,16012.50,1300281.528300,0
1772302500000,81.1500,81.2300,81.1000,81.2000,28845.71,1772302799999,2341446.235900,3411,14120.55,1146299.484500,0
1772302800000,81.2100,81.2800,81.0300,81.0700,51444.31,1772303099999,4173426.310000,4773,22040.48,1788174.529200,0
1772303100000,81.0600,81.1800,81.0400,81.1000,24762.72,1772303399999,2008559.005500,2390,10042.86,814513.539700,0
1772303400000,81.1000,81.6700,81.1000,81.5700,172722.64,1772303699999,14073345.789700,12267,105273.26,8578465.767000,0
1772303700000,81.5700,82.3600,81.5100,82.1800,358380.70,1772303999999,29384794.453600,24288,219983.73,18037903.019800,0
1772304000000,82.1700,82.2600,81.9200,82.0700,155615.94,1772304299999,12774529.298900,10024,74744.61,6135785.578000,0
1772304300000,82.0600,82.2100,81.9700,82.0700,121652.94,1772304599999,9984999.744000,8376,64022.38,5255278.822300,0
1772304600000,82.0800,82.6900,82.0200,82.6300,275201.31,1772304899999,22671520.861400,16764,180009.25,14835797.441300,0
1772304900000,82.6300,82.8700,82.2200,82.2900,272974.40,1772305199999,22545314.007400,17694,140510.30,11611502.546500,0
1772305200000,82.2900,82.3500,82.0800,82.1400,116034.62,1772305499999,9539516.041700,9465,47020.78,3866320.337800,0
1772305500000,82.1400,82.1700,81.7300,81.7700,128778.50,1772305799999,10552317.423200,10294,47470.34,3889334.373000,0
1772305800000,81.7700,81.9000,81.5400,81.7700,151079.63,1772306099999,12346719.062900,10317,77220.76,6312811.459900,0
1772306100000,81.7800,81.9500,81.5100,81.5800,115603.55,1772306399999,9451729.426700,8901,43843.26,3585046.297500,0
1772306400000,81.5800,81.6000,81.4200,81.4400,66938.85,1772306699999,5457123.930800,5841,31522.85,2570183.795300,0
1772306700000,81.4400,81.6000,81.3900,81.4700,63438.60,1772306999999,5169779.359400,5962,28828.75,2349597.240300,0
1772307000000,81.4600,82.3700,81.4500,82.2300,285191.27,1772307299999,23388250.208200,19858,167316.87,13724584.394900,0
1772307300000,82.2400,82.7300,82.1400,82.6300,291249.84,1772307599999,24022460.871700,18200,180217.07,14863640.465100,0
1772307600000,82.6200,82.6600,82.0400,82.1500,181171.49,1772307899999,14905942.377800,11941,84967.88,6989887.185600,0
1772307900000,82.1600,82.4600,82.1200,82.4000,100121.24,1772308199999,8236987.807000,8719,65519.29,5391072.555200,0
1772308200000,82.4100,82.5000,82.2700,82.2800,103326.23,1772308499999,8513097.195700,8146,45786.23,3773229.382000,0
1772308500000,82.2800,82.3000,81.9300,82.1500,132799.39,1772308799999,10905390.114200,8974,54330.61,4462131.170900,0
1772308800000,82.1500,82.1800,81.9000,82.0800,64998.83,1772309099999,5331689.643200,7413,25824.26,2118538.686800,0
1772309100000,82.0800,82.2800,82.0000,82.2600,59767.47,1772309399999,4908869.389200,6138,41601.51,3417337.569900,0
1772309400000,82.2600,82.7600,82.2600,82.6600,142747.99,1772309699999,11783663.503000,11844,88942.82,7342317.541800,0
1772309700000,82.6500,82.9800,82.4800,82.6000,150331.38,1772309999999,12434322.349600,10985,71175.16,5888880.058900,0
1772310000000,82.6000,83.7000,82.5900,83.4700,515577.48,1772310299999,42929282.416900,29714,346204.39,28829665.156200,0
1772310300000,83.4700,83.6200,83.2400,83.3600,241347.71,1772310599999,20141627.737700,13811,123707.83,10326062.957700,0
1772310600000,83.3500,83.5800,83.0700,83.2000,156558.14,1772310899999,13041663.004300,12148,101768.81,8478377.909700,0
1772310900000,83.2000,83.5000,83.0700,83.4600,222184.61,1772311199999,18504515.459400,12944,140288.00,11685467.535400,0
1772311200000,83.4700,84.1400,83.4700,83.7600,283847.16,1772311499999,23780124.701500,18854,171981.26,14411256.475500,0
1772311500000,83.7500,84.8000,83.7400,84.6000,432077.47,1772311799999,36482895.379500,29634,248382.00,20964374.550300,0
1772311800000,84.6100,84.9500,84.3600,84.7800,301850.14,1772312099999,25552754.547500,18287,174115.93,14739634.357700,0
1772312100000,84.7700,85.0000,84.5700,84.8300,204373.31,1772312399999,17334654.399200,13862,114296.40,9696605.822900,0
1772312400000,84.8300,84.9800,83.7800,83.9800,300703.89,1772312699999,25327665.023700,23535,121899.48,10266192.242000,0
1772312700000,83.9700,84.0300,83.5300,83.6500,168792.54,1772312999999,14135950.340700,13948,70628.97,5915344.635400,0
1772313000000,83.6600,84.1200,83.6500,84.0600,114482.15,1772313299999,9601561.015700,9770,74218.58,6224410.540000,0
1772313300000,84.0700,84.1600,83.6900,83.7600,105981.21,1772313599999,8895756.994000,9334,45798.58,3844985.751400,0
1772313600000,83.7600,84.3900,83.7500,84.2700,110324.78,1772313899999,9282471.928600,8994,67855.01,5708899.666200,0
1772313900000,84.2700,84.2900,84.0900,84.1000,76480.06,1772314199999,6440636.284500,5747,24014.77,2022509.887000,0
1772314200000,84.1000,84.4100,84.0200,84.2300,65896.64,1772314499999,5548825.802700,8111,33491.59,2820507.613000,0
1772314500000,84.2300,85.0200,84.1800,84.4900,264248.61,1772314799999,22383058.518900,20799,137081.17,11611535.016300,0
1772314800000,84.4800,84.5000,84.3100,84.4400,96233.90,1772315099999,8119997.613900,7574,54711.43,4616433.612000,0
1772315100000,84.4400,84.7200,84.4000,84.5500,91516.84,1772315399999,7739866.632000,8522,41156.09,3480842.077800,0
1772315400000,84.5500,84.5600,84.1000,84.3000,103580.96,1772315699999,8727375.397200,9237,43027.76,3624871.683400,0
1772315700000,84.3000,84.5800,84.2200,84.4400,63697.06,1772315999999,5374417.832200,6501,31693.50,2674615.577200,0
1772316000000,84.4400,84.8500,84.4300,84.7300,97082.57,1772316299999,8220189.247500,11190,46120.35,3905012.544900,0
1772316300000,84.7200,84.7300,84.4500,84.5100,62954.57,1772316599999,5325156.006400,6652,21289.28,1800753.390600,0
1772316600000,84.5100,84.6600,84.4100,84.5600,54932.46,1772316899999,4643849.339000,6852,28069.35,2372982.426300,0
1772316900000,84.5500,84.6400,84.4200,84.5600,32721.90,1772317199999,2765909.410400,4916,14760.54,1247724.150500,0
1772317200000,84.5600,84.9300,84.5500,84.6800,82042.68,1772317499999,6951594.313800,8248,44787.79,3794728.470000,0
1772317500000,84.6800,84.7400,84.5500,84.6400,62400.23,1772317799999,5282373.938700,5004,18203.29,1540630.975300,0
1772317800000,84.6400,85.0700,84.5000,84.8800,108310.01,1772318099999,9187176.127100,10234,63441.95,5383209.739100,0
1772318100000,84.8900,85.6300,84.8900,85.1600,274210.52,1772318399999,23359713.193600,23578,136416.11,11625372.298800,0
1772318400000,85.1500,85.1500,84.7300,84.8500,87774.27,1772318699999,7451697.728300,11536,31848.23,2703605.667800,0
1772318700000,84.8400,84.9300,84.6700,84.8400,67345.02,1772318999999,5711127.926800,9256,25229.45,2139527.928800,0
1772319000000,84.8400,84.8500,84.3100,84.5400,77024.18,1772319299999,6509090.969800,11436,28377.19,2397840.356000,0
1772319300000,84.5400,84.5600,84.2000,84.2500,63681.66,1772319599999,5371599.409400,8252,25907.56,2185716.583400,0
1772319600000,84.2500,84.5100,84.1900,84.4800,99301.79,1772319899999,8377144.023000,8614,60322.00,5089320.707500,0
1772319900000,84.4800,84.6900,84.4600,84.5700,70602.60,1772320199999,5971242.535500,6363,44395.34,3754533.956600,0
1772320200000,84.5800,84.5900,84.1800,84.2100,68629.06,1772320499999,5790502.300000,6108,26879.40,2267700.971800,0
1772320500000,84.2100,84.4000,84.2100,84.2700,49188.01,1772320799999,4146438.188200,5270,29461.70,2483542.589800,0
1772320800000,84.2700,84.3900,84.2700,84.3000,33708.16,1772321099999,2842800.618500,3722,15313.07,1291480.317700,0
1772321100000,84.2900,84.2900,84.0900,84.1200,62578.72,1772321399999,5266235.447800,5330,23780.70,2001227.846400,0
1772321400000,84.1200,84.3300,84.0900,84.1100,50932.15,1772321699999,4288176.900600,4831,22924.32,1930426.007900,0
1772321700000,84.1000,84.2400,83.8700,83.9400,111246.96,1772321999999,9347136.950200,8211,41215.96,3463429.195100,0
1772322000000,83.9400,84.1400,83.9300,84.0700,53811.59,1772322299999,4521089.155500,4707,22173.79,1863216.627900,0
1772322300000,84.0600,84.4300,84.0600,84.4000,85377.92,1772322599999,7196467.545900,7282,49579.22,4178587.754300,0
1772322600000,84.4100,84.4300,84.2500,84.2700,35709.81,1772322899999,3012284.164800,3686,11310.59,954207.007100,0
1772322900000,84.2700,84.3600,84.2100,84.2900,25612.08,1772323199999,2158576.427100,2948,11797.42,994312.378900,0
