coin,horizon,family,month,decile,mean_return
hype,4,momentum,2025-12,1,-0.00127922
hype,4,momentum,2025-12,2,-4.2e-06
hype,4,momentum,2025-12,3,-0.00017091
hype,4,momentum,2025-12,4,0.00028056
hype,4,momentum,2025-12,5,0.00017624
hype,4,momentum,2025-12,6,-0.00015409
hype,4,momentum,2025-12,7,9.225e-05
hype,4,momentum,2025-12,8,5.321e-05
hype,4,momentum,2025-12,9,-0.00016412
hype,4,momentum,2025-12,10,0.0002078
hype,4,momentum,2026-01,1,-0.00031895
hype,4,momentum,2026-01,2,0.00022782
hype,4,momentum,2026-01,3,0.00035245
hype,4,momentum,2026-01,4,8.669e-05
hype,4,momentum,2026-01,5,-0.00026067
hype,4,momentum,2026-01,6,-0.00039289
hype,4,momentum,2026-01,7,0.00024929
hype,4,momentum,2026-01,8,5.35e-06
hype,4,momentum,2026-01,9,0.00051093
hype,4,momentum,2026-01,10,0.00052724
hype,4,momentum,2026-02,1,-0.0005277
hype,4,momentum,2026-02,2,6.01e-05
hype,4,momentum,2026-02,3,-0.00016735
hype,4,momentum,2026-02,4,-0.00014111
hype,4,momentum,2026-02,5,0.00025556
hype,4,momentum,2026-02,6,3.698e-05
hype,4,momentum,2026-02,7,-0.0001619
hype,4,momentum,2026-02,8,-0.00049483
hype,4,momentum,2026-02,9,-2.64e-06
hype,4,momentum,2026-02,10,0.0010445
hype,4,momentum,2026-03,1,-0.00066318
hype,4,momentum,2026-03,2,0.00034299
hype,4,momentum,2026-03,3,0.00028836
hype,4,momentum,2026-03,4,0.00035419
hype,4,momentum,2026-03,5,6.944e-05
hype,4,momentum,2026-03,6,9.168e-05
hype,4,momentum,2026-03,7,-0.00014278
hype,4,momentum,2026-03,8,-0.00010641
hype,4,momentum,2026-03,9,2.026e-05
hype,4,momentum,2026-03,10,0.00045486
hype,4,momentum,2026-04,1,-0.00014315
hype,4,momentum,2026-04,2,-0.00021224
hype,4,momentum,2026-04,3,0.00016161
hype,4,momentum,2026-04,4,-0.00027238
hype,4,momentum,2026-04,5,2.973e-05
hype,4,momentum,2026-04,6,0.00022553
hype,4,momentum,2026-04,7,0.00020472
hype,4,momentum,2026-04,8,6.195e-05
hype,4,momentum,2026-04,9,0.0002091
hype,4,momentum,2026-04,10,0.00013489
hype,4,momentum,2026-05,1,0.0005532
hype,4,momentum,2026-05,2,0.00036442
hype,4,momentum,2026-05,3,0.000111
hype,4,momentum,2026-05,4,-2.479e-05
hype,4,momentum,2026-05,5,-2.908e-05
hype,4,momentum,2026-05,6,0.00015392
hype,4,momentum,2026-05,7,0.00010028
hype,4,momentum,2026-05,8,0.00025734
hype,4,momentum,2026-05,9,0.00046984
hype,4,momentum,2026-05,10,0.00070408
hype,4,best_feature,2025-12,1,-0.00086431
hype,4,best_feature,2025-12,2,6.972e-05
hype,4,best_feature,2025-12,3,0.00016782
hype,4,best_feature,2025-12,4,-0.0002357
hype,4,best_feature,2025-12,5,-0.0004063
hype,4,best_feature,2025-12,6,5.858e-05
hype,4,best_feature,2025-12,7,-2.972e-05
hype,4,best_feature,2025-12,8,0.0001151
hype,4,best_feature,2025-12,9,0.00053948
hype,4,best_feature,2025-12,10,-0.00037642
hype,4,best_feature,2026-01,1,0.00118552
hype,4,best_feature,2026-01,2,-0.00045558
hype,4,best_feature,2026-01,3,-3.02e-05
hype,4,best_feature,2026-01,4,-1.063e-05
hype,4,best_feature,2026-01,5,2.817e-05
hype,4,best_feature,2026-01,6,1.004e-05
hype,4,best_feature,2026-01,7,0.00013824
hype,4,best_feature,2026-01,8,-9.94e-05
hype,4,best_feature,2026-01,9,0.00027317
hype,4,best_feature,2026-01,10,-4.996e-05
hype,4,best_feature,2026-02,1,-0.0005277
hype,4,best_feature,2026-02,2,6.01e-05
hype,4,best_feature,2026-02,3,-0.00016735
hype,4,best_feature,2026-02,4,-0.00014111
hype,4,best_feature,2026-02,5,0.00025556
hype,4,best_feature,2026-02,6,3.698e-05
hype,4,best_feature,2026-02,7,-0.0001619
hype,4,best_feature,2026-02,8,-0.00049483
hype,4,best_feature,2026-02,9,-2.64e-06
hype,4,best_feature,2026-02,10,0.0010445
hype,4,best_feature,2026-03,1,-0.00066318
hype,4,best_feature,2026-03,2,0.00034299
hype,4,best_feature,2026-03,3,0.00028836
hype,4,best_feature,2026-03,4,0.00035419
hype,4,best_feature,2026-03,5,6.944e-05
hype,4,best_feature,2026-03,6,9.168e-05
hype,4,best_feature,2026-03,7,-0.00014278
hype,4,best_feature,2026-03,8,-0.00010641
hype,4,best_feature,2026-03,9,2.026e-05
hype,4,best_feature,2026-03,10,0.00045486
hype,4,best_feature,2026-04,1,-0.00012222
hype,4,best_feature,2026-04,2,0.00019264
hype,4,best_feature,2026-04,3,-8.093e-05
hype,4,best_feature,2026-04,4,-0.00012093
hype,4,best_feature,2026-04,5,8.312e-05
hype,4,best_feature,2026-04,6,5.698e-05
hype,4,best_feature,2026-04,7,5.719e-05
hype,4,best_feature,2026-04,8,4.302e-05
hype,4,best_feature,2026-04,9,-4.524e-05
hype,4,best_feature,2026-04,10,0.00033612
hype,4,best_feature,2026-05,1,0.00079072
hype,4,best_feature,2026-05,2,0.0003723
hype,4,best_feature,2026-05,3,0.00042302
hype,4,best_feature,2026-05,4,-0.00017425
hype,4,best_feature,2026-05,5,7.037e-05
hype,4,best_feature,2026-05,6,0.00039846
hype,4,best_feature,2026-05,7,6.103e-05
hype,4,best_feature,2026-05,8,-0.00011678
hype,4,best_feature,2026-05,9,0.000565
hype,4,best_feature,2026-05,10,0.0002708
hype,4,ridge,2025-12,1,-0.00086037
hype,4,ridge,2025-12,2,-0.00035326
hype,4,ridge,2025-12,3,-2.642e-05
hype,4,ridge,2025-12,4,0.00011367
hype,4,ridge,2025-12,5,-7.215e-05
hype,4,ridge,2025-12,6,0.00021448
hype,4,ridge,2025-12,7,0.00012018
hype,4,ridge,2025-12,8,-0.00023031
hype,4,ridge,2025-12,9,0.00022971
hype,4,ridge,2025-12,10,-9.712e-05
hype,4,ridge,2026-01,1,0.00088743
hype,4,ridge,2026-01,2,0.00024362
hype,4,ridge,2026-01,3,2.445e-05
hype,4,ridge,2026-01,4,-0.00016816
hype,4,ridge,2026-01,5,8.116e-05
hype,4,ridge,2026-01,6,8.839e-05
hype,4,ridge,2026-01,7,-0.0003487
hype,4,ridge,2026-01,8,-0.00010851
hype,4,ridge,2026-01,9,-1.065e-05
hype,4,ridge,2026-01,10,0.0003001
hype,4,ridge,2026-02,1,-0.0010464
hype,4,ridge,2026-02,2,-0.00010159
hype,4,ridge,2026-02,3,-0.00013129
hype,4,ridge,2026-02,4,-0.00019008
hype,4,ridge,2026-02,5,1.124e-05
hype,4,ridge,2026-02,6,-0.00026819
hype,4,ridge,2026-02,7,0.00030136
hype,4,ridge,2026-02,8,0.00041026
hype,4,ridge,2026-02,9,0.00027337
hype,4,ridge,2026-02,10,0.00064258
hype,4,ridge,2026-03,1,-0.000354
hype,4,ridge,2026-03,2,-0.00014309
hype,4,ridge,2026-03,3,0.00011367
hype,4,ridge,2026-03,4,-0.00021397
hype,4,ridge,2026-03,5,-9.3e-07
hype,4,ridge,2026-03,6,9.151e-05
hype,4,ridge,2026-03,7,-0.00010337
hype,4,ridge,2026-03,8,-5.283e-05
hype,4,ridge,2026-03,9,0.00036871
hype,4,ridge,2026-03,10,0.00100405
hype,4,ridge,2026-04,1,-0.00023875
hype,4,ridge,2026-04,2,6.116e-05
hype,4,ridge,2026-04,3,-0.00018766
hype,4,ridge,2026-04,4,2.201e-05
hype,4,ridge,2026-04,5,5.134e-05
hype,4,ridge,2026-04,6,0.00010251
hype,4,ridge,2026-04,7,0.00012763
hype,4,ridge,2026-04,8,0.00022187
hype,4,ridge,2026-04,9,3.992e-05
hype,4,ridge,2026-04,10,0.00019973
hype,4,ridge,2026-05,1,0.00043816
hype,4,ridge,2026-05,2,0.00037622
hype,4,ridge,2026-05,3,0.00021861
hype,4,ridge,2026-05,4,0.00046697
hype,4,ridge,2026-05,5,-0.00014968
hype,4,ridge,2026-05,6,0.00025378
hype,4,ridge,2026-05,7,4.586e-05
hype,4,ridge,2026-05,8,0.00041841
hype,4,ridge,2026-05,9,0.00023478
hype,4,ridge,2026-05,10,0.00035733
hype,4,lightgbm,2025-12,1,-0.00025078
hype,4,lightgbm,2025-12,2,-0.00029044
hype,4,lightgbm,2025-12,3,-0.00050672
hype,4,lightgbm,2025-12,4,0.00012356
hype,4,lightgbm,2025-12,5,-8.48e-05
hype,4,lightgbm,2025-12,6,8.643e-05
hype,4,lightgbm,2025-12,7,0.00019848
hype,4,lightgbm,2025-12,8,-0.00068614
hype,4,lightgbm,2025-12,9,5.295e-05
hype,4,lightgbm,2025-12,10,0.00039474
hype,4,lightgbm,2026-01,1,0.00019612
hype,4,lightgbm,2026-01,2,0.00028019
hype,4,lightgbm,2026-01,3,1.25e-05
hype,4,lightgbm,2026-01,4,8.19e-05
hype,4,lightgbm,2026-01,5,0.00014264
hype,4,lightgbm,2026-01,6,-0.00015915
hype,4,lightgbm,2026-01,7,0.00020814
hype,4,lightgbm,2026-01,8,-2.938e-05
hype,4,lightgbm,2026-01,9,1.662e-05
hype,4,lightgbm,2026-01,10,0.00023849
hype,4,lightgbm,2026-02,1,-0.00091498
hype,4,lightgbm,2026-02,2,-0.00018207
hype,4,lightgbm,2026-02,3,0.00010118
hype,4,lightgbm,2026-02,4,0.0003049
hype,4,lightgbm,2026-02,5,0.000198
hype,4,lightgbm,2026-02,6,0.00011029
hype,4,lightgbm,2026-02,7,-0.00015628
hype,4,lightgbm,2026-02,8,-0.00035309
hype,4,lightgbm,2026-02,9,-0.00019322
hype,4,lightgbm,2026-02,10,0.00098336
hype,4,lightgbm,2026-03,1,-0.0001712
hype,4,lightgbm,2026-03,2,-0.00017465
hype,4,lightgbm,2026-03,3,-0.00011777
hype,4,lightgbm,2026-03,4,0.00023791
hype,4,lightgbm,2026-03,5,6.97e-05
hype,4,lightgbm,2026-03,6,-2.01e-06
hype,4,lightgbm,2026-03,7,-7.094e-05
hype,4,lightgbm,2026-03,8,1.705e-05
hype,4,lightgbm,2026-03,9,0.00021483
hype,4,lightgbm,2026-03,10,0.00070692
hype,4,lightgbm,2026-04,1,-0.00023549
hype,4,lightgbm,2026-04,2,-0.00015643
hype,4,lightgbm,2026-04,3,0.0001867
hype,4,lightgbm,2026-04,4,2.287e-05
hype,4,lightgbm,2026-04,5,0.00010048
hype,4,lightgbm,2026-04,6,0.00011572
hype,4,lightgbm,2026-04,7,0.00012585
hype,4,lightgbm,2026-04,8,0.00027211
hype,4,lightgbm,2026-04,9,3.074e-05
hype,4,lightgbm,2026-04,10,-6.28e-05
hype,4,lightgbm,2026-05,1,0.00048095
hype,4,lightgbm,2026-05,2,0.00064935
hype,4,lightgbm,2026-05,3,0.00024156
hype,4,lightgbm,2026-05,4,5.484e-05
hype,4,lightgbm,2026-05,5,-3.907e-05
hype,4,lightgbm,2026-05,6,-0.00011308
hype,4,lightgbm,2026-05,7,1.812e-05
hype,4,lightgbm,2026-05,8,0.00037602
hype,4,lightgbm,2026-05,9,0.00027807
hype,4,lightgbm,2026-05,10,0.00071318
hype,12,momentum,2025-12,1,-0.0011842
hype,12,momentum,2025-12,2,-3.295e-05
hype,12,momentum,2025-12,3,-0.00077041
hype,12,momentum,2025-12,4,-7.679e-05
hype,12,momentum,2025-12,5,0.00015863
hype,12,momentum,2025-12,6,-0.00041139
hype,12,momentum,2025-12,7,-0.00028681
hype,12,momentum,2025-12,8,0.00028752
hype,12,momentum,2025-12,9,0.00055572
hype,12,momentum,2025-12,10,-0.00091636
hype,12,momentum,2026-01,1,0.00177635
hype,12,momentum,2026-01,2,0.00055486
hype,12,momentum,2026-01,3,0.00017082
hype,12,momentum,2026-01,4,4.62e-05
hype,12,momentum,2026-01,5,0.0003182
hype,12,momentum,2026-01,6,0.00028113
hype,12,momentum,2026-01,7,0.00022151
hype,12,momentum,2026-01,8,-0.00034005
hype,12,momentum,2026-01,9,3.238e-05
hype,12,momentum,2026-01,10,-6.432e-05
hype,12,momentum,2026-02,1,-0.0010088
hype,12,momentum,2026-02,2,-0.00041514
hype,12,momentum,2026-02,3,0.00056109
hype,12,momentum,2026-02,4,-0.00016432
hype,12,momentum,2026-02,5,-0.00086436
hype,12,momentum,2026-02,6,-0.00062181
hype,12,momentum,2026-02,7,-0.0002115
hype,12,momentum,2026-02,8,0.0006184
hype,12,momentum,2026-02,9,0.00062071
hype,12,momentum,2026-02,10,0.00099523
hype,12,momentum,2026-03,1,-0.00101048
hype,12,momentum,2026-03,2,-0.00083714
hype,12,momentum,2026-03,3,-0.00064579
hype,12,momentum,2026-03,4,-3.486e-05
hype,12,momentum,2026-03,5,0.00012692
hype,12,momentum,2026-03,6,0.00035667
hype,12,momentum,2026-03,7,0.00106415
hype,12,momentum,2026-03,8,0.00079058
hype,12,momentum,2026-03,9,0.0005972
hype,12,momentum,2026-03,10,0.00183654
hype,12,momentum,2026-04,1,-0.00088607
hype,12,momentum,2026-04,2,0.00019185
hype,12,momentum,2026-04,3,0.00063813
hype,12,momentum,2026-04,4,-0.00017821
hype,12,momentum,2026-04,5,0.00023179
hype,12,momentum,2026-04,6,-6.354e-05
hype,12,momentum,2026-04,7,0.00060465
hype,12,momentum,2026-04,8,0.00032462
hype,12,momentum,2026-04,9,-7.542e-05
hype,12,momentum,2026-04,10,0.00046637
hype,12,momentum,2026-05,1,0.00241536
hype,12,momentum,2026-05,2,0.00033306
hype,12,momentum,2026-05,3,0.00063966
hype,12,momentum,2026-05,4,2.586e-05
hype,12,momentum,2026-05,5,0.00059725
hype,12,momentum,2026-05,6,0.0006666
hype,12,momentum,2026-05,7,0.00014352
hype,12,momentum,2026-05,8,0.00086961
hype,12,momentum,2026-05,9,0.00154417
hype,12,momentum,2026-05,10,0.00074784
hype,12,best_feature,2025-12,1,-0.00159615
hype,12,best_feature,2025-12,2,0.00037453
hype,12,best_feature,2025-12,3,0.00057922
hype,12,best_feature,2025-12,4,-0.00040545
hype,12,best_feature,2025-12,5,-0.00058116
hype,12,best_feature,2025-12,6,-0.00030288
hype,12,best_feature,2025-12,7,-0.00038318
hype,12,best_feature,2025-12,8,0.00026885
hype,12,best_feature,2025-12,9,0.00056661
hype,12,best_feature,2025-12,10,-0.00119776
hype,12,best_feature,2026-01,1,0.002741
hype,12,best_feature,2026-01,2,-0.00012624
hype,12,best_feature,2026-01,3,-0.00022534
hype,12,best_feature,2026-01,4,-0.00030958
hype,12,best_feature,2026-01,5,0.00043739
hype,12,best_feature,2026-01,6,0.00057402
hype,12,best_feature,2026-01,7,0.00025463
hype,12,best_feature,2026-01,8,0.00031676
hype,12,best_feature,2026-01,9,0.00049254
hype,12,best_feature,2026-01,10,-0.00115668
hype,12,best_feature,2026-02,1,0.0004695
hype,12,best_feature,2026-02,2,0.00132265
hype,12,best_feature,2026-02,3,-0.00011103
hype,12,best_feature,2026-02,4,2.356e-05
hype,12,best_feature,2026-02,5,-0.00114627
hype,12,best_feature,2026-02,6,-0.00035087
hype,12,best_feature,2026-02,7,-0.00063301
hype,12,best_feature,2026-02,8,-0.00015418
hype,12,best_feature,2026-02,9,0.00017938
hype,12,best_feature,2026-02,10,-8.677e-05
hype,12,best_feature,2026-03,1,-0.00099655
hype,12,best_feature,2026-03,2,-0.00023239
hype,12,best_feature,2026-03,3,-2.395e-05
hype,12,best_feature,2026-03,4,-0.00056593
hype,12,best_feature,2026-03,5,0.00049304
hype,12,best_feature,2026-03,6,1.414e-05
hype,12,best_feature,2026-03,7,-0.00026523
hype,12,best_feature,2026-03,8,0.00024547
hype,12,best_feature,2026-03,9,0.00161488
hype,12,best_feature,2026-03,10,0.00195996
hype,12,best_feature,2026-04,1,-0.00011232
hype,12,best_feature,2026-04,2,0.0001969
hype,12,best_feature,2026-04,3,-0.00018587
hype,12,best_feature,2026-04,4,9.706e-05
hype,12,best_feature,2026-04,5,-0.00017784
hype,12,best_feature,2026-04,6,-9.84e-06
hype,12,best_feature,2026-04,7,0.00028012
hype,12,best_feature,2026-04,8,0.00044714
hype,12,best_feature,2026-04,9,7.865e-05
hype,12,best_feature,2026-04,10,0.00064017
hype,12,best_feature,2026-05,1,0.00264334
hype,12,best_feature,2026-05,2,0.00092116
hype,12,best_feature,2026-05,3,0.00074101
hype,12,best_feature,2026-05,4,-0.0002635
hype,12,best_feature,2026-05,5,0.00014772
hype,12,best_feature,2026-05,6,0.00089107
hype,12,best_feature,2026-05,7,-1.853e-05
hype,12,best_feature,2026-05,8,0.00076505
hype,12,best_feature,2026-05,9,0.00156029
hype,12,best_feature,2026-05,10,0.00059583
hype,12,ridge,2025-12,1,-0.00068942
hype,12,ridge,2025-12,2,-0.0001798
hype,12,ridge,2025-12,3,-0.00050476
hype,12,ridge,2025-12,4,-0.00055283
hype,12,ridge,2025-12,5,-0.00034365
hype,12,ridge,2025-12,6,-1.038e-05
hype,12,ridge,2025-12,7,0.00019136
hype,12,ridge,2025-12,8,-0.00014116
hype,12,ridge,2025-12,9,3.369e-05
hype,12,ridge,2025-12,10,-0.00047907
hype,12,ridge,2026-01,1,0.0027482
hype,12,ridge,2026-01,2,-0.00032259
hype,12,ridge,2026-01,3,-0.00015185
hype,12,ridge,2026-01,4,0.00034295
hype,12,ridge,2026-01,5,-3.093e-05
hype,12,ridge,2026-01,6,-3.497e-05
hype,12,ridge,2026-01,7,0.00015449
hype,12,ridge,2026-01,8,0.00018435
hype,12,ridge,2026-01,9,1.155e-05
hype,12,ridge,2026-01,10,9.663e-05
hype,12,ridge,2026-02,1,-0.00164576
hype,12,ridge,2026-02,2,-0.0012625
hype,12,ridge,2026-02,3,-0.00014578
hype,12,ridge,2026-02,4,-0.00100973
hype,12,ridge,2026-02,5,0.00020641
hype,12,ridge,2026-02,6,-0.00011658
hype,12,ridge,2026-02,7,-0.00028585
hype,12,ridge,2026-02,8,0.00100326
hype,12,ridge,2026-02,9,0.00068936
hype,12,ridge,2026-02,10,0.00207438
hype,12,ridge,2026-03,1,-0.00147395
hype,12,ridge,2026-03,2,-0.00040073
hype,12,ridge,2026-03,3,-0.00034746
hype,12,ridge,2026-03,4,-0.00073939
hype,12,ridge,2026-03,5,0.00011368
hype,12,ridge,2026-03,6,0.00058785
hype,12,ridge,2026-03,7,-0.00017103
hype,12,ridge,2026-03,8,0.00088612
hype,12,ridge,2026-03,9,0.00129919
hype,12,ridge,2026-03,10,0.00248926
hype,12,ridge,2026-04,1,-3.404e-05
hype,12,ridge,2026-04,2,0.00023147
hype,12,ridge,2026-04,3,0.00033402
hype,12,ridge,2026-04,4,0.00014522
hype,12,ridge,2026-04,5,5.862e-05
hype,12,ridge,2026-04,6,0.00029282
hype,12,ridge,2026-04,7,-0.00013482
hype,12,ridge,2026-04,8,-0.00014884
hype,12,ridge,2026-04,9,0.00035409
hype,12,ridge,2026-04,10,0.00015561
hype,12,ridge,2026-05,1,0.00123043
hype,12,ridge,2026-05,2,0.00160386
hype,12,ridge,2026-05,3,0.00078667
hype,12,ridge,2026-05,4,0.00146372
hype,12,ridge,2026-05,5,0.00032229
hype,12,ridge,2026-05,6,0.00037885
hype,12,ridge,2026-05,7,0.00032401
hype,12,ridge,2026-05,8,0.00074329
hype,12,ridge,2026-05,9,0.00041944
hype,12,ridge,2026-05,10,0.00070876
hype,12,lightgbm,2025-12,1,-0.00082087
hype,12,lightgbm,2025-12,2,0.00013343
hype,12,lightgbm,2025-12,3,-0.00017671
hype,12,lightgbm,2025-12,4,-0.00020268
hype,12,lightgbm,2025-12,5,-5.62e-05
hype,12,lightgbm,2025-12,6,-0.00052455
hype,12,lightgbm,2025-12,7,-0.00125912
hype,12,lightgbm,2025-12,8,-0.00069942
hype,12,lightgbm,2025-12,9,0.00085864
hype,12,lightgbm,2025-12,10,7.092e-05
hype,12,lightgbm,2026-01,1,0.00101201
hype,12,lightgbm,2026-01,2,-0.00023709
hype,12,lightgbm,2026-01,3,-0.00050385
hype,12,lightgbm,2026-01,4,0.00229892
hype,12,lightgbm,2026-01,5,-0.00067178
hype,12,lightgbm,2026-01,6,0.00031901
hype,12,lightgbm,2026-01,7,0.00130527
hype,12,lightgbm,2026-01,8,0.00135188
hype,12,lightgbm,2026-01,9,-0.00081385
hype,12,lightgbm,2026-01,10,-0.00077389
hype,12,lightgbm,2026-02,1,-0.00050155
hype,12,lightgbm,2026-02,2,0.00898248
hype,12,lightgbm,2026-02,3,0.00029952
hype,12,lightgbm,2026-02,4,-0.00702595
hype,12,lightgbm,2026-02,5,0.00050345
hype,12,lightgbm,2026-02,6,
hype,12,lightgbm,2026-02,7,-0.00283496
hype,12,lightgbm,2026-02,8,-0.0007137
hype,12,lightgbm,2026-02,9,-0.00032252
hype,12,lightgbm,2026-02,10,0.0023524
hype,12,lightgbm,2026-03,1,-0.0006794
hype,12,lightgbm,2026-03,2,0.00050486
hype,12,lightgbm,2026-03,3,-0.00027974
hype,12,lightgbm,2026-03,4,2.668e-05
hype,12,lightgbm,2026-03,5,-0.00027477
hype,12,lightgbm,2026-03,6,0.0001899
hype,12,lightgbm,2026-03,7,-3.048e-05
hype,12,lightgbm,2026-03,8,0.00045144
hype,12,lightgbm,2026-03,9,0.00098807
hype,12,lightgbm,2026-03,10,0.00134742
hype,12,lightgbm,2026-04,1,-0.00035857
hype,12,lightgbm,2026-04,2,0.00021366
hype,12,lightgbm,2026-04,3,-3.079e-05
hype,12,lightgbm,2026-04,4,0.00040237
hype,12,lightgbm,2026-04,5,0.00042465
hype,12,lightgbm,2026-04,6,0.00059479
hype,12,lightgbm,2026-04,7,0.00054473
hype,12,lightgbm,2026-04,8,-7.88e-06
hype,12,lightgbm,2026-04,9,-0.00065966
hype,12,lightgbm,2026-04,10,0.00013086
hype,12,lightgbm,2026-05,1,0.00177765
hype,12,lightgbm,2026-05,2,-0.00031704
hype,12,lightgbm,2026-05,3,0.00025054
hype,12,lightgbm,2026-05,4,-0.00032946
hype,12,lightgbm,2026-05,5,5.753e-05
hype,12,lightgbm,2026-05,6,0.00101712
hype,12,lightgbm,2026-05,7,
hype,12,lightgbm,2026-05,8,0.00145067
hype,12,lightgbm,2026-05,9,0.00195298
hype,12,lightgbm,2026-05,10,0.00062869
hype,36,momentum,2025-12,1,-0.00203945
hype,36,momentum,2025-12,2,-5.826e-05
hype,36,momentum,2025-12,3,-0.00013049
hype,36,momentum,2025-12,4,-0.00125882
hype,36,momentum,2025-12,5,-0.00069061
hype,36,momentum,2025-12,6,-0.00112502
hype,36,momentum,2025-12,7,-0.00095594
hype,36,momentum,2025-12,8,-7e-06
hype,36,momentum,2025-12,9,0.00073803
hype,36,momentum,2025-12,10,-0.00224458
hype,36,momentum,2026-01,1,0.00644835
hype,36,momentum,2026-01,2,0.00196775
hype,36,momentum,2026-01,3,0.00063785
hype,36,momentum,2026-01,4,0.00108696
hype,36,momentum,2026-01,5,0.00059547
hype,36,momentum,2026-01,6,0.00110429
hype,36,momentum,2026-01,7,0.00076142
hype,36,momentum,2026-01,8,-0.00086074
hype,36,momentum,2026-01,9,-0.00239118
hype,36,momentum,2026-01,10,-0.00062333
hype,36,momentum,2026-02,1,-0.00062787
hype,36,momentum,2026-02,2,0.00123846
hype,36,momentum,2026-02,3,-0.00194909
hype,36,momentum,2026-02,4,-0.00155322
hype,36,momentum,2026-02,5,-9.751e-05
hype,36,momentum,2026-02,6,0.00041769
hype,36,momentum,2026-02,7,-0.0007595
hype,36,momentum,2026-02,8,-0.00136042
hype,36,momentum,2026-02,9,0.00068131
hype,36,momentum,2026-02,10,0.00231934
hype,36,momentum,2026-03,1,-2.986e-05
hype,36,momentum,2026-03,2,0.00044528
hype,36,momentum,2026-03,3,0.00090553
hype,36,momentum,2026-03,4,-0.00041441
hype,36,momentum,2026-03,5,0.00046273
hype,36,momentum,2026-03,6,0.00058132
hype,36,momentum,2026-03,7,-0.000546
hype,36,momentum,2026-03,8,0.0001031
hype,36,momentum,2026-03,9,0.00174749
hype,36,momentum,2026-03,10,0.00346965
hype,36,momentum,2026-04,1,0.0005592
hype,36,momentum,2026-04,2,0.00133163
hype,36,momentum,2026-04,3,4.927e-05
hype,36,momentum,2026-04,4,-9.949e-05
hype,36,momentum,2026-04,5,-0.00025757
hype,36,momentum,2026-04,6,0.00015816
hype,36,momentum,2026-04,7,0.00042999
hype,36,momentum,2026-04,8,0.00161088
hype,36,momentum,2026-04,9,0.00103068
hype,36,momentum,2026-04,10,-0.00064084
hype,36,momentum,2026-05,1,0.00520962
hype,36,momentum,2026-05,2,0.00337974
hype,36,momentum,2026-05,3,0.00334406
hype,36,momentum,2026-05,4,0.00168022
hype,36,momentum,2026-05,5,0.001718
hype,36,momentum,2026-05,6,0.00251213
hype,36,momentum,2026-05,7,0.00084566
hype,36,momentum,2026-05,8,0.00237655
hype,36,momentum,2026-05,9,0.0032513
hype,36,momentum,2026-05,10,-0.00079174
hype,36,best_feature,2025-12,1,-0.00240241
hype,36,best_feature,2025-12,2,-0.00241899
hype,36,best_feature,2025-12,3,-0.00195807
hype,36,best_feature,2025-12,4,-0.00337602
hype,36,best_feature,2025-12,5,-0.00062718
hype,36,best_feature,2025-12,6,0.00184651
hype,36,best_feature,2025-12,7,0.00140503
hype,36,best_feature,2025-12,8,0.00086703
hype,36,best_feature,2025-12,9,0.00166445
hype,36,best_feature,2025-12,10,-0.00276958
hype,36,best_feature,2026-01,1,0.00989562
hype,36,best_feature,2026-01,2,-0.00349964
hype,36,best_feature,2026-01,3,1.1e-05
hype,36,best_feature,2026-01,4,0.00160157
hype,36,best_feature,2026-01,5,0.00183911
hype,36,best_feature,2026-01,6,0.00251589
hype,36,best_feature,2026-01,7,0.00059787
hype,36,best_feature,2026-01,8,-0.000154
hype,36,best_feature,2026-01,9,-0.00171281
hype,36,best_feature,2026-01,10,-0.00236233
hype,36,best_feature,2026-02,1,-0.00151908
hype,36,best_feature,2026-02,2,-0.00162809
hype,36,best_feature,2026-02,3,-0.00173992
hype,36,best_feature,2026-02,4,0.00085636
hype,36,best_feature,2026-02,5,-0.000362
hype,36,best_feature,2026-02,6,-0.00190249
hype,36,best_feature,2026-02,7,0.00128443
hype,36,best_feature,2026-02,8,0.00109874
hype,36,best_feature,2026-02,9,-0.00291272
hype,36,best_feature,2026-02,10,0.00512748
hype,36,best_feature,2026-03,1,0.00037647
hype,36,best_feature,2026-03,2,-0.00018215
hype,36,best_feature,2026-03,3,-0.0008699
hype,36,best_feature,2026-03,4,-0.00139877
hype,36,best_feature,2026-03,5,0.00052288
hype,36,best_feature,2026-03,6,0.00050392
hype,36,best_feature,2026-03,7,0.00102662
hype,36,best_feature,2026-03,8,0.00229225
hype,36,best_feature,2026-03,9,0.00172647
hype,36,best_feature,2026-03,10,0.0027274
hype,36,best_feature,2026-04,1,0.00120252
hype,36,best_feature,2026-04,2,0.00022782
hype,36,best_feature,2026-04,3,0.00125441
hype,36,best_feature,2026-04,4,0.00028061
hype,36,best_feature,2026-04,5,0.00051973
hype,36,best_feature,2026-04,6,6.103e-05
hype,36,best_feature,2026-04,7,0.00076316
hype,36,best_feature,2026-04,8,0.00087372
hype,36,best_feature,2026-04,9,-6.84e-05
hype,36,best_feature,2026-04,10,-0.0009427
hype,36,best_feature,2026-05,1,0.00581014
hype,36,best_feature,2026-05,2,0.00149573
hype,36,best_feature,2026-05,3,0.00129668
hype,36,best_feature,2026-05,4,0.00122428
hype,36,best_feature,2026-05,5,0.00173244
hype,36,best_feature,2026-05,6,0.00165346
hype,36,best_feature,2026-05,7,0.00123868
hype,36,best_feature,2026-05,8,0.00299226
hype,36,best_feature,2026-05,9,0.00334166
hype,36,best_feature,2026-05,10,0.00273623
hype,36,ridge,2025-12,1,-0.00274057
hype,36,ridge,2025-12,2,-0.00056096
hype,36,ridge,2025-12,3,-0.00077164
hype,36,ridge,2025-12,4,-0.00105461
hype,36,ridge,2025-12,5,-0.00163086
hype,36,ridge,2025-12,6,-0.00016147
hype,36,ridge,2025-12,7,2.146e-05
hype,36,ridge,2025-12,8,-7.36e-06
hype,36,ridge,2025-12,9,0.0007073
hype,36,ridge,2025-12,10,-0.00157315
hype,36,ridge,2026-01,1,0.00827835
hype,36,ridge,2026-01,2,-0.00036358
hype,36,ridge,2026-01,3,-0.00051265
hype,36,ridge,2026-01,4,-0.00041989
hype,36,ridge,2026-01,5,0.0013695
hype,36,ridge,2026-01,6,0.00094597
hype,36,ridge,2026-01,7,0.00089087
hype,36,ridge,2026-01,8,-0.00039148
hype,36,ridge,2026-01,9,-0.0009418
hype,36,ridge,2026-01,10,-0.00012657
hype,36,ridge,2026-02,1,-0.0030561
hype,36,ridge,2026-02,2,-0.00290158
hype,36,ridge,2026-02,3,-0.00167967
hype,36,ridge,2026-02,4,-0.00074987
hype,36,ridge,2026-02,5,0.00030054
hype,36,ridge,2026-02,6,-0.0005685
hype,36,ridge,2026-02,7,-3.178e-05
hype,36,ridge,2026-02,8,-0.00084965
hype,36,ridge,2026-02,9,0.00187229
hype,36,ridge,2026-02,10,0.0059675
hype,36,ridge,2026-03,1,9.084e-05
hype,36,ridge,2026-03,2,0.00026473
hype,36,ridge,2026-03,3,-0.00070384
hype,36,ridge,2026-03,4,-0.00123912
hype,36,ridge,2026-03,5,-0.00044219
hype,36,ridge,2026-03,6,0.00080054
hype,36,ridge,2026-03,7,0.00098382
hype,36,ridge,2026-03,8,0.00091015
hype,36,ridge,2026-03,9,0.00186079
hype,36,ridge,2026-03,10,0.00419949
hype,36,ridge,2026-04,1,0.00120164
hype,36,ridge,2026-04,2,0.0012927
hype,36,ridge,2026-04,3,0.00054431
hype,36,ridge,2026-04,4,0.00083935
hype,36,ridge,2026-04,5,0.00019163
hype,36,ridge,2026-04,6,0.00060916
hype,36,ridge,2026-04,7,5.646e-05
hype,36,ridge,2026-04,8,-5.96e-05
hype,36,ridge,2026-04,9,0.00028723
hype,36,ridge,2026-04,10,-0.00079095
hype,36,ridge,2026-05,1,0.00312457
hype,36,ridge,2026-05,2,0.00353137
hype,36,ridge,2026-05,3,0.00324014
hype,36,ridge,2026-05,4,0.00258414
hype,36,ridge,2026-05,5,0.00259023
hype,36,ridge,2026-05,6,0.00140824
hype,36,ridge,2026-05,7,0.00128688
hype,36,ridge,2026-05,8,0.00203219
hype,36,ridge,2026-05,9,0.0024771
hype,36,ridge,2026-05,10,0.00124741
hype,36,lightgbm,2025-12,1,-0.00187172
hype,36,lightgbm,2025-12,2,0.00131364
hype,36,lightgbm,2025-12,3,-0.00317187
hype,36,lightgbm,2025-12,4,-0.00034276
hype,36,lightgbm,2025-12,5,-0.00366392
hype,36,lightgbm,2025-12,6,0.00355489
hype,36,lightgbm,2025-12,7,0.00048861
hype,36,lightgbm,2025-12,8,-0.00575941
hype,36,lightgbm,2025-12,9,-0.00046933
hype,36,lightgbm,2025-12,10,0.00114225
hype,36,lightgbm,2026-01,1,0.00534919
hype,36,lightgbm,2026-01,2,0.00091715
hype,36,lightgbm,2026-01,3,0.00280996
hype,36,lightgbm,2026-01,4,0.00039594
hype,36,lightgbm,2026-01,5,0.00245012
hype,36,lightgbm,2026-01,6,0.00265936
hype,36,lightgbm,2026-01,7,-0.00067848
hype,36,lightgbm,2026-01,8,-0.00203263
hype,36,lightgbm,2026-01,9,-0.00204764
hype,36,lightgbm,2026-01,10,-0.00118832
hype,36,lightgbm,2026-02,1,
hype,36,lightgbm,2026-02,2,-6.618e-05
hype,36,lightgbm,2026-02,3,-0.0064198
hype,36,lightgbm,2026-02,4,0.00210827
hype,36,lightgbm,2026-02,5,
hype,36,lightgbm,2026-02,6,0.00151492
hype,36,lightgbm,2026-02,7,
hype,36,lightgbm,2026-02,8,-0.00068839
hype,36,lightgbm,2026-02,9,-0.00217357
hype,36,lightgbm,2026-02,10,-0.00536069
hype,36,lightgbm,2026-03,1,-0.00139048
hype,36,lightgbm,2026-03,2,-0.0005756
hype,36,lightgbm,2026-03,3,0.00079998
hype,36,lightgbm,2026-03,4,-0.00244357
hype,36,lightgbm,2026-03,5,0.00021963
hype,36,lightgbm,2026-03,6,0.00265361
hype,36,lightgbm,2026-03,7,0.00262395
hype,36,lightgbm,2026-03,8,-0.00131713
hype,36,lightgbm,2026-03,9,0.00441931
hype,36,lightgbm,2026-03,10,0.00094806
hype,36,lightgbm,2026-04,1,0.00058996
hype,36,lightgbm,2026-04,2,0.00164792
hype,36,lightgbm,2026-04,3,0.00173967
hype,36,lightgbm,2026-04,4,0.00012071
hype,36,lightgbm,2026-04,5,0.00029035
hype,36,lightgbm,2026-04,6,0.00105889
hype,36,lightgbm,2026-04,7,0.00069377
hype,36,lightgbm,2026-04,8,-0.00083036
hype,36,lightgbm,2026-04,9,-0.00082951
hype,36,lightgbm,2026-04,10,-0.00030948
hype,36,lightgbm,2026-05,1,0.00280674
hype,36,lightgbm,2026-05,2,
hype,36,lightgbm,2026-05,3,0.00216378
hype,36,lightgbm,2026-05,4,0.00489398
hype,36,lightgbm,2026-05,5,-0.00053353
hype,36,lightgbm,2026-05,6,
hype,36,lightgbm,2026-05,7,0.00515738
hype,36,lightgbm,2026-05,8,0.00652841
hype,36,lightgbm,2026-05,9,0.00080463
hype,36,lightgbm,2026-05,10,0.00107616
hype,72,momentum,2025-12,1,-0.00199861
hype,72,momentum,2025-12,2,-0.00506206
hype,72,momentum,2025-12,3,-0.00571834
hype,72,momentum,2025-12,4,-0.00687453
hype,72,momentum,2025-12,5,-0.00254761
hype,72,momentum,2025-12,6,0.00039809
hype,72,momentum,2025-12,7,-0.00059659
hype,72,momentum,2025-12,8,0.00090486
hype,72,momentum,2025-12,9,0.00530775
hype,72,momentum,2025-12,10,0.00101998
hype,72,momentum,2026-01,1,0.02043553
hype,72,momentum,2026-01,2,-0.00406277
hype,72,momentum,2026-01,3,-6.675e-05
hype,72,momentum,2026-01,4,0.00095186
hype,72,momentum,2026-01,5,0.00259486
hype,72,momentum,2026-01,6,0.0036318
hype,72,momentum,2026-01,7,-0.00033862
hype,72,momentum,2026-01,8,-0.00078071
hype,72,momentum,2026-01,9,-0.0055286
hype,72,momentum,2026-01,10,0.00037831
hype,72,momentum,2026-02,1,-0.00554046
hype,72,momentum,2026-02,2,-0.0008341
hype,72,momentum,2026-02,3,0.00098304
hype,72,momentum,2026-02,4,0.00212728
hype,72,momentum,2026-02,5,0.00028325
hype,72,momentum,2026-02,6,-0.00152325
hype,72,momentum,2026-02,7,-0.00013335
hype,72,momentum,2026-02,8,-1.796e-05
hype,72,momentum,2026-02,9,-0.00178626
hype,72,momentum,2026-02,10,0.00392586
hype,72,momentum,2026-03,1,0.00134262
hype,72,momentum,2026-03,2,-0.00225562
hype,72,momentum,2026-03,3,-0.00189037
hype,72,momentum,2026-03,4,-0.00299895
hype,72,momentum,2026-03,5,0.00117229
hype,72,momentum,2026-03,6,0.00323616
hype,72,momentum,2026-03,7,0.00266464
hype,72,momentum,2026-03,8,0.00405597
hype,72,momentum,2026-03,9,0.00308758
hype,72,momentum,2026-03,10,0.00502498
hype,72,momentum,2026-04,1,0.00293659
hype,72,momentum,2026-04,2,0.00122611
hype,72,momentum,2026-04,3,0.00137603
hype,72,momentum,2026-04,4,0.00114309
hype,72,momentum,2026-04,5,0.00058549
hype,72,momentum,2026-04,6,0.00115357
hype,72,momentum,2026-04,7,0.00119917
hype,72,momentum,2026-04,8,0.00060435
hype,72,momentum,2026-04,9,3.202e-05
hype,72,momentum,2026-04,10,-0.00206652
hype,72,momentum,2026-05,1,0.00422346
hype,72,momentum,2026-05,2,0.00955269
hype,72,momentum,2026-05,3,0.00847547
hype,72,momentum,2026-05,4,0.00875965
hype,72,momentum,2026-05,5,0.00837771
hype,72,momentum,2026-05,6,0.00453273
hype,72,momentum,2026-05,7,0.00356077
hype,72,momentum,2026-05,8,0.0026355
hype,72,momentum,2026-05,9,-0.00050577
hype,72,momentum,2026-05,10,-0.00403816
hype,72,best_feature,2025-12,1,-0.00199861
hype,72,best_feature,2025-12,2,-0.00506206
hype,72,best_feature,2025-12,3,-0.00571834
hype,72,best_feature,2025-12,4,-0.00687453
hype,72,best_feature,2025-12,5,-0.00254761
hype,72,best_feature,2025-12,6,0.00039809
hype,72,best_feature,2025-12,7,-0.00059659
hype,72,best_feature,2025-12,8,0.00090486
hype,72,best_feature,2025-12,9,0.00530775
hype,72,best_feature,2025-12,10,0.00101998
hype,72,best_feature,2026-01,1,0.02043553
hype,72,best_feature,2026-01,2,-0.00406277
hype,72,best_feature,2026-01,3,-6.675e-05
hype,72,best_feature,2026-01,4,0.00095186
hype,72,best_feature,2026-01,5,0.00259486
hype,72,best_feature,2026-01,6,0.0036318
hype,72,best_feature,2026-01,7,-0.00033862
hype,72,best_feature,2026-01,8,-0.00078071
hype,72,best_feature,2026-01,9,-0.0055286
hype,72,best_feature,2026-01,10,0.00037831
hype,72,best_feature,2026-02,1,-0.00554046
hype,72,best_feature,2026-02,2,-0.0008341
hype,72,best_feature,2026-02,3,0.00098304
hype,72,best_feature,2026-02,4,0.00212728
hype,72,best_feature,2026-02,5,0.00028325
hype,72,best_feature,2026-02,6,-0.00152325
hype,72,best_feature,2026-02,7,-0.00013335
hype,72,best_feature,2026-02,8,-1.796e-05
hype,72,best_feature,2026-02,9,-0.00178626
hype,72,best_feature,2026-02,10,0.00392586
hype,72,best_feature,2026-03,1,-0.00065714
hype,72,best_feature,2026-03,2,-0.00158909
hype,72,best_feature,2026-03,3,-0.0003544
hype,72,best_feature,2026-03,4,0.00051736
hype,72,best_feature,2026-03,5,0.00137633
hype,72,best_feature,2026-03,6,0.0001891
hype,72,best_feature,2026-03,7,-0.0001552
hype,72,best_feature,2026-03,8,0.00358164
hype,72,best_feature,2026-03,9,0.0030537
hype,72,best_feature,2026-03,10,0.00747135
hype,72,best_feature,2026-04,1,0.00513883
hype,72,best_feature,2026-04,2,-0.00363238
hype,72,best_feature,2026-04,3,0.00114064
hype,72,best_feature,2026-04,4,0.00168639
hype,72,best_feature,2026-04,5,0.0016436
hype,72,best_feature,2026-04,6,0.00092727
hype,72,best_feature,2026-04,7,0.00036107
hype,72,best_feature,2026-04,8,0.0007296
hype,72,best_feature,2026-04,9,0.00027938
hype,72,best_feature,2026-04,10,-8.45e-05
hype,72,best_feature,2026-05,1,0.00842255
hype,72,best_feature,2026-05,2,0.00579053
hype,72,best_feature,2026-05,3,0.00381277
hype,72,best_feature,2026-05,4,0.005623
hype,72,best_feature,2026-05,5,0.00547722
hype,72,best_feature,2026-05,6,0.00553369
hype,72,best_feature,2026-05,7,0.00525794
hype,72,best_feature,2026-05,8,0.00496286
hype,72,best_feature,2026-05,9,0.00157026
hype,72,best_feature,2026-05,10,-0.00087356
hype,72,ridge,2025-12,1,-0.00076253
hype,72,ridge,2025-12,2,-0.00424157
hype,72,ridge,2025-12,3,-0.00394644
hype,72,ridge,2025-12,4,-0.00270363
hype,72,ridge,2025-12,5,-0.0003663
hype,72,ridge,2025-12,6,-0.00068689
hype,72,ridge,2025-12,7,-0.00216904
hype,72,ridge,2025-12,8,-0.00132856
hype,72,ridge,2025-12,9,0.00125908
hype,72,ridge,2025-12,10,-0.00022104
hype,72,ridge,2026-01,1,0.01479014
hype,72,ridge,2026-01,2,-0.00211342
hype,72,ridge,2026-01,3,0.00071225
hype,72,ridge,2026-01,4,0.00072216
hype,72,ridge,2026-01,5,0.00044684
hype,72,ridge,2026-01,6,0.00209295
hype,72,ridge,2026-01,7,0.00029621
hype,72,ridge,2026-01,8,0.00141727
hype,72,ridge,2026-01,9,-0.00268963
hype,72,ridge,2026-01,10,0.0015321
hype,72,ridge,2026-02,1,-0.0033419
hype,72,ridge,2026-02,2,-0.00312229
hype,72,ridge,2026-02,3,-0.00227209
hype,72,ridge,2026-02,4,-0.00179703
hype,72,ridge,2026-02,5,0.00091246
hype,72,ridge,2026-02,6,-0.0017191
hype,72,ridge,2026-02,7,-0.0026565
hype,72,ridge,2026-02,8,-0.00122925
hype,72,ridge,2026-02,9,0.00088778
hype,72,ridge,2026-02,10,0.01181694
hype,72,ridge,2026-03,1,0.00162036
hype,72,ridge,2026-03,2,-0.00095673
hype,72,ridge,2026-03,3,-0.0013474
hype,72,ridge,2026-03,4,-0.00091697
hype,72,ridge,2026-03,5,-1.574e-05
hype,72,ridge,2026-03,6,0.00124357
hype,72,ridge,2026-03,7,0.00071049
hype,72,ridge,2026-03,8,0.00287112
hype,72,ridge,2026-03,9,0.00284605
hype,72,ridge,2026-03,10,0.00738264
hype,72,ridge,2026-04,1,0.00630965
hype,72,ridge,2026-04,2,0.00295322
hype,72,ridge,2026-04,3,0.0003451
hype,72,ridge,2026-04,4,0.00175822
hype,72,ridge,2026-04,5,0.00089056
hype,72,ridge,2026-04,6,-0.00012359
hype,72,ridge,2026-04,7,-0.00074618
hype,72,ridge,2026-04,8,-5.434e-05
hype,72,ridge,2026-04,9,-0.00138508
hype,72,ridge,2026-04,10,-0.00175767
hype,72,ridge,2026-05,1,0.00719327
hype,72,ridge,2026-05,2,0.00726318
hype,72,ridge,2026-05,3,0.00674598
hype,72,ridge,2026-05,4,0.00628832
hype,72,ridge,2026-05,5,0.00474165
hype,72,ridge,2026-05,6,0.00354048
hype,72,ridge,2026-05,7,0.0040767
hype,72,ridge,2026-05,8,0.00350027
hype,72,ridge,2026-05,9,0.00168833
hype,72,ridge,2026-05,10,0.00053711
hype,72,lightgbm,2025-12,1,-0.00850458
hype,72,lightgbm,2025-12,2,0.00096888
hype,72,lightgbm,2025-12,3,-0.0020969
hype,72,lightgbm,2025-12,4,-0.00124507
hype,72,lightgbm,2025-12,5,0.00016944
hype,72,lightgbm,2025-12,6,-8.942e-05
hype,72,lightgbm,2025-12,7,0.00184401
hype,72,lightgbm,2025-12,8,-0.00095375
hype,72,lightgbm,2025-12,9,-0.00369041
hype,72,lightgbm,2025-12,10,-0.00157711
hype,72,lightgbm,2026-01,1,0.00962824
hype,72,lightgbm,2026-01,2,0.00111942
hype,72,lightgbm,2026-01,3,0.00224454
hype,72,lightgbm,2026-01,4,0.00260792
hype,72,lightgbm,2026-01,5,0.00765452
hype,72,lightgbm,2026-01,6,0.00663391
hype,72,lightgbm,2026-01,7,0.00522325
hype,72,lightgbm,2026-01,8,-0.00104451
hype,72,lightgbm,2026-01,9,-0.00524398
hype,72,lightgbm,2026-01,10,-0.01124557
hype,72,lightgbm,2026-02,1,-0.00116306
hype,72,lightgbm,2026-02,2,
hype,72,lightgbm,2026-02,3,
hype,72,lightgbm,2026-02,4,0.00108094
hype,72,lightgbm,2026-02,5,
hype,72,lightgbm,2026-02,6,-0.00817351
hype,72,lightgbm,2026-02,7,
hype,72,lightgbm,2026-02,8,0.00162332
hype,72,lightgbm,2026-02,9,
hype,72,lightgbm,2026-02,10,-0.01520678
hype,72,lightgbm,2026-03,1,0.00172094
hype,72,lightgbm,2026-03,2,0.00781561
hype,72,lightgbm,2026-03,3,-0.00311522
hype,72,lightgbm,2026-03,4,-0.0006023
hype,72,lightgbm,2026-03,5,0.0045362
hype,72,lightgbm,2026-03,6,0.00242937
hype,72,lightgbm,2026-03,7,0.00829294
hype,72,lightgbm,2026-03,8,0.00105831
hype,72,lightgbm,2026-03,9,-0.00608347
hype,72,lightgbm,2026-03,10,-0.00285506
hype,72,lightgbm,2026-04,1,-0.00031448
hype,72,lightgbm,2026-04,2,
hype,72,lightgbm,2026-04,3,
hype,72,lightgbm,2026-04,4,0.00141519
hype,72,lightgbm,2026-04,5,
hype,72,lightgbm,2026-04,6,-0.02098429
hype,72,lightgbm,2026-04,7,
hype,72,lightgbm,2026-04,8,0.00099319
hype,72,lightgbm,2026-04,9,
hype,72,lightgbm,2026-04,10,-0.00167938
hype,72,lightgbm,2026-05,1,-0.00307863
hype,72,lightgbm,2026-05,2,0.00582833
hype,72,lightgbm,2026-05,3,
hype,72,lightgbm,2026-05,4,-0.00052673
hype,72,lightgbm,2026-05,5,
hype,72,lightgbm,2026-05,6,0.00301507
hype,72,lightgbm,2026-05,7,-0.00073796
hype,72,lightgbm,2026-05,8,0.00406813
hype,72,lightgbm,2026-05,9,0.01728571
hype,72,lightgbm,2026-05,10,0.0098435
trx,4,momentum,2025-12,1,8.608e-05
trx,4,momentum,2025-12,2,8.754e-05
trx,4,momentum,2025-12,3,-4.262e-05
trx,4,momentum,2025-12,4,3.108e-05
trx,4,momentum,2025-12,5,1.171e-05
trx,4,momentum,2025-12,6,-1.99e-06
trx,4,momentum,2025-12,7,-4.479e-05
trx,4,momentum,2025-12,8,1.764e-05
trx,4,momentum,2025-12,9,-6.12e-06
trx,4,momentum,2025-12,10,-6.539e-05
trx,4,momentum,2026-01,1,-0.00027973
trx,4,momentum,2026-01,2,-2.786e-05
trx,4,momentum,2026-01,3,3.393e-05
trx,4,momentum,2026-01,4,4.582e-05
trx,4,momentum,2026-01,5,4.072e-05
trx,4,momentum,2026-01,6,3.365e-05
trx,4,momentum,2026-01,7,2.19e-06
trx,4,momentum,2026-01,8,8.74e-05
trx,4,momentum,2026-01,9,5.521e-05
trx,4,momentum,2026-01,10,3.955e-05
trx,4,momentum,2026-02,1,6.29e-06
trx,4,momentum,2026-02,2,1.828e-05
trx,4,momentum,2026-02,3,-1.167e-05
trx,4,momentum,2026-02,4,9.61e-06
trx,4,momentum,2026-02,5,-3.185e-05
trx,4,momentum,2026-02,6,-8.54e-06
trx,4,momentum,2026-02,7,-5.657e-05
trx,4,momentum,2026-02,8,-3.648e-05
trx,4,momentum,2026-02,9,3.408e-05
trx,4,momentum,2026-02,10,-3.29e-06
trx,4,momentum,2026-03,1,-0.00019594
trx,4,momentum,2026-03,2,7.641e-05
trx,4,momentum,2026-03,3,8.417e-05
trx,4,momentum,2026-03,4,0.00015618
trx,4,momentum,2026-03,5,0.0001073
trx,4,momentum,2026-03,6,1.409e-05
trx,4,momentum,2026-03,7,0.00016917
trx,4,momentum,2026-03,8,6.131e-05
trx,4,momentum,2026-03,9,8.105e-05
trx,4,momentum,2026-03,10,-7.581e-05
trx,4,momentum,2026-04,1,2.898e-05
trx,4,momentum,2026-04,2,0.00011815
trx,4,momentum,2026-04,3,1.24e-05
trx,4,momentum,2026-04,4,3.14e-05
trx,4,momentum,2026-04,5,5.16e-06
trx,4,momentum,2026-04,6,-1.63e-06
trx,4,momentum,2026-04,7,1.196e-05
trx,4,momentum,2026-04,8,1.198e-05
trx,4,momentum,2026-04,9,-3.786e-05
trx,4,momentum,2026-04,10,1.525e-05
trx,4,momentum,2026-05,1,-0.0002593
trx,4,momentum,2026-05,2,2.504e-05
trx,4,momentum,2026-05,3,-4.56e-06
trx,4,momentum,2026-05,4,7.806e-05
trx,4,momentum,2026-05,5,-5.203e-05
trx,4,momentum,2026-05,6,7.543e-05
trx,4,momentum,2026-05,7,5.878e-05
trx,4,momentum,2026-05,8,2.576e-05
trx,4,momentum,2026-05,9,6.596e-05
trx,4,momentum,2026-05,10,0.00030835
trx,4,best_feature,2025-12,1,7.515e-05
trx,4,best_feature,2025-12,2,-5.54e-05
trx,4,best_feature,2025-12,3,-7.87e-06
trx,4,best_feature,2025-12,4,-1.512e-05
trx,4,best_feature,2025-12,5,6.569e-05
trx,4,best_feature,2025-12,6,2.984e-05
trx,4,best_feature,2025-12,7,7.575e-05
trx,4,best_feature,2025-12,8,-3.705e-05
trx,4,best_feature,2025-12,9,-1.63e-06
trx,4,best_feature,2025-12,10,-5.62e-05
trx,4,best_feature,2026-01,1,-8.164e-05
trx,4,best_feature,2026-01,2,-9.4e-07
trx,4,best_feature,2026-01,3,0.00010579
trx,4,best_feature,2026-01,4,-5.09e-06
trx,4,best_feature,2026-01,5,0.00014959
trx,4,best_feature,2026-01,6,7.793e-05
trx,4,best_feature,2026-01,7,2.995e-05
trx,4,best_feature,2026-01,8,-2.752e-05
trx,4,best_feature,2026-01,9,-0.00021798
trx,4,best_feature,2026-01,10,1.09e-06
trx,4,best_feature,2026-02,1,-0.00015858
trx,4,best_feature,2026-02,2,1.725e-05
trx,4,best_feature,2026-02,3,-4.987e-05
trx,4,best_feature,2026-02,4,-6.02e-06
trx,4,best_feature,2026-02,5,8.917e-05
trx,4,best_feature,2026-02,6,-7.984e-05
trx,4,best_feature,2026-02,7,2.805e-05
trx,4,best_feature,2026-02,8,5.188e-05
trx,4,best_feature,2026-02,9,-3e-07
trx,4,best_feature,2026-02,10,2.797e-05
trx,4,best_feature,2026-03,1,4.861e-05
trx,4,best_feature,2026-03,2,-2.835e-05
trx,4,best_feature,2026-03,3,-1.643e-05
trx,4,best_feature,2026-03,4,1.99e-05
trx,4,best_feature,2026-03,5,0.00018971
trx,4,best_feature,2026-03,6,0.00017059
trx,4,best_feature,2026-03,7,-5.676e-05
trx,4,best_feature,2026-03,8,3.804e-05
trx,4,best_feature,2026-03,9,0.00010918
trx,4,best_feature,2026-03,10,3.88e-06
trx,4,best_feature,2026-04,1,3.442e-05
trx,4,best_feature,2026-04,2,-2.389e-05
trx,4,best_feature,2026-04,3,9.445e-05
trx,4,best_feature,2026-04,4,5.83e-06
trx,4,best_feature,2026-04,5,-1.311e-05
trx,4,best_feature,2026-04,6,2.263e-05
trx,4,best_feature,2026-04,7,-5.07e-06
trx,4,best_feature,2026-04,8,-9.6e-06
trx,4,best_feature,2026-04,9,2.451e-05
trx,4,best_feature,2026-04,10,6.561e-05
trx,4,best_feature,2026-05,1,0.00013798
trx,4,best_feature,2026-05,2,-2.077e-05
trx,4,best_feature,2026-05,3,-9.043e-05
trx,4,best_feature,2026-05,4,-6.997e-05
trx,4,best_feature,2026-05,5,0.00010635
trx,4,best_feature,2026-05,6,5.204e-05
trx,4,best_feature,2026-05,7,-1.615e-05
trx,4,best_feature,2026-05,8,4.705e-05
trx,4,best_feature,2026-05,9,8.017e-05
trx,4,best_feature,2026-05,10,9.534e-05
trx,4,ridge,2025-12,1,-6.616e-05
trx,4,ridge,2025-12,2,-3.526e-05
trx,4,ridge,2025-12,3,3.674e-05
trx,4,ridge,2025-12,4,8.523e-05
trx,4,ridge,2025-12,5,7.655e-05
trx,4,ridge,2025-12,6,-1.549e-05
trx,4,ridge,2025-12,7,-4.711e-05
trx,4,ridge,2025-12,8,-2.337e-05
trx,4,ridge,2025-12,9,-3.273e-05
trx,4,ridge,2025-12,10,9.455e-05
trx,4,ridge,2026-01,1,-3.669e-05
trx,4,ridge,2026-01,2,-6.218e-05
trx,4,ridge,2026-01,3,4.542e-05
trx,4,ridge,2026-01,4,9.5e-07
trx,4,ridge,2026-01,5,4.699e-05
trx,4,ridge,2026-01,6,2.287e-05
trx,4,ridge,2026-01,7,5.568e-05
trx,4,ridge,2026-01,8,2.596e-05
trx,4,ridge,2026-01,9,-7.943e-05
trx,4,ridge,2026-01,10,1.159e-05
trx,4,ridge,2026-02,1,-0.00013897
trx,4,ridge,2026-02,2,-7.52e-06
trx,4,ridge,2026-02,3,-8.19e-06
trx,4,ridge,2026-02,4,3.896e-05
trx,4,ridge,2026-02,5,2.23e-06
trx,4,ridge,2026-02,6,3.898e-05
trx,4,ridge,2026-02,7,4.462e-05
trx,4,ridge,2026-02,8,-6.2e-07
trx,4,ridge,2026-02,9,-7.611e-05
trx,4,ridge,2026-02,10,2.645e-05
trx,4,ridge,2026-03,1,9.315e-05
trx,4,ridge,2026-03,2,0.00012234
trx,4,ridge,2026-03,3,3.83e-05
trx,4,ridge,2026-03,4,0.00013854
trx,4,ridge,2026-03,5,8.891e-05
trx,4,ridge,2026-03,6,0.00020897
trx,4,ridge,2026-03,7,3.84e-05
trx,4,ridge,2026-03,8,-1.378e-05
trx,4,ridge,2026-03,9,-0.00013006
trx,4,ridge,2026-03,10,-0.00010631
trx,4,ridge,2026-04,1,9.53e-05
trx,4,ridge,2026-04,2,5.689e-05
trx,4,ridge,2026-04,3,5.37e-06
trx,4,ridge,2026-04,4,-9.4e-07
trx,4,ridge,2026-04,5,-3.612e-05
trx,4,ridge,2026-04,6,2.132e-05
trx,4,ridge,2026-04,7,2.908e-05
trx,4,ridge,2026-04,8,1.884e-05
trx,4,ridge,2026-04,9,8.795e-05
trx,4,ridge,2026-04,10,-8.19e-05
trx,4,ridge,2026-05,1,2.081e-05
trx,4,ridge,2026-05,2,0.00018682
trx,4,ridge,2026-05,3,-4.945e-05
trx,4,ridge,2026-05,4,-2.043e-05
trx,4,ridge,2026-05,5,-2.845e-05
trx,4,ridge,2026-05,6,-4.19e-06
trx,4,ridge,2026-05,7,3.158e-05
trx,4,ridge,2026-05,8,6.449e-05
trx,4,ridge,2026-05,9,2.603e-05
trx,4,ridge,2026-05,10,9.449e-05
trx,4,lightgbm,2025-12,1,2.893e-05
trx,4,lightgbm,2025-12,2,3.701e-05
trx,4,lightgbm,2025-12,3,-3.353e-05
trx,4,lightgbm,2025-12,4,-3.3e-05
trx,4,lightgbm,2025-12,5,-8.133e-05
trx,4,lightgbm,2025-12,6,-2.321e-05
trx,4,lightgbm,2025-12,7,-3.349e-05
trx,4,lightgbm,2025-12,8,-9.99e-06
trx,4,lightgbm,2025-12,9,5.722e-05
trx,4,lightgbm,2025-12,10,0.00016443
trx,4,lightgbm,2026-01,1,-7.773e-05
trx,4,lightgbm,2026-01,2,2.939e-05
trx,4,lightgbm,2026-01,3,1.444e-05
trx,4,lightgbm,2026-01,4,2.061e-05
trx,4,lightgbm,2026-01,5,1.152e-05
trx,4,lightgbm,2026-01,6,-7.14e-05
trx,4,lightgbm,2026-01,7,-0.00014456
trx,4,lightgbm,2026-01,8,-1.166e-05
trx,4,lightgbm,2026-01,9,0.00010592
trx,4,lightgbm,2026-01,10,0.00015294
trx,4,lightgbm,2026-02,1,-0.00011608
trx,4,lightgbm,2026-02,2,-4.237e-05
trx,4,lightgbm,2026-02,3,-2.217e-05
trx,4,lightgbm,2026-02,4,-3.239e-05
trx,4,lightgbm,2026-02,5,4.741e-05
trx,4,lightgbm,2026-02,6,4.334e-05
trx,4,lightgbm,2026-02,7,1.998e-05
trx,4,lightgbm,2026-02,8,2.115e-05
trx,4,lightgbm,2026-02,9,1.333e-05
trx,4,lightgbm,2026-02,10,-1.239e-05
trx,4,lightgbm,2026-03,1,0.00016259
trx,4,lightgbm,2026-03,2,-2.525e-05
trx,4,lightgbm,2026-03,3,4.668e-05
trx,4,lightgbm,2026-03,4,0.00013052
trx,4,lightgbm,2026-03,5,1.395e-05
trx,4,lightgbm,2026-03,6,9.024e-05
trx,4,lightgbm,2026-03,7,-5.491e-05
trx,4,lightgbm,2026-03,8,4.495e-05
trx,4,lightgbm,2026-03,9,-5.919e-05
trx,4,lightgbm,2026-03,10,0.00011725
trx,4,lightgbm,2026-04,1,-6.183e-05
trx,4,lightgbm,2026-04,2,2.61e-06
trx,4,lightgbm,2026-04,3,-1.23e-06
trx,4,lightgbm,2026-04,4,1.516e-05
trx,4,lightgbm,2026-04,5,0.00019295
trx,4,lightgbm,2026-04,6,3.585e-05
trx,4,lightgbm,2026-04,7,-2.786e-05
trx,4,lightgbm,2026-04,8,4.302e-05
trx,4,lightgbm,2026-04,9,2.481e-05
trx,4,lightgbm,2026-04,10,-2.385e-05
trx,4,lightgbm,2026-05,1,-3.689e-05
trx,4,lightgbm,2026-05,2,3.149e-05
trx,4,lightgbm,2026-05,3,-5.549e-05
trx,4,lightgbm,2026-05,4,0.0001294
trx,4,lightgbm,2026-05,5,6.7e-06
trx,4,lightgbm,2026-05,6,4.433e-05
trx,4,lightgbm,2026-05,7,-1.478e-05
trx,4,lightgbm,2026-05,8,7.809e-05
trx,4,lightgbm,2026-05,9,0.00011963
trx,4,lightgbm,2026-05,10,1.925e-05
trx,12,momentum,2025-12,1,9.417e-05
trx,12,momentum,2025-12,2,0.00020074
trx,12,momentum,2025-12,3,0.00010087
trx,12,momentum,2025-12,4,9.589e-05
trx,12,momentum,2025-12,5,-0.00014622
trx,12,momentum,2025-12,6,-0.00011487
trx,12,momentum,2025-12,7,-0.00012947
trx,12,momentum,2025-12,8,2.27e-06
trx,12,momentum,2025-12,9,-3.478e-05
trx,12,momentum,2025-12,10,0.00019672
trx,12,momentum,2026-01,1,-4.046e-05
trx,12,momentum,2026-01,2,0.00012999
trx,12,momentum,2026-01,3,0.0002208
trx,12,momentum,2026-01,4,2.427e-05
trx,12,momentum,2026-01,5,-2.271e-05
trx,12,momentum,2026-01,6,2.911e-05
trx,12,momentum,2026-01,7,9.032e-05
trx,12,momentum,2026-01,8,6.57e-05
trx,12,momentum,2026-01,9,-0.00011295
trx,12,momentum,2026-01,10,-0.00027941
trx,12,momentum,2026-02,1,0.00028651
trx,12,momentum,2026-02,2,-8.4e-05
trx,12,momentum,2026-02,3,5.162e-05
trx,12,momentum,2026-02,4,1.111e-05
trx,12,momentum,2026-02,5,5.12e-06
trx,12,momentum,2026-02,6,-4.002e-05
trx,12,momentum,2026-02,7,-9.9e-05
trx,12,momentum,2026-02,8,-0.0002461
trx,12,momentum,2026-02,9,-0.00015454
trx,12,momentum,2026-02,10,2.728e-05
trx,12,momentum,2026-03,1,-0.00021112
trx,12,momentum,2026-03,2,0.00045699
trx,12,momentum,2026-03,3,0.00024699
trx,12,momentum,2026-03,4,0.00016137
trx,12,momentum,2026-03,5,0.00016805
trx,12,momentum,2026-03,6,0.00033463
trx,12,momentum,2026-03,7,0.0001915
trx,12,momentum,2026-03,8,0.0002427
trx,12,momentum,2026-03,9,0.00019807
trx,12,momentum,2026-03,10,-0.00034334
trx,12,momentum,2026-04,1,6.904e-05
trx,12,momentum,2026-04,2,6.623e-05
trx,12,momentum,2026-04,3,7.29e-05
trx,12,momentum,2026-04,4,4.574e-05
trx,12,momentum,2026-04,5,-6.062e-05
trx,12,momentum,2026-04,6,-3.594e-05
trx,12,momentum,2026-04,7,-3.227e-05
trx,12,momentum,2026-04,8,0.00011404
trx,12,momentum,2026-04,9,0.00027311
trx,12,momentum,2026-04,10,6.921e-05
trx,12,momentum,2026-05,1,8.449e-05
trx,12,momentum,2026-05,2,7.147e-05
trx,12,momentum,2026-05,3,0.00016983
trx,12,momentum,2026-05,4,8.018e-05
trx,12,momentum,2026-05,5,8.89e-06
trx,12,momentum,2026-05,6,0.00018852
trx,12,momentum,2026-05,7,0.00024361
trx,12,momentum,2026-05,8,0.00022115
trx,12,momentum,2026-05,9,0.0001111
trx,12,momentum,2026-05,10,-0.0002247
trx,12,best_feature,2025-12,1,-0.00018521
trx,12,best_feature,2025-12,2,0.00032625
trx,12,best_feature,2025-12,3,0.0002667
trx,12,best_feature,2025-12,4,-8.241e-05
trx,12,best_feature,2025-12,5,0.00018155
trx,12,best_feature,2025-12,6,0.00020259
trx,12,best_feature,2025-12,7,2.7e-06
trx,12,best_feature,2025-12,8,-8.027e-05
trx,12,best_feature,2025-12,9,-0.00016886
trx,12,best_feature,2025-12,10,-0.00019766
trx,12,best_feature,2026-01,1,-0.00023873
trx,12,best_feature,2026-01,2,0.00016664
trx,12,best_feature,2026-01,3,-9.37e-06
trx,12,best_feature,2026-01,4,-8.614e-05
trx,12,best_feature,2026-01,5,-2.491e-05
trx,12,best_feature,2026-01,6,7.302e-05
trx,12,best_feature,2026-01,7,3.066e-05
trx,12,best_feature,2026-01,8,3.226e-05
trx,12,best_feature,2026-01,9,7.837e-05
trx,12,best_feature,2026-01,10,8.272e-05
trx,12,best_feature,2026-02,1,5.653e-05
trx,12,best_feature,2026-02,2,3.96e-06
trx,12,best_feature,2026-02,3,-3.706e-05
trx,12,best_feature,2026-02,4,1.693e-05
trx,12,best_feature,2026-02,5,-2.715e-05
trx,12,best_feature,2026-02,6,-8.464e-05
trx,12,best_feature,2026-02,7,-8.687e-05
trx,12,best_feature,2026-02,8,-6.82e-05
trx,12,best_feature,2026-02,9,-0.00015166
trx,12,best_feature,2026-02,10,0.00013593
trx,12,best_feature,2026-03,1,8.503e-05
trx,12,best_feature,2026-03,2,0.00041401
trx,12,best_feature,2026-03,3,0.00033103
trx,12,best_feature,2026-03,4,0.00030035
trx,12,best_feature,2026-03,5,0.00034366
trx,12,best_feature,2026-03,6,0.00042566
trx,12,best_feature,2026-03,7,-1.317e-05
trx,12,best_feature,2026-03,8,-6.224e-05
trx,12,best_feature,2026-03,9,-9.542e-05
trx,12,best_feature,2026-03,10,-0.00028265
trx,12,best_feature,2026-04,1,-6.583e-05
trx,12,best_feature,2026-04,2,0.00020858
trx,12,best_feature,2026-04,3,4.11e-05
trx,12,best_feature,2026-04,4,3.852e-05
trx,12,best_feature,2026-04,5,2.764e-05
trx,12,best_feature,2026-04,6,0.0001281
trx,12,best_feature,2026-04,7,0.00012252
trx,12,best_feature,2026-04,8,0.0001859
trx,12,best_feature,2026-04,9,2.53e-06
trx,12,best_feature,2026-04,10,-0.00010762
trx,12,best_feature,2026-05,1,0.00012666
trx,12,best_feature,2026-05,2,-0.00016009
trx,12,best_feature,2026-05,3,-3.817e-05
trx,12,best_feature,2026-05,4,-5.985e-05
trx,12,best_feature,2026-05,5,0.00023549
trx,12,best_feature,2026-05,6,0.00024003
trx,12,best_feature,2026-05,7,0.00010174
trx,12,best_feature,2026-05,8,0.00011555
trx,12,best_feature,2026-05,9,0.00034037
trx,12,best_feature,2026-05,10,5.256e-05
trx,12,ridge,2025-12,1,-0.00015985
trx,12,ridge,2025-12,2,-0.00011343
trx,12,ridge,2025-12,3,0.00012745
trx,12,ridge,2025-12,4,0.00013035
trx,12,ridge,2025-12,5,0.00019797
trx,12,ridge,2025-12,6,-1.404e-05
trx,12,ridge,2025-12,7,-0.00014741
trx,12,ridge,2025-12,8,-9.845e-05
trx,12,ridge,2025-12,9,-3.13e-05
trx,12,ridge,2025-12,10,0.00037388
trx,12,ridge,2026-01,1,-5.229e-05
trx,12,ridge,2026-01,2,-9.93e-05
trx,12,ridge,2026-01,3,1.733e-05
trx,12,ridge,2026-01,4,0.00011636
trx,12,ridge,2026-01,5,0.00015621
trx,12,ridge,2026-01,6,0.00022677
trx,12,ridge,2026-01,7,0.00026863
trx,12,ridge,2026-01,8,-0.00013972
trx,12,ridge,2026-01,9,-0.00028688
trx,12,ridge,2026-01,10,-0.00010221
trx,12,ridge,2026-02,1,-0.00030727
trx,12,ridge,2026-02,2,-5.587e-05
trx,12,ridge,2026-02,3,-0.00019514
trx,12,ridge,2026-02,4,6.435e-05
trx,12,ridge,2026-02,5,5.855e-05
trx,12,ridge,2026-02,6,7.063e-05
trx,12,ridge,2026-02,7,8.26e-05
trx,12,ridge,2026-02,8,0.00010981
trx,12,ridge,2026-02,9,-0.00014511
trx,12,ridge,2026-02,10,7.515e-05
trx,12,ridge,2026-03,1,7.842e-05
trx,12,ridge,2026-03,2,0.00031586
trx,12,ridge,2026-03,3,0.00035759
trx,12,ridge,2026-03,4,0.00033873
trx,12,ridge,2026-03,5,0.00043209
trx,12,ridge,2026-03,6,0.00027953
trx,12,ridge,2026-03,7,0.00016157
trx,12,ridge,2026-03,8,-6.027e-05
trx,12,ridge,2026-03,9,-0.00016344
trx,12,ridge,2026-03,10,-0.00029397
trx,12,ridge,2026-04,1,3.134e-05
trx,12,ridge,2026-04,2,0.00011587
trx,12,ridge,2026-04,3,8.025e-05
trx,12,ridge,2026-04,4,4.767e-05
trx,12,ridge,2026-04,5,-1.683e-05
trx,12,ridge,2026-04,6,3.374e-05
trx,12,ridge,2026-04,7,9.833e-05
trx,12,ridge,2026-04,8,7.779e-05
trx,12,ridge,2026-04,9,6.857e-05
trx,12,ridge,2026-04,10,4.471e-05
trx,12,ridge,2026-05,1,0.000107
trx,12,ridge,2026-05,2,6.32e-05
trx,12,ridge,2026-05,3,5.831e-05
trx,12,ridge,2026-05,4,0.00014178
trx,12,ridge,2026-05,5,0.00017206
trx,12,ridge,2026-05,6,-2.899e-05
trx,12,ridge,2026-05,7,0.00019483
trx,12,ridge,2026-05,8,7.207e-05
trx,12,ridge,2026-05,9,6.087e-05
trx,12,ridge,2026-05,10,0.00011289
trx,12,lightgbm,2025-12,1,0.0002789
trx,12,lightgbm,2025-12,2,3.405e-05
trx,12,lightgbm,2025-12,3,0.00028933
trx,12,lightgbm,2025-12,4,4.279e-05
trx,12,lightgbm,2025-12,5,-0.00015876
trx,12,lightgbm,2025-12,6,-0.00027844
trx,12,lightgbm,2025-12,7,-0.00027239
trx,12,lightgbm,2025-12,8,0.00011386
trx,12,lightgbm,2025-12,9,8.556e-05
trx,12,lightgbm,2025-12,10,0.00013047
trx,12,lightgbm,2026-01,1,-8.514e-05
trx,12,lightgbm,2026-01,2,-3.38e-06
trx,12,lightgbm,2026-01,3,0.00035368
trx,12,lightgbm,2026-01,4,
trx,12,lightgbm,2026-01,5,9.545e-05
trx,12,lightgbm,2026-01,6,
trx,12,lightgbm,2026-01,7,-0.00034675
trx,12,lightgbm,2026-01,8,-0.00087828
trx,12,lightgbm,2026-01,9,-0.00014204
trx,12,lightgbm,2026-01,10,0.0008972
trx,12,lightgbm,2026-02,1,0.0001621
trx,12,lightgbm,2026-02,2,9.41e-05
trx,12,lightgbm,2026-02,3,-0.00017813
trx,12,lightgbm,2026-02,4,-0.00080958
trx,12,lightgbm,2026-02,5,3.34e-06
trx,12,lightgbm,2026-02,6,0.00056368
trx,12,lightgbm,2026-02,7,2.191e-05
trx,12,lightgbm,2026-02,8,
trx,12,lightgbm,2026-02,9,-0.0003638
trx,12,lightgbm,2026-02,10,-0.00043287
trx,12,lightgbm,2026-03,1,6.287e-05
trx,12,lightgbm,2026-03,2,0.00041266
trx,12,lightgbm,2026-03,3,0.0002961
trx,12,lightgbm,2026-03,4,8.753e-05
trx,12,lightgbm,2026-03,5,0.0001032
trx,12,lightgbm,2026-03,6,-0.00034719
trx,12,lightgbm,2026-03,7,0.00026759
trx,12,lightgbm,2026-03,8,
trx,12,lightgbm,2026-03,9,0.0001966
trx,12,lightgbm,2026-03,10,-0.00034769
trx,12,lightgbm,2026-04,1,0.00043061
trx,12,lightgbm,2026-04,2,6.43e-06
trx,12,lightgbm,2026-04,3,-0.00022866
trx,12,lightgbm,2026-04,4,-8.104e-05
trx,12,lightgbm,2026-04,5,0.00018359
trx,12,lightgbm,2026-04,6,0.00016416
trx,12,lightgbm,2026-04,7,4.988e-05
trx,12,lightgbm,2026-04,8,-8.34e-06
trx,12,lightgbm,2026-04,9,4.448e-05
trx,12,lightgbm,2026-04,10,-7.2e-07
trx,12,lightgbm,2026-05,1,9.84e-05
trx,12,lightgbm,2026-05,2,-0.00029109
trx,12,lightgbm,2026-05,3,8.757e-05
trx,12,lightgbm,2026-05,4,-2.552e-05
trx,12,lightgbm,2026-05,5,9.327e-05
trx,12,lightgbm,2026-05,6,-0.00065453
trx,12,lightgbm,2026-05,7,0.00036332
trx,12,lightgbm,2026-05,8,
trx,12,lightgbm,2026-05,9,0.00022107
trx,12,lightgbm,2026-05,10,1.87e-05
trx,36,momentum,2025-12,1,0.00086406
trx,36,momentum,2025-12,2,0.00048911
trx,36,momentum,2025-12,3,0.00059606
trx,36,momentum,2025-12,4,0.00024797
trx,36,momentum,2025-12,5,-0.0003016
trx,36,momentum,2025-12,6,-3.451e-05
trx,36,momentum,2025-12,7,-0.00025
trx,36,momentum,2025-12,8,-0.00029761
trx,36,momentum,2025-12,9,-0.00046723
trx,36,momentum,2025-12,10,9.6e-07
trx,36,momentum,2026-01,1,0.00023649
trx,36,momentum,2026-01,2,0.00062518
trx,36,momentum,2026-01,3,0.00065942
trx,36,momentum,2026-01,4,0.00018108
trx,36,momentum,2026-01,5,0.00016316
trx,36,momentum,2026-01,6,-0.00053369
trx,36,momentum,2026-01,7,-5.788e-05
trx,36,momentum,2026-01,8,8.814e-05
trx,36,momentum,2026-01,9,0.000552
trx,36,momentum,2026-01,10,-0.00162071
trx,36,momentum,2026-02,1,-0.00092449
trx,36,momentum,2026-02,2,0.00027741
trx,36,momentum,2026-02,3,0.00018948
trx,36,momentum,2026-02,4,-0.00013167
trx,36,momentum,2026-02,5,-7.953e-05
trx,36,momentum,2026-02,6,-0.00073403
trx,36,momentum,2026-02,7,-0.00036063
trx,36,momentum,2026-02,8,-0.00011923
trx,36,momentum,2026-02,9,0.00046368
trx,36,momentum,2026-02,10,0.00077965
trx,36,momentum,2026-03,1,-0.00052594
trx,36,momentum,2026-03,2,0.00013083
trx,36,momentum,2026-03,3,0.00033333
trx,36,momentum,2026-03,4,0.00022268
trx,36,momentum,2026-03,5,0.00084742
trx,36,momentum,2026-03,6,0.00084098
trx,36,momentum,2026-03,7,0.00072726
trx,36,momentum,2026-03,8,0.00058139
trx,36,momentum,2026-03,9,0.00060591
trx,36,momentum,2026-03,10,0.0005792
trx,36,momentum,2026-04,1,0.00063834
trx,36,momentum,2026-04,2,0.0003097
trx,36,momentum,2026-04,3,0.00021195
trx,36,momentum,2026-04,4,0.0001357
trx,36,momentum,2026-04,5,3.081e-05
trx,36,momentum,2026-04,6,-1.578e-05
trx,36,momentum,2026-04,7,0.00016431
trx,36,momentum,2026-04,8,0.00033279
trx,36,momentum,2026-04,9,0.00025562
trx,36,momentum,2026-04,10,-0.00045727
trx,36,momentum,2026-05,1,1.286e-05
trx,36,momentum,2026-05,2,0.00041791
trx,36,momentum,2026-05,3,0.00100836
trx,36,momentum,2026-05,4,0.00059779
trx,36,momentum,2026-05,5,0.00067468
trx,36,momentum,2026-05,6,0.00019416
trx,36,momentum,2026-05,7,5.583e-05
trx,36,momentum,2026-05,8,0.00011396
trx,36,momentum,2026-05,9,0.00050193
trx,36,momentum,2026-05,10,-0.00068009
trx,36,best_feature,2025-12,1,-0.00023842
trx,36,best_feature,2025-12,2,0.00143791
trx,36,best_feature,2025-12,3,0.00084346
trx,36,best_feature,2025-12,4,5.645e-05
trx,36,best_feature,2025-12,5,0.00018596
trx,36,best_feature,2025-12,6,0.00035093
trx,36,best_feature,2025-12,7,-0.00018629
trx,36,best_feature,2025-12,8,-3.586e-05
trx,36,best_feature,2025-12,9,-0.00052569
trx,36,best_feature,2025-12,10,-0.00104204
trx,36,best_feature,2026-01,1,-0.00040042
trx,36,best_feature,2026-01,2,0.00025494
trx,36,best_feature,2026-01,3,-0.00020557
trx,36,best_feature,2026-01,4,2.836e-05
trx,36,best_feature,2026-01,5,-0.00057424
trx,36,best_feature,2026-01,6,7.292e-05
trx,36,best_feature,2026-01,7,0.00065501
trx,36,best_feature,2026-01,8,0.00037376
trx,36,best_feature,2026-01,9,-0.00012421
trx,36,best_feature,2026-01,10,0.00021262
trx,36,best_feature,2026-02,1,0.00014913
trx,36,best_feature,2026-02,2,-5.122e-05
trx,36,best_feature,2026-02,3,-0.00024354
trx,36,best_feature,2026-02,4,4.921e-05
trx,36,best_feature,2026-02,5,-0.00020575
trx,36,best_feature,2026-02,6,-0.00020332
trx,36,best_feature,2026-02,7,-0.00025164
trx,36,best_feature,2026-02,8,-5.84e-06
trx,36,best_feature,2026-02,9,-7.788e-05
trx,36,best_feature,2026-02,10,0.00020277
trx,36,best_feature,2026-03,1,0.00017933
trx,36,best_feature,2026-03,2,0.0010686
trx,36,best_feature,2026-03,3,0.00083354
trx,36,best_feature,2026-03,4,0.00088105
trx,36,best_feature,2026-03,5,0.00068335
trx,36,best_feature,2026-03,6,0.00098611
trx,36,best_feature,2026-03,7,0.0002616
trx,36,best_feature,2026-03,8,5.578e-05
trx,36,best_feature,2026-03,9,-0.00025888
trx,36,best_feature,2026-03,10,-0.00034646
trx,36,best_feature,2026-04,1,-0.00016239
trx,36,best_feature,2026-04,2,0.00026849
trx,36,best_feature,2026-04,3,0.00021979
trx,36,best_feature,2026-04,4,0.00021053
trx,36,best_feature,2026-04,5,0.00023057
trx,36,best_feature,2026-04,6,0.00020411
trx,36,best_feature,2026-04,7,0.00015234
trx,36,best_feature,2026-04,8,0.00042768
trx,36,best_feature,2026-04,9,5.763e-05
trx,36,best_feature,2026-04,10,-2.58e-06
trx,36,best_feature,2026-05,1,0.00054095
trx,36,best_feature,2026-05,2,-0.00015802
trx,36,best_feature,2026-05,3,-0.00013327
trx,36,best_feature,2026-05,4,6.577e-05
trx,36,best_feature,2026-05,5,0.00012691
trx,36,best_feature,2026-05,6,0.00069382
trx,36,best_feature,2026-05,7,0.0003807
trx,36,best_feature,2026-05,8,0.00036474
trx,36,best_feature,2026-05,9,0.00069306
trx,36,best_feature,2026-05,10,0.00032222
trx,36,ridge,2025-12,1,-0.00019518
trx,36,ridge,2025-12,2,0.00064257
trx,36,ridge,2025-12,3,0.00061142
trx,36,ridge,2025-12,4,0.00054317
trx,36,ridge,2025-12,5,0.00022921
trx,36,ridge,2025-12,6,0.00031617
trx,36,ridge,2025-12,7,-0.00014505
trx,36,ridge,2025-12,8,-0.00048499
trx,36,ridge,2025-12,9,-0.00066405
trx,36,ridge,2025-12,10,-6.83e-06
trx,36,ridge,2026-01,1,-0.0004084
trx,36,ridge,2026-01,2,-0.00010812
trx,36,ridge,2026-01,3,0.00020685
trx,36,ridge,2026-01,4,0.00021684
trx,36,ridge,2026-01,5,0.00066287
trx,36,ridge,2026-01,6,0.00022909
trx,36,ridge,2026-01,7,0.00041729
trx,36,ridge,2026-01,8,-0.00065054
trx,36,ridge,2026-01,9,-0.00035085
trx,36,ridge,2026-01,10,7.828e-05
trx,36,ridge,2026-02,1,-0.00013692
trx,36,ridge,2026-02,2,-0.00023915
trx,36,ridge,2026-02,3,-0.00036151
trx,36,ridge,2026-02,4,-0.00010985
trx,36,ridge,2026-02,5,2.632e-05
trx,36,ridge,2026-02,6,0.00017635
trx,36,ridge,2026-02,7,-2.96e-05
trx,36,ridge,2026-02,8,-9.883e-05
trx,36,ridge,2026-02,9,-0.0003353
trx,36,ridge,2026-02,10,0.00047004
trx,36,ridge,2026-03,1,-0.00020864
trx,36,ridge,2026-03,2,0.00053543
trx,36,ridge,2026-03,3,0.00066154
trx,36,ridge,2026-03,4,0.00096499
trx,36,ridge,2026-03,5,0.00110501
trx,36,ridge,2026-03,6,0.00084972
trx,36,ridge,2026-03,7,0.00077916
trx,36,ridge,2026-03,8,8.639e-05
trx,36,ridge,2026-03,9,0.00018198
trx,36,ridge,2026-03,10,-0.00061215
trx,36,ridge,2026-04,1,0.0003426
trx,36,ridge,2026-04,2,0.00027703
trx,36,ridge,2026-04,3,0.00045027
trx,36,ridge,2026-04,4,0.00032939
trx,36,ridge,2026-04,5,0.00024158
trx,36,ridge,2026-04,6,-0.00014117
trx,36,ridge,2026-04,7,-3.059e-05
trx,36,ridge,2026-04,8,-0.00034716
trx,36,ridge,2026-04,9,7.67e-05
trx,36,ridge,2026-04,10,0.00040752
trx,36,ridge,2026-05,1,0.00037855
trx,36,ridge,2026-05,2,0.00011922
trx,36,ridge,2026-05,3,-0.00034387
trx,36,ridge,2026-05,4,0.00018222
trx,36,ridge,2026-05,5,0.00011017
trx,36,ridge,2026-05,6,0.00027321
trx,36,ridge,2026-05,7,0.00027749
trx,36,ridge,2026-05,8,0.00059772
trx,36,ridge,2026-05,9,0.00062023
trx,36,ridge,2026-05,10,0.00068158
trx,36,lightgbm,2025-12,1,0.00096805
trx,36,lightgbm,2025-12,2,0.0012168
trx,36,lightgbm,2025-12,3,0.00081894
trx,36,lightgbm,2025-12,4,0.00040146
trx,36,lightgbm,2025-12,5,5.98e-05
trx,36,lightgbm,2025-12,6,-0.00049267
trx,36,lightgbm,2025-12,7,-0.00036017
trx,36,lightgbm,2025-12,8,-0.00072939
trx,36,lightgbm,2025-12,9,-0.00076371
trx,36,lightgbm,2025-12,10,-0.00027336
trx,36,lightgbm,2026-01,1,-0.00080982
trx,36,lightgbm,2026-01,2,-0.00012833
trx,36,lightgbm,2026-01,3,-0.00063474
trx,36,lightgbm,2026-01,4,
trx,36,lightgbm,2026-01,5,0.00015157
trx,36,lightgbm,2026-01,6,
trx,36,lightgbm,2026-01,7,
trx,36,lightgbm,2026-01,8,0.00010279
trx,36,lightgbm,2026-01,9,
trx,36,lightgbm,2026-01,10,0.00053725
trx,36,lightgbm,2026-02,1,-0.00021271
trx,36,lightgbm,2026-02,2,-0.00040535
trx,36,lightgbm,2026-02,3,3.899e-05
trx,36,lightgbm,2026-02,4,0.00047129
trx,36,lightgbm,2026-02,5,6.435e-05
trx,36,lightgbm,2026-02,6,0.0001761
trx,36,lightgbm,2026-02,7,-0.00073099
trx,36,lightgbm,2026-02,8,-0.00030847
trx,36,lightgbm,2026-02,9,-0.00041854
trx,36,lightgbm,2026-02,10,0.00068791
trx,36,lightgbm,2026-03,1,-0.00013151
trx,36,lightgbm,2026-03,2,0.00065522
trx,36,lightgbm,2026-03,3,0.00041443
trx,36,lightgbm,2026-03,4,0.00146875
trx,36,lightgbm,2026-03,5,0.00086356
trx,36,lightgbm,2026-03,6,0.00069969
trx,36,lightgbm,2026-03,7,0.00052278
trx,36,lightgbm,2026-03,8,5.99e-06
trx,36,lightgbm,2026-03,9,0.00013086
trx,36,lightgbm,2026-03,10,-0.00028431
trx,36,lightgbm,2026-04,1,-0.0002503
trx,36,lightgbm,2026-04,2,-5.579e-05
trx,36,lightgbm,2026-04,3,0.00020805
trx,36,lightgbm,2026-04,4,0.00012033
trx,36,lightgbm,2026-04,5,0.00052417
trx,36,lightgbm,2026-04,6,0.0004064
trx,36,lightgbm,2026-04,7,3.518e-05
trx,36,lightgbm,2026-04,8,0.00017538
trx,36,lightgbm,2026-04,9,0.00045594
trx,36,lightgbm,2026-04,10,-1.296e-05
trx,36,lightgbm,2026-05,1,0.00081518
trx,36,lightgbm,2026-05,2,0.00037908
trx,36,lightgbm,2026-05,3,-7.89e-05
trx,36,lightgbm,2026-05,4,-0.00063285
trx,36,lightgbm,2026-05,5,0.00062347
trx,36,lightgbm,2026-05,6,-0.00038545
trx,36,lightgbm,2026-05,7,0.00151179
trx,36,lightgbm,2026-05,8,0.00050531
trx,36,lightgbm,2026-05,9,0.00068377
trx,36,lightgbm,2026-05,10,0.00019204
trx,72,momentum,2025-12,1,0.0009664
trx,72,momentum,2025-12,2,0.0016585
trx,72,momentum,2025-12,3,0.00063653
trx,72,momentum,2025-12,4,0.00058775
trx,72,momentum,2025-12,5,2.53e-05
trx,72,momentum,2025-12,6,-0.00039832
trx,72,momentum,2025-12,7,-0.00044759
trx,72,momentum,2025-12,8,-0.00054783
trx,72,momentum,2025-12,9,4.16e-06
trx,72,momentum,2025-12,10,-0.00067971
trx,72,momentum,2026-01,1,0.0016754
trx,72,momentum,2026-01,2,-6.887e-05
trx,72,momentum,2026-01,3,-0.00036215
trx,72,momentum,2026-01,4,-0.0001583
trx,72,momentum,2026-01,5,0.00074282
trx,72,momentum,2026-01,6,0.00052957
trx,72,momentum,2026-01,7,0.00023977
trx,72,momentum,2026-01,8,0.00033044
trx,72,momentum,2026-01,9,-0.00022551
trx,72,momentum,2026-01,10,-0.00207854
trx,72,momentum,2026-02,1,0.0010493
trx,72,momentum,2026-02,2,0.00136295
trx,72,momentum,2026-02,3,0.00029633
trx,72,momentum,2026-02,4,-0.00098815
trx,72,momentum,2026-02,5,-0.00154577
trx,72,momentum,2026-02,6,-0.00135144
trx,72,momentum,2026-02,7,-0.00032982
trx,72,momentum,2026-02,8,0.00063793
trx,72,momentum,2026-02,9,0.0009086
trx,72,momentum,2026-02,10,-0.00129655
trx,72,momentum,2026-03,1,-0.00074034
trx,72,momentum,2026-03,2,0.001993
trx,72,momentum,2026-03,3,0.00216297
trx,72,momentum,2026-03,4,0.00145307
trx,72,momentum,2026-03,5,7.416e-05
trx,72,momentum,2026-03,6,0.00019158
trx,72,momentum,2026-03,7,0.00052231
trx,72,momentum,2026-03,8,0.00050951
trx,72,momentum,2026-03,9,0.00194676
trx,72,momentum,2026-03,10,0.00079672
trx,72,momentum,2026-04,1,-0.00070287
trx,72,momentum,2026-04,2,-0.0001587
trx,72,momentum,2026-04,3,3.086e-05
trx,72,momentum,2026-04,4,0.0002421
trx,72,momentum,2026-04,5,0.0001198
trx,72,momentum,2026-04,6,-0.00014972
trx,72,momentum,2026-04,7,-0.00054792
trx,72,momentum,2026-04,8,0.00028724
trx,72,momentum,2026-04,9,0.00184934
trx,72,momentum,2026-04,10,0.00194497
trx,72,momentum,2026-05,1,-0.00077922
trx,72,momentum,2026-05,2,0.00109204
trx,72,momentum,2026-05,3,0.00146316
trx,72,momentum,2026-05,4,0.00098411
trx,72,momentum,2026-05,5,0.00073933
trx,72,momentum,2026-05,6,0.00067996
trx,72,momentum,2026-05,7,0.00088864
trx,72,momentum,2026-05,8,0.00160698
trx,72,momentum,2026-05,9,0.00093259
trx,72,momentum,2026-05,10,-0.00184512
trx,72,best_feature,2025-12,1,0.00135914
trx,72,best_feature,2025-12,2,0.00183264
trx,72,best_feature,2025-12,3,0.00099386
trx,72,best_feature,2025-12,4,0.00024937
trx,72,best_feature,2025-12,5,0.00038758
trx,72,best_feature,2025-12,6,-0.00213235
trx,72,best_feature,2025-12,7,-0.00120023
trx,72,best_feature,2025-12,8,-0.00015216
trx,72,best_feature,2025-12,9,0.00100003
trx,72,best_feature,2025-12,10,-0.00053419
trx,72,best_feature,2026-01,1,-0.00024421
trx,72,best_feature,2026-01,2,-0.00035004
trx,72,best_feature,2026-01,3,0.00183761
trx,72,best_feature,2026-01,4,0.00107522
trx,72,best_feature,2026-01,5,0.00077324
trx,72,best_feature,2026-01,6,0.00118489
trx,72,best_feature,2026-01,7,-0.00158056
trx,72,best_feature,2026-01,8,-0.00109123
trx,72,best_feature,2026-01,9,-0.00011515
trx,72,best_feature,2026-01,10,-0.00086653
trx,72,best_feature,2026-02,1,0.0001355
trx,72,best_feature,2026-02,2,-0.00026095
trx,72,best_feature,2026-02,3,-0.00032507
trx,72,best_feature,2026-02,4,-0.00023141
trx,72,best_feature,2026-02,5,-0.00054673
trx,72,best_feature,2026-02,6,-0.00027397
trx,72,best_feature,2026-02,7,-0.00084456
trx,72,best_feature,2026-02,8,-4.578e-05
trx,72,best_feature,2026-02,9,0.00041968
trx,72,best_feature,2026-02,10,0.00071457
trx,72,best_feature,2026-03,1,0.00053823
trx,72,best_feature,2026-03,2,0.00122363
trx,72,best_feature,2026-03,3,0.0015918
trx,72,best_feature,2026-03,4,0.00156078
trx,72,best_feature,2026-03,5,0.00095437
trx,72,best_feature,2026-03,6,0.00108089
trx,72,best_feature,2026-03,7,0.00059861
trx,72,best_feature,2026-03,8,0.00042187
trx,72,best_feature,2026-03,9,0.00051111
trx,72,best_feature,2026-03,10,0.00043087
trx,72,best_feature,2026-04,1,0.00171005
trx,72,best_feature,2026-04,2,-0.00103149
trx,72,best_feature,2026-04,3,0.00142256
trx,72,best_feature,2026-04,4,0.00035132
trx,72,best_feature,2026-04,5,-0.00047377
trx,72,best_feature,2026-04,6,-0.00023299
trx,72,best_feature,2026-04,7,0.00054699
trx,72,best_feature,2026-04,8,0.00022528
trx,72,best_feature,2026-04,9,-0.0002485
trx,72,best_feature,2026-04,10,0.00064563
trx,72,best_feature,2026-05,1,0.00086442
trx,72,best_feature,2026-05,2,-0.000145
trx,72,best_feature,2026-05,3,0.00017641
trx,72,best_feature,2026-05,4,0.00057959
trx,72,best_feature,2026-05,5,0.00074062
trx,72,best_feature,2026-05,6,0.00076828
trx,72,best_feature,2026-05,7,0.00027352
trx,72,best_feature,2026-05,8,0.00094702
trx,72,best_feature,2026-05,9,0.00092536
trx,72,best_feature,2026-05,10,0.00063201
trx,72,ridge,2025-12,1,7.982e-05
trx,72,ridge,2025-12,2,0.00172149
trx,72,ridge,2025-12,3,0.00134525
trx,72,ridge,2025-12,4,0.00103506
trx,72,ridge,2025-12,5,0.00066099
trx,72,ridge,2025-12,6,-2.194e-05
trx,72,ridge,2025-12,7,-0.00019815
trx,72,ridge,2025-12,8,-0.00038551
trx,72,ridge,2025-12,9,-0.0013029
trx,72,ridge,2025-12,10,-0.00112951
trx,72,ridge,2026-01,1,2.641e-05
trx,72,ridge,2026-01,2,-0.00070686
trx,72,ridge,2026-01,3,-0.00034032
trx,72,ridge,2026-01,4,0.00041379
trx,72,ridge,2026-01,5,0.00054396
trx,72,ridge,2026-01,6,0.00046788
trx,72,ridge,2026-01,7,0.00018755
trx,72,ridge,2026-01,8,4.133e-05
trx,72,ridge,2026-01,9,-0.00060793
trx,72,ridge,2026-01,10,0.00059691
trx,72,ridge,2026-02,1,-0.00046263
trx,72,ridge,2026-02,2,-0.00023046
trx,72,ridge,2026-02,3,-0.00040901
trx,72,ridge,2026-02,4,-0.00042782
trx,72,ridge,2026-02,5,-9.185e-05
trx,72,ridge,2026-02,6,2.976e-05
trx,72,ridge,2026-02,7,-0.00017917
trx,72,ridge,2026-02,8,-0.0002276
trx,72,ridge,2026-02,9,-0.00019937
trx,72,ridge,2026-02,10,0.00093889
trx,72,ridge,2026-03,1,0.00025926
trx,72,ridge,2026-03,2,0.00059897
trx,72,ridge,2026-03,3,0.00093355
trx,72,ridge,2026-03,4,0.00095638
trx,72,ridge,2026-03,5,0.00143543
trx,72,ridge,2026-03,6,0.00183664
trx,72,ridge,2026-03,7,0.00150748
trx,72,ridge,2026-03,8,0.00107717
trx,72,ridge,2026-03,9,0.00037384
trx,72,ridge,2026-03,10,-6.602e-05
trx,72,ridge,2026-04,1,0.00060244
trx,72,ridge,2026-04,2,0.00047657
trx,72,ridge,2026-04,3,0.00043364
trx,72,ridge,2026-04,4,0.00055526
trx,72,ridge,2026-04,5,0.00029207
trx,72,ridge,2026-04,6,-6.24e-05
trx,72,ridge,2026-04,7,-5.915e-05
trx,72,ridge,2026-04,8,3.948e-05
trx,72,ridge,2026-04,9,-0.00011249
trx,72,ridge,2026-04,10,0.00074969
trx,72,ridge,2026-05,1,-0.00146745
trx,72,ridge,2026-05,2,0.00015916
trx,72,ridge,2026-05,3,0.00038924
trx,72,ridge,2026-05,4,0.00067556
trx,72,ridge,2026-05,5,0.00058388
trx,72,ridge,2026-05,6,0.00066608
trx,72,ridge,2026-05,7,0.00083593
trx,72,ridge,2026-05,8,0.00125212
trx,72,ridge,2026-05,9,0.00130245
trx,72,ridge,2026-05,10,0.0013631
trx,72,lightgbm,2025-12,1,0.00230917
trx,72,lightgbm,2025-12,2,0.00187504
trx,72,lightgbm,2025-12,3,0.00176119
trx,72,lightgbm,2025-12,4,0.0005932
trx,72,lightgbm,2025-12,5,-0.00056774
trx,72,lightgbm,2025-12,6,-0.00029261
trx,72,lightgbm,2025-12,7,-0.0007876
trx,72,lightgbm,2025-12,8,-0.00108529
trx,72,lightgbm,2025-12,9,-0.00063665
trx,72,lightgbm,2025-12,10,-0.00136191
trx,72,lightgbm,2026-01,1,0.0004812
trx,72,lightgbm,2026-01,2,
trx,72,lightgbm,2026-01,3,-0.00017211
trx,72,lightgbm,2026-01,4,
trx,72,lightgbm,2026-01,5,
trx,72,lightgbm,2026-01,6,
trx,72,lightgbm,2026-01,7,
trx,72,lightgbm,2026-01,8,0.00033299
trx,72,lightgbm,2026-01,9,
trx,72,lightgbm,2026-01,10,
trx,72,lightgbm,2026-02,1,0.00115818
trx,72,lightgbm,2026-02,2,-0.00014346
trx,72,lightgbm,2026-02,3,0.0002394
trx,72,lightgbm,2026-02,4,3.365e-05
trx,72,lightgbm,2026-02,5,-0.00034412
trx,72,lightgbm,2026-02,6,-0.00088756
trx,72,lightgbm,2026-02,7,-0.0001312
trx,72,lightgbm,2026-02,8,-0.00045964
trx,72,lightgbm,2026-02,9,-0.00184168
trx,72,lightgbm,2026-02,10,0.00111677
trx,72,lightgbm,2026-03,1,9.084e-05
trx,72,lightgbm,2026-03,2,0.00216981
trx,72,lightgbm,2026-03,3,0.00104158
trx,72,lightgbm,2026-03,4,0.00064434
trx,72,lightgbm,2026-03,5,0.00099903
trx,72,lightgbm,2026-03,6,0.00144995
trx,72,lightgbm,2026-03,7,0.00197752
trx,72,lightgbm,2026-03,8,0.00116576
trx,72,lightgbm,2026-03,9,-0.00065527
trx,72,lightgbm,2026-03,10,2.724e-05
trx,72,lightgbm,2026-04,1,0.00076178
trx,72,lightgbm,2026-04,2,
trx,72,lightgbm,2026-04,3,
trx,72,lightgbm,2026-04,4,
trx,72,lightgbm,2026-04,5,0.00031254
trx,72,lightgbm,2026-04,6,
trx,72,lightgbm,2026-04,7,
trx,72,lightgbm,2026-04,8,
trx,72,lightgbm,2026-04,9,
trx,72,lightgbm,2026-04,10,-0.00017826
trx,72,lightgbm,2026-05,1,-0.00048472
trx,72,lightgbm,2026-05,2,0.00040981
trx,72,lightgbm,2026-05,3,-5.434e-05
trx,72,lightgbm,2026-05,4,0.00013597
trx,72,lightgbm,2026-05,5,-0.00039337
trx,72,lightgbm,2026-05,6,0.00086137
trx,72,lightgbm,2026-05,7,0.00108522
trx,72,lightgbm,2026-05,8,0.00215778
trx,72,lightgbm,2026-05,9,0.00129731
trx,72,lightgbm,2026-05,10,0.00074592
doge,4,momentum,2025-12,1,9.256e-05
doge,4,momentum,2025-12,2,-0.00021924
doge,4,momentum,2025-12,3,-3.366e-05
doge,4,momentum,2025-12,4,-0.00013455
doge,4,momentum,2025-12,5,5.733e-05
doge,4,momentum,2025-12,6,-0.00010581
doge,4,momentum,2025-12,7,-2.788e-05
doge,4,momentum,2025-12,8,-7.949e-05
doge,4,momentum,2025-12,9,0.0001157
doge,4,momentum,2025-12,10,-0.00054671
doge,4,momentum,2026-01,1,-0.00020159
doge,4,momentum,2026-01,2,-0.00021291
doge,4,momentum,2026-01,3,-0.00025607
doge,4,momentum,2026-01,4,1.81e-06
doge,4,momentum,2026-01,5,-0.00019068
doge,4,momentum,2026-01,6,9.299e-05
doge,4,momentum,2026-01,7,0.00014559
doge,4,momentum,2026-01,8,6.572e-05
doge,4,momentum,2026-01,9,9.45e-05
doge,4,momentum,2026-01,10,-5.971e-05
doge,4,momentum,2026-02,1,-0.00095902
doge,4,momentum,2026-02,2,-0.00014695
doge,4,momentum,2026-02,3,-2.421e-05
doge,4,momentum,2026-02,4,-0.00024676
doge,4,momentum,2026-02,5,-0.00015572
doge,4,momentum,2026-02,6,-6.617e-05
doge,4,momentum,2026-02,7,5.487e-05
doge,4,momentum,2026-02,8,-0.00012357
doge,4,momentum,2026-02,9,0.00039933
doge,4,momentum,2026-02,10,0.00072595
doge,4,momentum,2026-03,1,-0.00016138
doge,4,momentum,2026-03,2,-7.331e-05
doge,4,momentum,2026-03,3,3.689e-05
doge,4,momentum,2026-03,4,-5.114e-05
doge,4,momentum,2026-03,5,-0.00015809
doge,4,momentum,2026-03,6,-0.00016912
doge,4,momentum,2026-03,7,0.00012644
doge,4,momentum,2026-03,8,-4.99e-06
doge,4,momentum,2026-03,9,8.928e-05
doge,4,momentum,2026-03,10,0.00028127
doge,4,momentum,2026-04,1,-4.726e-05
doge,4,momentum,2026-04,2,-0.00012807
doge,4,momentum,2026-04,3,0.00019083
doge,4,momentum,2026-04,4,4.99e-06
doge,4,momentum,2026-04,5,0.00020726
doge,4,momentum,2026-04,6,0.0002029
doge,4,momentum,2026-04,7,7.183e-05
doge,4,momentum,2026-04,8,6.478e-05
doge,4,momentum,2026-04,9,0.00018718
doge,4,momentum,2026-04,10,-6.876e-05
doge,4,momentum,2026-05,1,0.00017572
doge,4,momentum,2026-05,2,-9.698e-05
doge,4,momentum,2026-05,3,-0.00027669
doge,4,momentum,2026-05,4,-0.00021033
doge,4,momentum,2026-05,5,-0.00022006
doge,4,momentum,2026-05,6,-0.00026215
doge,4,momentum,2026-05,7,-5.017e-05
doge,4,momentum,2026-05,8,0.00010504
doge,4,momentum,2026-05,9,4.951e-05
doge,4,momentum,2026-05,10,0.0004974
doge,4,best_feature,2025-12,1,9.256e-05
doge,4,best_feature,2025-12,2,-0.00021924
doge,4,best_feature,2025-12,3,-3.366e-05
doge,4,best_feature,2025-12,4,-0.00013455
doge,4,best_feature,2025-12,5,5.733e-05
doge,4,best_feature,2025-12,6,-0.00010581
doge,4,best_feature,2025-12,7,-2.788e-05
doge,4,best_feature,2025-12,8,-7.949e-05
doge,4,best_feature,2025-12,9,0.0001157
doge,4,best_feature,2025-12,10,-0.00054671
doge,4,best_feature,2026-01,1,-0.00020159
doge,4,best_feature,2026-01,2,-0.00021291
doge,4,best_feature,2026-01,3,-0.00025607
doge,4,best_feature,2026-01,4,1.81e-06
doge,4,best_feature,2026-01,5,-0.00019068
doge,4,best_feature,2026-01,6,9.299e-05
doge,4,best_feature,2026-01,7,0.00014559
doge,4,best_feature,2026-01,8,6.572e-05
doge,4,best_feature,2026-01,9,9.45e-05
doge,4,best_feature,2026-01,10,-5.971e-05
doge,4,best_feature,2026-02,1,-0.00095902
doge,4,best_feature,2026-02,2,-0.00014695
doge,4,best_feature,2026-02,3,-2.421e-05
doge,4,best_feature,2026-02,4,-0.00024676
doge,4,best_feature,2026-02,5,-0.00015572
doge,4,best_feature,2026-02,6,-6.617e-05
doge,4,best_feature,2026-02,7,5.487e-05
doge,4,best_feature,2026-02,8,-0.00012357
doge,4,best_feature,2026-02,9,0.00039933
doge,4,best_feature,2026-02,10,0.00072595
doge,4,best_feature,2026-03,1,-0.00016138
doge,4,best_feature,2026-03,2,-7.331e-05
doge,4,best_feature,2026-03,3,3.689e-05
doge,4,best_feature,2026-03,4,-5.114e-05
doge,4,best_feature,2026-03,5,-0.00015809
doge,4,best_feature,2026-03,6,-0.00016912
doge,4,best_feature,2026-03,7,0.00012644
doge,4,best_feature,2026-03,8,-4.99e-06
doge,4,best_feature,2026-03,9,8.928e-05
doge,4,best_feature,2026-03,10,0.00028127
doge,4,best_feature,2026-04,1,-4.726e-05
doge,4,best_feature,2026-04,2,-0.00012807
doge,4,best_feature,2026-04,3,0.00019083
doge,4,best_feature,2026-04,4,4.99e-06
doge,4,best_feature,2026-04,5,0.00020726
doge,4,best_feature,2026-04,6,0.0002029
doge,4,best_feature,2026-04,7,7.183e-05
doge,4,best_feature,2026-04,8,6.478e-05
doge,4,best_feature,2026-04,9,0.00018718
doge,4,best_feature,2026-04,10,-6.876e-05
doge,4,best_feature,2026-05,1,0.00017572
doge,4,best_feature,2026-05,2,-9.698e-05
doge,4,best_feature,2026-05,3,-0.00027669
doge,4,best_feature,2026-05,4,-0.00021033
doge,4,best_feature,2026-05,5,-0.00022006
doge,4,best_feature,2026-05,6,-0.00026215
doge,4,best_feature,2026-05,7,-5.017e-05
doge,4,best_feature,2026-05,8,0.00010504
doge,4,best_feature,2026-05,9,4.951e-05
doge,4,best_feature,2026-05,10,0.0004974
doge,4,ridge,2025-12,1,-8.642e-05
doge,4,ridge,2025-12,2,-3.317e-05
doge,4,ridge,2025-12,3,-8.567e-05
doge,4,ridge,2025-12,4,2.17e-06
doge,4,ridge,2025-12,5,8.84e-05
doge,4,ridge,2025-12,6,-6.075e-05
doge,4,ridge,2025-12,7,-6.906e-05
doge,4,ridge,2025-12,8,0.00016633
doge,4,ridge,2025-12,9,0.00010998
doge,4,ridge,2025-12,10,-0.00091369
doge,4,ridge,2026-01,1,-0.00016997
doge,4,ridge,2026-01,2,0.0002137
doge,4,ridge,2026-01,3,0.00043932
doge,4,ridge,2026-01,4,0.00020234
doge,4,ridge,2026-01,5,-0.00016448
doge,4,ridge,2026-01,6,-0.00024296
doge,4,ridge,2026-01,7,-0.00024617
doge,4,ridge,2026-01,8,-0.00021336
doge,4,ridge,2026-01,9,-0.00018046
doge,4,ridge,2026-01,10,-0.00015864
doge,4,ridge,2026-02,1,-0.00014128
doge,4,ridge,2026-02,2,-0.00016049
doge,4,ridge,2026-02,3,-0.00036074
doge,4,ridge,2026-02,4,4.133e-05
doge,4,ridge,2026-02,5,-0.00034
doge,4,ridge,2026-02,6,-4.669e-05
doge,4,ridge,2026-02,7,8.953e-05
doge,4,ridge,2026-02,8,-9.612e-05
doge,4,ridge,2026-02,9,-0.00025056
doge,4,ridge,2026-02,10,0.0007234
doge,4,ridge,2026-03,1,-0.00010775
doge,4,ridge,2026-03,2,-0.00020241
doge,4,ridge,2026-03,3,-0.00017174
doge,4,ridge,2026-03,4,0.000137
doge,4,ridge,2026-03,5,-5.706e-05
doge,4,ridge,2026-03,6,0.00017575
doge,4,ridge,2026-03,7,0.00012117
doge,4,ridge,2026-03,8,-4.838e-05
doge,4,ridge,2026-03,9,-0.0001482
doge,4,ridge,2026-03,10,0.00021794
doge,4,ridge,2026-04,1,-3.881e-05
doge,4,ridge,2026-04,2,0.00011645
doge,4,ridge,2026-04,3,5.041e-05
doge,4,ridge,2026-04,4,0.00018624
doge,4,ridge,2026-04,5,0.00029871
doge,4,ridge,2026-04,6,0.00010724
doge,4,ridge,2026-04,7,8.5e-07
doge,4,ridge,2026-04,8,-0.00012431
doge,4,ridge,2026-04,9,2.315e-05
doge,4,ridge,2026-04,10,6.572e-05
doge,4,ridge,2026-05,1,5.954e-05
doge,4,ridge,2026-05,2,-5.22e-06
doge,4,ridge,2026-05,3,-6.555e-05
doge,4,ridge,2026-05,4,-3.175e-05
doge,4,ridge,2026-05,5,-0.0002138
doge,4,ridge,2026-05,6,1.049e-05
doge,4,ridge,2026-05,7,-0.00013375
doge,4,ridge,2026-05,8,-0.00016936
doge,4,ridge,2026-05,9,-4.05e-05
doge,4,ridge,2026-05,10,0.00030148
doge,4,lightgbm,2025-12,1,-0.00023055
doge,4,lightgbm,2025-12,2,-3.983e-05
doge,4,lightgbm,2025-12,3,-8.052e-05
doge,4,lightgbm,2025-12,4,-0.00016754
doge,4,lightgbm,2025-12,5,-7.157e-05
doge,4,lightgbm,2025-12,6,-3.667e-05
doge,4,lightgbm,2025-12,7,-5.573e-05
doge,4,lightgbm,2025-12,8,2.252e-05
doge,4,lightgbm,2025-12,9,-9.117e-05
doge,4,lightgbm,2025-12,10,-0.00013102
doge,4,lightgbm,2026-01,1,-0.00026303
doge,4,lightgbm,2026-01,2,-1.596e-05
doge,4,lightgbm,2026-01,3,-0.00027888
doge,4,lightgbm,2026-01,4,9.023e-05
doge,4,lightgbm,2026-01,5,3.078e-05
doge,4,lightgbm,2026-01,6,-0.00017883
doge,4,lightgbm,2026-01,7,-4.871e-05
doge,4,lightgbm,2026-01,8,6.159e-05
doge,4,lightgbm,2026-01,9,-0.00013469
doge,4,lightgbm,2026-01,10,0.00021677
doge,4,lightgbm,2026-02,1,0.0004473
doge,4,lightgbm,2026-02,2,-0.00037562
doge,4,lightgbm,2026-02,3,-0.00019719
doge,4,lightgbm,2026-02,4,0.00010099
doge,4,lightgbm,2026-02,5,-0.00039734
doge,4,lightgbm,2026-02,6,-0.00042055
doge,4,lightgbm,2026-02,7,9.125e-05
doge,4,lightgbm,2026-02,8,0.00057268
doge,4,lightgbm,2026-02,9,-0.00011465
doge,4,lightgbm,2026-02,10,-0.00024826
doge,4,lightgbm,2026-03,1,-8.672e-05
doge,4,lightgbm,2026-03,2,3.963e-05
doge,4,lightgbm,2026-03,3,-9.541e-05
doge,4,lightgbm,2026-03,4,-5.822e-05
doge,4,lightgbm,2026-03,5,5.304e-05
doge,4,lightgbm,2026-03,6,-0.0001203
doge,4,lightgbm,2026-03,7,-0.0004916
doge,4,lightgbm,2026-03,8,0.00021604
doge,4,lightgbm,2026-03,9,-5.473e-05
doge,4,lightgbm,2026-03,10,0.00030435
doge,4,lightgbm,2026-04,1,-7.531e-05
doge,4,lightgbm,2026-04,2,2.219e-05
doge,4,lightgbm,2026-04,3,0.00037311
doge,4,lightgbm,2026-04,4,2.443e-05
doge,4,lightgbm,2026-04,5,4.529e-05
doge,4,lightgbm,2026-04,6,9.786e-05
doge,4,lightgbm,2026-04,7,0.00016736
doge,4,lightgbm,2026-04,8,4.99e-06
doge,4,lightgbm,2026-04,9,4.856e-05
doge,4,lightgbm,2026-04,10,-2.28e-05
doge,4,lightgbm,2026-05,1,-4.967e-05
doge,4,lightgbm,2026-05,2,-9.19e-05
doge,4,lightgbm,2026-05,3,-0.00019888
doge,4,lightgbm,2026-05,4,3.814e-05
doge,4,lightgbm,2026-05,5,-0.00015034
doge,4,lightgbm,2026-05,6,-2.899e-05
doge,4,lightgbm,2026-05,7,5.902e-05
doge,4,lightgbm,2026-05,8,0.00015459
doge,4,lightgbm,2026-05,9,0.00012862
doge,4,lightgbm,2026-05,10,-0.0001488
doge,12,momentum,2025-12,1,0.00028565
doge,12,momentum,2025-12,2,-6.171e-05
doge,12,momentum,2025-12,3,0.0002269
doge,12,momentum,2025-12,4,-0.00043207
doge,12,momentum,2025-12,5,-0.00028181
doge,12,momentum,2025-12,6,-9.587e-05
doge,12,momentum,2025-12,7,-0.00028997
doge,12,momentum,2025-12,8,-0.00014855
doge,12,momentum,2025-12,9,-0.00038463
doge,12,momentum,2025-12,10,-0.00126385
doge,12,momentum,2026-01,1,0.00052182
doge,12,momentum,2026-01,2,0.00040288
doge,12,momentum,2026-01,3,0.00040912
doge,12,momentum,2026-01,4,-0.00031593
doge,12,momentum,2026-01,5,-0.00018004
doge,12,momentum,2026-01,6,-0.00015094
doge,12,momentum,2026-01,7,-0.00023369
doge,12,momentum,2026-01,8,-0.00032548
doge,12,momentum,2026-01,9,-0.00041193
doge,12,momentum,2026-01,10,-0.00128874
doge,12,momentum,2026-02,1,-0.00037333
doge,12,momentum,2026-02,2,-0.00086737
doge,12,momentum,2026-02,3,-0.00014276
doge,12,momentum,2026-02,4,-0.00064986
doge,12,momentum,2026-02,5,9.04e-06
doge,12,momentum,2026-02,6,-0.0003616
doge,12,momentum,2026-02,7,-0.00022954
doge,12,momentum,2026-02,8,0.00012011
doge,12,momentum,2026-02,9,-0.00031563
doge,12,momentum,2026-02,10,0.00117048
doge,12,momentum,2026-03,1,0.00154351
doge,12,momentum,2026-03,2,-0.00057989
doge,12,momentum,2026-03,3,-0.00020803
doge,12,momentum,2026-03,4,-0.00039538
doge,12,momentum,2026-03,5,5.437e-05
doge,12,momentum,2026-03,6,-5.438e-05
doge,12,momentum,2026-03,7,-0.00046295
doge,12,momentum,2026-03,8,-0.00025769
doge,12,momentum,2026-03,9,0.00010943
doge,12,momentum,2026-03,10,2.464e-05
doge,12,momentum,2026-04,1,0.00015204
doge,12,momentum,2026-04,2,7.619e-05
doge,12,momentum,2026-04,3,0.0003657
doge,12,momentum,2026-04,4,-0.00027406
doge,12,momentum,2026-04,5,0.00037532
doge,12,momentum,2026-04,6,0.0001254
doge,12,momentum,2026-04,7,0.00036563
doge,12,momentum,2026-04,8,0.0005505
doge,12,momentum,2026-04,9,0.00019804
doge,12,momentum,2026-04,10,0.00013952
doge,12,momentum,2026-05,1,-0.00016097
doge,12,momentum,2026-05,2,-2.16e-05
doge,12,momentum,2026-05,3,-0.00039064
doge,12,momentum,2026-05,4,-0.00045274
doge,12,momentum,2026-05,5,-0.00027763
doge,12,momentum,2026-05,6,-0.00026772
doge,12,momentum,2026-05,7,0.00011442
doge,12,momentum,2026-05,8,-9.564e-05
doge,12,momentum,2026-05,9,0.0002595
doge,12,momentum,2026-05,10,0.00042097
doge,12,best_feature,2025-12,1,0.00027903
doge,12,best_feature,2025-12,2,0.00012151
doge,12,best_feature,2025-12,3,0.00011372
doge,12,best_feature,2025-12,4,0.00029577
doge,12,best_feature,2025-12,5,-0.00010078
doge,12,best_feature,2025-12,6,-6.231e-05
doge,12,best_feature,2025-12,7,-0.00099668
doge,12,best_feature,2025-12,8,-0.00031188
doge,12,best_feature,2025-12,9,-0.00083672
doge,12,best_feature,2025-12,10,-0.00094755
doge,12,best_feature,2026-01,1,-0.00018432
doge,12,best_feature,2026-01,2,-0.00043515
doge,12,best_feature,2026-01,3,0.00017481
doge,12,best_feature,2026-01,4,0.00073356
doge,12,best_feature,2026-01,5,0.00064699
doge,12,best_feature,2026-01,6,0.00013928
doge,12,best_feature,2026-01,7,-0.00040253
doge,12,best_feature,2026-01,8,-0.00046372
doge,12,best_feature,2026-01,9,-0.00109018
doge,12,best_feature,2026-01,10,-0.00069211
doge,12,best_feature,2026-02,1,-0.00206267
doge,12,best_feature,2026-02,2,-0.00023926
doge,12,best_feature,2026-02,3,-0.00078772
doge,12,best_feature,2026-02,4,-1.434e-05
doge,12,best_feature,2026-02,5,-0.00029233
doge,12,best_feature,2026-02,6,-2.7e-06
doge,12,best_feature,2026-02,7,0.00018579
doge,12,best_feature,2026-02,8,0.0001838
doge,12,best_feature,2026-02,9,-4.98e-06
doge,12,best_feature,2026-02,10,0.00139479
doge,12,best_feature,2026-03,1,0.00106009
doge,12,best_feature,2026-03,2,-0.00019077
doge,12,best_feature,2026-03,3,0.00034955
doge,12,best_feature,2026-03,4,3.917e-05
doge,12,best_feature,2026-03,5,-0.00022126
doge,12,best_feature,2026-03,6,-0.00021452
doge,12,best_feature,2026-03,7,-0.00082606
doge,12,best_feature,2026-03,8,-0.0004685
doge,12,best_feature,2026-03,9,-5.313e-05
doge,12,best_feature,2026-03,10,0.00029835
doge,12,best_feature,2026-04,1,0.00040856
doge,12,best_feature,2026-04,2,0.00010053
doge,12,best_feature,2026-04,3,-4.85e-06
doge,12,best_feature,2026-04,4,0.00033405
doge,12,best_feature,2026-04,5,0.00054923
doge,12,best_feature,2026-04,6,0.00015349
doge,12,best_feature,2026-04,7,-0.00024152
doge,12,best_feature,2026-04,8,0.00018688
doge,12,best_feature,2026-04,9,0.000586
doge,12,best_feature,2026-04,10,1.92e-06
doge,12,best_feature,2026-05,1,-0.00026157
doge,12,best_feature,2026-05,2,-0.00018451
doge,12,best_feature,2026-05,3,-0.00023747
doge,12,best_feature,2026-05,4,-0.00012301
doge,12,best_feature,2026-05,5,-0.0003237
doge,12,best_feature,2026-05,6,-0.00020632
doge,12,best_feature,2026-05,7,-0.00023656
doge,12,best_feature,2026-05,8,3.219e-05
doge,12,best_feature,2026-05,9,0.0002357
doge,12,best_feature,2026-05,10,0.00043306
doge,12,ridge,2025-12,1,-0.00046961
doge,12,ridge,2025-12,2,-3.677e-05
doge,12,ridge,2025-12,3,0.00030693
doge,12,ridge,2025-12,4,-7.21e-05
doge,12,ridge,2025-12,5,4.641e-05
doge,12,ridge,2025-12,6,0.00022197
doge,12,ridge,2025-12,7,0.00034643
doge,12,ridge,2025-12,8,-0.00018064
doge,12,ridge,2025-12,9,-0.0006724
doge,12,ridge,2025-12,10,-0.00193663
doge,12,ridge,2026-01,1,0.000332
doge,12,ridge,2026-01,2,0.00027348
doge,12,ridge,2026-01,3,-0.00015283
doge,12,ridge,2026-01,4,8.862e-05
doge,12,ridge,2026-01,5,4.423e-05
doge,12,ridge,2026-01,6,9.646e-05
doge,12,ridge,2026-01,7,-0.00054225
doge,12,ridge,2026-01,8,-0.00064897
doge,12,ridge,2026-01,9,-0.00015575
doge,12,ridge,2026-01,10,-0.00090785
doge,12,ridge,2026-02,1,0.00111141
doge,12,ridge,2026-02,2,-0.00043159
doge,12,ridge,2026-02,3,-0.00049331
doge,12,ridge,2026-02,4,-0.00048384
doge,12,ridge,2026-02,5,-0.0008399
doge,12,ridge,2026-02,6,-0.00086259
doge,12,ridge,2026-02,7,0.00017343
doge,12,ridge,2026-02,8,-0.00039533
doge,12,ridge,2026-02,9,-0.00056776
doge,12,ridge,2026-02,10,0.00115118
doge,12,ridge,2026-03,1,-0.00050697
doge,12,ridge,2026-03,2,4.373e-05
doge,12,ridge,2026-03,3,7.976e-05
doge,12,ridge,2026-03,4,-5.605e-05
doge,12,ridge,2026-03,5,0.00014387
doge,12,ridge,2026-03,6,6.713e-05
doge,12,ridge,2026-03,7,-0.00012519
doge,12,ridge,2026-03,8,-0.00057577
doge,12,ridge,2026-03,9,0.00033394
doge,12,ridge,2026-03,10,0.00036703
doge,12,ridge,2026-04,1,0.00018942
doge,12,ridge,2026-04,2,-0.00015099
doge,12,ridge,2026-04,3,0.0003469
doge,12,ridge,2026-04,4,0.00037426
doge,12,ridge,2026-04,5,0.00058183
doge,12,ridge,2026-04,6,0.00081345
doge,12,ridge,2026-04,7,0.00017934
doge,12,ridge,2026-04,8,8.027e-05
doge,12,ridge,2026-04,9,-0.00026042
doge,12,ridge,2026-04,10,-7.978e-05
doge,12,ridge,2026-05,1,-5.78e-06
doge,12,ridge,2026-05,2,-0.00038996
doge,12,ridge,2026-05,3,-0.00028454
doge,12,ridge,2026-05,4,-2.44e-05
doge,12,ridge,2026-05,5,-0.00030283
doge,12,ridge,2026-05,6,-0.00024056
doge,12,ridge,2026-05,7,-0.00020959
doge,12,ridge,2026-05,8,0.00021867
doge,12,ridge,2026-05,9,-0.00016527
doge,12,ridge,2026-05,10,0.00053249
doge,12,lightgbm,2025-12,1,0.00023056
doge,12,lightgbm,2025-12,2,0.0004139
doge,12,lightgbm,2025-12,3,-2.297e-05
doge,12,lightgbm,2025-12,4,0.00025706
doge,12,lightgbm,2025-12,5,0.00072073
doge,12,lightgbm,2025-12,6,
doge,12,lightgbm,2025-12,7,-0.00035752
doge,12,lightgbm,2025-12,8,-0.00192875
doge,12,lightgbm,2025-12,9,-0.00075007
doge,12,lightgbm,2025-12,10,-0.00136206
doge,12,lightgbm,2026-01,1,0.00179438
doge,12,lightgbm,2026-01,2,0.00031598
doge,12,lightgbm,2026-01,3,
doge,12,lightgbm,2026-01,4,-0.0005027
doge,12,lightgbm,2026-01,5,0.00099608
doge,12,lightgbm,2026-01,6,-0.00043855
doge,12,lightgbm,2026-01,7,0.00093271
doge,12,lightgbm,2026-01,8,-0.0004187
doge,12,lightgbm,2026-01,9,-0.00245278
doge,12,lightgbm,2026-01,10,-0.00090093
doge,12,lightgbm,2026-02,1,0.00161994
doge,12,lightgbm,2026-02,2,-0.00078416
doge,12,lightgbm,2026-02,3,
doge,12,lightgbm,2026-02,4,-0.00050446
doge,12,lightgbm,2026-02,5,0.00214283
doge,12,lightgbm,2026-02,6,-0.00051142
doge,12,lightgbm,2026-02,7,-0.002276
doge,12,lightgbm,2026-02,8,-0.00313779
doge,12,lightgbm,2026-02,9,2.888e-05
doge,12,lightgbm,2026-02,10,-0.00041203
doge,12,lightgbm,2026-03,1,0.00021904
doge,12,lightgbm,2026-03,2,-0.00116205
doge,12,lightgbm,2026-03,3,0.00015563
doge,12,lightgbm,2026-03,4,-0.00088325
doge,12,lightgbm,2026-03,5,-0.00070412
doge,12,lightgbm,2026-03,6,0.00043442
doge,12,lightgbm,2026-03,7,0.00076858
doge,12,lightgbm,2026-03,8,0.00081959
doge,12,lightgbm,2026-03,9,-7.28e-05
doge,12,lightgbm,2026-03,10,2.928e-05
doge,12,lightgbm,2026-04,1,0.00061584
doge,12,lightgbm,2026-04,2,0.00023019
doge,12,lightgbm,2026-04,3,0.00047217
doge,12,lightgbm,2026-04,4,4.957e-05
doge,12,lightgbm,2026-04,5,0.00023156
doge,12,lightgbm,2026-04,6,0.00035525
doge,12,lightgbm,2026-04,7,0.00018162
doge,12,lightgbm,2026-04,8,2.926e-05
doge,12,lightgbm,2026-04,9,-0.00013077
doge,12,lightgbm,2026-04,10,3.958e-05
doge,12,lightgbm,2026-05,1,-0.00128492
doge,12,lightgbm,2026-05,2,
doge,12,lightgbm,2026-05,3,
doge,12,lightgbm,2026-05,4,-5.83e-06
doge,12,lightgbm,2026-05,5,
doge,12,lightgbm,2026-05,6,
doge,12,lightgbm,2026-05,7,-0.0007393
doge,12,lightgbm,2026-05,8,0.00233772
doge,12,lightgbm,2026-05,9,0.00017489
doge,12,lightgbm,2026-05,10,
doge,36,momentum,2025-12,1,0.00092274
doge,36,momentum,2025-12,2,0.00221391
doge,36,momentum,2025-12,3,-0.00099333
doge,36,momentum,2025-12,4,-0.00036593
doge,36,momentum,2025-12,5,-0.0010602
doge,36,momentum,2025-12,6,-0.00161588
doge,36,momentum,2025-12,7,-0.00155617
doge,36,momentum,2025-12,8,-0.00097399
doge,36,momentum,2025-12,9,-0.00178632
doge,36,momentum,2025-12,10,-0.00157865
doge,36,momentum,2026-01,1,-0.00037265
doge,36,momentum,2026-01,2,-0.00079188
doge,36,momentum,2026-01,3,-0.00255347
doge,36,momentum,2026-01,4,-0.00072308
doge,36,momentum,2026-01,5,-0.00070371
doge,36,momentum,2026-01,6,-0.00038163
doge,36,momentum,2026-01,7,0.00069892
doge,36,momentum,2026-01,8,-0.00013568
doge,36,momentum,2026-01,9,0.00068349
doge,36,momentum,2026-01,10,-0.00058654
doge,36,momentum,2026-02,1,-0.00261501
doge,36,momentum,2026-02,2,-0.00245686
doge,36,momentum,2026-02,3,-0.00205412
doge,36,momentum,2026-02,4,-0.00173547
doge,36,momentum,2026-02,5,-0.00186909
doge,36,momentum,2026-02,6,-0.00152834
doge,36,momentum,2026-02,7,-0.00232166
doge,36,momentum,2026-02,8,-0.00087931
doge,36,momentum,2026-02,9,0.00347085
doge,36,momentum,2026-02,10,0.00762784
doge,36,momentum,2026-03,1,-0.00331535
doge,36,momentum,2026-03,2,0.00029338
doge,36,momentum,2026-03,3,0.00014106
doge,36,momentum,2026-03,4,0.0005256
doge,36,momentum,2026-03,5,0.00035541
doge,36,momentum,2026-03,6,-0.00068003
doge,36,momentum,2026-03,7,0.00088424
doge,36,momentum,2026-03,8,0.00099179
doge,36,momentum,2026-03,9,0.00053466
doge,36,momentum,2026-03,10,-0.00099622
doge,36,momentum,2026-04,1,-0.00116163
doge,36,momentum,2026-04,2,0.00116505
doge,36,momentum,2026-04,3,0.00038985
doge,36,momentum,2026-04,4,0.00141865
doge,36,momentum,2026-04,5,0.00083426
doge,36,momentum,2026-04,6,0.00051255
doge,36,momentum,2026-04,7,0.00052825
doge,36,momentum,2026-04,8,0.00074896
doge,36,momentum,2026-04,9,0.00131676
doge,36,momentum,2026-04,10,0.00090598
doge,36,momentum,2026-05,1,0.00207262
doge,36,momentum,2026-05,2,0.00051429
doge,36,momentum,2026-05,3,-0.00011811
doge,36,momentum,2026-05,4,-0.00040501
doge,36,momentum,2026-05,5,-0.00072861
doge,36,momentum,2026-05,6,-3.725e-05
doge,36,momentum,2026-05,7,-0.00055582
doge,36,momentum,2026-05,8,1.726e-05
doge,36,momentum,2026-05,9,-0.00058022
doge,36,momentum,2026-05,10,-0.00319911
doge,36,best_feature,2025-12,1,-0.00049285
doge,36,best_feature,2025-12,2,0.00028563
doge,36,best_feature,2025-12,3,-0.00249767
doge,36,best_feature,2025-12,4,-0.00068764
doge,36,best_feature,2025-12,5,0.00133695
doge,36,best_feature,2025-12,6,-0.00234054
doge,36,best_feature,2025-12,7,0.00225351
doge,36,best_feature,2025-12,8,-0.00072289
doge,36,best_feature,2025-12,9,-0.00117648
doge,36,best_feature,2025-12,10,-0.00275425
doge,36,best_feature,2026-01,1,0.00048679
doge,36,best_feature,2026-01,2,-0.00017253
doge,36,best_feature,2026-01,3,-0.00062867
doge,36,best_feature,2026-01,4,-0.00175353
doge,36,best_feature,2026-01,5,-0.00135435
doge,36,best_feature,2026-01,6,-0.00040171
doge,36,best_feature,2026-01,7,-0.00102532
doge,36,best_feature,2026-01,8,-0.00017238
doge,36,best_feature,2026-01,9,0.0025188
doge,36,best_feature,2026-01,10,-0.0023624
doge,36,best_feature,2026-02,1,-0.00186135
doge,36,best_feature,2026-02,2,-0.00135882
doge,36,best_feature,2026-02,3,-0.00253534
doge,36,best_feature,2026-02,4,-0.00202885
doge,36,best_feature,2026-02,5,-0.00106138
doge,36,best_feature,2026-02,6,-0.00093428
doge,36,best_feature,2026-02,7,-0.00035017
doge,36,best_feature,2026-02,8,5.592e-05
doge,36,best_feature,2026-02,9,0.00129367
doge,36,best_feature,2026-02,10,0.00442183
doge,36,best_feature,2026-03,1,0.00072443
doge,36,best_feature,2026-03,2,-0.00076617
doge,36,best_feature,2026-03,3,-0.00049304
doge,36,best_feature,2026-03,4,-0.00034415
doge,36,best_feature,2026-03,5,-0.00078636
doge,36,best_feature,2026-03,6,-4.64e-06
doge,36,best_feature,2026-03,7,0.00061671
doge,36,best_feature,2026-03,8,0.00048281
doge,36,best_feature,2026-03,9,-0.00068565
doge,36,best_feature,2026-03,10,-4.12e-06
doge,36,best_feature,2026-04,1,0.00025086
doge,36,best_feature,2026-04,2,0.00136809
doge,36,best_feature,2026-04,3,0.00150613
doge,36,best_feature,2026-04,4,0.00061744
doge,36,best_feature,2026-04,5,0.00048002
doge,36,best_feature,2026-04,6,0.00072668
doge,36,best_feature,2026-04,7,0.00055686
doge,36,best_feature,2026-04,8,0.0006919
doge,36,best_feature,2026-04,9,-0.00032844
doge,36,best_feature,2026-04,10,0.00078914
doge,36,best_feature,2026-05,1,0.00147528
doge,36,best_feature,2026-05,2,-0.00203493
doge,36,best_feature,2026-05,3,-0.0007064
doge,36,best_feature,2026-05,4,7.94e-06
doge,36,best_feature,2026-05,5,-0.00054476
doge,36,best_feature,2026-05,6,0.00041265
doge,36,best_feature,2026-05,7,0.00024184
doge,36,best_feature,2026-05,8,0.00058377
doge,36,best_feature,2026-05,9,0.00043625
doge,36,best_feature,2026-05,10,-0.00289217
doge,36,ridge,2025-12,1,-0.00110963
doge,36,ridge,2025-12,2,-0.00103661
doge,36,ridge,2025-12,3,-0.00060371
doge,36,ridge,2025-12,4,-0.00125286
doge,36,ridge,2025-12,5,-0.00035995
doge,36,ridge,2025-12,6,-0.00010398
doge,36,ridge,2025-12,7,-5.4e-05
doge,36,ridge,2025-12,8,0.00035715
doge,36,ridge,2025-12,9,0.00176549
doge,36,ridge,2025-12,10,-0.00439632
doge,36,ridge,2026-01,1,0.00145489
doge,36,ridge,2026-01,2,-0.00031836
doge,36,ridge,2026-01,3,0.00011065
doge,36,ridge,2026-01,4,0.00029421
doge,36,ridge,2026-01,5,0.00029736
doge,36,ridge,2026-01,6,-6.323e-05
doge,36,ridge,2026-01,7,-0.00026357
doge,36,ridge,2026-01,8,-0.00105131
doge,36,ridge,2026-01,9,-0.00235845
doge,36,ridge,2026-01,10,-0.00296602
doge,36,ridge,2026-02,1,-0.00110696
doge,36,ridge,2026-02,2,-0.00081364
doge,36,ridge,2026-02,3,-0.00010863
doge,36,ridge,2026-02,4,-0.0002973
doge,36,ridge,2026-02,5,0.00062459
doge,36,ridge,2026-02,6,0.00040866
doge,36,ridge,2026-02,7,-0.00112984
doge,36,ridge,2026-02,8,-0.00124198
doge,36,ridge,2026-02,9,-0.00057637
doge,36,ridge,2026-02,10,-0.00011516
doge,36,ridge,2026-03,1,-5.893e-05
doge,36,ridge,2026-03,2,0.00105838
doge,36,ridge,2026-03,3,0.0004287
doge,36,ridge,2026-03,4,0.00079468
doge,36,ridge,2026-03,5,0.00056525
doge,36,ridge,2026-03,6,-6.077e-05
doge,36,ridge,2026-03,7,-0.00073704
doge,36,ridge,2026-03,8,-0.00089792
doge,36,ridge,2026-03,9,-0.00037084
doge,36,ridge,2026-03,10,-0.00198263
doge,36,ridge,2026-04,1,1.342e-05
doge,36,ridge,2026-04,2,0.00022439
doge,36,ridge,2026-04,3,0.0006508
doge,36,ridge,2026-04,4,6.177e-05
doge,36,ridge,2026-04,5,0.00104069
doge,36,ridge,2026-04,6,0.00081614
doge,36,ridge,2026-04,7,0.00134231
doge,36,ridge,2026-04,8,0.00142462
doge,36,ridge,2026-04,9,0.00204237
doge,36,ridge,2026-04,10,-0.00095781
doge,36,ridge,2026-05,1,-0.0011503
doge,36,ridge,2026-05,2,-5.048e-05
doge,36,ridge,2026-05,3,-0.00033338
doge,36,ridge,2026-05,4,-0.00052172
doge,36,ridge,2026-05,5,-0.00011047
doge,36,ridge,2026-05,6,-7.278e-05
doge,36,ridge,2026-05,7,-0.00052701
doge,36,ridge,2026-05,8,6.209e-05
doge,36,ridge,2026-05,9,-0.00041099
doge,36,ridge,2026-05,10,9.069e-05
doge,36,lightgbm,2025-12,1,-0.00157826
doge,36,lightgbm,2025-12,2,-0.00255051
doge,36,lightgbm,2025-12,3,
doge,36,lightgbm,2025-12,4,
doge,36,lightgbm,2025-12,5,-0.00248709
doge,36,lightgbm,2025-12,6,0.00475891
doge,36,lightgbm,2025-12,7,-0.00180878
doge,36,lightgbm,2025-12,8,
doge,36,lightgbm,2025-12,9,
doge,36,lightgbm,2025-12,10,0.00401042
doge,36,lightgbm,2026-01,1,2.765e-05
doge,36,lightgbm,2026-01,2,0.0002908
doge,36,lightgbm,2026-01,3,0.00244099
doge,36,lightgbm,2026-01,4,0.0005571
doge,36,lightgbm,2026-01,5,-0.00115639
doge,36,lightgbm,2026-01,6,-0.00093194
doge,36,lightgbm,2026-01,7,-0.00402092
doge,36,lightgbm,2026-01,8,-0.00104319
doge,36,lightgbm,2026-01,9,0.00127364
doge,36,lightgbm,2026-01,10,-0.00231169
doge,36,lightgbm,2026-02,1,0.0027007
doge,36,lightgbm,2026-02,2,
doge,36,lightgbm,2026-02,3,0.00203904
doge,36,lightgbm,2026-02,4,
doge,36,lightgbm,2026-02,5,-0.00195804
doge,36,lightgbm,2026-02,6,-0.01513482
doge,36,lightgbm,2026-02,7,-0.00123085
doge,36,lightgbm,2026-02,8,
doge,36,lightgbm,2026-02,9,-0.00181683
doge,36,lightgbm,2026-02,10,-0.00195237
doge,36,lightgbm,2026-03,1,-0.0026331
doge,36,lightgbm,2026-03,2,-0.00308254
doge,36,lightgbm,2026-03,3,0.00145445
doge,36,lightgbm,2026-03,4,0.00123963
doge,36,lightgbm,2026-03,5,0.0005753
doge,36,lightgbm,2026-03,6,0.00230734
doge,36,lightgbm,2026-03,7,-0.00416989
doge,36,lightgbm,2026-03,8,
doge,36,lightgbm,2026-03,9,0.00014879
doge,36,lightgbm,2026-03,10,0.00321434
doge,36,lightgbm,2026-04,1,0.0023419
doge,36,lightgbm,2026-04,2,0.00150419
doge,36,lightgbm,2026-04,3,0.00047079
doge,36,lightgbm,2026-04,4,0.00025723
doge,36,lightgbm,2026-04,5,0.00114149
doge,36,lightgbm,2026-04,6,0.00091807
doge,36,lightgbm,2026-04,7,0.00076876
doge,36,lightgbm,2026-04,8,-0.00206444
doge,36,lightgbm,2026-04,9,0.0011182
doge,36,lightgbm,2026-04,10,0.0002025
doge,36,lightgbm,2026-05,1,-0.00100341
doge,36,lightgbm,2026-05,2,0.00059446
doge,36,lightgbm,2026-05,3,-0.00178252
doge,36,lightgbm,2026-05,4,
doge,36,lightgbm,2026-05,5,
doge,36,lightgbm,2026-05,6,0.00039966
doge,36,lightgbm,2026-05,7,
doge,36,lightgbm,2026-05,8,
doge,36,lightgbm,2026-05,9,-0.00049283
doge,36,lightgbm,2026-05,10,
doge,72,momentum,2025-12,1,-0.00472789
doge,72,momentum,2025-12,2,0.00041325
doge,72,momentum,2025-12,3,-0.00068672
doge,72,momentum,2025-12,4,-0.00359471
doge,72,momentum,2025-12,5,-0.00477433
doge,72,momentum,2025-12,6,-0.00157305
doge,72,momentum,2025-12,7,-0.00039875
doge,72,momentum,2025-12,8,0.00176027
doge,72,momentum,2025-12,9,-0.00138836
doge,72,momentum,2025-12,10,0.00218987
doge,72,momentum,2026-01,1,0.00498821
doge,72,momentum,2026-01,2,0.00088657
doge,72,momentum,2026-01,3,-0.00083866
doge,72,momentum,2026-01,4,-0.00528865
doge,72,momentum,2026-01,5,-0.00369996
doge,72,momentum,2026-01,6,-0.00261013
doge,72,momentum,2026-01,7,-0.00253484
doge,72,momentum,2026-01,8,-0.00104038
doge,72,momentum,2026-01,9,-0.00114859
doge,72,momentum,2026-01,10,0.00160501
doge,72,momentum,2026-02,1,0.01440508
doge,72,momentum,2026-02,2,0.00262979
doge,72,momentum,2026-02,3,0.00251539
doge,72,momentum,2026-02,4,-0.00300814
doge,72,momentum,2026-02,5,-0.00411377
doge,72,momentum,2026-02,6,-0.00489987
doge,72,momentum,2026-02,7,-0.00598346
doge,72,momentum,2026-02,8,-0.00183515
doge,72,momentum,2026-02,9,-0.00301591
doge,72,momentum,2026-02,10,-0.00491689
doge,72,momentum,2026-03,1,-0.00044454
doge,72,momentum,2026-03,2,0.00086592
doge,72,momentum,2026-03,3,0.00024955
doge,72,momentum,2026-03,4,-0.00126919
doge,72,momentum,2026-03,5,-0.00216431
doge,72,momentum,2026-03,6,-0.00183707
doge,72,momentum,2026-03,7,0.00150105
doge,72,momentum,2026-03,8,0.00214543
doge,72,momentum,2026-03,9,0.00137629
doge,72,momentum,2026-03,10,-0.00329856
doge,72,momentum,2026-04,1,-0.00271003
doge,72,momentum,2026-04,2,0.00054219
doge,72,momentum,2026-04,3,0.00237346
doge,72,momentum,2026-04,4,0.00187441
doge,72,momentum,2026-04,5,0.00396007
doge,72,momentum,2026-04,6,0.00247739
doge,72,momentum,2026-04,7,0.00310249
doge,72,momentum,2026-04,8,0.00113609
doge,72,momentum,2026-04,9,-0.00091783
doge,72,momentum,2026-04,10,0.00166846
doge,72,momentum,2026-05,1,-0.00169118
doge,72,momentum,2026-05,2,-0.00078275
doge,72,momentum,2026-05,3,-0.00080597
doge,72,momentum,2026-05,4,-0.0007384
doge,72,momentum,2026-05,5,7.498e-05
doge,72,momentum,2026-05,6,-0.00032875
doge,72,momentum,2026-05,7,-2.654e-05
doge,72,momentum,2026-05,8,-0.00050948
doge,72,momentum,2026-05,9,0.00057652
doge,72,momentum,2026-05,10,-0.00252042
doge,72,best_feature,2025-12,1,-0.00046254
doge,72,best_feature,2025-12,2,-0.00128359
doge,72,best_feature,2025-12,3,-0.00237935
doge,72,best_feature,2025-12,4,0.00011806
doge,72,best_feature,2025-12,5,0.00474573
doge,72,best_feature,2025-12,6,-0.00567563
doge,72,best_feature,2025-12,7,0.00290017
doge,72,best_feature,2025-12,8,-0.00152544
doge,72,best_feature,2025-12,9,-0.00338705
doge,72,best_feature,2025-12,10,-0.00583059
doge,72,best_feature,2026-01,1,-0.0023097
doge,72,best_feature,2026-01,2,-0.00180881
doge,72,best_feature,2026-01,3,-0.00297396
doge,72,best_feature,2026-01,4,-0.00296396
doge,72,best_feature,2026-01,5,-0.00082269
doge,72,best_feature,2026-01,6,-0.0006599
doge,72,best_feature,2026-01,7,0.00039553
doge,72,best_feature,2026-01,8,-0.00034921
doge,72,best_feature,2026-01,9,0.00052368
doge,72,best_feature,2026-01,10,0.00128163
doge,72,best_feature,2026-02,1,-0.00074169
doge,72,best_feature,2026-02,2,0.00096103
doge,72,best_feature,2026-02,3,-0.00104399
doge,72,best_feature,2026-02,4,0.00042466
doge,72,best_feature,2026-02,5,-0.00028448
doge,72,best_feature,2026-02,6,-0.00149784
doge,72,best_feature,2026-02,7,-0.00173619
doge,72,best_feature,2026-02,8,-0.00097588
doge,72,best_feature,2026-02,9,-0.00227041
doge,72,best_feature,2026-02,10,-0.00106434
doge,72,best_feature,2026-03,1,-0.00608773
doge,72,best_feature,2026-03,2,-0.00236213
doge,72,best_feature,2026-03,3,-0.00139398
doge,72,best_feature,2026-03,4,-0.00128139
doge,72,best_feature,2026-03,5,-0.00060498
doge,72,best_feature,2026-03,6,-0.00106345
doge,72,best_feature,2026-03,7,0.00070959
doge,72,best_feature,2026-03,8,0.00290936
doge,72,best_feature,2026-03,9,0.00311563
doge,72,best_feature,2026-03,10,0.00317856
doge,72,best_feature,2026-04,1,5.45e-06
doge,72,best_feature,2026-04,2,0.00071115
doge,72,best_feature,2026-04,3,0.0009919
doge,72,best_feature,2026-04,4,0.00194562
doge,72,best_feature,2026-04,5,0.00228077
doge,72,best_feature,2026-04,6,0.00142256
doge,72,best_feature,2026-04,7,0.00167968
doge,72,best_feature,2026-04,8,0.00212259
doge,72,best_feature,2026-04,9,0.00105548
doge,72,best_feature,2026-04,10,0.0012915
doge,72,best_feature,2026-05,1,-0.00196965
doge,72,best_feature,2026-05,2,-0.00179991
doge,72,best_feature,2026-05,3,-0.00140458
doge,72,best_feature,2026-05,4,-0.00024242
doge,72,best_feature,2026-05,5,0.00029098
doge,72,best_feature,2026-05,6,-0.00029201
doge,72,best_feature,2026-05,7,-0.00091497
doge,72,best_feature,2026-05,8,-0.00025386
doge,72,best_feature,2026-05,9,-0.00039093
doge,72,best_feature,2026-05,10,0.00022471
doge,72,ridge,2025-12,1,-0.00246427
doge,72,ridge,2025-12,2,-0.00135752
doge,72,ridge,2025-12,3,-0.00052274
doge,72,ridge,2025-12,4,-0.00079998
doge,72,ridge,2025-12,5,-0.00097853
doge,72,ridge,2025-12,6,-0.00106099
doge,72,ridge,2025-12,7,-0.00107861
doge,72,ridge,2025-12,8,0.00022374
doge,72,ridge,2025-12,9,-0.00029205
doge,72,ridge,2025-12,10,-0.00444634
doge,72,ridge,2026-01,1,-0.00042605
doge,72,ridge,2026-01,2,0.00025864
doge,72,ridge,2026-01,3,-0.00172404
doge,72,ridge,2026-01,4,-0.00151396
doge,72,ridge,2026-01,5,-0.00086921
doge,72,ridge,2026-01,6,0.0004342
doge,72,ridge,2026-01,7,-0.00221515
doge,72,ridge,2026-01,8,-0.0007558
doge,72,ridge,2026-01,9,-0.00423442
doge,72,ridge,2026-01,10,0.00136173
doge,72,ridge,2026-02,1,0.00149122
doge,72,ridge,2026-02,2,-0.00109187
doge,72,ridge,2026-02,3,-0.00220027
doge,72,ridge,2026-02,4,-0.00220596
doge,72,ridge,2026-02,5,-0.00131603
doge,72,ridge,2026-02,6,-0.00305319
doge,72,ridge,2026-02,7,-0.00133104
doge,72,ridge,2026-02,8,0.0004229
doge,72,ridge,2026-02,9,0.00214297
doge,72,ridge,2026-02,10,-0.00108684
doge,72,ridge,2026-03,1,0.00276361
doge,72,ridge,2026-03,2,0.00247102
doge,72,ridge,2026-03,3,0.00179811
doge,72,ridge,2026-03,4,-0.00022826
doge,72,ridge,2026-03,5,-0.00075569
doge,72,ridge,2026-03,6,-0.00212191
doge,72,ridge,2026-03,7,-0.00085841
doge,72,ridge,2026-03,8,-0.00238462
doge,72,ridge,2026-03,9,-0.00177534
doge,72,ridge,2026-03,10,-0.00178028
doge,72,ridge,2026-04,1,0.00382451
doge,72,ridge,2026-04,2,0.00054475
doge,72,ridge,2026-04,3,0.00019231
doge,72,ridge,2026-04,4,4.737e-05
doge,72,ridge,2026-04,5,0.00188582
doge,72,ridge,2026-04,6,0.00132729
doge,72,ridge,2026-04,7,0.00171835
doge,72,ridge,2026-04,8,0.00239998
doge,72,ridge,2026-04,9,0.00156717
doge,72,ridge,2026-04,10,-8.4e-07
doge,72,ridge,2026-05,1,-0.00014884
doge,72,ridge,2026-05,2,-0.00097631
doge,72,ridge,2026-05,3,-0.0011459
doge,72,ridge,2026-05,4,-0.00065724
doge,72,ridge,2026-05,5,-0.00044483
doge,72,ridge,2026-05,6,-0.00010226
doge,72,ridge,2026-05,7,-0.00074621
doge,72,ridge,2026-05,8,-0.0012005
doge,72,ridge,2026-05,9,-0.0013843
doge,72,ridge,2026-05,10,5.524e-05
doge,72,lightgbm,2025-12,1,-0.00270295
doge,72,lightgbm,2025-12,2,
doge,72,lightgbm,2025-12,3,
doge,72,lightgbm,2025-12,4,
doge,72,lightgbm,2025-12,5,-0.00158074
doge,72,lightgbm,2025-12,6,
doge,72,lightgbm,2025-12,7,
doge,72,lightgbm,2025-12,8,
doge,72,lightgbm,2025-12,9,-8.502e-05
doge,72,lightgbm,2025-12,10,
doge,72,lightgbm,2026-01,1,-0.00148895
doge,72,lightgbm,2026-01,2,0.0015017
doge,72,lightgbm,2026-01,3,0.00224022
doge,72,lightgbm,2026-01,4,-9.841e-05
doge,72,lightgbm,2026-01,5,-0.00192353
doge,72,lightgbm,2026-01,6,0.00109346
doge,72,lightgbm,2026-01,7,-0.00225114
doge,72,lightgbm,2026-01,8,-0.00116824
doge,72,lightgbm,2026-01,9,-0.00499993
doge,72,lightgbm,2026-01,10,-0.00258969
doge,72,lightgbm,2026-02,1,0.0013084
doge,72,lightgbm,2026-02,2,
doge,72,lightgbm,2026-02,3,
doge,72,lightgbm,2026-02,4,0.00213862
doge,72,lightgbm,2026-02,5,
doge,72,lightgbm,2026-02,6,
doge,72,lightgbm,2026-02,7,
doge,72,lightgbm,2026-02,8,-0.00489418
doge,72,lightgbm,2026-02,9,
doge,72,lightgbm,2026-02,10,-0.01505235
doge,72,lightgbm,2026-03,1,0.00015958
doge,72,lightgbm,2026-03,2,
doge,72,lightgbm,2026-03,3,
doge,72,lightgbm,2026-03,4,0.00032891
doge,72,lightgbm,2026-03,5,
doge,72,lightgbm,2026-03,6,
doge,72,lightgbm,2026-03,7,-0.00535554
doge,72,lightgbm,2026-03,8,0.01320103
doge,72,lightgbm,2026-03,9,0.00018694
doge,72,lightgbm,2026-03,10,
doge,72,lightgbm,2026-04,1,0.00291211
doge,72,lightgbm,2026-04,2,0.00397723
doge,72,lightgbm,2026-04,3,0.00328903
doge,72,lightgbm,2026-04,4,0.00369536
doge,72,lightgbm,2026-04,5,0.00561884
doge,72,lightgbm,2026-04,6,-0.00123274
doge,72,lightgbm,2026-04,7,-0.00150066
doge,72,lightgbm,2026-04,8,-0.00289249
doge,72,lightgbm,2026-04,9,-0.00049172
doge,72,lightgbm,2026-04,10,0.00013076
doge,72,lightgbm,2026-05,1,
doge,72,lightgbm,2026-05,2,0.00197929
doge,72,lightgbm,2026-05,3,0.0031877
doge,72,lightgbm,2026-05,4,
doge,72,lightgbm,2026-05,5,
doge,72,lightgbm,2026-05,6,
doge,72,lightgbm,2026-05,7,-0.00168831
doge,72,lightgbm,2026-05,8,
doge,72,lightgbm,2026-05,9,
doge,72,lightgbm,2026-05,10,
uni,4,momentum,2025-12,1,-1.186e-05
uni,4,momentum,2025-12,2,1.843e-05
uni,4,momentum,2025-12,3,-0.00034585
uni,4,momentum,2025-12,4,2.302e-05
uni,4,momentum,2025-12,5,4.98e-05
uni,4,momentum,2025-12,6,0.00025469
uni,4,momentum,2025-12,7,4.05e-06
uni,4,momentum,2025-12,8,0.00035817
uni,4,momentum,2025-12,9,7.379e-05
uni,4,momentum,2025-12,10,-0.00055313
uni,4,momentum,2026-01,1,-0.00049233
uni,4,momentum,2026-01,2,-0.0002235
uni,4,momentum,2026-01,3,-0.00035326
uni,4,momentum,2026-01,4,-0.00030929
uni,4,momentum,2026-01,5,-0.00027146
uni,4,momentum,2026-01,6,-0.00013614
uni,4,momentum,2026-01,7,-8.242e-05
uni,4,momentum,2026-01,8,3.756e-05
uni,4,momentum,2026-01,9,0.00017842
uni,4,momentum,2026-01,10,6.344e-05
uni,4,momentum,2026-02,1,-3.44e-06
uni,4,momentum,2026-02,2,-0.00011118
uni,4,momentum,2026-02,3,-0.00024194
uni,4,momentum,2026-02,4,-0.00014561
uni,4,momentum,2026-02,5,5.911e-05
uni,4,momentum,2026-02,6,-0.00011185
uni,4,momentum,2026-02,7,0.00030553
uni,4,momentum,2026-02,8,-0.00039659
uni,4,momentum,2026-02,9,-0.00022654
uni,4,momentum,2026-02,10,0.00065474
uni,4,momentum,2026-03,1,-0.00065232
uni,4,momentum,2026-03,2,-0.00021482
uni,4,momentum,2026-03,3,-0.00030441
uni,4,momentum,2026-03,4,-4.556e-05
uni,4,momentum,2026-03,5,-0.00027816
uni,4,momentum,2026-03,6,-0.00031857
uni,4,momentum,2026-03,7,0.00016087
uni,4,momentum,2026-03,8,5.016e-05
uni,4,momentum,2026-03,9,0.00042174
uni,4,momentum,2026-03,10,0.00085002
uni,4,momentum,2026-04,1,-0.00019598
uni,4,momentum,2026-04,2,-0.00011127
uni,4,momentum,2026-04,3,-0.00013804
uni,4,momentum,2026-04,4,7.82e-05
uni,4,momentum,2026-04,5,-0.00012351
uni,4,momentum,2026-04,6,0.00013922
uni,4,momentum,2026-04,7,0.00011842
uni,4,momentum,2026-04,8,-0.00024819
uni,4,momentum,2026-04,9,0.00022399
uni,4,momentum,2026-04,10,-0.00021374
uni,4,momentum,2026-05,1,0.00023561
uni,4,momentum,2026-05,2,-0.00012856
uni,4,momentum,2026-05,3,-8.84e-06
uni,4,momentum,2026-05,4,-3.08e-06
uni,4,momentum,2026-05,5,-0.00024112
uni,4,momentum,2026-05,6,1.07e-05
uni,4,momentum,2026-05,7,-7.088e-05
uni,4,momentum,2026-05,8,-1.398e-05
uni,4,momentum,2026-05,9,-0.0002051
uni,4,momentum,2026-05,10,0.00016503
uni,4,best_feature,2025-12,1,-1.186e-05
uni,4,best_feature,2025-12,2,1.843e-05
uni,4,best_feature,2025-12,3,-0.00034585
uni,4,best_feature,2025-12,4,2.302e-05
uni,4,best_feature,2025-12,5,4.98e-05
uni,4,best_feature,2025-12,6,0.00025469
uni,4,best_feature,2025-12,7,4.05e-06
uni,4,best_feature,2025-12,8,0.00035817
uni,4,best_feature,2025-12,9,7.379e-05
uni,4,best_feature,2025-12,10,-0.00055313
uni,4,best_feature,2026-01,1,-0.00049233
uni,4,best_feature,2026-01,2,-0.0002235
uni,4,best_feature,2026-01,3,-0.00035326
uni,4,best_feature,2026-01,4,-0.00030929
uni,4,best_feature,2026-01,5,-0.00027146
uni,4,best_feature,2026-01,6,-0.00013614
uni,4,best_feature,2026-01,7,-8.242e-05
uni,4,best_feature,2026-01,8,3.756e-05
uni,4,best_feature,2026-01,9,0.00017842
uni,4,best_feature,2026-01,10,6.344e-05
uni,4,best_feature,2026-02,1,-3.44e-06
uni,4,best_feature,2026-02,2,-0.00011118
uni,4,best_feature,2026-02,3,-0.00024194
uni,4,best_feature,2026-02,4,-0.00014561
uni,4,best_feature,2026-02,5,5.911e-05
uni,4,best_feature,2026-02,6,-0.00011185
uni,4,best_feature,2026-02,7,0.00030553
uni,4,best_feature,2026-02,8,-0.00039659
uni,4,best_feature,2026-02,9,-0.00022654
uni,4,best_feature,2026-02,10,0.00065474
uni,4,best_feature,2026-03,1,-0.00065232
uni,4,best_feature,2026-03,2,-0.00021482
uni,4,best_feature,2026-03,3,-0.00030441
uni,4,best_feature,2026-03,4,-4.556e-05
uni,4,best_feature,2026-03,5,-0.00027816
uni,4,best_feature,2026-03,6,-0.00031857
uni,4,best_feature,2026-03,7,0.00016087
uni,4,best_feature,2026-03,8,5.016e-05
uni,4,best_feature,2026-03,9,0.00042174
uni,4,best_feature,2026-03,10,0.00085002
uni,4,best_feature,2026-04,1,-0.00019598
uni,4,best_feature,2026-04,2,-0.00011127
uni,4,best_feature,2026-04,3,-0.00013804
uni,4,best_feature,2026-04,4,7.82e-05
uni,4,best_feature,2026-04,5,-0.00012351
uni,4,best_feature,2026-04,6,0.00013922
uni,4,best_feature,2026-04,7,0.00011842
uni,4,best_feature,2026-04,8,-0.00024819
uni,4,best_feature,2026-04,9,0.00022399
uni,4,best_feature,2026-04,10,-0.00021374
uni,4,best_feature,2026-05,1,0.00023561
uni,4,best_feature,2026-05,2,-0.00012856
uni,4,best_feature,2026-05,3,-8.84e-06
uni,4,best_feature,2026-05,4,-3.08e-06
uni,4,best_feature,2026-05,5,-0.00024112
uni,4,best_feature,2026-05,6,1.07e-05
uni,4,best_feature,2026-05,7,-7.088e-05
uni,4,best_feature,2026-05,8,-1.398e-05
uni,4,best_feature,2026-05,9,-0.0002051
uni,4,best_feature,2026-05,10,0.00016503
uni,4,ridge,2025-12,1,0.00011266
uni,4,ridge,2025-12,2,-0.00028244
uni,4,ridge,2025-12,3,-7.11e-06
uni,4,ridge,2025-12,4,-1.889e-05
uni,4,ridge,2025-12,5,8.83e-05
uni,4,ridge,2025-12,6,0.00031762
uni,4,ridge,2025-12,7,0.00014527
uni,4,ridge,2025-12,8,-2.101e-05
uni,4,ridge,2025-12,9,0.00030004
uni,4,ridge,2025-12,10,-0.00076314
uni,4,ridge,2026-01,1,-0.00024883
uni,4,ridge,2026-01,2,-0.00014108
uni,4,ridge,2026-01,3,-0.000206
uni,4,ridge,2026-01,4,-0.00025597
uni,4,ridge,2026-01,5,8.25e-06
uni,4,ridge,2026-01,6,-0.00011314
uni,4,ridge,2026-01,7,-0.00015078
uni,4,ridge,2026-01,8,-0.00021563
uni,4,ridge,2026-01,9,0.00027877
uni,4,ridge,2026-01,10,-0.00054428
uni,4,ridge,2026-02,1,-0.00042454
uni,4,ridge,2026-02,2,5.536e-05
uni,4,ridge,2026-02,3,-0.00035272
uni,4,ridge,2026-02,4,-0.00011257
uni,4,ridge,2026-02,5,0.00015456
uni,4,ridge,2026-02,6,-0.00018811
uni,4,ridge,2026-02,7,9.201e-05
uni,4,ridge,2026-02,8,-0.00032739
uni,4,ridge,2026-02,9,0.00021111
uni,4,ridge,2026-02,10,0.00067446
uni,4,ridge,2026-03,1,-0.00063809
uni,4,ridge,2026-03,2,-0.00043646
uni,4,ridge,2026-03,3,-0.00012761
uni,4,ridge,2026-03,4,-0.00029809
uni,4,ridge,2026-03,5,-0.00018668
uni,4,ridge,2026-03,6,-2.086e-05
uni,4,ridge,2026-03,7,0.00011534
uni,4,ridge,2026-03,8,0.00015596
uni,4,ridge,2026-03,9,0.00047364
uni,4,ridge,2026-03,10,0.00063179
uni,4,ridge,2026-04,1,-0.00035186
uni,4,ridge,2026-04,2,3.414e-05
uni,4,ridge,2026-04,3,-0.00011929
uni,4,ridge,2026-04,4,-6.496e-05
uni,4,ridge,2026-04,5,0.00010728
uni,4,ridge,2026-04,6,-8.571e-05
uni,4,ridge,2026-04,7,0.00010503
uni,4,ridge,2026-04,8,-6.104e-05
uni,4,ridge,2026-04,9,0.00014199
uni,4,ridge,2026-04,10,-0.00017592
uni,4,ridge,2026-05,1,0.00023105
uni,4,ridge,2026-05,2,2.25e-06
uni,4,ridge,2026-05,3,-0.0001087
uni,4,ridge,2026-05,4,-9.507e-05
uni,4,ridge,2026-05,5,-0.00023495
uni,4,ridge,2026-05,6,-6.246e-05
uni,4,ridge,2026-05,7,-7.043e-05
uni,4,ridge,2026-05,8,-0.00010105
uni,4,ridge,2026-05,9,-2.946e-05
uni,4,ridge,2026-05,10,0.00020875
uni,4,lightgbm,2025-12,1,-8.082e-05
uni,4,lightgbm,2025-12,2,-0.00025316
uni,4,lightgbm,2025-12,3,2.022e-05
uni,4,lightgbm,2025-12,4,6.26e-06
uni,4,lightgbm,2025-12,5,0.00019278
uni,4,lightgbm,2025-12,6,-0.00013567
uni,4,lightgbm,2025-12,7,0.00036752
uni,4,lightgbm,2025-12,8,0.00025313
uni,4,lightgbm,2025-12,9,5.78e-05
uni,4,lightgbm,2025-12,10,-0.00055943
uni,4,lightgbm,2026-01,1,-0.00059702
uni,4,lightgbm,2026-01,2,-0.00019303
uni,4,lightgbm,2026-01,3,-0.00023059
uni,4,lightgbm,2026-01,4,-0.0002392
uni,4,lightgbm,2026-01,5,-0.00011456
uni,4,lightgbm,2026-01,6,-6.89e-05
uni,4,lightgbm,2026-01,7,3.392e-05
uni,4,lightgbm,2026-01,8,2.095e-05
uni,4,lightgbm,2026-01,9,0.00031578
uni,4,lightgbm,2026-01,10,-0.00051638
uni,4,lightgbm,2026-02,1,0.00051063
uni,4,lightgbm,2026-02,2,-5.862e-05
uni,4,lightgbm,2026-02,3,-9.312e-05
uni,4,lightgbm,2026-02,4,-0.00038888
uni,4,lightgbm,2026-02,5,-2.36e-06
uni,4,lightgbm,2026-02,6,-0.00034626
uni,4,lightgbm,2026-02,7,3.497e-05
uni,4,lightgbm,2026-02,8,-4.736e-05
uni,4,lightgbm,2026-02,9,4.995e-05
uni,4,lightgbm,2026-02,10,0.00012345
uni,4,lightgbm,2026-03,1,-0.00085358
uni,4,lightgbm,2026-03,2,-0.00032923
uni,4,lightgbm,2026-03,3,-0.0003974
uni,4,lightgbm,2026-03,4,-6.492e-05
uni,4,lightgbm,2026-03,5,-8.21e-06
uni,4,lightgbm,2026-03,6,-8.73e-06
uni,4,lightgbm,2026-03,7,0.00010719
uni,4,lightgbm,2026-03,8,0.00019654
uni,4,lightgbm,2026-03,9,0.00029341
uni,4,lightgbm,2026-03,10,0.00073365
uni,4,lightgbm,2026-04,1,-0.00017355
uni,4,lightgbm,2026-04,2,-0.00018021
uni,4,lightgbm,2026-04,3,-3.717e-05
uni,4,lightgbm,2026-04,4,-7.759e-05
uni,4,lightgbm,2026-04,5,-4.072e-05
uni,4,lightgbm,2026-04,6,-1.288e-05
uni,4,lightgbm,2026-04,7,-6.798e-05
uni,4,lightgbm,2026-04,8,-4.518e-05
uni,4,lightgbm,2026-04,9,0.00028137
uni,4,lightgbm,2026-04,10,-0.00011643
uni,4,lightgbm,2026-05,1,9.275e-05
uni,4,lightgbm,2026-05,2,0.00010294
uni,4,lightgbm,2026-05,3,-0.0001579
uni,4,lightgbm,2026-05,4,-1.386e-05
uni,4,lightgbm,2026-05,5,-0.00035071
uni,4,lightgbm,2026-05,6,-0.00012758
uni,4,lightgbm,2026-05,7,-0.00013434
uni,4,lightgbm,2026-05,8,2.926e-05
uni,4,lightgbm,2026-05,9,-9.043e-05
uni,4,lightgbm,2026-05,10,0.00038963
uni,12,momentum,2025-12,1,-0.00020053
uni,12,momentum,2025-12,2,0.00017388
uni,12,momentum,2025-12,3,-2.689e-05
uni,12,momentum,2025-12,4,-0.00036898
uni,12,momentum,2025-12,5,0.00021813
uni,12,momentum,2025-12,6,0.00027958
uni,12,momentum,2025-12,7,8.249e-05
uni,12,momentum,2025-12,8,0.00023241
uni,12,momentum,2025-12,9,0.00027757
uni,12,momentum,2025-12,10,-0.00079619
uni,12,momentum,2026-01,1,-0.00073208
uni,12,momentum,2026-01,2,-0.00032235
uni,12,momentum,2026-01,3,-0.00052089
uni,12,momentum,2026-01,4,-0.00073069
uni,12,momentum,2026-01,5,-0.00069153
uni,12,momentum,2026-01,6,-0.0007457
uni,12,momentum,2026-01,7,0.00022842
uni,12,momentum,2026-01,8,-1.534e-05
uni,12,momentum,2026-01,9,-0.00046841
uni,12,momentum,2026-01,10,-0.00076551
uni,12,momentum,2026-02,1,-0.00177279
uni,12,momentum,2026-02,2,0.00133984
uni,12,momentum,2026-02,3,-1.593e-05
uni,12,momentum,2026-02,4,-0.00024647
uni,12,momentum,2026-02,5,-0.00069887
uni,12,momentum,2026-02,6,-6.306e-05
uni,12,momentum,2026-02,7,0.0006215
uni,12,momentum,2026-02,8,0.00032553
uni,12,momentum,2026-02,9,-0.00072992
uni,12,momentum,2026-02,10,0.00056906
uni,12,momentum,2026-03,1,-0.00167439
uni,12,momentum,2026-03,2,-0.00058896
uni,12,momentum,2026-03,3,1.341e-05
uni,12,momentum,2026-03,4,0.0004024
uni,12,momentum,2026-03,5,-0.00016128
uni,12,momentum,2026-03,6,-0.0003355
uni,12,momentum,2026-03,7,-0.00015968
uni,12,momentum,2026-03,8,0.0002453
uni,12,momentum,2026-03,9,0.00098659
uni,12,momentum,2026-03,10,0.00030026
uni,12,momentum,2026-04,1,-0.000171
uni,12,momentum,2026-04,2,-0.00026602
uni,12,momentum,2026-04,3,0.00010952
uni,12,momentum,2026-04,4,-2.37e-06
uni,12,momentum,2026-04,5,-0.0004887
uni,12,momentum,2026-04,6,9.497e-05
uni,12,momentum,2026-04,7,9.349e-05
uni,12,momentum,2026-04,8,0.00015671
uni,12,momentum,2026-04,9,-0.00069783
uni,12,momentum,2026-04,10,-0.00027057
uni,12,momentum,2026-05,1,0.0010563
uni,12,momentum,2026-05,2,-0.00033073
uni,12,momentum,2026-05,3,-0.00015301
uni,12,momentum,2026-05,4,-0.00026996
uni,12,momentum,2026-05,5,-5.919e-05
uni,12,momentum,2026-05,6,-0.00011868
uni,12,momentum,2026-05,7,-0.000705
uni,12,momentum,2026-05,8,-0.00054995
uni,12,momentum,2026-05,9,0.00012951
uni,12,momentum,2026-05,10,0.00023772
uni,12,best_feature,2025-12,1,0.00150147
uni,12,best_feature,2025-12,2,0.00068964
uni,12,best_feature,2025-12,3,-0.00102299
uni,12,best_feature,2025-12,4,-0.0002671
uni,12,best_feature,2025-12,5,0.00090895
uni,12,best_feature,2025-12,6,0.00039772
uni,12,best_feature,2025-12,7,-0.00077246
uni,12,best_feature,2025-12,8,0.00053428
uni,12,best_feature,2025-12,9,-0.00070956
uni,12,best_feature,2025-12,10,-0.00138645
uni,12,best_feature,2026-01,1,-0.00065216
uni,12,best_feature,2026-01,2,-0.00036824
uni,12,best_feature,2026-01,3,-0.00083998
uni,12,best_feature,2026-01,4,-0.00088671
uni,12,best_feature,2026-01,5,-0.00070461
uni,12,best_feature,2026-01,6,-0.00049569
uni,12,best_feature,2026-01,7,0.00016744
uni,12,best_feature,2026-01,8,-0.00034564
uni,12,best_feature,2026-01,9,0.00011563
uni,12,best_feature,2026-01,10,-0.00075348
uni,12,best_feature,2026-02,1,-0.00070598
uni,12,best_feature,2026-02,2,-1.366e-05
uni,12,best_feature,2026-02,3,0.00023195
uni,12,best_feature,2026-02,4,-0.00015573
uni,12,best_feature,2026-02,5,0.00019114
uni,12,best_feature,2026-02,6,0.00065506
uni,12,best_feature,2026-02,7,0.00063951
uni,12,best_feature,2026-02,8,-0.00118383
uni,12,best_feature,2026-02,9,-0.00042293
uni,12,best_feature,2026-02,10,9.458e-05
uni,12,best_feature,2026-03,1,-0.00121083
uni,12,best_feature,2026-03,2,-0.00042765
uni,12,best_feature,2026-03,3,-0.00041871
uni,12,best_feature,2026-03,4,-0.00022145
uni,12,best_feature,2026-03,5,-0.00017411
uni,12,best_feature,2026-03,6,-0.00028561
uni,12,best_feature,2026-03,7,-0.00010732
uni,12,best_feature,2026-03,8,3.518e-05
uni,12,best_feature,2026-03,9,0.00066484
uni,12,best_feature,2026-03,10,0.00117476
uni,12,best_feature,2026-04,1,-0.00014452
uni,12,best_feature,2026-04,2,-0.00011274
uni,12,best_feature,2026-04,3,5.95e-05
uni,12,best_feature,2026-04,4,4.615e-05
uni,12,best_feature,2026-04,5,-4.358e-05
uni,12,best_feature,2026-04,6,0.00011508
uni,12,best_feature,2026-04,7,-0.000266
uni,12,best_feature,2026-04,8,-0.0006899
uni,12,best_feature,2026-04,9,0.00018084
uni,12,best_feature,2026-04,10,-0.00058739
uni,12,best_feature,2026-05,1,0.00037666
uni,12,best_feature,2026-05,2,-0.00018808
uni,12,best_feature,2026-05,3,6.124e-05
uni,12,best_feature,2026-05,4,0.00021489
uni,12,best_feature,2026-05,5,-0.00042349
uni,12,best_feature,2026-05,6,-4.936e-05
uni,12,best_feature,2026-05,7,-7.03e-06
uni,12,best_feature,2026-05,8,-0.00048172
uni,12,best_feature,2026-05,9,-0.00027451
uni,12,best_feature,2026-05,10,6.87e-06
uni,12,ridge,2025-12,1,0.00047074
uni,12,ridge,2025-12,2,0.00119264
uni,12,ridge,2025-12,3,0.00042983
uni,12,ridge,2025-12,4,-0.00038277
uni,12,ridge,2025-12,5,-2.492e-05
uni,12,ridge,2025-12,6,-0.00032422
uni,12,ridge,2025-12,7,-1.703e-05
uni,12,ridge,2025-12,8,-9.522e-05
uni,12,ridge,2025-12,9,-0.00019966
uni,12,ridge,2025-12,10,-0.00117782
uni,12,ridge,2026-01,1,-0.0008821
uni,12,ridge,2026-01,2,0.00012457
uni,12,ridge,2026-01,3,-0.00029852
uni,12,ridge,2026-01,4,3.283e-05
uni,12,ridge,2026-01,5,-0.00027519
uni,12,ridge,2026-01,6,-0.00065128
uni,12,ridge,2026-01,7,-0.0010664
uni,12,ridge,2026-01,8,-0.00047107
uni,12,ridge,2026-01,9,-0.00037978
uni,12,ridge,2026-01,10,-0.00089694
uni,12,ridge,2026-02,1,-8.559e-05
uni,12,ridge,2026-02,2,-8.275e-05
uni,12,ridge,2026-02,3,-0.00108642
uni,12,ridge,2026-02,4,-0.00041815
uni,12,ridge,2026-02,5,-0.00060957
uni,12,ridge,2026-02,6,0.00022926
uni,12,ridge,2026-02,7,0.00048027
uni,12,ridge,2026-02,8,0.00039464
uni,12,ridge,2026-02,9,-0.00034139
uni,12,ridge,2026-02,10,0.00085081
uni,12,ridge,2026-03,1,-0.00139297
uni,12,ridge,2026-03,2,-0.00031189
uni,12,ridge,2026-03,3,-0.00046102
uni,12,ridge,2026-03,4,-0.00083665
uni,12,ridge,2026-03,5,9.185e-05
uni,12,ridge,2026-03,6,0.00012136
uni,12,ridge,2026-03,7,0.00036741
uni,12,ridge,2026-03,8,7.717e-05
uni,12,ridge,2026-03,9,0.00080994
uni,12,ridge,2026-03,10,0.00056421
uni,12,ridge,2026-04,1,-0.00051639
uni,12,ridge,2026-04,2,-0.00039604
uni,12,ridge,2026-04,3,-0.00061027
uni,12,ridge,2026-04,4,0.00024261
uni,12,ridge,2026-04,5,0.00017149
uni,12,ridge,2026-04,6,-0.00020061
uni,12,ridge,2026-04,7,-7.429e-05
uni,12,ridge,2026-04,8,4.977e-05
uni,12,ridge,2026-04,9,-4.83e-06
uni,12,ridge,2026-04,10,-0.00010256
uni,12,ridge,2026-05,1,0.00024283
uni,12,ridge,2026-05,2,0.00048093
uni,12,ridge,2026-05,3,-0.00014529
uni,12,ridge,2026-05,4,-0.00022009
uni,12,ridge,2026-05,5,-0.00060031
uni,12,ridge,2026-05,6,-0.00048112
uni,12,ridge,2026-05,7,0.00016437
uni,12,ridge,2026-05,8,-0.00040695
uni,12,ridge,2026-05,9,0.00025963
uni,12,ridge,2026-05,10,-5.814e-05
uni,12,lightgbm,2025-12,1,0.00084406
uni,12,lightgbm,2025-12,2,0.0001245
uni,12,lightgbm,2025-12,3,-5.543e-05
uni,12,lightgbm,2025-12,4,-0.00027197
uni,12,lightgbm,2025-12,5,0.00025431
uni,12,lightgbm,2025-12,6,-0.00085537
uni,12,lightgbm,2025-12,7,0.00015757
uni,12,lightgbm,2025-12,8,-0.00048627
uni,12,lightgbm,2025-12,9,-0.00150345
uni,12,lightgbm,2025-12,10,0.00140767
uni,12,lightgbm,2026-01,1,0.0001056
uni,12,lightgbm,2026-01,2,-0.00291807
uni,12,lightgbm,2026-01,3,-0.00012577
uni,12,lightgbm,2026-01,4,
uni,12,lightgbm,2026-01,5,0.00133899
uni,12,lightgbm,2026-01,6,-0.00241469
uni,12,lightgbm,2026-01,7,
uni,12,lightgbm,2026-01,8,-0.00078653
uni,12,lightgbm,2026-01,9,-0.00680523
uni,12,lightgbm,2026-01,10,-0.00049375
uni,12,lightgbm,2026-02,1,-7.089e-05
uni,12,lightgbm,2026-02,2,0.00204396
uni,12,lightgbm,2026-02,3,
uni,12,lightgbm,2026-02,4,-0.00055753
uni,12,lightgbm,2026-02,5,1.539e-05
uni,12,lightgbm,2026-02,6,-0.0008521
uni,12,lightgbm,2026-02,7,-0.0023114
uni,12,lightgbm,2026-02,8,-0.00013153
uni,12,lightgbm,2026-02,9,-0.00232663
uni,12,lightgbm,2026-02,10,0.00041424
uni,12,lightgbm,2026-03,1,-0.0014001
uni,12,lightgbm,2026-03,2,-0.0003937
uni,12,lightgbm,2026-03,3,-0.00076614
uni,12,lightgbm,2026-03,4,-0.000783
uni,12,lightgbm,2026-03,5,-7.283e-05
uni,12,lightgbm,2026-03,6,0.00053386
uni,12,lightgbm,2026-03,7,7.24e-06
uni,12,lightgbm,2026-03,8,-0.00033534
uni,12,lightgbm,2026-03,9,0.00074262
uni,12,lightgbm,2026-03,10,0.00149647
uni,12,lightgbm,2026-04,1,0.00092075
uni,12,lightgbm,2026-04,2,-0.00072303
uni,12,lightgbm,2026-04,3,-0.00084379
uni,12,lightgbm,2026-04,4,-0.00018884
uni,12,lightgbm,2026-04,5,-0.00025133
uni,12,lightgbm,2026-04,6,-0.00026363
uni,12,lightgbm,2026-04,7,-0.00056575
uni,12,lightgbm,2026-04,8,5.884e-05
uni,12,lightgbm,2026-04,9,-0.00010968
uni,12,lightgbm,2026-04,10,0.00052533
uni,12,lightgbm,2026-05,1,-0.00064076
uni,12,lightgbm,2026-05,2,-0.00023671
uni,12,lightgbm,2026-05,3,-5.137e-05
uni,12,lightgbm,2026-05,4,-0.00025197
uni,12,lightgbm,2026-05,5,-0.00024023
uni,12,lightgbm,2026-05,6,0.00035916
uni,12,lightgbm,2026-05,7,3.231e-05
uni,12,lightgbm,2026-05,8,-0.00053193
uni,12,lightgbm,2026-05,9,3.016e-05
uni,12,lightgbm,2026-05,10,0.00076736
uni,36,momentum,2025-12,1,-0.00272704
uni,36,momentum,2025-12,2,-0.0006072
uni,36,momentum,2025-12,3,-4.44e-05
uni,36,momentum,2025-12,4,-0.00090032
uni,36,momentum,2025-12,5,-0.00055526
uni,36,momentum,2025-12,6,-0.00183678
uni,36,momentum,2025-12,7,0.00025128
uni,36,momentum,2025-12,8,0.0003223
uni,36,momentum,2025-12,9,0.00274616
uni,36,momentum,2025-12,10,0.00333253
uni,36,momentum,2026-01,1,-0.00284973
uni,36,momentum,2026-01,2,-0.00168052
uni,36,momentum,2026-01,3,-0.00191088
uni,36,momentum,2026-01,4,-0.00126847
uni,36,momentum,2026-01,5,-0.00091578
uni,36,momentum,2026-01,6,2.739e-05
uni,36,momentum,2026-01,7,-0.0016332
uni,36,momentum,2026-01,8,-0.00100736
uni,36,momentum,2026-01,9,-0.00149273
uni,36,momentum,2026-01,10,-0.00156159
uni,36,momentum,2026-02,1,-0.0015727
uni,36,momentum,2026-02,2,-0.00121139
uni,36,momentum,2026-02,3,-0.00267828
uni,36,momentum,2026-02,4,-0.0034317
uni,36,momentum,2026-02,5,-0.00184919
uni,36,momentum,2026-02,6,0.00046416
uni,36,momentum,2026-02,7,0.00350739
uni,36,momentum,2026-02,8,0.00062657
uni,36,momentum,2026-02,9,0.00243563
uni,36,momentum,2026-02,10,0.00225166
uni,36,momentum,2026-03,1,0.00037521
uni,36,momentum,2026-03,2,0.00046943
uni,36,momentum,2026-03,3,9.135e-05
uni,36,momentum,2026-03,4,-0.00075008
uni,36,momentum,2026-03,5,-0.00134042
uni,36,momentum,2026-03,6,-0.00067401
uni,36,momentum,2026-03,7,0.00053839
uni,36,momentum,2026-03,8,0.00015219
uni,36,momentum,2026-03,9,-9.619e-05
uni,36,momentum,2026-03,10,-0.00212153
uni,36,momentum,2026-04,1,-0.00275193
uni,36,momentum,2026-04,2,-0.002019
uni,36,momentum,2026-04,3,0.00094907
uni,36,momentum,2026-04,4,0.0007075
uni,36,momentum,2026-04,5,-0.00086954
uni,36,momentum,2026-04,6,-0.00021248
uni,36,momentum,2026-04,7,-0.0007565
uni,36,momentum,2026-04,8,-0.00028074
uni,36,momentum,2026-04,9,-8.126e-05
uni,36,momentum,2026-04,10,0.00102393
uni,36,momentum,2026-05,1,0.00156069
uni,36,momentum,2026-05,2,-0.00071361
uni,36,momentum,2026-05,3,6.883e-05
uni,36,momentum,2026-05,4,-0.00026349
uni,36,momentum,2026-05,5,-0.00084357
uni,36,momentum,2026-05,6,0.00048722
uni,36,momentum,2026-05,7,0.00024959
uni,36,momentum,2026-05,8,-0.00021572
uni,36,momentum,2026-05,9,-0.00083848
uni,36,momentum,2026-05,10,-0.00188658
uni,36,best_feature,2025-12,1,0.00509242
uni,36,best_feature,2025-12,2,0.00043978
uni,36,best_feature,2025-12,3,-0.00246686
uni,36,best_feature,2025-12,4,-0.00148419
uni,36,best_feature,2025-12,5,0.0023715
uni,36,best_feature,2025-12,6,0.00171492
uni,36,best_feature,2025-12,7,-0.00100267
uni,36,best_feature,2025-12,8,-0.00022574
uni,36,best_feature,2025-12,9,-0.00142521
uni,36,best_feature,2025-12,10,-0.00301994
uni,36,best_feature,2026-01,1,0.00155678
uni,36,best_feature,2026-01,2,-0.00109587
uni,36,best_feature,2026-01,3,-0.00418307
uni,36,best_feature,2026-01,4,-0.00401918
uni,36,best_feature,2026-01,5,-0.002222
uni,36,best_feature,2026-01,6,-0.00083418
uni,36,best_feature,2026-01,7,-0.00019522
uni,36,best_feature,2026-01,8,-0.0014806
uni,36,best_feature,2026-01,9,-0.00248122
uni,36,best_feature,2026-01,10,0.00066569
uni,36,best_feature,2026-02,1,-0.00049026
uni,36,best_feature,2026-02,2,-0.00281349
uni,36,best_feature,2026-02,3,-0.00347705
uni,36,best_feature,2026-02,4,4.8e-06
uni,36,best_feature,2026-02,5,0.0010356
uni,36,best_feature,2026-02,6,0.00367126
uni,36,best_feature,2026-02,7,0.0008207
uni,36,best_feature,2026-02,8,0.00186827
uni,36,best_feature,2026-02,9,0.00039031
uni,36,best_feature,2026-02,10,-0.00246269
uni,36,best_feature,2026-03,1,-0.00212339
uni,36,best_feature,2026-03,2,-0.00059351
uni,36,best_feature,2026-03,3,0.00018953
uni,36,best_feature,2026-03,4,-0.00086987
uni,36,best_feature,2026-03,5,-0.00015318
uni,36,best_feature,2026-03,6,-0.00120422
uni,36,best_feature,2026-03,7,-0.00081678
uni,36,best_feature,2026-03,8,-0.00108894
uni,36,best_feature,2026-03,9,0.00095943
uni,36,best_feature,2026-03,10,0.00234263
uni,36,best_feature,2026-04,1,-0.00318198
uni,36,best_feature,2026-04,2,-0.0001526
uni,36,best_feature,2026-04,3,-0.00078216
uni,36,best_feature,2026-04,4,4.085e-05
uni,36,best_feature,2026-04,5,0.0001815
uni,36,best_feature,2026-04,6,-0.00122033
uni,36,best_feature,2026-04,7,-0.00187106
uni,36,best_feature,2026-04,8,-0.00069834
uni,36,best_feature,2026-04,9,-0.00135021
uni,36,best_feature,2026-04,10,0.0047434
uni,36,best_feature,2026-05,1,0.00161892
uni,36,best_feature,2026-05,2,-0.00097793
uni,36,best_feature,2026-05,3,-0.00392491
uni,36,best_feature,2026-05,4,-0.00070912
uni,36,best_feature,2026-05,5,0.00076707
uni,36,best_feature,2026-05,6,-0.0019709
uni,36,best_feature,2026-05,7,0.00014998
uni,36,best_feature,2026-05,8,-0.00027442
uni,36,best_feature,2026-05,9,-0.00010863
uni,36,best_feature,2026-05,10,0.00302722
uni,36,ridge,2025-12,1,0.00510349
uni,36,ridge,2025-12,2,-0.00028506
uni,36,ridge,2025-12,3,-0.0011692
uni,36,ridge,2025-12,4,-0.00181081
uni,36,ridge,2025-12,5,0.0001762
uni,36,ridge,2025-12,6,9.76e-06
uni,36,ridge,2025-12,7,0.00067349
uni,36,ridge,2025-12,8,-0.00087917
uni,36,ridge,2025-12,9,-0.00087195
uni,36,ridge,2025-12,10,-0.00095465
uni,36,ridge,2026-01,1,-0.00156664
uni,36,ridge,2026-01,2,0.00011668
uni,36,ridge,2026-01,3,7.47e-05
uni,36,ridge,2026-01,4,-0.00043111
uni,36,ridge,2026-01,5,-0.00082454
uni,36,ridge,2026-01,6,-0.00119003
uni,36,ridge,2026-01,7,-0.00217021
uni,36,ridge,2026-01,8,-0.00263121
uni,36,ridge,2026-01,9,-0.00234764
uni,36,ridge,2026-01,10,-0.0033228
uni,36,ridge,2026-02,1,-0.00315916
uni,36,ridge,2026-02,2,7.373e-05
uni,36,ridge,2026-02,3,-0.0002382
uni,36,ridge,2026-02,4,0.00013607
uni,36,ridge,2026-02,5,2.289e-05
uni,36,ridge,2026-02,6,-0.00029472
uni,36,ridge,2026-02,7,0.000161
uni,36,ridge,2026-02,8,1.84e-05
uni,36,ridge,2026-02,9,-0.00046297
uni,36,ridge,2026-02,10,0.00228406
uni,36,ridge,2026-03,1,-0.0023308
uni,36,ridge,2026-03,2,-0.00114996
uni,36,ridge,2026-03,3,-0.00104717
uni,36,ridge,2026-03,4,-0.00021089
uni,36,ridge,2026-03,5,-0.00046704
uni,36,ridge,2026-03,6,-2.88e-06
uni,36,ridge,2026-03,7,0.00054384
uni,36,ridge,2026-03,8,0.00040999
uni,36,ridge,2026-03,9,0.00126457
uni,36,ridge,2026-03,10,-0.00036683
uni,36,ridge,2026-04,1,-0.00068612
uni,36,ridge,2026-04,2,-0.00119813
uni,36,ridge,2026-04,3,-0.0008853
uni,36,ridge,2026-04,4,-0.00095126
uni,36,ridge,2026-04,5,-0.00103934
uni,36,ridge,2026-04,6,-0.00037638
uni,36,ridge,2026-04,7,-0.00085521
uni,36,ridge,2026-04,8,-0.00016159
uni,36,ridge,2026-04,9,-6.897e-05
uni,36,ridge,2026-04,10,0.00193137
uni,36,ridge,2026-05,1,0.00047104
uni,36,ridge,2026-05,2,-0.00031413
uni,36,ridge,2026-05,3,-0.00104191
uni,36,ridge,2026-05,4,-0.00066323
uni,36,ridge,2026-05,5,-7.389e-05
uni,36,ridge,2026-05,6,0.00032283
uni,36,ridge,2026-05,7,-0.00093841
uni,36,ridge,2026-05,8,-0.00096011
uni,36,ridge,2026-05,9,0.00083657
uni,36,ridge,2026-05,10,-3.71e-05
uni,36,lightgbm,2025-12,1,0.00962428
uni,36,lightgbm,2025-12,2,-0.00198298
uni,36,lightgbm,2025-12,3,-0.00080366
uni,36,lightgbm,2025-12,4,-0.00210947
uni,36,lightgbm,2025-12,5,0.00339799
uni,36,lightgbm,2025-12,6,0.000433
uni,36,lightgbm,2025-12,7,-0.00329625
uni,36,lightgbm,2025-12,8,-0.00228218
uni,36,lightgbm,2025-12,9,-0.00160634
uni,36,lightgbm,2025-12,10,-0.00095825
uni,36,lightgbm,2026-01,1,-0.00316168
uni,36,lightgbm,2026-01,2,-0.00112419
uni,36,lightgbm,2026-01,3,-0.00177785
uni,36,lightgbm,2026-01,4,0.00124344
uni,36,lightgbm,2026-01,5,-0.00167382
uni,36,lightgbm,2026-01,6,-0.00090697
uni,36,lightgbm,2026-01,7,0.00119029
uni,36,lightgbm,2026-01,8,-0.00081505
uni,36,lightgbm,2026-01,9,0.00085619
uni,36,lightgbm,2026-01,10,-0.0037053
uni,36,lightgbm,2026-02,1,6.91e-06
uni,36,lightgbm,2026-02,2,0.00695034
uni,36,lightgbm,2026-02,3,0.00554687
uni,36,lightgbm,2026-02,4,-0.00269584
uni,36,lightgbm,2026-02,5,-0.00428382
uni,36,lightgbm,2026-02,6,-0.0042952
uni,36,lightgbm,2026-02,7,0.00121782
uni,36,lightgbm,2026-02,8,-0.00144096
uni,36,lightgbm,2026-02,9,-0.00108068
uni,36,lightgbm,2026-02,10,0.00072488
uni,36,lightgbm,2026-03,1,-0.00116848
uni,36,lightgbm,2026-03,2,
uni,36,lightgbm,2026-03,3,-0.00285522
uni,36,lightgbm,2026-03,4,-0.00033611
uni,36,lightgbm,2026-03,5,
uni,36,lightgbm,2026-03,6,-0.00497337
uni,36,lightgbm,2026-03,7,-0.00057191
uni,36,lightgbm,2026-03,8,-0.00624425
uni,36,lightgbm,2026-03,9,0.00208082
uni,36,lightgbm,2026-03,10,0.00341463
uni,36,lightgbm,2026-04,1,0.00221656
uni,36,lightgbm,2026-04,2,-0.00068738
uni,36,lightgbm,2026-04,3,-0.00217317
uni,36,lightgbm,2026-04,4,-0.00216929
uni,36,lightgbm,2026-04,5,-0.00235045
uni,36,lightgbm,2026-04,6,-0.00203582
uni,36,lightgbm,2026-04,7,-0.00204528
uni,36,lightgbm,2026-04,8,0.00033096
uni,36,lightgbm,2026-04,9,0.00073237
uni,36,lightgbm,2026-04,10,0.00389057
uni,36,lightgbm,2026-05,1,-0.00123218
uni,36,lightgbm,2026-05,2,-8.4e-07
uni,36,lightgbm,2026-05,3,-0.00081733
uni,36,lightgbm,2026-05,4,-0.00100578
uni,36,lightgbm,2026-05,5,0.00018022
uni,36,lightgbm,2026-05,6,0.00030217
uni,36,lightgbm,2026-05,7,-0.00115987
uni,36,lightgbm,2026-05,8,-0.00107583
uni,36,lightgbm,2026-05,9,-0.00050913
uni,36,lightgbm,2026-05,10,0.00291795
uni,72,momentum,2025-12,1,-0.0029395
uni,72,momentum,2025-12,2,-0.00140682
uni,72,momentum,2025-12,3,-0.00062213
uni,72,momentum,2025-12,4,-0.00015963
uni,72,momentum,2025-12,5,0.00101106
uni,72,momentum,2025-12,6,0.00293401
uni,72,momentum,2025-12,7,-0.00018761
uni,72,momentum,2025-12,8,0.00072757
uni,72,momentum,2025-12,9,0.00016026
uni,72,momentum,2025-12,10,0.00140012
uni,72,momentum,2026-01,1,-0.0021583
uni,72,momentum,2026-01,2,-0.00427251
uni,72,momentum,2026-01,3,-0.00303446
uni,72,momentum,2026-01,4,-0.00335447
uni,72,momentum,2026-01,5,-0.00250762
uni,72,momentum,2026-01,6,-0.00223822
uni,72,momentum,2026-01,7,-0.00219214
uni,72,momentum,2026-01,8,-0.00166779
uni,72,momentum,2026-01,9,-0.00450545
uni,72,momentum,2026-01,10,-0.0024045
uni,72,momentum,2026-02,1,0.00247565
uni,72,momentum,2026-02,2,0.0076711
uni,72,momentum,2026-02,3,0.00247064
uni,72,momentum,2026-02,4,-0.00629785
uni,72,momentum,2026-02,5,-0.00678105
uni,72,momentum,2026-02,6,-0.00700359
uni,72,momentum,2026-02,7,-0.00358505
uni,72,momentum,2026-02,8,-0.00483209
uni,72,momentum,2026-02,9,-0.00136346
uni,72,momentum,2026-02,10,0.01414378
uni,72,momentum,2026-03,1,-0.0021575
uni,72,momentum,2026-03,2,0.00038354
uni,72,momentum,2026-03,3,0.00038069
uni,72,momentum,2026-03,4,0.0012395
uni,72,momentum,2026-03,5,-0.00109994
uni,72,momentum,2026-03,6,-0.00213102
uni,72,momentum,2026-03,7,-0.00066608
uni,72,momentum,2026-03,8,0.00048083
uni,72,momentum,2026-03,9,-0.00021008
uni,72,momentum,2026-03,10,-0.00252551
uni,72,momentum,2026-04,1,0.00071689
uni,72,momentum,2026-04,2,-0.00152314
uni,72,momentum,2026-04,3,-0.00270529
uni,72,momentum,2026-04,4,0.00029485
uni,72,momentum,2026-04,5,0.00059915
uni,72,momentum,2026-04,6,-0.00042364
uni,72,momentum,2026-04,7,0.00025188
uni,72,momentum,2026-04,8,0.00032495
uni,72,momentum,2026-04,9,-0.00140172
uni,72,momentum,2026-04,10,-0.00477136
uni,72,momentum,2026-05,1,-0.0006461
uni,72,momentum,2026-05,2,-0.00086067
uni,72,momentum,2026-05,3,-0.00091365
uni,72,momentum,2026-05,4,0.00047126
uni,72,momentum,2026-05,5,-0.00031622
uni,72,momentum,2026-05,6,-0.00143235
uni,72,momentum,2026-05,7,0.00189863
uni,72,momentum,2026-05,8,0.00048767
uni,72,momentum,2026-05,9,-0.00052483
uni,72,momentum,2026-05,10,-0.00366766
uni,72,best_feature,2025-12,1,0.01280193
uni,72,best_feature,2025-12,2,0.0033668
uni,72,best_feature,2025-12,3,-0.00936028
uni,72,best_feature,2025-12,4,0.0063369
uni,72,best_feature,2025-12,5,0.00072759
uni,72,best_feature,2025-12,6,-0.00042601
uni,72,best_feature,2025-12,7,0.00050773
uni,72,best_feature,2025-12,8,-0.00446003
uni,72,best_feature,2025-12,9,-0.00701956
uni,72,best_feature,2025-12,10,-0.00154386
uni,72,best_feature,2026-01,1,-0.00212023
uni,72,best_feature,2026-01,2,-0.00141555
uni,72,best_feature,2026-01,3,-0.0039403
uni,72,best_feature,2026-01,4,-0.00456555
uni,72,best_feature,2026-01,5,-0.00218942
uni,72,best_feature,2026-01,6,-0.00235873
uni,72,best_feature,2026-01,7,-0.00230035
uni,72,best_feature,2026-01,8,-0.00215829
uni,72,best_feature,2026-01,9,-0.00135827
uni,72,best_feature,2026-01,10,-0.00592888
uni,72,best_feature,2026-02,1,0.00813198
uni,72,best_feature,2026-02,2,0.00393269
uni,72,best_feature,2026-02,3,-0.00089323
uni,72,best_feature,2026-02,4,-0.00246194
uni,72,best_feature,2026-02,5,-0.00368617
uni,72,best_feature,2026-02,6,-0.00455958
uni,72,best_feature,2026-02,7,-0.00876777
uni,72,best_feature,2026-02,8,-0.00567328
uni,72,best_feature,2026-02,9,0.00163137
uni,72,best_feature,2026-02,10,0.0092424
uni,72,best_feature,2026-03,1,-0.00374551
uni,72,best_feature,2026-03,2,-0.00066895
uni,72,best_feature,2026-03,3,-0.00044437
uni,72,best_feature,2026-03,4,0.00021517
uni,72,best_feature,2026-03,5,-0.00198898
uni,72,best_feature,2026-03,6,-0.00369272
uni,72,best_feature,2026-03,7,-0.00191848
uni,72,best_feature,2026-03,8,0.00223991
uni,72,best_feature,2026-03,9,0.0033927
uni,72,best_feature,2026-03,10,0.00030216
uni,72,best_feature,2026-04,1,-0.00748524
uni,72,best_feature,2026-04,2,0.00050514
uni,72,best_feature,2026-04,3,-0.00205526
uni,72,best_feature,2026-04,4,-0.00031316
uni,72,best_feature,2026-04,5,0.00225728
uni,72,best_feature,2026-04,6,-0.00092113
uni,72,best_feature,2026-04,7,-0.00273601
uni,72,best_feature,2026-04,8,-0.0028878
uni,72,best_feature,2026-04,9,-0.00023212
uni,72,best_feature,2026-04,10,0.005233
uni,72,best_feature,2026-05,1,0.00293593
uni,72,best_feature,2026-05,2,-0.00321647
uni,72,best_feature,2026-05,3,-0.00511723
uni,72,best_feature,2026-05,4,-0.00333329
uni,72,best_feature,2026-05,5,0.00189184
uni,72,best_feature,2026-05,6,-0.00152143
uni,72,best_feature,2026-05,7,-0.00019763
uni,72,best_feature,2026-05,8,-0.00036762
uni,72,best_feature,2026-05,9,-0.00043867
uni,72,best_feature,2026-05,10,0.00385889
uni,72,ridge,2025-12,1,0.00481791
uni,72,ridge,2025-12,2,0.00159818
uni,72,ridge,2025-12,3,0.00153905
uni,72,ridge,2025-12,4,0.00263895
uni,72,ridge,2025-12,5,0.00060028
uni,72,ridge,2025-12,6,-0.00065252
uni,72,ridge,2025-12,7,-0.00316633
uni,72,ridge,2025-12,8,-0.00358631
uni,72,ridge,2025-12,9,-0.00210656
uni,72,ridge,2025-12,10,-0.00076064
uni,72,ridge,2026-01,1,-0.00054731
uni,72,ridge,2026-01,2,2.169e-05
uni,72,ridge,2026-01,3,-0.00266252
uni,72,ridge,2026-01,4,-0.00436411
uni,72,ridge,2026-01,5,-0.00419594
uni,72,ridge,2026-01,6,-0.00248882
uni,72,ridge,2026-01,7,-0.00419647
uni,72,ridge,2026-01,8,-0.0033732
uni,72,ridge,2026-01,9,-0.00367623
uni,72,ridge,2026-01,10,-0.00285103
uni,72,ridge,2026-02,1,0.00508499
uni,72,ridge,2026-02,2,0.00353884
uni,72,ridge,2026-02,3,-0.00171938
uni,72,ridge,2026-02,4,0.00092228
uni,72,ridge,2026-02,5,-0.00780995
uni,72,ridge,2026-02,6,-0.00964618
uni,72,ridge,2026-02,7,-0.00439502
uni,72,ridge,2026-02,8,-0.00062649
uni,72,ridge,2026-02,9,0.00380479
uni,72,ridge,2026-02,10,0.00775339
uni,72,ridge,2026-03,1,-0.00264193
uni,72,ridge,2026-03,2,-0.00120853
uni,72,ridge,2026-03,3,-0.00113661
uni,72,ridge,2026-03,4,-0.00018565
uni,72,ridge,2026-03,5,-0.00027336
uni,72,ridge,2026-03,6,0.0003414
uni,72,ridge,2026-03,7,-0.0009982
uni,72,ridge,2026-03,8,-0.00120462
uni,72,ridge,2026-03,9,-0.00052118
uni,72,ridge,2026-03,10,0.00152536
uni,72,ridge,2026-04,1,-0.00352958
uni,72,ridge,2026-04,2,-0.00304595
uni,72,ridge,2026-04,3,0.00038598
uni,72,ridge,2026-04,4,1.623e-05
uni,72,ridge,2026-04,5,0.00078615
uni,72,ridge,2026-04,6,-0.00039701
uni,72,ridge,2026-04,7,-0.00183601
uni,72,ridge,2026-04,8,-0.00144943
uni,72,ridge,2026-04,9,0.00028023
uni,72,ridge,2026-04,10,0.00015409
uni,72,ridge,2026-05,1,1.79e-06
uni,72,ridge,2026-05,2,-0.00328107
uni,72,ridge,2026-05,3,-0.00098131
uni,72,ridge,2026-05,4,-0.00084877
uni,72,ridge,2026-05,5,-0.00349199
uni,72,ridge,2026-05,6,-0.00161061
uni,72,ridge,2026-05,7,1.224e-05
uni,72,ridge,2026-05,8,0.00085426
uni,72,ridge,2026-05,9,0.0028832
uni,72,ridge,2026-05,10,0.00095922
uni,72,lightgbm,2025-12,1,0.00900325
uni,72,lightgbm,2025-12,2,0.00590352
uni,72,lightgbm,2025-12,3,0.0008248
uni,72,lightgbm,2025-12,4,-0.00197953
uni,72,lightgbm,2025-12,5,-0.00464036
uni,72,lightgbm,2025-12,6,-0.00403964
uni,72,lightgbm,2025-12,7,-0.00159161
uni,72,lightgbm,2025-12,8,-0.00254891
uni,72,lightgbm,2025-12,9,-0.0022524
uni,72,lightgbm,2025-12,10,0.00224376
uni,72,lightgbm,2026-01,1,0.00311376
uni,72,lightgbm,2026-01,2,-0.00595997
uni,72,lightgbm,2026-01,3,
uni,72,lightgbm,2026-01,4,-0.00522222
uni,72,lightgbm,2026-01,5,
uni,72,lightgbm,2026-01,6,
uni,72,lightgbm,2026-01,7,
uni,72,lightgbm,2026-01,8,-0.00305839
uni,72,lightgbm,2026-01,9,
uni,72,lightgbm,2026-01,10,
uni,72,lightgbm,2026-02,1,
uni,72,lightgbm,2026-02,2,
uni,72,lightgbm,2026-02,3,0.00617854
uni,72,lightgbm,2026-02,4,
uni,72,lightgbm,2026-02,5,-0.00954552
uni,72,lightgbm,2026-02,6,
uni,72,lightgbm,2026-02,7,-0.00615665
uni,72,lightgbm,2026-02,8,-0.0094573
uni,72,lightgbm,2026-02,9,
uni,72,lightgbm,2026-02,10,-0.00220443
uni,72,lightgbm,2026-03,1,-0.00023385
uni,72,lightgbm,2026-03,2,-0.0002573
uni,72,lightgbm,2026-03,3,-0.00152766
uni,72,lightgbm,2026-03,4,-0.00751662
uni,72,lightgbm,2026-03,5,-0.00285548
uni,72,lightgbm,2026-03,6,-0.00271751
uni,72,lightgbm,2026-03,7,-0.00162188
uni,72,lightgbm,2026-03,8,-0.00059261
uni,72,lightgbm,2026-03,9,0.00352679
uni,72,lightgbm,2026-03,10,0.00789996
uni,72,lightgbm,2026-04,1,0.00276851
uni,72,lightgbm,2026-04,2,-0.00163761
uni,72,lightgbm,2026-04,3,-0.00642282
uni,72,lightgbm,2026-04,4,-0.00468425
uni,72,lightgbm,2026-04,5,0.00036349
uni,72,lightgbm,2026-04,6,-0.00214841
uni,72,lightgbm,2026-04,7,-0.00376747
uni,72,lightgbm,2026-04,8,-0.0014668
uni,72,lightgbm,2026-04,9,0.0026224
uni,72,lightgbm,2026-04,10,0.00573951
uni,72,lightgbm,2026-05,1,-0.00382531
uni,72,lightgbm,2026-05,2,-0.00166469
uni,72,lightgbm,2026-05,3,0.00154784
uni,72,lightgbm,2026-05,4,-0.00178168
uni,72,lightgbm,2026-05,5,-0.00330111
uni,72,lightgbm,2026-05,6,-0.00255798
uni,72,lightgbm,2026-05,7,-0.00209076
uni,72,lightgbm,2026-05,8,-0.00319674
uni,72,lightgbm,2026-05,9,0.00801866
uni,72,lightgbm,2026-05,10,0.0033401
aave,4,momentum,2025-12,1,-0.00011366
aave,4,momentum,2025-12,2,-0.00010078
aave,4,momentum,2025-12,3,-1.16e-06
aave,4,momentum,2025-12,4,-0.0001534
aave,4,momentum,2025-12,5,0.00027329
aave,4,momentum,2025-12,6,-0.00011431
aave,4,momentum,2025-12,7,5.784e-05
aave,4,momentum,2025-12,8,5.686e-05
aave,4,momentum,2025-12,9,1.279e-05
aave,4,momentum,2025-12,10,-0.00072386
aave,4,momentum,2026-01,1,-0.00038272
aave,4,momentum,2026-01,2,-0.0003234
aave,4,momentum,2026-01,3,-0.00038014
aave,4,momentum,2026-01,4,-0.00018129
aave,4,momentum,2026-01,5,-1.268e-05
aave,4,momentum,2026-01,6,1.236e-05
aave,4,momentum,2026-01,7,0.00013053
aave,4,momentum,2026-01,8,0.00041524
aave,4,momentum,2026-01,9,0.00025435
aave,4,momentum,2026-01,10,-6.631e-05
aave,4,momentum,2026-02,1,-0.00086707
aave,4,momentum,2026-02,2,-0.00028495
aave,4,momentum,2026-02,3,0.00019908
aave,4,momentum,2026-02,4,-0.00018552
aave,4,momentum,2026-02,5,-0.00029388
aave,4,momentum,2026-02,6,0.000433
aave,4,momentum,2026-02,7,-0.0001185
aave,4,momentum,2026-02,8,-4.644e-05
aave,4,momentum,2026-02,9,5.233e-05
aave,4,momentum,2026-02,10,0.00036965
aave,4,momentum,2026-03,1,-0.0003322
aave,4,momentum,2026-03,2,-0.00030537
aave,4,momentum,2026-03,3,-0.00025428
aave,4,momentum,2026-03,4,-0.00023035
aave,4,momentum,2026-03,5,-0.00026471
aave,4,momentum,2026-03,6,8.46e-06
aave,4,momentum,2026-03,7,-6.486e-05
aave,4,momentum,2026-03,8,0.00010825
aave,4,momentum,2026-03,9,2.831e-05
aave,4,momentum,2026-03,10,0.00071058
aave,4,momentum,2026-04,1,0.00025451
aave,4,momentum,2026-04,2,-9.066e-05
aave,4,momentum,2026-04,3,9.693e-05
aave,4,momentum,2026-04,4,2.244e-05
aave,4,momentum,2026-04,5,-6.946e-05
aave,4,momentum,2026-04,6,0.00026037
aave,4,momentum,2026-04,7,-0.00010495
aave,4,momentum,2026-04,8,-7.563e-05
aave,4,momentum,2026-04,9,-0.00034648
aave,4,momentum,2026-04,10,-0.00018413
aave,4,momentum,2026-05,1,-0.00016948
aave,4,momentum,2026-05,2,-0.00022252
aave,4,momentum,2026-05,3,-6.464e-05
aave,4,momentum,2026-05,4,-7.105e-05
aave,4,momentum,2026-05,5,-0.00027604
aave,4,momentum,2026-05,6,-6.72e-05
aave,4,momentum,2026-05,7,8.578e-05
aave,4,momentum,2026-05,8,-0.00028716
aave,4,momentum,2026-05,9,8.349e-05
aave,4,momentum,2026-05,10,0.00042725
aave,4,best_feature,2025-12,1,-0.00011366
aave,4,best_feature,2025-12,2,-0.00010078
aave,4,best_feature,2025-12,3,-1.16e-06
aave,4,best_feature,2025-12,4,-0.0001534
aave,4,best_feature,2025-12,5,0.00027329
aave,4,best_feature,2025-12,6,-0.00011431
aave,4,best_feature,2025-12,7,5.784e-05
aave,4,best_feature,2025-12,8,5.686e-05
aave,4,best_feature,2025-12,9,1.279e-05
aave,4,best_feature,2025-12,10,-0.00072386
aave,4,best_feature,2026-01,1,-0.00034127
aave,4,best_feature,2026-01,2,-0.00030342
aave,4,best_feature,2026-01,3,-0.00010642
aave,4,best_feature,2026-01,4,-0.00023454
aave,4,best_feature,2026-01,5,6.816e-05
aave,4,best_feature,2026-01,6,-1.866e-05
aave,4,best_feature,2026-01,7,0.00011591
aave,4,best_feature,2026-01,8,0.00020955
aave,4,best_feature,2026-01,9,0.00022569
aave,4,best_feature,2026-01,10,-0.00014917
aave,4,best_feature,2026-02,1,-0.00086707
aave,4,best_feature,2026-02,2,-0.00028495
aave,4,best_feature,2026-02,3,0.00019908
aave,4,best_feature,2026-02,4,-0.00018552
aave,4,best_feature,2026-02,5,-0.00029388
aave,4,best_feature,2026-02,6,0.000433
aave,4,best_feature,2026-02,7,-0.0001185
aave,4,best_feature,2026-02,8,-4.644e-05
aave,4,best_feature,2026-02,9,5.233e-05
aave,4,best_feature,2026-02,10,0.00036965
aave,4,best_feature,2026-03,1,-0.0003322
aave,4,best_feature,2026-03,2,-0.00030537
aave,4,best_feature,2026-03,3,-0.00025428
aave,4,best_feature,2026-03,4,-0.00023035
aave,4,best_feature,2026-03,5,-0.00026471
aave,4,best_feature,2026-03,6,8.46e-06
aave,4,best_feature,2026-03,7,-6.486e-05
aave,4,best_feature,2026-03,8,0.00010825
aave,4,best_feature,2026-03,9,2.831e-05
aave,4,best_feature,2026-03,10,0.00071058
aave,4,best_feature,2026-04,1,0.00025451
aave,4,best_feature,2026-04,2,-9.066e-05
aave,4,best_feature,2026-04,3,9.693e-05
aave,4,best_feature,2026-04,4,2.244e-05
aave,4,best_feature,2026-04,5,-6.946e-05
aave,4,best_feature,2026-04,6,0.00026037
aave,4,best_feature,2026-04,7,-0.00010495
aave,4,best_feature,2026-04,8,-7.563e-05
aave,4,best_feature,2026-04,9,-0.00034648
aave,4,best_feature,2026-04,10,-0.00018413
aave,4,best_feature,2026-05,1,0.00013526
aave,4,best_feature,2026-05,2,-2.936e-05
aave,4,best_feature,2026-05,3,-0.00018059
aave,4,best_feature,2026-05,4,-0.00018907
aave,4,best_feature,2026-05,5,-0.00025806
aave,4,best_feature,2026-05,6,-0.00015711
aave,4,best_feature,2026-05,7,-7.608e-05
aave,4,best_feature,2026-05,8,-8.35e-06
aave,4,best_feature,2026-05,9,3.48e-06
aave,4,best_feature,2026-05,10,0.00019815
aave,4,ridge,2025-12,1,-0.00047649
aave,4,ridge,2025-12,2,-0.00027189
aave,4,ridge,2025-12,3,4.277e-05
aave,4,ridge,2025-12,4,-0.00038498
aave,4,ridge,2025-12,5,-8.29e-05
aave,4,ridge,2025-12,6,0.00043192
aave,4,ridge,2025-12,7,0.00010604
aave,4,ridge,2025-12,8,-1.313e-05
aave,4,ridge,2025-12,9,0.00051867
aave,4,ridge,2025-12,10,-0.0006762
aave,4,ridge,2026-01,1,-0.00017999
aave,4,ridge,2026-01,2,-5.477e-05
aave,4,ridge,2026-01,3,-3.516e-05
aave,4,ridge,2026-01,4,6.565e-05
aave,4,ridge,2026-01,5,-0.0002428
aave,4,ridge,2026-01,6,0.00024845
aave,4,ridge,2026-01,7,-9.208e-05
aave,4,ridge,2026-01,8,-5.349e-05
aave,4,ridge,2026-01,9,-0.00016365
aave,4,ridge,2026-01,10,-2.585e-05
aave,4,ridge,2026-02,1,-0.0006764
aave,4,ridge,2026-02,2,0.00021648
aave,4,ridge,2026-02,3,-0.00015538
aave,4,ridge,2026-02,4,-0.00017033
aave,4,ridge,2026-02,5,-0.00015766
aave,4,ridge,2026-02,6,-0.00014777
aave,4,ridge,2026-02,7,-0.00023003
aave,4,ridge,2026-02,8,8.616e-05
aave,4,ridge,2026-02,9,0.00041329
aave,4,ridge,2026-02,10,7.981e-05
aave,4,ridge,2026-03,1,-0.00039952
aave,4,ridge,2026-03,2,-0.00039937
aave,4,ridge,2026-03,3,-0.00023786
aave,4,ridge,2026-03,4,-0.0003986
aave,4,ridge,2026-03,5,-0.0001005
aave,4,ridge,2026-03,6,0.00011113
aave,4,ridge,2026-03,7,-0.00011637
aave,4,ridge,2026-03,8,0.00041682
aave,4,ridge,2026-03,9,-4.73e-05
aave,4,ridge,2026-03,10,0.00057543
aave,4,ridge,2026-04,1,-0.00029833
aave,4,ridge,2026-04,2,-0.00010759
aave,4,ridge,2026-04,3,-0.00018213
aave,4,ridge,2026-04,4,0.00032574
aave,4,ridge,2026-04,5,0.00031254
aave,4,ridge,2026-04,6,0.00012211
aave,4,ridge,2026-04,7,0.00020685
aave,4,ridge,2026-04,8,-0.00010011
aave,4,ridge,2026-04,9,-0.00037803
aave,4,ridge,2026-04,10,-0.00013888
aave,4,ridge,2026-05,1,-9.363e-05
aave,4,ridge,2026-05,2,1.332e-05
aave,4,ridge,2026-05,3,-6.32e-06
aave,4,ridge,2026-05,4,-3.606e-05
aave,4,ridge,2026-05,5,-4.155e-05
aave,4,ridge,2026-05,6,-0.00022304
aave,4,ridge,2026-05,7,-0.00029408
aave,4,ridge,2026-05,8,-0.00011655
aave,4,ridge,2026-05,9,-7.876e-05
aave,4,ridge,2026-05,10,0.00031448
aave,4,lightgbm,2025-12,1,-0.00033684
aave,4,lightgbm,2025-12,2,0.00014885
aave,4,lightgbm,2025-12,3,-0.00054493
aave,4,lightgbm,2025-12,4,-3.65e-05
aave,4,lightgbm,2025-12,5,-0.00053191
aave,4,lightgbm,2025-12,6,-0.00022629
aave,4,lightgbm,2025-12,7,
aave,4,lightgbm,2025-12,8,8.81e-05
aave,4,lightgbm,2025-12,9,
aave,4,lightgbm,2025-12,10,0.00058893
aave,4,lightgbm,2026-01,1,4.765e-05
aave,4,lightgbm,2026-01,2,3.857e-05
aave,4,lightgbm,2026-01,3,-0.00020661
aave,4,lightgbm,2026-01,4,0.00017238
aave,4,lightgbm,2026-01,5,-0.00013647
aave,4,lightgbm,2026-01,6,-3.946e-05
aave,4,lightgbm,2026-01,7,-8.222e-05
aave,4,lightgbm,2026-01,8,-5.117e-05
aave,4,lightgbm,2026-01,9,4.162e-05
aave,4,lightgbm,2026-01,10,-0.00031805
aave,4,lightgbm,2026-02,1,0.00022366
aave,4,lightgbm,2026-02,2,0.00046814
aave,4,lightgbm,2026-02,3,0.00026678
aave,4,lightgbm,2026-02,4,-0.00030583
aave,4,lightgbm,2026-02,5,-4.772e-05
aave,4,lightgbm,2026-02,6,-0.0006572
aave,4,lightgbm,2026-02,7,-0.0004884
aave,4,lightgbm,2026-02,8,0.00012417
aave,4,lightgbm,2026-02,9,-0.00071537
aave,4,lightgbm,2026-02,10,0.00014255
aave,4,lightgbm,2026-03,1,3.457e-05
aave,4,lightgbm,2026-03,2,0.00015074
aave,4,lightgbm,2026-03,3,-0.00044742
aave,4,lightgbm,2026-03,4,-0.00032593
aave,4,lightgbm,2026-03,5,1.022e-05
aave,4,lightgbm,2026-03,6,6.364e-05
aave,4,lightgbm,2026-03,7,-0.00049038
aave,4,lightgbm,2026-03,8,-4.965e-05
aave,4,lightgbm,2026-03,9,0.00038976
aave,4,lightgbm,2026-03,10,0.00034209
aave,4,lightgbm,2026-04,1,-0.00047025
aave,4,lightgbm,2026-04,2,1.605e-05
aave,4,lightgbm,2026-04,3,-3.67e-05
aave,4,lightgbm,2026-04,4,0.00018439
aave,4,lightgbm,2026-04,5,0.00039881
aave,4,lightgbm,2026-04,6,0.00017097
aave,4,lightgbm,2026-04,7,-9.638e-05
aave,4,lightgbm,2026-04,8,-0.00024802
aave,4,lightgbm,2026-04,9,-0.00011094
aave,4,lightgbm,2026-04,10,-4.574e-05
aave,4,lightgbm,2026-05,1,-2.95e-05
aave,4,lightgbm,2026-05,2,7.863e-05
aave,4,lightgbm,2026-05,3,-2.454e-05
aave,4,lightgbm,2026-05,4,-9.991e-05
aave,4,lightgbm,2026-05,5,-7.102e-05
aave,4,lightgbm,2026-05,6,-0.00021476
aave,4,lightgbm,2026-05,7,-0.00019
aave,4,lightgbm,2026-05,8,-7.729e-05
aave,4,lightgbm,2026-05,9,-3.088e-05
aave,4,lightgbm,2026-05,10,9.735e-05
aave,12,momentum,2025-12,1,-0.00051481
aave,12,momentum,2025-12,2,-0.00045438
aave,12,momentum,2025-12,3,-0.00020703
aave,12,momentum,2025-12,4,-2.538e-05
aave,12,momentum,2025-12,5,-0.00023098
aave,12,momentum,2025-12,6,9.118e-05
aave,12,momentum,2025-12,7,0.00039326
aave,12,momentum,2025-12,8,1.979e-05
aave,12,momentum,2025-12,9,-3.947e-05
aave,12,momentum,2025-12,10,-0.00123224
aave,12,momentum,2026-01,1,0.00025007
aave,12,momentum,2026-01,2,-0.00014047
aave,12,momentum,2026-01,3,-0.0003033
aave,12,momentum,2026-01,4,7.1e-05
aave,12,momentum,2026-01,5,-0.0001159
aave,12,momentum,2026-01,6,0.00021405
aave,12,momentum,2026-01,7,0.00018941
aave,12,momentum,2026-01,8,5.488e-05
aave,12,momentum,2026-01,9,-0.00089014
aave,12,momentum,2026-01,10,-0.00095526
aave,12,momentum,2026-02,1,-0.0022483
aave,12,momentum,2026-02,2,0.00062932
aave,12,momentum,2026-02,3,8.743e-05
aave,12,momentum,2026-02,4,0.0001593
aave,12,momentum,2026-02,5,-0.00057529
aave,12,momentum,2026-02,6,-1.84e-05
aave,12,momentum,2026-02,7,-0.00051566
aave,12,momentum,2026-02,8,-0.00089387
aave,12,momentum,2026-02,9,-0.00051912
aave,12,momentum,2026-02,10,0.00168156
aave,12,momentum,2026-03,1,-0.00054308
aave,12,momentum,2026-03,2,-0.00106444
aave,12,momentum,2026-03,3,-0.00033562
aave,12,momentum,2026-03,4,8.568e-05
aave,12,momentum,2026-03,5,-0.00018765
aave,12,momentum,2026-03,6,0.00015468
aave,12,momentum,2026-03,7,-0.00045918
aave,12,momentum,2026-03,8,4.677e-05
aave,12,momentum,2026-03,9,-0.00022801
aave,12,momentum,2026-03,10,0.00074217
aave,12,momentum,2026-04,1,-4.506e-05
aave,12,momentum,2026-04,2,0.00029726
aave,12,momentum,2026-04,3,-0.00018409
aave,12,momentum,2026-04,4,0.00016736
aave,12,momentum,2026-04,5,0.00034339
aave,12,momentum,2026-04,6,-1.43e-05
aave,12,momentum,2026-04,7,-4.649e-05
aave,12,momentum,2026-04,8,-0.00011117
aave,12,momentum,2026-04,9,-0.00017008
aave,12,momentum,2026-04,10,-0.00095665
aave,12,momentum,2026-05,1,-0.00059872
aave,12,momentum,2026-05,2,-0.00012187
aave,12,momentum,2026-05,3,0.00013285
aave,12,momentum,2026-05,4,3.853e-05
aave,12,momentum,2026-05,5,-0.00028821
aave,12,momentum,2026-05,6,-0.00025186
aave,12,momentum,2026-05,7,-0.00033034
aave,12,momentum,2026-05,8,-0.00033181
aave,12,momentum,2026-05,9,-0.00028576
aave,12,momentum,2026-05,10,0.00038169
aave,12,best_feature,2025-12,1,-0.0013023
aave,12,best_feature,2025-12,2,-3.587e-05
aave,12,best_feature,2025-12,3,0.00045396
aave,12,best_feature,2025-12,4,-0.00028733
aave,12,best_feature,2025-12,5,0.00024602
aave,12,best_feature,2025-12,6,0.00036482
aave,12,best_feature,2025-12,7,-0.00022642
aave,12,best_feature,2025-12,8,-0.00010662
aave,12,best_feature,2025-12,9,0.0009542
aave,12,best_feature,2025-12,10,-0.00226109
aave,12,best_feature,2026-01,1,6.404e-05
aave,12,best_feature,2026-01,2,-0.0003124
aave,12,best_feature,2026-01,3,-0.00024097
aave,12,best_feature,2026-01,4,-0.00051035
aave,12,best_feature,2026-01,5,0.00019122
aave,12,best_feature,2026-01,6,-0.0010216
aave,12,best_feature,2026-01,7,-0.00093595
aave,12,best_feature,2026-01,8,6.151e-05
aave,12,best_feature,2026-01,9,0.00077256
aave,12,best_feature,2026-01,10,0.00030513
aave,12,best_feature,2026-02,1,0.00164387
aave,12,best_feature,2026-02,2,-0.00023974
aave,12,best_feature,2026-02,3,-0.00058883
aave,12,best_feature,2026-02,4,-0.00151057
aave,12,best_feature,2026-02,5,0.00023298
aave,12,best_feature,2026-02,6,-0.00114752
aave,12,best_feature,2026-02,7,3.095e-05
aave,12,best_feature,2026-02,8,-0.0004251
aave,12,best_feature,2026-02,9,0.00029825
aave,12,best_feature,2026-02,10,-0.00050533
aave,12,best_feature,2026-03,1,-0.00112678
aave,12,best_feature,2026-03,2,0.00060689
aave,12,best_feature,2026-03,3,-1.787e-05
aave,12,best_feature,2026-03,4,-0.00012285
aave,12,best_feature,2026-03,5,-0.00033004
aave,12,best_feature,2026-03,6,-0.00051404
aave,12,best_feature,2026-03,7,-0.00023522
aave,12,best_feature,2026-03,8,0.00068072
aave,12,best_feature,2026-03,9,-0.0005024
aave,12,best_feature,2026-03,10,-0.00022883
aave,12,best_feature,2026-04,1,0.00070468
aave,12,best_feature,2026-04,2,0.00074077
aave,12,best_feature,2026-04,3,0.00068644
aave,12,best_feature,2026-04,4,-0.00043351
aave,12,best_feature,2026-04,5,0.00031878
aave,12,best_feature,2026-04,6,-0.00016735
aave,12,best_feature,2026-04,7,-0.00093077
aave,12,best_feature,2026-04,8,-0.00012964
aave,12,best_feature,2026-04,9,-0.00050378
aave,12,best_feature,2026-04,10,-0.00100544
aave,12,best_feature,2026-05,1,0.00027846
aave,12,best_feature,2026-05,2,-0.00111534
aave,12,best_feature,2026-05,3,-0.00041053
aave,12,best_feature,2026-05,4,0.00032155
aave,12,best_feature,2026-05,5,6.39e-05
aave,12,best_feature,2026-05,6,0.00082208
aave,12,best_feature,2026-05,7,-0.00030613
aave,12,best_feature,2026-05,8,-0.00050332
aave,12,best_feature,2026-05,9,-0.00033179
aave,12,best_feature,2026-05,10,-0.00047282
aave,12,ridge,2025-12,1,-0.00174982
aave,12,ridge,2025-12,2,-0.00043759
aave,12,ridge,2025-12,3,-0.00022831
aave,12,ridge,2025-12,4,-0.00031893
aave,12,ridge,2025-12,5,0.00012355
aave,12,ridge,2025-12,6,-4.199e-05
aave,12,ridge,2025-12,7,-0.00011398
aave,12,ridge,2025-12,8,0.00026749
aave,12,ridge,2025-12,9,0.00016875
aave,12,ridge,2025-12,10,0.00012925
aave,12,ridge,2026-01,1,-0.00070573
aave,12,ridge,2026-01,2,0.00029719
aave,12,ridge,2026-01,3,0.00060314
aave,12,ridge,2026-01,4,4.688e-05
aave,12,ridge,2026-01,5,-0.0005242
aave,12,ridge,2026-01,6,-1.305e-05
aave,12,ridge,2026-01,7,-0.00084479
aave,12,ridge,2026-01,8,0.00022049
aave,12,ridge,2026-01,9,0.0002897
aave,12,ridge,2026-01,10,-0.00099617
aave,12,ridge,2026-02,1,0.0005831
aave,12,ridge,2026-02,2,-0.00059548
aave,12,ridge,2026-02,3,-0.00093928
aave,12,ridge,2026-02,4,-0.00032523
aave,12,ridge,2026-02,5,-0.00066812
aave,12,ridge,2026-02,6,-8.16e-05
aave,12,ridge,2026-02,7,-0.00068585
aave,12,ridge,2026-02,8,-0.00041939
aave,12,ridge,2026-02,9,0.00032873
aave,12,ridge,2026-02,10,0.00059227
aave,12,ridge,2026-03,1,-0.00115868
aave,12,ridge,2026-03,2,-0.00064421
aave,12,ridge,2026-03,3,-0.00018198
aave,12,ridge,2026-03,4,-0.0013398
aave,12,ridge,2026-03,5,-0.00011175
aave,12,ridge,2026-03,6,-3.481e-05
aave,12,ridge,2026-03,7,3.897e-05
aave,12,ridge,2026-03,8,-0.00014032
aave,12,ridge,2026-03,9,0.00040084
aave,12,ridge,2026-03,10,0.00138184
aave,12,ridge,2026-04,1,-0.00100628
aave,12,ridge,2026-04,2,-6.029e-05
aave,12,ridge,2026-04,3,-1.813e-05
aave,12,ridge,2026-04,4,0.00096036
aave,12,ridge,2026-04,5,0.00055438
aave,12,ridge,2026-04,6,0.00036537
aave,12,ridge,2026-04,7,6.202e-05
aave,12,ridge,2026-04,8,-0.00022315
aave,12,ridge,2026-04,9,-0.00057931
aave,12,ridge,2026-04,10,-0.00077482
aave,12,ridge,2026-05,1,0.00022483
aave,12,ridge,2026-05,2,-5.208e-05
aave,12,ridge,2026-05,3,0.00011496
aave,12,ridge,2026-05,4,-0.0002808
aave,12,ridge,2026-05,5,-0.00036571
aave,12,ridge,2026-05,6,-0.00062681
aave,12,ridge,2026-05,7,-0.00052473
aave,12,ridge,2026-05,8,-0.00035363
aave,12,ridge,2026-05,9,-0.00015547
aave,12,ridge,2026-05,10,0.00036456
aave,12,lightgbm,2025-12,1,-0.00075247
aave,12,lightgbm,2025-12,2,-6.75e-06
aave,12,lightgbm,2025-12,3,0.00029537
aave,12,lightgbm,2025-12,4,0.0006533
aave,12,lightgbm,2025-12,5,-0.0012725
aave,12,lightgbm,2025-12,6,-0.00151064
aave,12,lightgbm,2025-12,7,0.00048199
aave,12,lightgbm,2025-12,8,-0.00021412
aave,12,lightgbm,2025-12,9,0.00057876
aave,12,lightgbm,2025-12,10,-0.00050448
aave,12,lightgbm,2026-01,1,0.00102162
aave,12,lightgbm,2026-01,2,-0.000767
aave,12,lightgbm,2026-01,3,9.914e-05
aave,12,lightgbm,2026-01,4,-0.0010795
aave,12,lightgbm,2026-01,5,-0.00049653
aave,12,lightgbm,2026-01,6,-0.00024011
aave,12,lightgbm,2026-01,7,2.01e-05
aave,12,lightgbm,2026-01,8,0.00018243
aave,12,lightgbm,2026-01,9,6.972e-05
aave,12,lightgbm,2026-01,10,-0.00043588
aave,12,lightgbm,2026-02,1,0.00054709
aave,12,lightgbm,2026-02,2,0.00168909
aave,12,lightgbm,2026-02,3,0.00090268
aave,12,lightgbm,2026-02,4,-0.00056039
aave,12,lightgbm,2026-02,5,-0.00041944
aave,12,lightgbm,2026-02,6,-0.00207863
aave,12,lightgbm,2026-02,7,-0.00063757
aave,12,lightgbm,2026-02,8,
aave,12,lightgbm,2026-02,9,-0.00128372
aave,12,lightgbm,2026-02,10,-0.00048875
aave,12,lightgbm,2026-03,1,-0.0013057
aave,12,lightgbm,2026-03,2,-0.00020888
aave,12,lightgbm,2026-03,3,-0.00086144
aave,12,lightgbm,2026-03,4,
aave,12,lightgbm,2026-03,5,-0.00054768
aave,12,lightgbm,2026-03,6,-0.00035978
aave,12,lightgbm,2026-03,7,
aave,12,lightgbm,2026-03,8,0.00082609
aave,12,lightgbm,2026-03,9,
aave,12,lightgbm,2026-03,10,-0.00060728
aave,12,lightgbm,2026-04,1,-0.00062505
aave,12,lightgbm,2026-04,2,0.00084282
aave,12,lightgbm,2026-04,3,0.00110597
aave,12,lightgbm,2026-04,4,0.00027056
aave,12,lightgbm,2026-04,5,7.826e-05
aave,12,lightgbm,2026-04,6,-0.00076034
aave,12,lightgbm,2026-04,7,-0.00093533
aave,12,lightgbm,2026-04,8,-0.00087301
aave,12,lightgbm,2026-04,9,-0.00047289
aave,12,lightgbm,2026-04,10,0.00064917
aave,12,lightgbm,2026-05,1,-6.798e-05
aave,12,lightgbm,2026-05,2,-0.0003629
aave,12,lightgbm,2026-05,3,-0.00028792
aave,12,lightgbm,2026-05,4,
aave,12,lightgbm,2026-05,5,
aave,12,lightgbm,2026-05,6,-6.041e-05
aave,12,lightgbm,2026-05,7,
aave,12,lightgbm,2026-05,8,
aave,12,lightgbm,2026-05,9,-0.00029677
aave,12,lightgbm,2026-05,10,-0.00047378
aave,36,momentum,2025-12,1,-0.00055333
aave,36,momentum,2025-12,2,0.00063887
aave,36,momentum,2025-12,3,-0.0005945
aave,36,momentum,2025-12,4,-0.00056597
aave,36,momentum,2025-12,5,-0.00065127
aave,36,momentum,2025-12,6,-0.00091006
aave,36,momentum,2025-12,7,-0.00145165
aave,36,momentum,2025-12,8,-0.00116642
aave,36,momentum,2025-12,9,-0.00080353
aave,36,momentum,2025-12,10,-0.00038374
aave,36,momentum,2026-01,1,-0.0010355
aave,36,momentum,2026-01,2,0.00068594
aave,36,momentum,2026-01,3,0.00092952
aave,36,momentum,2026-01,4,-0.0004353
aave,36,momentum,2026-01,5,-0.00057159
aave,36,momentum,2026-01,6,-0.00084596
aave,36,momentum,2026-01,7,-0.00114299
aave,36,momentum,2026-01,8,-0.00103317
aave,36,momentum,2026-01,9,-0.00130357
aave,36,momentum,2026-01,10,-0.00013974
aave,36,momentum,2026-02,1,0.00249724
aave,36,momentum,2026-02,2,-0.00068123
aave,36,momentum,2026-02,3,-0.00134485
aave,36,momentum,2026-02,4,-0.00080914
aave,36,momentum,2026-02,5,-0.00099321
aave,36,momentum,2026-02,6,-7.492e-05
aave,36,momentum,2026-02,7,-0.00204199
aave,36,momentum,2026-02,8,-0.00235874
aave,36,momentum,2026-02,9,-0.00096969
aave,36,momentum,2026-02,10,0.00102887
aave,36,momentum,2026-03,1,-0.00355323
aave,36,momentum,2026-03,2,-0.00086316
aave,36,momentum,2026-03,3,0.00024909
aave,36,momentum,2026-03,4,-0.00046922
aave,36,momentum,2026-03,5,-0.00074403
aave,36,momentum,2026-03,6,0.00029616
aave,36,momentum,2026-03,7,0.00037165
aave,36,momentum,2026-03,8,0.00046683
aave,36,momentum,2026-03,9,-0.00069184
aave,36,momentum,2026-03,10,-0.00127161
aave,36,momentum,2026-04,1,0.00456003
aave,36,momentum,2026-04,2,-0.00067474
aave,36,momentum,2026-04,3,0.00049182
aave,36,momentum,2026-04,4,-0.00077185
aave,36,momentum,2026-04,5,-0.00093204
aave,36,momentum,2026-04,6,0.00027455
aave,36,momentum,2026-04,7,-5.997e-05
aave,36,momentum,2026-04,8,-0.00079817
aave,36,momentum,2026-04,9,-0.00068925
aave,36,momentum,2026-04,10,-0.00346037
aave,36,momentum,2026-05,1,-0.0023666
aave,36,momentum,2026-05,2,-0.00030971
aave,36,momentum,2026-05,3,-0.00138502
aave,36,momentum,2026-05,4,-0.00019913
aave,36,momentum,2026-05,5,0.00091786
aave,36,momentum,2026-05,6,0.00094574
aave,36,momentum,2026-05,7,-0.00046969
aave,36,momentum,2026-05,8,-0.00105533
aave,36,momentum,2026-05,9,-0.00124416
aave,36,momentum,2026-05,10,0.00014859
aave,36,best_feature,2025-12,1,-0.00278718
aave,36,best_feature,2025-12,2,-0.00097984
aave,36,best_feature,2025-12,3,0.00168676
aave,36,best_feature,2025-12,4,0.00014896
aave,36,best_feature,2025-12,5,-4.336e-05
aave,36,best_feature,2025-12,6,-0.00093026
aave,36,best_feature,2025-12,7,-0.00104437
aave,36,best_feature,2025-12,8,-0.00059222
aave,36,best_feature,2025-12,9,0.00021201
aave,36,best_feature,2025-12,10,-0.00211463
aave,36,best_feature,2026-01,1,-0.00063009
aave,36,best_feature,2026-01,2,0.00125478
aave,36,best_feature,2026-01,3,-0.00081708
aave,36,best_feature,2026-01,4,-0.00208742
aave,36,best_feature,2026-01,5,0.0005845
aave,36,best_feature,2026-01,6,-0.00165945
aave,36,best_feature,2026-01,7,-0.00194426
aave,36,best_feature,2026-01,8,-0.00074173
aave,36,best_feature,2026-01,9,0.00160203
aave,36,best_feature,2026-01,10,-0.00045412
aave,36,best_feature,2026-02,1,-0.0003169
aave,36,best_feature,2026-02,2,0.00189945
aave,36,best_feature,2026-02,3,0.00169984
aave,36,best_feature,2026-02,4,0.00103363
aave,36,best_feature,2026-02,5,-9.222e-05
aave,36,best_feature,2026-02,6,-0.00154535
aave,36,best_feature,2026-02,7,-0.00233185
aave,36,best_feature,2026-02,8,-0.00057326
aave,36,best_feature,2026-02,9,-0.00217322
aave,36,best_feature,2026-02,10,-0.00334833
aave,36,best_feature,2026-03,1,-0.00226444
aave,36,best_feature,2026-03,2,0.00050808
aave,36,best_feature,2026-03,3,-0.00018498
aave,36,best_feature,2026-03,4,-0.00074349
aave,36,best_feature,2026-03,5,-0.00143112
aave,36,best_feature,2026-03,6,0.00010076
aave,36,best_feature,2026-03,7,0.0001081
aave,36,best_feature,2026-03,8,7.272e-05
aave,36,best_feature,2026-03,9,0.00115626
aave,36,best_feature,2026-03,10,-0.00353001
aave,36,best_feature,2026-04,1,-0.00569293
aave,36,best_feature,2026-04,2,-0.00107576
aave,36,best_feature,2026-04,3,0.00071096
aave,36,best_feature,2026-04,4,-0.00140438
aave,36,best_feature,2026-04,5,-0.00283519
aave,36,best_feature,2026-04,6,-0.00157479
aave,36,best_feature,2026-04,7,-0.00275349
aave,36,best_feature,2026-04,8,0.0029296
aave,36,best_feature,2026-04,9,0.00501932
aave,36,best_feature,2026-04,10,0.00461667
aave,36,best_feature,2026-05,1,0.00173335
aave,36,best_feature,2026-05,2,-0.00216949
aave,36,best_feature,2026-05,3,-0.00021771
aave,36,best_feature,2026-05,4,0.00041615
aave,36,best_feature,2026-05,5,-0.00038944
aave,36,best_feature,2026-05,6,-0.00050201
aave,36,best_feature,2026-05,7,-0.00075866
aave,36,best_feature,2026-05,8,-1.476e-05
aave,36,best_feature,2026-05,9,-0.00169701
aave,36,best_feature,2026-05,10,-0.00141466
aave,36,ridge,2025-12,1,-0.00403633
aave,36,ridge,2025-12,2,-0.00181705
aave,36,ridge,2025-12,3,-0.00319495
aave,36,ridge,2025-12,4,-0.0007837
aave,36,ridge,2025-12,5,0.0006876
aave,36,ridge,2025-12,6,0.00103845
aave,36,ridge,2025-12,7,0.00102308
aave,36,ridge,2025-12,8,0.00083826
aave,36,ridge,2025-12,9,0.00127916
aave,36,ridge,2025-12,10,-0.00147782
aave,36,ridge,2026-01,1,-0.00194118
aave,36,ridge,2026-01,2,0.00027216
aave,36,ridge,2026-01,3,0.00040057
aave,36,ridge,2026-01,4,6.21e-05
aave,36,ridge,2026-01,5,0.00024607
aave,36,ridge,2026-01,6,0.00050745
aave,36,ridge,2026-01,7,-0.00039529
aave,36,ridge,2026-01,8,-0.00124387
aave,36,ridge,2026-01,9,-0.00101091
aave,36,ridge,2026-01,10,-0.00178899
aave,36,ridge,2026-02,1,0.00339319
aave,36,ridge,2026-02,2,-0.00029784
aave,36,ridge,2026-02,3,-0.00012125
aave,36,ridge,2026-02,4,-0.00070528
aave,36,ridge,2026-02,5,-0.00139886
aave,36,ridge,2026-02,6,-0.00268405
aave,36,ridge,2026-02,7,-0.00205005
aave,36,ridge,2026-02,8,-0.00238035
aave,36,ridge,2026-02,9,-0.00049889
aave,36,ridge,2026-02,10,0.0009959
aave,36,ridge,2026-03,1,-0.00358818
aave,36,ridge,2026-03,2,-0.00176363
aave,36,ridge,2026-03,3,-3.116e-05
aave,36,ridge,2026-03,4,-0.00154885
aave,36,ridge,2026-03,5,-0.00023611
aave,36,ridge,2026-03,6,-0.00029029
aave,36,ridge,2026-03,7,-0.00051855
aave,36,ridge,2026-03,8,0.00028105
aave,36,ridge,2026-03,9,0.00165419
aave,36,ridge,2026-03,10,-0.00016851
aave,36,ridge,2026-04,1,-0.00308104
aave,36,ridge,2026-04,2,0.00116302
aave,36,ridge,2026-04,3,0.00163759
aave,36,ridge,2026-04,4,0.00107078
aave,36,ridge,2026-04,5,-6.037e-05
aave,36,ridge,2026-04,6,-0.0006312
aave,36,ridge,2026-04,7,-0.00060687
aave,36,ridge,2026-04,8,6.814e-05
aave,36,ridge,2026-04,9,0.00044309
aave,36,ridge,2026-04,10,-0.00206313
aave,36,ridge,2026-05,1,0.00095955
aave,36,ridge,2026-05,2,0.00023871
aave,36,ridge,2026-05,3,-0.00140585
aave,36,ridge,2026-05,4,-0.00067553
aave,36,ridge,2026-05,5,-0.00066121
aave,36,ridge,2026-05,6,-0.00090649
aave,36,ridge,2026-05,7,-0.00033634
aave,36,ridge,2026-05,8,-0.00071842
aave,36,ridge,2026-05,9,-0.0006521
aave,36,ridge,2026-05,10,-0.00085688
aave,36,lightgbm,2025-12,1,-0.00060166
aave,36,lightgbm,2025-12,2,-0.00139984
aave,36,lightgbm,2025-12,3,-0.001629
aave,36,lightgbm,2025-12,4,-0.00094733
aave,36,lightgbm,2025-12,5,0.00093173
aave,36,lightgbm,2025-12,6,-0.00053034
aave,36,lightgbm,2025-12,7,0.00090172
aave,36,lightgbm,2025-12,8,-0.00351035
aave,36,lightgbm,2025-12,9,0.00102573
aave,36,lightgbm,2025-12,10,-0.00070273
aave,36,lightgbm,2026-01,1,-0.00146267
aave,36,lightgbm,2026-01,2,0.00054125
aave,36,lightgbm,2026-01,3,0.00011367
aave,36,lightgbm,2026-01,4,0.00234499
aave,36,lightgbm,2026-01,5,0.00033022
aave,36,lightgbm,2026-01,6,-0.00189956
aave,36,lightgbm,2026-01,7,-0.00089456
aave,36,lightgbm,2026-01,8,-0.00176215
aave,36,lightgbm,2026-01,9,0.000345
aave,36,lightgbm,2026-01,10,-0.0025466
aave,36,lightgbm,2026-02,1,0.00445109
aave,36,lightgbm,2026-02,2,0.00293044
aave,36,lightgbm,2026-02,3,0.00320997
aave,36,lightgbm,2026-02,4,-0.00190588
aave,36,lightgbm,2026-02,5,-0.00187956
aave,36,lightgbm,2026-02,6,0.00107468
aave,36,lightgbm,2026-02,7,-0.00363203
aave,36,lightgbm,2026-02,8,-0.00231278
aave,36,lightgbm,2026-02,9,-0.00515862
aave,36,lightgbm,2026-02,10,-0.00181169
aave,36,lightgbm,2026-03,1,-0.00165161
aave,36,lightgbm,2026-03,2,-0.00095227
aave,36,lightgbm,2026-03,3,0.00359125
aave,36,lightgbm,2026-03,4,-0.00105188
aave,36,lightgbm,2026-03,5,
aave,36,lightgbm,2026-03,6,-0.00141611
aave,36,lightgbm,2026-03,7,-0.00580763
aave,36,lightgbm,2026-03,8,-0.00118334
aave,36,lightgbm,2026-03,9,0.00019518
aave,36,lightgbm,2026-03,10,-0.0010236
aave,36,lightgbm,2026-04,1,0.00187812
aave,36,lightgbm,2026-04,2,0.0030595
aave,36,lightgbm,2026-04,3,0.00211848
aave,36,lightgbm,2026-04,4,0.00156977
aave,36,lightgbm,2026-04,5,-0.00200745
aave,36,lightgbm,2026-04,6,-0.00371529
aave,36,lightgbm,2026-04,7,-0.00344987
aave,36,lightgbm,2026-04,8,-0.00168742
aave,36,lightgbm,2026-04,9,-0.00147562
aave,36,lightgbm,2026-04,10,0.0016498
aave,36,lightgbm,2026-05,1,0.00139307
aave,36,lightgbm,2026-05,2,-0.00043152
aave,36,lightgbm,2026-05,3,-0.00127084
aave,36,lightgbm,2026-05,4,-0.00178895
aave,36,lightgbm,2026-05,5,0.00120675
aave,36,lightgbm,2026-05,6,-0.00140536
aave,36,lightgbm,2026-05,7,0.00026245
aave,36,lightgbm,2026-05,8,-0.00118277
aave,36,lightgbm,2026-05,9,-0.00086879
aave,36,lightgbm,2026-05,10,-0.0009276
aave,72,momentum,2025-12,1,-0.00449602
aave,72,momentum,2025-12,2,-0.0019711
aave,72,momentum,2025-12,3,-0.00155614
aave,72,momentum,2025-12,4,-0.00217915
aave,72,momentum,2025-12,5,-0.0025508
aave,72,momentum,2025-12,6,-0.00192268
aave,72,momentum,2025-12,7,-0.00085619
aave,72,momentum,2025-12,8,-0.00014457
aave,72,momentum,2025-12,9,0.00060405
aave,72,momentum,2025-12,10,0.00322608
aave,72,momentum,2026-01,1,-0.00096933
aave,72,momentum,2026-01,2,-0.00411884
aave,72,momentum,2026-01,3,0.00214244
aave,72,momentum,2026-01,4,-0.00053668
aave,72,momentum,2026-01,5,-0.00141089
aave,72,momentum,2026-01,6,-0.00024054
aave,72,momentum,2026-01,7,-0.00119233
aave,72,momentum,2026-01,8,0.00104813
aave,72,momentum,2026-01,9,-0.0049379
aave,72,momentum,2026-01,10,0.00030387
aave,72,momentum,2026-02,1,1.614e-05
aave,72,momentum,2026-02,2,0.00190941
aave,72,momentum,2026-02,3,0.00046424
aave,72,momentum,2026-02,4,-0.00062351
aave,72,momentum,2026-02,5,-0.00537936
aave,72,momentum,2026-02,6,-0.00530158
aave,72,momentum,2026-02,7,-0.00143101
aave,72,momentum,2026-02,8,-6.654e-05
aave,72,momentum,2026-02,9,-0.00029041
aave,72,momentum,2026-02,10,0.00021604
aave,72,momentum,2026-03,1,-0.00266171
aave,72,momentum,2026-03,2,0.00155527
aave,72,momentum,2026-03,3,-0.00095782
aave,72,momentum,2026-03,4,-0.00131183
aave,72,momentum,2026-03,5,-0.00027613
aave,72,momentum,2026-03,6,-0.00046543
aave,72,momentum,2026-03,7,-0.00090642
aave,72,momentum,2026-03,8,-0.00127736
aave,72,momentum,2026-03,9,-0.00105724
aave,72,momentum,2026-03,10,-0.00549383
aave,72,momentum,2026-04,1,-0.00381067
aave,72,momentum,2026-04,2,0.0034758
aave,72,momentum,2026-04,3,0.00135872
aave,72,momentum,2026-04,4,0.00207724
aave,72,momentum,2026-04,5,0.00140901
aave,72,momentum,2026-04,6,0.00193493
aave,72,momentum,2026-04,7,0.00093754
aave,72,momentum,2026-04,8,-0.00040272
aave,72,momentum,2026-04,9,-0.0020465
aave,72,momentum,2026-04,10,-0.00919835
aave,72,momentum,2026-05,1,-0.00398676
aave,72,momentum,2026-05,2,-0.00400532
aave,72,momentum,2026-05,3,-0.00215334
aave,72,momentum,2026-05,4,0.0004391
aave,72,momentum,2026-05,5,0.00090972
aave,72,momentum,2026-05,6,-6.028e-05
aave,72,momentum,2026-05,7,-0.00062051
aave,72,momentum,2026-05,8,0.00047821
aave,72,momentum,2026-05,9,-0.00228219
aave,72,momentum,2026-05,10,0.00071884
aave,72,best_feature,2025-12,1,-0.00165568
aave,72,best_feature,2025-12,2,-0.00078466
aave,72,best_feature,2025-12,3,0.00108992
aave,72,best_feature,2025-12,4,-0.00084371
aave,72,best_feature,2025-12,5,-0.00339657
aave,72,best_feature,2025-12,6,9.094e-05
aave,72,best_feature,2025-12,7,0.00589047
aave,72,best_feature,2025-12,8,-0.00193605
aave,72,best_feature,2025-12,9,-0.00519234
aave,72,best_feature,2025-12,10,-0.00510341
aave,72,best_feature,2026-01,1,-0.00347994
aave,72,best_feature,2026-01,2,-0.00385381
aave,72,best_feature,2026-01,3,-0.00180736
aave,72,best_feature,2026-01,4,-0.00294569
aave,72,best_feature,2026-01,5,-0.00081257
aave,72,best_feature,2026-01,6,-0.00224701
aave,72,best_feature,2026-01,7,0.00014012
aave,72,best_feature,2026-01,8,0.00069653
aave,72,best_feature,2026-01,9,0.00084977
aave,72,best_feature,2026-01,10,0.00354284
aave,72,best_feature,2026-02,1,0.0001813
aave,72,best_feature,2026-02,2,0.00341227
aave,72,best_feature,2026-02,3,0.00161383
aave,72,best_feature,2026-02,4,-0.00114792
aave,72,best_feature,2026-02,5,-0.00125305
aave,72,best_feature,2026-02,6,-0.00172833
aave,72,best_feature,2026-02,7,-0.00397671
aave,72,best_feature,2026-02,8,-0.00098366
aave,72,best_feature,2026-02,9,-0.00241693
aave,72,best_feature,2026-02,10,-0.00418731
aave,72,best_feature,2026-03,1,-0.00042024
aave,72,best_feature,2026-03,2,0.00290429
aave,72,best_feature,2026-03,3,-0.00085715
aave,72,best_feature,2026-03,4,-0.00159033
aave,72,best_feature,2026-03,5,-0.00184473
aave,72,best_feature,2026-03,6,-0.00078108
aave,72,best_feature,2026-03,7,-0.0010283
aave,72,best_feature,2026-03,8,-0.00046089
aave,72,best_feature,2026-03,9,-0.00044892
aave,72,best_feature,2026-03,10,-0.00832299
aave,72,best_feature,2026-04,1,-0.00062202
aave,72,best_feature,2026-04,2,-0.00314598
aave,72,best_feature,2026-04,3,0.00086261
aave,72,best_feature,2026-04,4,-0.00275197
aave,72,best_feature,2026-04,5,-0.00098257
aave,72,best_feature,2026-04,6,-0.00253483
aave,72,best_feature,2026-04,7,0.00469593
aave,72,best_feature,2026-04,8,0.00928577
aave,72,best_feature,2026-04,9,-0.00268763
aave,72,best_feature,2026-04,10,-0.0063843
aave,72,best_feature,2026-05,1,-0.00171555
aave,72,best_feature,2026-05,2,-0.00101646
aave,72,best_feature,2026-05,3,0.00230395
aave,72,best_feature,2026-05,4,0.00090716
aave,72,best_feature,2026-05,5,-0.00205463
aave,72,best_feature,2026-05,6,-0.00135743
aave,72,best_feature,2026-05,7,-0.0029821
aave,72,best_feature,2026-05,8,-0.00555701
aave,72,best_feature,2026-05,9,0.00172481
aave,72,best_feature,2026-05,10,-0.00081597
aave,72,ridge,2025-12,1,-0.00160255
aave,72,ridge,2025-12,2,-0.00428929
aave,72,ridge,2025-12,3,-0.00421573
aave,72,ridge,2025-12,4,-0.0010067
aave,72,ridge,2025-12,5,-0.00233757
aave,72,ridge,2025-12,6,-0.00111656
aave,72,ridge,2025-12,7,0.00109046
aave,72,ridge,2025-12,8,0.00173944
aave,72,ridge,2025-12,9,-0.00082288
aave,72,ridge,2025-12,10,0.00071899
aave,72,ridge,2026-01,1,0.00388387
aave,72,ridge,2026-01,2,-0.00014443
aave,72,ridge,2026-01,3,-0.00148064
aave,72,ridge,2026-01,4,-0.00154189
aave,72,ridge,2026-01,5,-0.0001238
aave,72,ridge,2026-01,6,-0.00148927
aave,72,ridge,2026-01,7,-0.00102451
aave,72,ridge,2026-01,8,-0.00251561
aave,72,ridge,2026-01,9,-0.00277407
aave,72,ridge,2026-01,10,-0.00269768
aave,72,ridge,2026-02,1,0.00377536
aave,72,ridge,2026-02,2,-0.00071702
aave,72,ridge,2026-02,3,-0.00116544
aave,72,ridge,2026-02,4,-0.00245271
aave,72,ridge,2026-02,5,-0.00262118
aave,72,ridge,2026-02,6,-0.00211729
aave,72,ridge,2026-02,7,-0.00144177
aave,72,ridge,2026-02,8,-0.0001965
aave,72,ridge,2026-02,9,0.00036379
aave,72,ridge,2026-02,10,-0.00390995
aave,72,ridge,2026-03,1,-0.00088116
aave,72,ridge,2026-03,2,-0.00178459
aave,72,ridge,2026-03,3,-0.00294174
aave,72,ridge,2026-03,4,-0.00185099
aave,72,ridge,2026-03,5,-0.00195336
aave,72,ridge,2026-03,6,-0.00126372
aave,72,ridge,2026-03,7,0.00041978
aave,72,ridge,2026-03,8,-0.00134459
aave,72,ridge,2026-03,9,-5.622e-05
aave,72,ridge,2026-03,10,-0.00119482
aave,72,ridge,2026-04,1,-0.00414819
aave,72,ridge,2026-04,2,0.00069278
aave,72,ridge,2026-04,3,0.00097956
aave,72,ridge,2026-04,4,0.00114237
aave,72,ridge,2026-04,5,-0.00021945
aave,72,ridge,2026-04,6,-0.0005641
aave,72,ridge,2026-04,7,0.00038457
aave,72,ridge,2026-04,8,0.00033665
aave,72,ridge,2026-04,9,-0.00136599
aave,72,ridge,2026-04,10,-0.00150321
aave,72,ridge,2026-05,1,-0.00064173
aave,72,ridge,2026-05,2,-0.00078545
aave,72,ridge,2026-05,3,-8.324e-05
aave,72,ridge,2026-05,4,6.731e-05
aave,72,ridge,2026-05,5,-0.00171098
aave,72,ridge,2026-05,6,-0.0016853
aave,72,ridge,2026-05,7,-0.00152771
aave,72,ridge,2026-05,8,-0.00227701
aave,72,ridge,2026-05,9,-0.00221968
aave,72,ridge,2026-05,10,0.00030241
aave,72,lightgbm,2025-12,1,-0.00136224
aave,72,lightgbm,2025-12,2,0.0033145
aave,72,lightgbm,2025-12,3,
aave,72,lightgbm,2025-12,4,-0.00289992
aave,72,lightgbm,2025-12,5,
aave,72,lightgbm,2025-12,6,-0.00307147
aave,72,lightgbm,2025-12,7,0.00407252
aave,72,lightgbm,2025-12,8,0.03041542
aave,72,lightgbm,2025-12,9,-0.00277333
aave,72,lightgbm,2025-12,10,
aave,72,lightgbm,2026-01,1,0.00593101
aave,72,lightgbm,2026-01,2,-0.00233121
aave,72,lightgbm,2026-01,3,-0.00077336
aave,72,lightgbm,2026-01,4,-0.00120861
aave,72,lightgbm,2026-01,5,-0.00353525
aave,72,lightgbm,2026-01,6,-0.00130914
aave,72,lightgbm,2026-01,7,0.00120775
aave,72,lightgbm,2026-01,8,-0.00157374
aave,72,lightgbm,2026-01,9,-0.00301894
aave,72,lightgbm,2026-01,10,-0.00333274
aave,72,lightgbm,2026-02,1,-0.00159303
aave,72,lightgbm,2026-02,2,-0.00264208
aave,72,lightgbm,2026-02,3,
aave,72,lightgbm,2026-02,4,0.00167718
aave,72,lightgbm,2026-02,5,
aave,72,lightgbm,2026-02,6,0.00451677
aave,72,lightgbm,2026-02,7,0.0009513
aave,72,lightgbm,2026-02,8,-3.056e-05
aave,72,lightgbm,2026-02,9,-0.00519092
aave,72,lightgbm,2026-02,10,-0.00926737
aave,72,lightgbm,2026-03,1,-0.00433188
aave,72,lightgbm,2026-03,2,
aave,72,lightgbm,2026-03,3,-0.00396426
aave,72,lightgbm,2026-03,4,
aave,72,lightgbm,2026-03,5,
aave,72,lightgbm,2026-03,6,-0.00249023
aave,72,lightgbm,2026-03,7,
aave,72,lightgbm,2026-03,8,0.00196143
aave,72,lightgbm,2026-03,9,
aave,72,lightgbm,2026-03,10,0.00689529
aave,72,lightgbm,2026-04,1,0.00288716
aave,72,lightgbm,2026-04,2,0.0079243
aave,72,lightgbm,2026-04,3,0.00060775
aave,72,lightgbm,2026-04,4,-0.00550145
aave,72,lightgbm,2026-04,5,-0.00321136
aave,72,lightgbm,2026-04,6,0.00054086
aave,72,lightgbm,2026-04,7,-0.00136508
aave,72,lightgbm,2026-04,8,-0.00578487
aave,72,lightgbm,2026-04,9,-0.00552404
aave,72,lightgbm,2026-04,10,0.00516174
aave,72,lightgbm,2026-05,1,0.00016987
aave,72,lightgbm,2026-05,2,-0.001044
aave,72,lightgbm,2026-05,3,
aave,72,lightgbm,2026-05,4,
aave,72,lightgbm,2026-05,5,
aave,72,lightgbm,2026-05,6,
aave,72,lightgbm,2026-05,7,-0.00118878
aave,72,lightgbm,2026-05,8,
aave,72,lightgbm,2026-05,9,
aave,72,lightgbm,2026-05,10,
