open_time,open,high,low,close,volume,close_time,quote_volume,count,taker_buy_volume,taker_buy_quote_volume,ignore
1769904000000,31.01100,31.19200,30.95900,31.19200,115153.88,1769904299999,3582011.9601700,10159,78798.59,2451403.8960200,0
1769904300000,31.19200,31.70000,31.17700,31.61200,236179.30,1769904599999,7424863.7551600,20097,150586.13,4730567.0618900,0
1769904600000,31.61200,32.12600,31.56600,31.97500,275552.02,1769904899999,8785263.9305600,25263,164643.67,5251305.9587600,0
1769904900000,31.97400,32.44200,31.89900,32.30300,341262.80,1769905199999,10975053.8003400,31074,190578.60,6130383.5288700,0
1769905200000,32.30300,32.31300,32.05500,32.05800,158541.52,1769905499999,5101922.9673700,16704,69209.45,2227445.1630900,0
1769905500000,32.05700,32.46400,31.99500,32.25000,149032.45,1769905799999,4807221.9455100,16565,86439.80,2787958.1663900,0
1769905800000,32.25100,32.37200,31.76500,31.85100,246471.13,1769906099999,7890454.2129800,20010,108016.66,3457823.7412200,0
1769906100000,31.85200,31.98200,31.73800,31.88300,179352.63,1769906399999,5711879.8237800,17610,95681.04,3046499.0939500,0
1769906400000,31.88300,32.04100,31.61700,31.65800,173791.41,1769906699999,5537275.1976600,15560,98843.01,3153216.2125000,0
1769906700000,31.65800,31.80000,31.63300,31.76400,65436.46,1769906999999,2076146.9886400,9878,35021.32,1111135.5928400,0
1769907000000,31.76400,32.03900,31.76400,31.97700,161437.02,1769907299999,5154423.2393900,12967,102758.66,3279721.3936100,0
1769907300000,31.97600,32.33100,31.97600,32.31700,155566.23,1769907599999,5002462.9087000,15271,95850.65,3082106.8245200,0
1769907600000,32.31600,32.49700,31.96300,32.04200,192263.63,1769907899999,6196060.6959000,21529,90492.13,2918608.5487400,0
1769907900000,32.05000,32.09200,31.73800,31.79200,163557.87,1769908199999,5214667.9308600,16736,75163.39,2397014.2275500,0
1769908200000,31.79300,31.93900,31.73300,31.88100,128773.44,1769908499999,4097632.3852800,12363,61004.13,1941061.2260000,0
1769908500000,31.88200,31.92500,31.69000,31.89400,144767.49,1769908799999,4606313.6463800,12129,82387.82,2621962.6299900,0
1769908800000,31.89400,32.11800,31.88800,32.09100,63353.23,1769909099999,2026057.4380500,8789,34509.62,1103861.9454500,0
1769909100000,32.09200,32.59000,32.07800,32.56000,229661.13,1769909399999,7435884.6804500,18136,136143.97,4406419.7545500,0
1769909400000,32.56000,32.56000,32.03800,32.10200,184386.64,1769909699999,5948924.3056400,18037,80823.32,2607904.1294500,0
1769909700000,32.10200,32.18500,31.96400,31.98100,92156.34,1769909999999,2956236.0041600,13418,36599.83,1174145.9805900,0
1769910000000,31.98100,32.06800,31.71800,31.82500,147184.49,1769910299999,4686516.7087200,15550,65286.39,2078566.1083800,0
1769910300000,31.82700,32.04300,31.79700,32.02100,70619.70,1769910599999,2254921.0527500,11298,37629.13,1201446.7122800,0
1769910600000,32.02100,32.03100,31.65800,31.66300,97080.27,1769910899999,3087319.7875200,11579,42449.09,1349937.0500500,0
1769910900000,31.66300,31.94100,31.66300,31.84500,103983.46,1769911199999,3309982.0145100,11416,52559.17,1672533.6927200,0
1769911200000,31.84500,31.94000,31.72700,31.75300,81983.79,1769911499999,2607186.0851900,10560,30633.78,974659.0465100,0
1769911500000,31.75300,32.19100,31.75300,32.09300,125214.71,1769911799999,4012220.3672500,14025,84667.13,2713146.4000200,0
1769911800000,32.09300,32.28700,32.09200,32.15100,109391.35,1769912099999,3520355.8676400,11565,58649.29,1887616.7392200,0
1769912100000,32.15100,32.15800,31.82400,31.83900,166583.41,1769912399999,5328193.5347900,13950,57997.56,1853898.9547100,0
1769912400000,31.84000,31.89200,31.34100,31.41900,268727.02,1769912699999,8464419.1898200,20988,115735.38,3646290.3885000,0
1769912700000,31.41800,31.58100,31.41800,31.53200,82903.79,1769912999999,2612561.5467300,9273,46444.88,1463576.9250200,0
1769913000000,31.53100,31.71500,31.50100,31.71400,61354.08,1769913299999,1938347.6675800,9718,33945.95,1072913.3611700,0
1769913300000,31.71400,32.04300,31.60200,32.03100,162714.69,1769913599999,5182724.7068400,16933,98207.36,3129905.2068200,0
1769913600000,32.03100,32.28900,31.84600,32.26600,173766.09,1769913899999,5584030.5225100,16744,103065.83,3313191.3386900,0
1769913900000,32.26900,32.46800,32.26100,32.32400,147140.79,1769914199999,4765142.8987200,14931,87952.86,2848645.9114000,0
1769914200000,32.32500,32.41100,32.14800,32.30900,100231.19,1769914499999,3234819.2218100,13239,47808.57,1543369.6570500,0
1769914500000,32.30800,32.41900,32.10000,32.16400,104716.27,1769914799999,3376437.6352200,11476,40425.02,1304774.6659400,0
1769914800000,32.16400,32.20400,31.87300,32.10400,269554.83,1769915099999,8640745.3020400,15416,150370.56,4819738.8407800,0
1769915100000,32.10300,32.11500,31.96400,31.98600,80201.76,1769915399999,2568258.7824800,9049,35500.05,1137011.9160300,0
1769915400000,31.98700,32.10000,31.95000,32.07000,53692.80,1769915699999,1719478.0734200,7556,28159.86,902113.1968200,0
1769915700000,32.07000,32.24800,31.87100,31.89500,109433.93,1769915999999,3501113.6405300,10579,61850.67,1978569.9039500,0
1769916000000,31.89500,31.94000,31.69200,31.80000,130125.51,1769916299999,4139707.0337700,9595,31709.88,1009154.5321000,0
1769916300000,31.80100,31.82200,31.71000,31.73000,39832.72,1769916599999,1265131.6271000,5537,17846.64,566935.7521900,0
1769916600000,31.72900,31.79000,31.55900,31.63900,102957.12,1769916899999,3259518.4009400,9603,40968.78,1297198.1952600,0
1769916900000,31.63900,31.68400,31.52900,31.62700,70297.36,1769917199999,2221043.4780600,8489,37404.33,1181739.5622700,0
1769917200000,31.62900,31.68600,31.50900,31.53300,40057.74,1769917499999,1266321.3831200,6999,18636.37,589379.2816200,0
1769917500000,31.53400,31.74500,31.53400,31.71400,62420.06,1769917799999,1976508.9474200,8077,43239.96,1369262.3126100,0
1769917800000,31.71400,31.71900,31.46000,31.51600,97363.63,1769918099999,3071051.0883300,9131,32025.57,1010278.9021600,0
1769918100000,31.51600,31.53500,31.32900,31.46900,130833.16,1769918399999,4112553.5626000,9728,41224.93,1296723.0867000,0
1769918400000,31.47000,31.62000,31.45000,31.50300,72975.75,1769918699999,2299964.3859400,8740,36643.50,1155207.8986000,0
1769918700000,31.50300,31.66700,31.50300,31.64200,53420.62,1769918999999,1689034.4615200,8114,35900.20,1135065.8925500,0
1769919000000,31.64400,31.85700,31.64400,31.79900,89459.32,1769919299999,2842743.4756000,10503,54175.47,1721401.6830100,0
1769919300000,31.79800,31.87000,31.69400,31.82000,48050.23,1769919599999,1527591.3528100,7733,22608.36,718828.9758200,0
1769919600000,31.82000,31.85700,31.67400,31.73600,52114.83,1769919899999,1654285.4282800,8022,23069.99,732371.7441500,0
1769919900000,31.73600,31.74500,31.58800,31.63700,48826.88,1769920199999,1546383.6324900,5663,24521.16,776602.1448200,0
1769920200000,31.63800,31.76000,31.63500,31.68200,53705.25,1769920499999,1701780.2191900,6331,35306.39,1118805.7749100,0
1769920500000,31.68600,31.85600,31.66500,31.82200,73516.95,1769920799999,2335408.3998100,6581,42482.19,1349838.6069500,0
1769920800000,31.82300,31.88700,31.77600,31.77800,34280.93,1769921099999,1091009.1195900,5553,17522.04,557675.7503400,0
1769921100000,31.77900,31.98300,31.75900,31.92300,76165.63,1769921399999,2431267.3817700,8185,46202.51,1474654.8247000,0
1769921400000,31.92200,32.02400,31.77900,31.91000,89436.81,1769921699999,2853699.7382900,9213,40545.60,1293840.1918000,0
1769921700000,31.91000,31.91000,31.69000,31.70300,74934.35,1769921999999,2382275.9026400,7431,29171.49,927081.7278300,0
1769922000000,31.70400,31.75500,31.36400,31.40100,107658.22,1769922299999,3397521.7704500,11883,38868.66,1225880.9301400,0
1769922300000,31.40100,31.48100,31.00000,31.14200,202069.06,1769922599999,6305288.3805400,19241,82226.58,2567496.3032800,0
1769922600000,31.14200,31.33300,31.14200,31.29100,67844.12,1769922899999,2121386.7135000,9427,33027.41,1032781.9242800,0
1769922900000,31.29600,31.38000,31.29200,31.30800,37026.77,1769923199999,1160069.7083300,6979,16187.22,507230.2546800,0
1769923200000,31.30900,31.34800,31.15100,31.31400,66901.11,1769923499999,2088870.8543100,9063,31269.44,976435.7612500,0
1769923500000,31.31400,31.42200,31.27700,31.37000,38042.98,1769923799999,1193482.5843400,6760,20382.28,639489.4723700,0
1769923800000,31.37000,31.38600,31.24400,31.28900,40372.46,1769924099999,1263653.0549900,5754,14836.95,464278.9898300,0
1769924100000,31.28900,31.34500,30.97700,31.09500,158360.04,1769924399999,4923888.9234200,11320,47633.77,1482431.0308700,0
1769924400000,31.09500,31.15500,30.89100,30.93400,154208.70,1769924699999,4781918.8297000,12139,36051.16,1118713.6988200,0
1769924700000,30.92900,31.01800,30.84900,30.85900,99176.70,1769924999999,3067598.1678200,10580,32929.79,1018590.7270200,0
1769925000000,30.85900,30.88000,30.74900,30.75900,130298.85,1769925299999,4015761.0497300,12143,40621.07,1251881.5682400,0
1769925300000,30.76000,30.85700,30.72600,30.81500,74008.09,1769925599999,2278943.4725600,8001,37840.23,1165666.2059200,0
1769925600000,30.81500,30.86000,30.70000,30.73700,80789.67,1769925899999,2486694.6974900,9048,34912.09,1074876.0849600,0
1769925900000,30.73700,30.81000,30.68800,30.79100,53057.46,1769926199999,1631937.9094300,7423,28404.13,873741.0053300,0
1769926200000,30.79100,30.83600,30.62100,30.68200,96341.37,1769926499999,2958443.3305000,8379,33207.29,1020090.6611200,0
1769926500000,30.68300,30.78300,30.68200,30.73200,33959.73,1769926799999,1043671.7126600,5034,17136.88,526574.4954100,0
1769926800000,30.73300,30.87800,30.70300,30.72400,45697.46,1769927099999,1407063.2879200,6181,29756.86,916408.4126800,0
1769927100000,30.72300,30.77500,30.42900,30.48900,148321.03,1769927399999,4529021.2270900,13317,47891.35,1462656.7802100,0
1769927400000,30.48800,30.58300,30.47600,30.51700,54270.11,1769927699999,1655663.6600300,7551,27048.68,825215.1522400,0
1769927700000,30.51700,30.59200,30.31100,30.41600,179541.46,1769927999999,5458493.4958400,13210,75025.14,2281789.6448800,0
1769928000000,30.41500,30.52400,30.41500,30.51000,63851.56,1769928299999,1945745.9682700,6924,37313.60,1137145.7129900,0
1769928300000,30.51000,30.60500,30.39000,30.60400,62344.34,1769928599999,1900888.5152400,7969,33178.93,1011951.3298500,0
1769928600000,30.60400,30.64700,30.46400,30.58300,87321.51,1769928899999,2668239.4346000,10189,45141.50,1379775.2104800,0
1769928900000,30.58300,30.70200,30.48400,30.51500,65425.37,1769929199999,2003670.7458900,7330,31367.19,960324.1307900,0
1769929200000,30.51500,30.52600,30.40600,30.43000,35674.89,1769929499999,1087192.8173300,5970,16964.62,517020.9777800,0
1769929500000,30.43100,30.48100,30.22100,30.27200,109714.21,1769929799999,3324486.4472300,10800,36455.66,1104805.8947300,0
1769929800000,30.27200,30.53000,30.22100,30.35900,152005.87,1769930099999,4618979.6994400,12616,102428.67,3113751.7741000,0
1769930100000,30.35800,30.67700,30.35100,30.48400,125238.23,1769930399999,3824160.8049200,13541,74312.74,2269084.8945800,0
1769930400000,30.47800,30.59700,30.45300,30.48000,45709.78,1769930699999,1395628.2047100,6866,22764.15,695093.9527600,0
1769930700000,30.48000,30.54100,30.45200,30.46400,34644.19,1769930999999,1056642.8721800,5347,17945.52,547392.2418500,0
1769931000000,30.46500,30.50500,30.40500,30.42800,45857.54,1769931299999,1396508.1820700,5959,20745.56,631853.9167900,0
1769931300000,30.42500,30.67300,30.42100,30.66400,82616.29,1769931599999,2525892.8561500,8583,56930.11,1740286.2539500,0
1769931600000,30.66400,30.84400,30.64400,30.75700,126794.20,1769931899999,3902733.7114800,12554,74265.75,2285562.5784200,0
1769931900000,30.75700,30.77300,30.69100,30.74000,55709.58,1769932199999,1711963.7823000,6986,30092.90,924790.9030200,0
1769932200000,30.73900,30.93400,30.72600,30.83400,72999.17,1769932499999,2252703.0721600,8577,41946.87,1294295.3680800,0
1769932500000,30.83400,30.86100,30.64500,30.70100,50700.77,1769932799999,1557384.9414500,6179,26458.17,812609.3325800,0
1769932800000,30.70200,30.90000,30.70100,30.81700,58260.72,1769933099999,1795495.1047000,7057,28765.87,886131.3897300,0
1769933100000,30.81800,30.94700,30.73100,30.91800,60992.16,1769933399999,1880624.0081100,6955,33730.81,1040365.7982300,0
1769933400000,30.91900,31.07400,30.88900,30.89400,80636.99,1769933699999,2498722.6954200,8876,42593.30,1320141.4467600,0
1769933700000,30.89500,30.90600,30.76100,30.81500,63710.95,1769933999999,1964653.1489500,7679,26024.96,802498.2474900,0
1769934000000,30.81400,30.95400,30.75300,30.88900,65054.90,1769934299999,2006087.2568400,6736,32558.69,1003867.2291200,0
1769934300000,30.88900,30.92000,30.62100,30.68100,87215.08,1769934599999,2681207.3365400,9522,28889.18,888835.4648500,0
1769934600000,30.68100,30.69500,30.55000,30.65500,75191.91,1769934899999,2301905.8448200,8733,30123.41,922047.6436000,0
1769934900000,30.65500,30.89400,30.65500,30.87500,62884.37,1769935199999,1935559.2207300,7763,32973.11,1015040.4506800,0
1769935200000,30.87500,30.99000,30.77900,30.97400,77278.88,1769935499999,2386294.5796600,9325,34867.68,1077056.2600600,0
1769935500000,30.97300,30.97300,30.79700,30.81400,68994.53,1769935799999,2130049.6974500,7716,23773.98,733705.5483400,0
1769935800000,30.81300,30.93000,30.77600,30.92500,54522.63,1769936099999,1682201.2054800,6703,34315.82,1058747.7215700,0
1769936100000,30.92400,30.95200,30.86100,30.94900,35122.06,1769936399999,1085775.3301200,5153,19125.09,591246.5744900,0
1769936400000,30.94500,31.03800,30.81100,31.02300,52520.26,1769936699999,1625070.7018000,7061,20518.27,635012.1982500,0
1769936700000,31.02100,31.44900,31.02100,31.26700,364830.97,1769936999999,11410684.6187100,21037,191319.41,5979473.2375400,0
1769937000000,31.26600,31.27200,31.12700,31.22700,70281.37,1769937299999,2191861.4462900,8233,28593.71,891708.6162900,0
1769937300000,31.22600,31.26400,31.14700,31.23800,60299.09,1769937599999,1882037.5284900,8082,24976.99,779503.4231400,0
1769937600000,31.23800,31.27000,31.15800,31.22100,38179.09,1769937899999,1192169.2063500,5561,22029.94,688009.5594400,0
1769937900000,31.22000,31.26200,31.11300,31.12200,45365.28,1769938199999,1413887.1508700,5535,14448.72,450481.8757900,0
1769938200000,31.12300,31.39800,31.01500,31.13700,216473.45,1769938499999,6753372.9039500,12882,71109.47,2219870.2703400,0
1769938500000,31.13700,31.19900,30.98800,31.04200,81692.89,1769938799999,2541340.0350100,8978,37382.69,1163159.1884100,0
1769938800000,31.04300,31.13900,30.97800,31.07200,63269.06,1769939099999,1964126.0104000,7933,26366.75,818614.4930500,0
1769939100000,31.07200,31.11500,30.90100,31.08200,59031.07,1769939399999,1831519.6634200,7657,27817.92,863149.3603300,0
1769939400000,31.08200,31.26800,31.08200,31.26500,87408.96,1769939699999,2725868.3809000,8069,59121.47,1843701.0517800,0
1769939700000,31.26500,31.40900,31.17600,31.35200,79966.94,1769939999999,2502720.0604100,8859,45334.45,1419545.0300300,0
1769940000000,31.35500,31.36600,31.17300,31.21600,65264.10,1769940299999,2040437.6334100,7665,30377.47,950115.9871000,0
1769940300000,31.21700,31.34200,31.18400,31.33000,50938.15,1769940599999,1592619.4918800,6494,28433.26,889070.1652700,0
1769940600000,31.33000,31.56300,31.30800,31.47600,101913.60,1769940899999,3208272.2012100,11005,59264.92,1865548.7610100,0
1769940900000,31.47500,31.48200,31.32000,31.34200,50262.41,1769941199999,1578634.5155700,7311,23793.84,747523.3566400,0
1769941200000,31.34100,31.42900,31.31400,31.38000,36874.67,1769941499999,1156802.1806300,5821,18955.37,594640.8085100,0
1769941500000,31.38200,31.43100,31.33700,31.42700,21790.33,1769941799999,684027.1357100,4265,12993.09,407895.3948900,0
1769941800000,31.42800,31.47200,31.20100,31.22600,66576.93,1769942099999,2086606.4525400,9477,26222.53,822243.7588400,0
1769942100000,31.22600,31.27500,30.90200,30.93700,188348.77,1769942399999,5845311.3512600,17794,62540.27,1940380.5629000,0
1769942400000,30.93700,30.94300,30.52800,30.56500,180525.07,1769942699999,5549854.6572200,19448,64175.15,1972658.8546100,0
1769942700000,30.56000,30.74000,30.45700,30.61700,121302.15,1769942999999,3712774.5245600,13092,45903.80,1405201.3912300,0
1769943000000,30.61600,30.66100,30.51300,30.52000,65675.04,1769943299999,2008872.7037500,8293,34482.48,1055054.3244800,0
1769943300000,30.52100,30.56500,30.22300,30.38200,175584.57,1769943599999,5327794.8157000,14698,74010.33,2246106.6257400,0
1769943600000,30.38400,30.55100,30.37300,30.54900,87230.74,1769943899999,2658391.9516100,9796,54451.59,1659634.7418200,0
1769943900000,30.55000,30.58600,30.46200,30.50900,43441.56,1769944199999,1326409.2449500,7735,21553.43,658318.7430800,0
1769944200000,30.50900,30.58000,30.37300,30.54300,111695.65,1769944499999,3401089.4386200,10629,45329.67,1380488.3080800,0
1769944500000,30.54400,30.65200,30.41600,30.62300,58035.31,1769944799999,1772392.5517900,7733,34503.00,1054513.6682200,0
1769944800000,30.62200,30.67000,30.53700,30.55100,32088.53,1769945099999,982199.4611600,5547,13182.38,403583.0703800,0
1769945100000,30.55000,30.62200,30.50700,30.55900,24307.95,1769945399999,743111.4659300,4860,13088.03,400170.0323900,0
1769945400000,30.55900,30.69000,30.54200,30.65300,29508.51,1769945699999,903582.9140000,5742,15229.59,466440.9089700,0
1769945700000,30.64900,31.21800,30.64200,31.13000,316108.15,1769945999999,9799912.8964800,22651,202721.03,6283430.8763300,0
1769946000000,31.13100,31.16600,31.00900,31.06900,75382.54,1769946299999,2342894.3872700,10343,28655.47,890576.3690900,0
1769946300000,31.06900,31.13400,30.91400,30.93200,64608.83,1769946599999,2003702.5982500,9183,23233.29,720951.3166800,0
1769946600000,30.93100,30.95800,30.87400,30.91100,26695.01,1769946899999,825514.6858100,5052,12888.60,398591.7119600,0
1769946900000,30.90900,30.98200,30.89800,30.96400,18820.89,1769947199999,582383.2116500,3807,12154.55,376119.9426000,0
1769947200000,30.96400,30.97500,30.77700,30.85200,65561.92,1769947499999,2022235.6417700,7760,23640.67,729303.9465300,0
1769947500000,30.85100,30.96400,30.85100,30.92700,34897.77,1769947799999,1078754.9604800,6471,19960.02,617084.7047100,0
1769947800000,30.92600,31.09200,30.88500,30.99100,54202.39,1769948099999,1680717.1130700,8936,36158.70,1121410.1843300,0
1769948100000,30.98600,30.99000,30.69000,30.95700,89755.93,1769948399999,2765656.7664700,11929,39540.03,1219244.0977700,0
1769948400000,30.95800,31.00000,30.75300,30.85800,82029.74,1769948699999,2534181.8881600,12527,39285.96,1213971.3652200,0
1769948700000,30.85900,30.99300,30.70000,30.88200,122202.53,1769948999999,3768607.8925000,14728,54701.84,1688390.6240900,0
1769949000000,30.88100,30.94000,30.80000,30.89700,66845.89,1769949299999,2064746.3967300,8420,40192.17,1241643.1608400,0
1769949300000,30.89800,31.05800,30.66000,30.67100,177347.99,1769949599999,5475416.0849200,14030,76080.67,2351247.6872200,0
1769949600000,30.67200,30.72400,30.44700,30.49600,103443.41,1769949899999,3166077.0505600,12520,36728.29,1124877.5329600,0
1769949900000,30.50000,30.57100,30.40900,30.49200,71454.33,1769950199999,2179180.7216000,8863,31605.44,964349.9810300,0
1769950200000,30.49100,30.51000,30.35800,30.39100,50116.09,1769950499999,1525289.9806000,6528,14498.84,441360.9462600,0
1769950500000,30.39100,30.48400,30.33100,30.33700,53191.69,1769950799999,1616686.8798000,6935,24234.75,736810.4911500,0
1769950800000,30.33800,30.52000,30.24700,30.41100,140186.16,1769951099999,4257580.1920300,14810,58836.71,1787987.4386200,0
1769951100000,30.41100,30.41900,30.32600,30.39000,44348.50,1769951399999,1346972.1049700,6960,18721.46,568666.3570500,0
1769951400000,30.38900,30.51500,30.35200,30.36000,89206.34,1769951699999,2715180.2562500,11255,53736.34,1635808.9131000,0
1769951700000,30.35900,30.41500,30.21300,30.32600,77105.31,1769951999999,2335357.8748800,9854,29488.23,893417.6755000,0
1769952000000,30.32500,30.38400,29.96400,30.06400,186189.22,1769952299999,5604746.4750200,14784,57152.92,1721935.5506500,0
1769952300000,30.06300,30.06900,29.81500,29.95900,206372.04,1769952599999,6182673.3183800,16995,60253.48,1805066.2304000,0
1769952600000,29.95900,30.05900,29.88800,30.03800,94154.52,1769952899999,2821772.7894400,10767,49488.04,1483596.4147300,0
1769952900000,30.03700,30.03900,29.77000,29.81400,118911.48,1769953199999,3551778.5500800,13692,40249.69,1202610.3987200,0
1769953200000,29.81600,29.95400,29.80200,29.90800,80168.99,1769953499999,2395689.6329800,9988,49646.73,1483554.7330100,0
1769953500000,29.90800,29.95200,29.55500,29.68300,125396.06,1769953799999,3729446.9773900,12083,38634.25,1150712.8999800,0
1769953800000,29.68300,29.68300,29.42100,29.50100,227890.89,1769954099999,6732714.4130300,20732,85427.84,2524838.7587500,0
1769954100000,29.50000,29.54800,29.42700,29.48900,92410.34,1769954399999,2725267.6678700,11751,44970.16,1326507.1684200,0
1769954400000,29.48800,29.64600,29.33100,29.55600,103404.49,1769954699999,3047941.8820000,13451,49265.64,1453410.0138200,0
1769954700000,29.55600,29.63700,29.48300,29.53600,73940.66,1769954999999,2186141.1203000,10258,28796.00,851635.0857600,0
1769955000000,29.53600,29.53600,29.30400,29.41300,77521.36,1769955299999,2278954.5897700,10442,23333.54,686118.9351300,0
1769955300000,29.41200,29.45100,29.19300,29.23500,153149.16,1769955599999,4483463.7154700,15164,45909.23,1344344.8738500,0
1769955600000,29.23400,29.24000,29.12600,29.15600,85358.95,1769955899999,2491015.0039200,11098,34334.23,1002079.2873900,0
1769955900000,29.15700,29.28400,29.08000,29.13000,152426.56,1769956199999,4445925.0691900,14676,74963.82,2186976.9582500,0
1769956200000,29.12900,29.32000,29.09700,29.12400,112464.46,1769956499999,3286503.0243600,14674,53075.70,1551778.0747200,0
1769956500000,29.12600,29.19100,28.92000,29.12300,200116.17,1769956799999,5808478.4288300,22498,76302.55,2215353.8993400,0
1769956800000,29.12300,29.46400,29.11400,29.24000,211859.93,1769957099999,6209830.6665900,21996,130572.13,3827867.9157100,0
1769957100000,29.24100,29.46100,29.21200,29.40400,162232.55,1769957399999,4759258.9245300,16644,103179.65,3026945.6586500,0
1769957400000,29.40400,29.68300,29.38500,29.42500,186943.44,1769957699999,5519138.4335000,20078,98552.16,2910610.5324000,0
1769957700000,29.42500,29.43000,29.09000,29.12600,87849.92,1769957999999,2572673.5161900,11585,34538.64,1012209.0044800,0
1769958000000,29.12700,29.23100,28.91300,28.95200,121023.70,1769958299999,3519467.8775300,14209,57949.24,1686584.7112300,0
1769958300000,28.95200,29.00000,28.83400,28.88300,131871.42,1769958599999,3814001.5148900,15330,59989.87,1735790.6441900,0
1769958600000,28.88300,28.92400,28.71300,28.86800,149647.64,1769958899999,4314669.7789400,15611,75446.98,2176162.1254100,0
1769958900000,28.86700,28.94100,28.65300,28.79600,173902.38,1769959199999,5008365.4820600,20945,67559.11,1946149.6267100,0
1769959200000,28.79600,28.90900,28.69600,28.82200,113887.66,1769959499999,3282133.5173800,13901,67449.08,1944397.0216900,0
1769959500000,28.82800,28.87100,28.50000,28.54400,186444.03,1769959799999,5345811.8885000,20490,71911.34,2063688.5429700,0
1769959800000,28.54100,28.72600,28.46500,28.60100,169448.34,1769960099999,4844442.7104100,21941,77031.98,2202523.7269500,0
1769960100000,28.59900,28.88400,28.45500,28.81900,202593.71,1769960399999,5802794.2026100,21230,133492.78,3826309.7767600,0
1769960400000,28.81800,28.86100,28.68000,28.69800,142350.14,1769960699999,4096010.5144200,15076,56911.10,1636949.7598800,0
1769960700000,28.69900,28.85400,28.62800,28.78700,91906.91,1769960999999,2642869.5969200,13308,46952.70,1350850.7831100,0
1769961000000,28.78600,29.02600,28.73300,28.82800,103609.54,1769961299999,2992700.3866000,13151,57553.90,1662767.0973000,0
1769961300000,28.82800,29.19100,28.82500,28.99400,183558.43,1769961599999,5332419.8190300,16791,111490.46,3240042.0236200,0
1769961600000,28.99600,29.02000,28.88400,28.91600,91174.85,1769961899999,2638578.4803600,13745,37954.95,1098574.1634700,0
1769961900000,28.91500,29.24700,28.89100,29.03700,126224.76,1769962199999,3672574.2661600,15698,59810.73,1740652.6592600,0
1769962200000,29.03900,29.12500,28.91400,29.11300,76464.56,1769962499999,2217428.1175100,11219,42715.63,1238712.9476600,0
1769962500000,29.11400,29.18800,28.77100,28.81300,166182.72,1769962799999,4816637.2779200,15824,72456.40,2101998.1725500,0
1769962800000,28.81400,29.28600,28.81400,29.27500,139915.08,1769963099999,4062843.4148500,17681,68100.22,1978484.3727700,0
1769963100000,29.27200,29.48900,29.18600,29.29200,191830.66,1769963399999,5635049.1932800,20391,104755.48,3078109.0557300,0
1769963400000,29.29200,29.48900,29.23500,29.46800,108757.23,1769963699999,3194158.2046900,15410,55509.48,1630177.7921600,0
1769963700000,29.46900,29.47700,29.13300,29.18200,95835.48,1769963999999,2809011.0955200,12791,37272.31,1092067.9648600,0
1769964000000,29.18300,29.28000,29.01200,29.14000,79974.13,1769964299999,2330353.1440100,11881,44332.69,1292372.3924000,0
1769964300000,29.14000,29.30300,29.14000,29.15300,60386.72,1769964599999,1765048.5104100,9395,34555.56,1010059.2484500,0
1769964600000,29.15100,29.26600,29.07200,29.26600,58195.21,1769964899999,1697361.8789600,9015,32270.69,941536.7913300,0
1769964900000,29.26600,29.44900,29.22800,29.43200,95172.66,1769965199999,2794705.2524100,11806,54146.67,1589920.5761600,0
1769965200000,29.43200,29.67800,29.38400,29.64800,242225.47,1769965499999,7160961.2337800,18432,126193.18,3731165.1288500,0
1769965500000,29.64700,29.74100,29.50200,29.57700,116638.75,1769965799999,3454895.9132800,15815,58297.34,1727501.7451400,0
1769965800000,29.57700,29.60600,29.47600,29.56300,73443.58,1769966099999,2169456.3424300,10663,34998.67,1034199.4206000,0
1769966100000,29.56300,29.70700,29.47800,29.63400,73511.24,1769966399999,2175105.1000900,10046,35680.75,1055878.1766600,0
1769966400000,29.63300,29.65600,29.33600,29.43100,114043.28,1769966699999,3361012.7573500,11762,35810.46,1054554.9537100,0
1769966700000,29.43100,29.49900,29.39900,29.44200,32837.70,1769966999999,966983.9805800,6797,18244.23,537317.3253200,0
1769967000000,29.44200,29.53000,29.22000,29.26800,95248.87,1769967299999,2796374.2311000,11403,40495.02,1188807.2741900,0
1769967300000,29.26300,29.35900,29.18800,29.31600,105502.57,1769967599999,3089007.3696200,10835,50323.29,1473579.6473300,0
1769967600000,29.31600,29.45600,29.28400,29.32400,37138.33,1769967899999,1090615.5152600,6762,19327.56,567643.4677700,0
1769967900000,29.32300,29.40300,29.23300,29.27600,69304.30,1769968199999,2031904.8368000,7614,24016.88,704265.0898000,0
1769968200000,29.27600,29.62000,29.23600,29.56000,61326.26,1769968499999,1807300.4958200,8851,38814.66,1143678.7760400,0
1769968500000,29.56000,29.62200,29.44100,29.61200,42025.19,1769968799999,1240379.0987500,6680,19712.64,581991.2867700,0
1769968800000,29.61300,30.03900,29.61300,29.91200,217095.15,1769969099999,6471627.2933900,22745,117700.76,3510017.7538700,0
1769969100000,29.91100,30.08500,29.77500,30.05200,160118.04,1769969399999,4794213.5290300,18616,83606.30,2503713.6436700,0
1769969400000,30.05200,30.24200,30.00000,30.21500,145529.73,1769969699999,4383390.5809100,16176,88011.30,2651236.7243200,0
1769969700000,30.21400,30.23700,30.00000,30.18700,92378.97,1769969999999,2781052.4885100,12460,46077.51,1387395.0332000,0
1769970000000,30.18700,30.26600,29.85800,29.89300,130760.10,1769970299999,3931096.6079800,15171,55297.28,1664509.5302200,0
1769970300000,29.89300,30.04500,29.85000,29.94500,77543.16,1769970599999,2322981.7528800,9086,49030.23,1469176.6252600,0
1769970600000,29.94500,29.96600,29.84500,29.93300,67795.29,1769970899999,2028181.8919500,8094,28669.41,857725.4131500,0
1769970900000,29.93400,29.93400,29.73400,29.84100,74490.01,1769971199999,2220300.3990800,9247,40422.35,1205071.8479800,0
1769971200000,29.84100,29.94400,29.71500,29.74100,73201.53,1769971499999,2183494.2109800,8748,35760.56,1066877.7554200,0
1769971500000,29.74000,29.78400,29.65800,29.66500,58710.00,1769971799999,1744520.4268800,8530,25746.23,765166.8984200,0
1769971800000,29.66400,29.81400,29.64900,29.80300,57342.06,1769972099999,1705173.5096600,8061,26743.44,795447.5711200,0
1769972100000,29.80500,29.93900,29.75400,29.92400,59217.42,1769972399999,1767535.7803600,7926,38063.03,1136128.7311900,0
1769972400000,29.92400,29.98800,29.64800,29.65900,74273.51,1769972699999,2213366.3106300,9802,38072.04,1135656.1616200,0
1769972700000,29.66000,29.71400,29.46300,29.50900,103233.03,1769972999999,3052076.5038100,10774,39100.35,1155937.5177500,0
1769973000000,29.50900,29.61300,29.50700,29.53700,41227.91,1769973299999,1218706.1905800,5955,19569.63,578651.8939100,0
1769973300000,29.53800,29.54300,29.38100,29.52500,89245.30,1769973599999,2627597.6740700,8864,30593.13,900898.9662500,0
1769973600000,29.52500,29.54100,29.43000,29.47800,35118.96,1769973899999,1035274.7635800,5725,17405.89,513136.9187700,0
1769973900000,29.47800,29.52700,29.27500,29.37100,121657.57,1769974199999,3572942.2660200,10717,55232.40,1622240.8969900,0
1769974200000,29.37200,29.51200,29.35300,29.45900,53186.11,1769974499999,1565379.7291200,6682,22980.97,676677.6240100,0
1769974500000,29.45900,29.46700,29.28500,29.32600,77032.06,1769974799999,2260641.6063100,8298,29162.45,855852.8708600,0
1769974800000,29.32600,29.37200,29.21900,29.36600,39326.76,1769975099999,1151804.6821900,5770,13223.70,387485.0642400,0
1769975100000,29.36700,29.37000,29.14500,29.28600,86720.73,1769975399999,2535409.3018300,11064,37506.38,1096940.3876800,0
1769975400000,29.28500,29.37100,29.27900,29.33500,38220.96,1769975699999,1121270.4662500,6252,19192.80,563078.3306200,0
1769975700000,29.33600,29.43600,29.23500,29.41800,49408.27,1769975999999,1448804.3304500,7084,27176.83,797114.6301300,0
1769976000000,29.41700,29.41700,29.16800,29.26200,55866.16,1769976299999,1635701.6964300,9014,20843.48,610147.5782400,0
1769976300000,29.26100,29.27700,29.03200,29.25700,69008.66,1769976599999,2010806.1005000,9281,28899.96,842411.3935500,0
1769976600000,29.25500,29.52900,29.22700,29.51300,190219.84,1769976899999,5597892.4016900,15134,118354.86,3482869.2933600,0
1769976900000,29.51400,29.64900,29.48200,29.51800,73653.24,1769977199999,2176756.4153000,8772,39926.78,1180306.8459100,0
1769977200000,29.51800,29.71600,29.50900,29.55500,46735.12,1769977499999,1384432.8020700,7077,25004.47,740721.2706700,0
1769977500000,29.55500,29.57100,29.23700,29.27300,111481.68,1769977799999,3273738.1378600,11010,32307.62,948840.8309600,0
1769977800000,29.27400,29.46000,29.24300,29.45200,82166.75,1769978099999,2411508.3579500,10211,42457.36,1246215.3141300,0
1769978100000,29.45100,29.81400,29.43600,29.77900,130953.14,1769978399999,3882002.0646200,14521,71776.84,2127756.1827500,0
1769978400000,29.78000,29.87400,29.66000,29.75400,101376.14,1769978699999,3016277.3399000,10747,49795.17,1481641.1986800,0
1769978700000,29.75300,29.75300,29.61300,29.63100,34952.11,1769978999999,1036884.4779100,6247,14064.22,417285.3338800,0
1769979000000,29.63200,29.71600,29.51900,29.53800,33839.68,1769979299999,1001744.3342500,6286,16112.53,477088.7456700,0
1769979300000,29.54200,29.66300,29.54200,29.64300,23350.07,1769979599999,691531.0562000,4688,13510.47,400136.0881100,0
1769979600000,29.64300,29.66700,29.38100,29.39900,51918.75,1769979899999,1531016.8018300,7947,19720.87,581466.5936800,0
1769979900000,29.39800,29.47900,29.08000,29.12400,124352.06,1769980199999,3639429.4227900,13493,52298.70,1530396.9462600,0
1769980200000,29.12300,29.35500,29.11000,29.23900,78340.73,1769980499999,2293323.4603900,9908,36441.34,1066680.2728200,0
1769980500000,29.23800,29.23900,28.93100,28.97400,115169.17,1769980799999,3347191.9573700,12865,44967.43,1307254.5845800,0
1769980800000,28.97500,29.25900,28.94400,29.20800,91223.82,1769981099999,2655359.0534700,10304,56355.07,1640444.0818900,0
1769981100000,29.20700,29.33600,29.19600,29.33300,34248.40,1769981399999,1002451.4623700,5583,19874.50,581803.9918000,0
1769981400000,29.33300,29.46300,29.25600,29.40700,51911.55,1769981699999,1524044.3619300,8875,25834.99,758754.3959600,0
1769981700000,29.40700,29.93400,29.40700,29.93400,164693.59,1769981999999,4891361.2666800,15194,102868.93,3055508.1118500,0
1769982000000,29.92900,30.01400,29.75600,29.78600,111436.44,1769982299999,3332735.1739100,11850,57490.89,1720399.9235400,0
1769982300000,29.78600,29.96900,29.65500,29.87500,96419.04,1769982599999,2874816.2910600,13103,55036.08,1641212.2806500,0
1769982600000,29.87500,30.03500,29.79700,29.99100,78061.25,1769982899999,2337009.7268900,10568,36154.45,1082413.1863900,0
1769982900000,29.99000,30.18900,29.83200,30.18200,170270.37,1769983199999,5115110.6639800,16470,93251.53,2803522.0967700,0
1769983200000,30.18200,30.37600,30.01200,30.32100,176624.52,1769983499999,5336942.3950800,17496,113243.12,3424260.9133200,0
1769983500000,30.32100,30.33300,30.14300,30.25300,73316.81,1769983799999,2216647.9978800,9338,29232.78,884028.8040200,0
1769983800000,30.25600,30.46900,30.21400,30.23700,218756.99,1769984099999,6637999.1645700,16225,124715.38,3785742.6263200,0
1769984100000,30.23800,30.40700,30.20500,30.32000,72987.33,1769984399999,2211332.9161100,8000,48258.28,1462276.0430400,0
1769984400000,30.32000,30.32700,29.83800,29.88900,134030.62,1769984699999,4025344.1094500,9824,44251.90,1331848.5269700,0
1769984700000,29.88600,30.04800,29.77000,30.02600,90866.49,1769984999999,2717462.4750600,9295,48912.79,1463362.0795300,0
1769985000000,30.02300,30.30000,29.99800,30.14800,85235.07,1769985299999,2572966.5397200,6750,61989.01,1871957.0169200,0
1769985300000,30.14800,30.44900,30.03500,30.35100,80817.54,1769985599999,2446334.2368900,7386,50109.68,1518128.1635700,0
1769985600000,30.35100,30.35100,30.15500,30.20300,36566.98,1769985899999,1105408.0885400,4239,14311.75,432258.1183300,0
1769985900000,30.20400,30.33200,30.07300,30.07400,35993.81,1769986199999,1087413.1089300,5124,12951.46,391415.4046800,0
1769986200000,30.07400,30.23000,30.04000,30.12700,38304.68,1769986499999,1154238.0824700,4566,22822.34,688099.9793700,0
1769986500000,30.12700,30.21000,30.06100,30.08100,18872.72,1769986799999,568784.4560800,3463,8680.21,261672.8186000,0
1769986800000,30.08100,30.12600,29.73200,29.88600,144161.21,1769987099999,4307339.3908800,12411,51229.01,1532202.5822900,0
1769987100000,29.88900,29.89700,29.31900,29.42500,356801.37,1769987399999,10533810.3917000,32426,141495.13,4175572.5877700,0
1769987400000,29.42400,30.12900,29.34200,30.03300,267808.63,1769987699999,7965209.3827600,33641,153114.16,4553487.7854500,0
1769987700000,30.03200,30.20200,29.78200,30.02800,253491.93,1769987999999,7606424.6434400,27440,122357.04,3675077.3312300,0
1769988000000,30.02900,30.53600,29.83400,30.46600,235719.92,1769988299999,7112386.0965400,25477,114143.13,3449068.7677000,0
1769988300000,30.46700,30.92300,30.46000,30.88100,277324.90,1769988599999,8517385.4258000,29293,174943.65,5373903.2654000,0
1769988600000,30.87900,31.20200,30.74800,31.03600,271158.11,1769988899999,8409639.9265100,27942,161349.08,5006341.5271800,0
1769988900000,31.03600,31.09700,30.78800,30.85800,159905.98,1769989199999,4949428.0192500,20950,68212.12,2112047.0727500,0
1769989200000,30.85900,31.00700,30.79300,30.86300,132538.30,1769989499999,4096005.4338300,12976,81976.32,2533729.9600800,0
1769989500000,30.86300,30.99200,30.63100,30.63400,106649.38,1769989799999,3284047.9918300,14427,44491.61,1370765.2845700,0
1769989800000,30.63600,30.75400,30.49500,30.50000,105530.67,1769990099999,3233286.2071900,13822,47739.55,1463477.0675400,0
1769990100000,30.50500,30.79300,30.49300,30.57300,90108.65,1769990399999,2762909.6280700,11098,58287.48,1787288.1690300,0
1769990400000,30.57300,30.71100,30.43000,30.60100,120226.75,1769990699999,3673445.2356300,14767,62210.54,1901742.7027100,0
1769990700000,30.60000,31.05000,30.57600,31.01800,161561.17,1769990999999,4980006.4623700,16987,101509.64,3129045.9802100,0
1769991000000,31.01700,31.52700,30.96600,31.43900,325174.33,1769991299999,10166038.1941400,26019,218143.87,6824004.8581800,0
1769991300000,31.44400,31.83200,31.40600,31.49700,356119.87,1769991599999,11267035.3053700,32471,184757.64,5847499.5522700,0
1769991600000,31.49800,31.62800,31.37600,31.46000,119554.95,1769991899999,3765683.4140000,16790,60341.50,1900653.6532200,0
1769991900000,31.45900,31.51600,31.30100,31.32900,82967.41,1769992199999,2604524.0624100,13031,37643.16,1182217.0393000,0
1769992200000,31.32900,31.44100,31.05000,31.18700,116550.96,1769992499999,3642008.7879500,16408,52057.91,1627929.2101300,0
1769992500000,31.18500,31.50500,31.12000,31.24900,122426.17,1769992799999,3835367.2589500,15500,68828.13,2156569.8235800,0
1769992800000,31.25000,31.26400,31.09000,31.22300,67855.17,1769993099999,2115624.0198900,10188,31993.63,997654.8980600,0
1769993100000,31.22100,31.29200,31.01200,31.09700,63910.11,1769993399999,1990490.9821900,10659,25017.86,779439.1394800,0
1769993400000,31.09700,31.24500,31.05900,31.08900,55826.60,1769993699999,1738278.1721800,8240,29877.03,930096.5513400,0
1769993700000,31.08900,31.09600,30.85300,30.99300,108309.28,1769993999999,3353778.0286300,11359,40130.81,1242879.8866400,0
1769994000000,30.99400,31.13100,30.88000,31.05100,76832.47,1769994299999,2382307.0714900,10896,36013.87,1117221.3677300,0
1769994300000,31.05000,31.09500,30.73000,30.74000,90807.81,1769994599999,2804769.1091400,11955,33689.07,1040863.5550400,0
1769994600000,30.73900,30.77300,30.54400,30.56900,132098.40,1769994899999,4049007.0013600,15670,51433.35,1577203.2393100,0
1769994900000,30.56800,30.92500,30.54700,30.83000,139361.44,1769995199999,4286245.7851700,18729,78795.21,2422382.7794400,0
1769995200000,30.82800,31.00800,30.73700,31.00500,67349.13,1769995499999,2080787.7377000,11797,35156.38,1086253.5005400,0
1769995500000,31.00400,31.32400,30.91000,31.21300,146490.49,1769995799999,4562384.5110100,17049,71528.97,2228130.9389100,0
1769995800000,31.21400,31.29400,31.15700,31.20400,89334.76,1769996099999,2789552.3272200,11312,41342.29,1291279.3621100,0
1769996100000,31.20500,31.41400,31.19900,31.22900,77274.22,1769996399999,2417970.0803700,10219,40821.46,1277687.1641900,0
1769996400000,31.23000,31.61500,31.20100,31.56300,181115.73,1769996699999,5694260.0382400,11026,77202.16,2428392.2688100,0
1769996700000,31.56500,31.65800,31.24500,31.29700,87961.55,1769996999999,2769225.4756600,10330,42128.20,1327353.2250800,0
1769997000000,31.29700,31.42500,31.25800,31.27200,39012.31,1769997299999,1222114.4162900,7539,17028.41,533578.3997300,0
1769997300000,31.27200,31.33800,31.22300,31.22900,41826.70,1769997599999,1308137.8638900,7223,17737.80,554890.7325000,0
1769997600000,31.22900,31.29700,31.14200,31.26400,105552.51,1769997899999,3294450.9906900,10341,52459.53,1637486.1778200,0
1769997900000,31.26400,31.31000,31.14800,31.21600,100451.24,1769998199999,3135585.3694700,11532,44837.14,1399824.5398500,0
1769998200000,31.21700,31.40500,31.09200,31.39200,155432.68,1769998499999,4853705.3481700,12144,88487.55,2764520.9158000,0
1769998500000,31.39200,31.55000,31.17800,31.21700,85146.32,1769998799999,2669553.8172400,10805,39426.23,1236825.3360300,0
1769998800000,31.21800,31.27200,31.04100,31.25900,57260.68,1769999099999,1785948.4303000,7675,25686.30,801281.0369600,0
1769999100000,31.25700,31.47700,31.20300,31.21600,101746.86,1769999399999,3188671.1733000,10496,56096.62,1758256.0317200,0
1769999400000,31.21600,31.29700,31.19200,31.21600,44599.49,1769999699999,1392515.0012800,5476,21118.53,659533.9914900,0
1769999700000,31.21500,31.31000,31.17800,31.30700,89528.83,1769999999999,2795547.0591400,8010,45999.74,1437015.3053400,0
1770000000000,31.30600,31.34600,31.18900,31.20700,43053.23,1770000299999,1344803.5346700,5338,22585.71,705386.5190800,0
1770000300000,31.20900,31.27000,31.17900,31.26700,57683.17,1770000599999,1800268.6590200,6827,22520.21,702957.3909000,0
1770000600000,31.26700,31.28700,31.12700,31.21300,70609.81,1770000899999,2203358.8506300,7476,26853.88,837954.5049100,0
1770000900000,31.21300,31.26300,31.18700,31.22300,56430.53,1770001199999,1761423.0792800,6444,23786.17,742579.5886500,0
1770001200000,31.22300,31.24500,31.18200,31.21700,35800.67,1770001499999,1117447.2945900,5515,17914.85,559235.3543000,0
1770001500000,31.21800,31.57700,31.18900,31.42800,227840.31,1770001799999,7158545.7306300,13963,116567.52,3661202.8669100,0
1770001800000,31.42800,31.43900,30.88300,30.89400,179160.91,1770002099999,5581578.6294400,16323,70441.12,2195128.0173000,0
1770002100000,30.89500,30.93500,30.65000,30.69300,355851.52,1770002399999,10955341.0886400,25902,140353.39,4323328.8630800,0
1770002400000,30.69300,30.73700,30.13700,30.31400,424977.98,1770002699999,12893947.3117500,36753,162310.23,4925193.3183300,0
1770002700000,30.31300,30.40900,30.08900,30.25500,201821.96,1770002999999,6104956.5010000,22133,85116.31,2576786.0120600,0
1770003000000,30.25500,30.89100,30.20000,30.74200,372081.25,1770003299999,11345036.9235100,32055,182979.02,5583394.9360900,0
1770003300000,30.74100,31.11400,30.70000,30.86200,286279.71,1770003599999,8841712.0853400,22423,152016.73,4697195.2114400,0
1770003600000,30.86200,31.14700,30.77400,30.78700,204138.72,1770003899999,6328569.8676700,17968,88804.66,2753543.1121000,0
1770003900000,30.78700,31.60000,30.66200,31.58600,309507.38,1770004199999,9633945.0759500,26044,177607.12,5540051.0519600,0
1770004200000,31.57200,32.06000,31.40600,31.99100,360564.20,1770004499999,11455878.5054000,26210,190875.86,6064621.6234600,0
1770004500000,31.99000,32.08900,31.83700,31.99700,226547.15,1770004799999,7244901.2388900,16002,99011.22,3167249.9480800,0
1770004800000,31.99900,32.04700,31.44500,31.46500,265799.13,1770005099999,8426920.1808500,21789,96484.91,3061029.9515800,0
1770005100000,31.46400,31.69200,31.42700,31.68700,103832.98,1770005399999,3277846.5607200,11603,59529.26,1880121.2169100,0
1770005400000,31.68700,31.69200,31.21400,31.30000,121527.58,1770005699999,3815829.8197400,12523,57551.75,1807857.8377900,0
1770005700000,31.29900,31.42400,31.10000,31.22300,140373.97,1770005999999,4390292.0972700,13948,69683.52,2179952.0670000,0
1770006000000,31.22400,31.51300,31.15700,31.45900,122347.28,1770006299999,3836822.7516600,12690,67243.77,2108978.7198500,0
1770006300000,31.46000,31.57800,31.39200,31.52000,136161.27,1770006599999,4286227.2136700,10209,53978.67,1699810.9614100,0
1770006600000,31.52000,31.79800,31.39900,31.56300,182294.89,1770006899999,5758629.1212200,15234,88267.12,2787818.1847900,0
1770006900000,31.56400,31.60600,31.26800,31.31200,113303.76,1770007199999,3558681.9961200,9110,47994.77,1507275.7599800,0
1770007200000,31.31000,31.31000,31.06600,31.08400,110612.07,1770007499999,3447209.5798900,8992,53636.80,1671829.6495900,0
1770007500000,31.08500,31.19600,30.91800,31.17200,162952.81,1770007799999,5057684.0840900,16455,74195.59,2303831.8211100,0
1770007800000,31.17100,31.22200,31.02400,31.09500,93042.35,1770008099999,2896192.1037400,9282,42481.84,1322868.7327500,0
1770008100000,31.09600,31.28300,31.08700,31.20500,54468.14,1770008399999,1698716.6247800,9054,32299.85,1007614.0486300,0
1770008400000,31.20600,31.24700,30.90000,31.00300,133732.15,1770008699999,4147406.7133800,12381,63869.54,1981670.1533000,0
1770008700000,31.00300,31.07200,30.58400,30.69700,182528.01,1770008999999,5619915.3304200,18634,75395.08,2321706.8365400,0
1770009000000,30.69700,30.78900,30.47300,30.53400,327823.95,1770009299999,10027264.5615700,18100,111357.37,3405108.3220100,0
1770009300000,30.53300,30.66000,30.45900,30.55700,129088.01,1770009599999,3941827.6732300,14769,64367.49,1965770.2327500,0
1770009600000,30.55500,30.61900,30.45000,30.51100,134997.21,1770009899999,4119064.3495500,13235,46656.58,1423915.9570200,0
1770009900000,30.51100,30.61200,30.45400,30.60700,132740.23,1770010199999,4051563.0289300,12904,68416.66,2088885.4553100,0
1770010200000,30.60700,31.09700,30.57900,30.80700,348666.82,1770010499999,10766752.5851300,21343,167108.15,5155067.2654500,0
1770010500000,30.80700,30.93200,30.61700,30.76900,160553.41,1770010799999,4938964.6898000,17010,59577.11,1833417.7649600,0
1770010800000,30.77100,30.95000,30.74100,30.84300,75962.51,1770011099999,2342182.8760200,11576,45914.35,1415947.7560600,0
1770011100000,30.84400,30.91100,30.55600,30.63400,88357.61,1770011399999,2710652.1123100,11699,37207.50,1141542.8349300,0
1770011400000,30.63400,30.80300,30.55500,30.55500,74240.06,1770011699999,2277116.7617300,11637,33710.28,1034384.3341900,0
1770011700000,30.55500,30.99600,30.49100,30.81000,238555.12,1770011999999,7324468.3877300,17409,129277.28,3967686.8528500,0
1770012000000,30.80900,30.85000,30.57000,30.66100,98822.70,1770012299999,3034600.1290400,13714,42550.27,1306274.9111600,0
1770012300000,30.66100,30.77700,30.48400,30.56200,114530.58,1770012599999,3504642.5577700,14805,52853.43,1618125.2109200,0
1770012600000,30.56300,30.58700,30.38500,30.53000,91765.13,1770012899999,2797661.3014000,11618,42804.70,1305371.3861300,0
1770012900000,30.53000,30.88100,30.46800,30.86000,100796.93,1770013199999,3096448.4938600,15624,56272.07,1728928.1097500,0
1770013200000,30.86000,30.90000,30.59500,30.61600,75168.44,1770013499999,2307393.4117900,9992,27787.89,853276.7665100,0
1770013500000,30.61400,30.62700,30.17300,30.17800,176667.03,1770013799999,5358291.0115400,16209,71383.55,2165045.1900600,0
1770013800000,30.17700,30.28200,29.92100,29.94200,181209.68,1770014099999,5445851.2546700,18819,59798.69,1797964.1380500,0
1770014100000,29.94300,29.94600,29.49200,29.67500,358757.93,1770014399999,10637638.8058100,28984,145257.72,4305357.3102200,0
1770014400000,29.67400,30.33800,29.67400,30.24300,258424.58,1770014699999,7769950.5049600,32143,149129.65,4481360.4334100,0
1770014700000,30.24200,30.69700,30.14400,30.25700,413787.53,1770014999999,12568501.4851700,31067,194354.49,5903987.1301900,0
1770015000000,30.25700,30.53700,30.14200,30.42800,258045.49,1770015299999,7831022.7565600,22284,122593.38,3722277.3837300,0
1770015300000,30.42400,30.42700,30.19200,30.30400,106384.59,1770015599999,3223281.5252700,13806,46014.34,1393644.1772000,0
1770015600000,30.30500,30.39100,30.19800,30.37800,69385.27,1770015899999,2100712.1548800,10212,32798.40,993269.8463100,0
1770015900000,30.37800,30.44200,30.14800,30.39000,117966.18,1770016199999,3576913.5643900,13207,53875.96,1633651.4089000,0
1770016200000,30.39000,30.39000,29.93700,30.00200,164643.26,1770016499999,4948683.9106100,12085,79565.79,2389034.8683200,0
1770016500000,30.00100,30.23000,29.80600,30.21700,98073.67,1770016799999,2942609.3987400,14026,49640.65,1490424.6567700,0
1770016800000,30.21600,30.56700,30.19800,30.39700,149517.26,1770017099999,4546390.5218800,19050,70585.26,2146171.4112000,0
1770017100000,30.39700,30.48600,30.34400,30.38100,61604.45,1770017399999,1873235.9533100,8357,22834.30,694471.1074700,0
1770017400000,30.38000,30.66600,30.33400,30.56900,115596.00,1770017699999,3527979.1488300,14704,57827.27,1764757.6514300,0
1770017700000,30.57100,30.94500,30.49300,30.92500,191259.78,1770017999999,5881107.2136700,21664,107101.52,3293818.6551900,0
1770018000000,30.92600,31.07300,30.92100,31.01100,118134.32,1770018299999,3662499.2478000,14220,72092.96,2235351.5591600,0
1770018300000,31.01100,31.51500,30.97400,31.30800,333066.18,1770018599999,10430240.4539800,28521,183350.71,5742559.2100800,0
1770018600000,31.30800,31.34800,31.14500,31.22000,99509.27,1770018899999,3107046.6848300,14053,44465.05,1388650.2405200,0
1770018900000,31.22100,31.47900,31.21100,31.22100,111388.96,1770019199999,3492253.1001200,13830,62033.56,1945437.7315400,0
1770019200000,31.22300,31.57100,31.17500,31.43200,96641.72,1770019499999,3030626.1980900,15330,50685.80,1590092.5013100,0
1770019500000,31.43500,31.44400,31.21300,31.22300,77119.36,1770019799999,2416998.7880800,13177,36392.57,1140670.4312100,0
1770019800000,31.22100,31.30300,31.01900,31.02500,111874.07,1770020099999,3484604.0639900,12709,51046.73,1590383.8858600,0
1770020100000,31.02700,31.13800,30.95700,31.08000,107048.47,1770020399999,3322856.6608400,13382,52873.65,1641704.3045000,0
1770020400000,31.07500,31.07500,30.81900,30.88400,83643.20,1770020699999,2585331.0586000,12218,38856.29,1200815.4349100,0
1770020700000,30.88300,30.91200,30.69300,30.75400,101935.89,1770020999999,3139023.3525900,10759,39428.65,1214776.0158200,0
1770021000000,30.75400,30.93500,30.75400,30.85500,56167.76,1770021299999,1732291.7420100,7562,26384.90,813805.6575900,0
1770021300000,30.85600,31.05000,30.76700,31.00400,53193.80,1770021599999,1645077.6932700,7070,30915.65,956073.5670100,0
1770021600000,31.00500,31.00500,30.85100,30.90700,33555.71,1770021899999,1037183.7293700,4276,13851.96,428112.2938600,0
1770021900000,30.90600,31.02100,30.80100,30.97800,40916.89,1770022199999,1264244.8118100,5479,21277.35,657793.5379900,0
1770022200000,30.98000,31.03300,30.90800,31.00100,30558.42,1770022499999,946554.8328600,4453,14211.62,440245.4228200,0
1770022500000,30.99900,31.00500,30.91500,30.91700,29716.52,1770022799999,920163.9341500,4140,12579.99,389606.4662200,0
1770022800000,30.91700,30.99100,30.66800,30.80600,53152.40,1770023099999,1636028.9016500,7159,22360.66,688274.6698000,0
1770023100000,30.80200,30.80200,30.58800,30.64200,53381.13,1770023399999,1636364.6499500,7389,20015.39,613637.5651100,0
1770023400000,30.64300,30.78000,30.61100,30.77700,41288.82,1770023699999,1268271.7824600,6707,20242.54,621733.3105200,0
1770023700000,30.77900,30.82100,30.65600,30.76700,31345.45,1770023999999,963404.9466700,6162,15216.19,467732.9606300,0
1770024000000,30.76900,30.76900,30.54400,30.67800,62997.10,1770024299999,1928901.2068900,7855,26152.98,801028.6234400,0
1770024300000,30.67800,31.06900,30.56300,31.03600,97477.99,1770024599999,3004935.6477600,12779,58122.15,1792194.8814100,0
1770024600000,31.03600,31.03800,30.82800,30.83000,75475.51,1770024899999,2334037.5752300,10568,35706.99,1104257.5337300,0
1770024900000,30.83000,31.05900,30.77600,30.78700,82408.77,1770025199999,2546544.4431100,12647,43885.47,1356464.9382300,0
1770025200000,30.78500,30.87800,30.68300,30.87000,57562.83,1770025499999,1771305.5747400,7879,28592.78,879938.9498800,0
1770025500000,30.87000,31.40900,30.86600,31.40100,109070.02,1770025799999,3400838.9272200,14789,65112.01,2030070.7420900,0
1770025800000,31.40100,31.41100,31.16300,31.22500,75801.23,1770026099999,2369861.2455200,10992,27820.15,869894.3927200,0
1770026100000,31.22400,31.29700,31.02600,31.07300,81146.87,1770026399999,2526951.4465100,10383,26858.87,836743.0322700,0
1770026400000,31.07300,31.11300,31.00100,31.00200,40730.20,1770026699999,1264545.7807100,6999,20911.35,649303.4557900,0
1770026700000,31.00200,31.28900,30.99100,31.07600,71682.96,1770026999999,2235459.6884900,8900,28956.10,902939.7279800,0
1770027000000,31.07700,31.54400,31.05200,31.44600,212273.07,1770027299999,6660625.8710400,16198,141494.70,4439753.1195900,0
1770027300000,31.44700,31.51000,31.20700,31.23300,68031.48,1770027599999,2132647.5907000,9008,23726.96,744253.4138700,0
1770027600000,31.23400,31.34900,31.15400,31.33800,73299.10,1770027899999,2291121.4718600,8951,45638.46,1426834.6755100,0
1770027900000,31.33900,31.63600,31.27000,31.30000,188406.27,1770028199999,5931036.6474800,13890,90027.51,2834452.2219600,0
1770028200000,31.30000,31.33400,31.14800,31.14900,52462.36,1770028499999,1639625.5479900,7731,21367.95,667929.5252100,0
1770028500000,31.14800,31.15600,30.98000,30.98000,67852.05,1770028799999,2106845.1045300,8560,27369.30,849959.0893600,0
1770028800000,30.98100,31.16700,30.98100,31.08400,40606.10,1770029099999,1261635.8894400,7029,22504.81,699368.4313700,0
1770029100000,31.08500,31.14500,31.01000,31.07600,29404.28,1770029399999,914083.0058200,5915,13665.49,424924.1217400,0
1770029400000,31.07400,31.17400,31.07400,31.08900,21802.98,1770029699999,678621.8171600,4859,11652.23,362754.1596500,0
1770029700000,31.08600,31.08600,30.90500,30.95500,46041.47,1770029999999,1425545.0912200,6877,18488.85,572378.8085200,0
1770030000000,30.95500,31.05300,30.91500,30.93700,41831.39,1770030299999,1295813.3505100,7020,19994.10,619488.8595600,0
1770030300000,30.93800,31.11800,30.93700,31.01700,39393.50,1770030599999,1222745.7325800,6357,21341.83,662297.9111500,0
1770030600000,31.01700,31.20400,30.92700,31.18800,42894.02,1770030899999,1333209.8822600,6511,23831.39,740793.0202600,0
1770030900000,31.18900,31.22900,31.05900,31.08600,52439.44,1770031199999,1633422.2803100,7892,22412.76,698148.9636300,0
1770031200000,31.08500,31.10700,30.99700,31.06000,37056.53,1770031499999,1150687.9585700,5506,16737.80,519872.2189500,0
1770031500000,31.05700,31.51500,31.05200,31.34300,127958.39,1770031799999,4015669.7385600,11624,78149.48,2451595.4279200,0
1770031800000,31.34200,31.51300,31.31600,31.50700,76541.45,1770032099999,2404751.0101600,10720,38865.08,1221140.2576100,0
1770032100000,31.50700,31.54300,31.29900,31.34500,57933.62,1770032399999,1820282.2593900,9131,25511.02,801542.1997000,0
1770032400000,31.34400,31.35400,31.18400,31.28700,36874.81,1770032699999,1153185.3977000,6805,16378.75,512289.6810200,0
1770032700000,31.28600,31.33000,31.22800,31.32000,33411.59,1770032999999,1045045.2340900,6023,19341.19,604988.4620200,0
1770033000000,31.32100,31.37300,31.21500,31.23900,42363.14,1770033299999,1325569.8367400,6981,24568.12,768985.3135400,0
1770033300000,31.23700,31.23700,30.87600,30.92000,108293.28,1770033599999,3360196.3960100,10618,48176.07,1494270.8812800,0
1770033600000,30.92300,30.99100,30.76000,30.98500,81488.50,1770033899999,2515222.7686900,10824,38228.80,1180684.5992400,0
1770033900000,30.98600,31.04600,30.89000,31.04000,41477.86,1770034199999,1283719.0982500,6532,25205.34,780186.8902300,0
1770034200000,31.03900,31.07300,30.93800,31.05000,33378.04,1770034499999,1035004.9258300,5271,19706.29,611153.1000400,0
1770034500000,31.04900,31.04900,30.85300,30.98400,66207.57,1770034799999,2049774.2249500,8935,35789.13,1108300.5691600,0
1770034800000,30.98200,31.15600,30.92600,30.94500,48937.29,1770035099999,1519099.7628700,7278,27522.86,854643.0731300,0
1770035100000,30.94400,31.12400,30.81500,30.83700,80804.58,1770035399999,2500338.5910600,10215,44799.12,1386737.4292300,0
1770035400000,30.83700,30.89500,30.63500,30.66900,94297.77,1770035699999,2897056.4407900,11634,36090.47,1108666.1010400,0
1770035700000,30.66900,30.74600,30.57000,30.71800,57055.72,1770035999999,1748752.5786700,8410,24170.05,741098.5131900,0
1770036000000,30.71700,30.79700,30.63000,30.63800,42239.81,1770036299999,1297309.6204700,6742,24100.31,740346.7862500,0
1770036300000,30.63700,30.79500,30.59400,30.72700,34267.04,1770036599999,1051021.0389100,5657,19857.45,609166.6317900,0
1770036600000,30.72600,30.95400,30.70900,30.91300,39385.36,1770036899999,1214392.2613300,6654,22468.73,692956.8366200,0
1770036900000,30.90900,30.99900,30.83100,30.91300,43005.79,1770037199999,1329876.9189900,7700,21987.06,680016.1624400,0
1770037200000,30.91200,30.91200,30.75900,30.83200,39631.08,1770037499999,1222181.1849700,7045,17535.85,540899.5528900,0
1770037500000,30.83300,30.83500,30.58300,30.60400,46211.88,1770037799999,1417746.7420900,7327,12373.34,379480.6167200,0
1770037800000,30.60500,30.79200,30.60500,30.78500,28561.71,1770038099999,876088.1310000,5894,20579.19,631284.4913400,0
1770038100000,30.78800,30.82100,30.67900,30.81700,27777.17,1770038399999,854335.9767000,5249,13822.59,425255.7160700,0
1770038400000,30.81600,31.03300,30.78200,30.87200,57450.15,1770038699999,1775701.2481100,8708,30573.98,945056.9482700,0
1770038700000,30.87100,30.88800,30.60000,30.60800,46390.48,1770038999999,1426160.9202900,6526,13409.51,412526.5700100,0
1770039000000,30.60400,30.63400,30.50200,30.62800,51858.76,1770039299999,1585229.6377100,7012,25901.64,791958.5642400,0
1770039300000,30.62600,30.66000,30.49600,30.55500,51049.38,1770039599999,1560272.0792100,8021,23694.59,724346.8088900,0
1770039600000,30.55600,30.65100,30.41500,30.47200,74566.78,1770039899999,2275794.2428000,9472,30771.24,939557.7827800,0
1770039900000,30.47300,30.58800,30.46000,30.53000,41004.57,1770040199999,1251045.3979300,7643,24029.69,733241.8653600,0
1770040200000,30.53200,30.80900,30.52500,30.75700,91638.56,1770040499999,2811446.1250600,10314,49803.19,1527801.4002200,0
1770040500000,30.75700,31.07600,30.71100,30.90200,89818.82,1770040799999,2777736.3913600,13638,51918.60,1605652.8186100,0
1770040800000,30.90200,31.00600,30.88500,30.97800,48563.14,1770041099999,1502547.4428200,9017,24366.79,754028.5127900,0
1770041100000,30.97900,31.03100,30.84500,30.91100,38759.55,1770041399999,1198460.2302800,7384,16206.07,501217.4426400,0
1770041400000,30.91200,31.27400,30.60200,31.22100,205638.52,1770041699999,6359868.3683900,19504,111968.33,3466869.5356600,0
1770041700000,31.22100,31.56200,31.19100,31.37000,416289.50,1770041999999,13063850.8117700,34475,222452.51,6982070.7503400,0
1770042000000,31.37000,32.82000,31.35800,32.80900,1041122.31,1770042299999,33452525.9084500,73316,627277.11,20161673.8206300,0
1770042300000,32.80900,32.87600,32.30700,32.55100,486596.94,1770042599999,15832075.9633700,47613,224932.31,7317260.5363400,0
1770042600000,32.55200,33.38200,32.53400,32.70700,784262.27,1770042899999,25791706.0208700,75517,415327.49,13663644.6047800,0
1770042900000,32.70800,32.99600,32.50000,32.64300,594979.92,1770043199999,19481808.4462400,53382,284124.78,9306739.5336400,0
1770043200000,32.64300,32.95400,32.20100,32.40000,436789.86,1770043499999,14189864.6838500,42937,183043.14,5946988.9135700,0
1770043500000,32.40000,32.40800,32.04700,32.07300,197927.03,1770043799999,6377889.5803300,24111,72605.55,2340637.6882800,0
1770043800000,32.07100,32.23000,31.94300,32.03900,205305.62,1770044099999,6587333.7393900,22447,77113.92,2474723.5313700,0
1770044100000,32.04000,32.22600,31.86200,31.88900,207204.31,1770044399999,6639257.6492300,25134,108451.82,3477494.5145400,0
1770044400000,31.88900,32.35900,31.75800,32.24100,321344.24,1770044699999,10311433.0952500,34326,177934.63,5714753.7229400,0
1770044700000,32.24000,32.43600,32.04900,32.41000,178449.34,1770044999999,5748925.7628800,23890,96175.07,3100331.1193000,0
1770045000000,32.41200,32.42800,32.19100,32.32000,133964.75,1770045299999,4331325.4149800,20675,54483.55,1761969.8756500,0
1770045300000,32.31900,32.32700,31.91600,32.11800,172579.32,1770045599999,5546081.0599100,22649,70944.81,2278568.8571100,0
1770045600000,32.11700,32.18200,31.95200,32.01200,129502.28,1770045899999,4150815.5093700,18743,59417.55,1904936.8676400,0
1770045900000,32.01100,32.06800,31.62300,31.66600,213771.50,1770046199999,6806299.3072600,22747,84833.73,2703157.8765200,0
1770046200000,31.66800,32.01600,31.59100,31.95700,190439.16,1770046499999,6055473.1724900,21212,99137.05,3155656.5591900,0
1770046500000,31.95700,32.39100,31.93500,32.28400,218371.94,1770046799999,7036800.2159600,23888,119729.67,3857890.7168500,0
1770046800000,32.28500,32.55000,32.28500,32.49800,130583.25,1770047099999,4231261.8350900,18501,70016.71,2269266.9795900,0
1770047100000,32.49800,32.50100,32.20000,32.38500,119852.76,1770047399999,3874149.8442800,15137,50573.51,1634260.0371200,0
1770047400000,32.38400,32.53900,32.20900,32.41300,133230.75,1770047699999,4313300.1966500,16092,65971.46,2135709.9182000,0
1770047700000,32.41200,32.73200,32.30700,32.72500,194394.51,1770047999999,6319218.1362000,19014,125000.23,4064544.9396700,0
1770048000000,32.72500,32.82200,32.64100,32.75800,167605.36,1770048299999,5486886.1287500,22669,80334.71,2630236.5829800,0
1770048300000,32.75900,33.10000,32.63600,32.84400,243566.28,1770048599999,8016160.1420100,28238,126263.67,4155280.4825100,0
1770048600000,32.84400,33.42500,32.80000,33.35800,297542.48,1770048899999,9858095.9626500,27325,165327.25,5477429.5155300,0
1770048900000,33.35800,33.73500,33.26000,33.67300,229977.08,1770049199999,7707459.3812500,28666,142664.90,4782011.8302800,0
1770049200000,33.67300,33.70600,33.17200,33.17500,330389.12,1770049499999,11075744.0758600,32215,126706.19,4249530.1445100,0
1770049500000,33.17900,33.29900,32.91200,33.18200,217271.94,1770049799999,7192826.5612300,23817,80291.56,2660770.7138000,0
1770049800000,33.18100,33.55400,33.12100,33.45000,220456.15,1770050099999,7351940.4494900,23585,138095.49,4606642.8767100,0
1770050100000,33.45100,33.52400,33.06100,33.12800,125377.27,1770050399999,4169072.3962600,17578,58712.12,1953278.1787800,0
1770050400000,33.12800,33.19300,32.77900,32.89700,345868.82,1770050699999,11392546.5399100,29778,125885.49,4146286.9399400,0
1770050700000,32.89700,32.91800,32.60400,32.64800,137695.75,1770050999999,4507801.3588800,17166,52556.15,1720371.5171900,0
1770051000000,32.64900,32.78500,32.56700,32.70400,104542.75,1770051299999,3416987.7943800,12156,46451.83,1518998.1108100,0
1770051300000,32.70100,32.75100,32.47700,32.62400,114137.40,1770051599999,3718494.9272800,12719,46552.46,1516612.1821300,0
1770051600000,32.62600,33.08200,32.57400,33.06500,132723.13,1770051899999,4359842.9939400,17645,80089.33,2630212.7290000,0
1770051900000,33.06400,33.31200,32.97200,32.99400,175621.46,1770052199999,5822480.2318000,19351,75263.93,2497157.5131700,0
1770052200000,32.99500,33.07800,32.88900,32.96300,118200.05,1770052499999,3897494.7698900,12452,73899.20,2436584.2728900,0
1770052500000,32.96400,33.11900,32.89600,33.10900,93406.19,1770052799999,3082721.7975200,10895,57926.40,1912171.8472400,0
1770052800000,33.11000,33.32000,33.01300,33.26800,86124.41,1770053099999,2857559.9873300,13091,42989.00,1426275.4992800,0
1770053100000,33.26700,33.29100,33.10500,33.24600,47261.82,1770053399999,1568989.3480600,8843,21112.36,700947.9202300,0
1770053400000,33.24500,33.47000,33.15900,33.24200,107660.42,1770053699999,3586836.7912300,14271,60431.55,2013821.8623600,0
1770053700000,33.24500,33.27900,33.00700,33.05400,97133.50,1770053999999,3219307.9344400,13963,39481.43,1308672.0845500,0
1770054000000,33.05500,33.16200,32.92700,32.94300,89718.93,1770054299999,2965101.9688200,12884,36262.22,1198814.7212800,0
1770054300000,32.94300,33.08600,32.85200,33.05200,69195.05,1770054599999,2281417.9249400,10386,36195.87,1193718.3921300,0
1770054600000,33.05300,33.06300,32.76500,32.94200,65882.10,1770054899999,2164571.4155800,11619,27186.28,893302.9253500,0
1770054900000,32.94100,32.95600,32.60700,32.69800,138338.23,1770055199999,4526682.1153600,13334,48181.95,1576214.1325400,0
1770055200000,32.69700,32.71400,32.30200,32.37000,166873.54,1770055499999,5414882.9681500,18370,55701.33,1807478.2742400,0
1770055500000,32.36500,32.42800,32.16500,32.22300,118356.85,1770055799999,3823078.2050900,13531,47113.02,1522592.6418700,0
1770055800000,32.22300,32.24000,31.96900,31.99100,151172.72,1770056099999,4847857.3908000,15066,53536.78,1716539.2037000,0
1770056100000,31.99000,32.00600,31.81300,31.88600,89339.27,1770056399999,2849453.0150400,11858,36579.79,1166605.6102700,0
1770056400000,31.88600,31.89300,31.68100,31.77300,122049.49,1770056699999,3876831.9819500,12301,53360.02,1695249.8757700,0
1770056700000,31.77300,31.86300,31.61600,31.70700,155569.05,1770056999999,4943270.0553300,12011,49092.88,1559681.7663300,0
1770057000000,31.70600,32.23300,31.70500,32.04000,191267.85,1770057299999,6122727.0079200,17981,118709.02,3799682.6330800,0
1770057300000,32.03900,32.04600,31.84900,31.97900,87422.44,1770057599999,2791944.7768200,10750,44499.46,1421399.9843000,0
1770057600000,31.98000,32.01100,31.84100,31.89400,53766.55,1770057899999,1715901.2459500,9212,23469.89,749138.5200300,0
1770057900000,31.89400,32.12900,31.87200,32.01100,77022.75,1770058199999,2465123.4728600,10938,41987.44,1343729.2206100,0
1770058200000,32.01100,32.20700,31.99100,32.20600,69259.10,1770058499999,2223870.5793600,9606,43461.12,1395609.9897000,0
1770058500000,32.20400,32.22200,32.04300,32.09500,62430.78,1770058799999,2006478.7561100,9034,23206.20,746031.0072900,0
1770058800000,32.09500,32.35900,32.07500,32.32600,121998.58,1770059099999,3932610.9398500,13998,77855.98,2509674.7782400,0
1770059100000,32.32500,32.37600,32.15000,32.16900,60521.78,1770059399999,1953003.6588400,8188,28678.78,925735.1639500,0
1770059400000,32.16900,32.38100,32.16700,32.30100,59432.73,1770059699999,1919539.0523600,8279,34000.80,1098064.6486700,0
1770059700000,32.30300,32.45600,32.29100,32.34800,42166.80,1770059999999,1365346.2478500,7986,23319.87,755193.2710400,0
1770060000000,32.34700,32.35000,32.15400,32.19600,60007.23,1770060299999,1933796.8759500,7639,18926.98,610230.1486900,0
1770060300000,32.19400,32.23800,31.94800,32.05200,139845.06,1770060599999,4480862.3609300,9856,83426.80,2670654.1978100,0
1770060600000,32.05200,32.36800,32.02300,32.21100,146551.30,1770060899999,4725000.4201800,13932,72645.56,2340883.3382200,0
1770060900000,32.21100,32.21900,31.92800,31.95100,97612.57,1770061199999,3129509.6219300,11338,38791.88,1243533.3625800,0
1770061200000,31.95000,32.23300,31.93400,32.20800,53982.51,1770061499999,1731498.1309800,8541,27175.44,871907.7545500,0
1770061500000,32.20700,32.21800,32.06600,32.19200,37440.51,1770061799999,1203750.8913800,6317,19781.15,636030.7322100,0
1770061800000,32.19300,32.21700,32.06100,32.17100,39265.59,1770062099999,1261774.7995300,7282,16223.79,521381.4524300,0
1770062100000,32.17100,32.54400,32.13200,32.46700,96983.05,1770062399999,3141540.8095800,11716,59721.15,1934225.4947600,0
1770062400000,32.46600,32.58900,32.31600,32.56500,112484.81,1770062699999,3652921.7044100,15611,65014.74,2111931.8050800,0
1770062700000,32.56600,32.71600,32.45500,32.60300,76975.76,1770062999999,2510428.2789000,11688,36845.61,1201837.5495900,0
1770063000000,32.60400,32.80400,32.58700,32.75200,78529.25,1770063299999,2570389.1214400,11659,36130.09,1182678.7900900,0
1770063300000,32.75300,33.13100,32.75100,33.01400,140064.31,1770063599999,4619970.7755100,18275,74980.83,2472807.6277700,0
1770063600000,33.01400,33.03900,32.86200,32.87100,93712.16,1770063899999,3088597.8942000,11025,37000.22,1219681.1375600,0
1770063900000,32.87000,33.06400,32.87000,32.92700,93400.18,1770064199999,3080343.0370500,9469,29464.01,971586.4383300,0
1770064200000,32.92600,32.94800,32.74300,32.81900,85112.65,1770064499999,2796092.0634900,13338,34225.35,1124561.5611600,0
1770064500000,32.82000,32.93000,32.61500,32.61600,104832.37,1770064799999,3432392.5116500,14809,42903.97,1405382.9787200,0
1770064800000,32.61500,32.86500,32.61300,32.74900,67608.84,1770065099999,2215279.4058900,10531,31438.58,1030152.0874900,0
1770065100000,32.75000,32.75000,32.48100,32.56300,87435.39,1770065399999,2847477.2348300,11919,29226.40,951538.1685400,0
1770065400000,32.56400,32.66600,32.40400,32.44200,76617.68,1770065699999,2492114.4691300,10620,25267.78,822389.6235500,0
1770065700000,32.44400,32.47200,32.22400,32.27000,109221.83,1770065999999,3529341.5988000,13085,40780.88,1317532.4560300,0
1770066000000,32.27100,32.63800,32.25100,32.60000,93742.90,1770066299999,3046585.5731300,12677,50256.97,1633170.2854400,0
1770066300000,32.59900,32.63900,32.40400,32.47100,50354.12,1770066599999,1636383.2017900,7981,19018.42,618267.1859100,0
1770066600000,32.47100,32.47100,32.36300,32.42100,40751.64,1770066899999,1321166.6261900,5912,18247.55,591588.1725600,0
1770066900000,32.42200,32.50800,32.28300,32.37700,49787.84,1770067199999,1613075.1330200,6641,26256.76,850730.1767700,0
1770067200000,32.37800,32.41500,32.20700,32.28400,39314.31,1770067499999,1269244.5117700,7167,18126.70,585060.6245400,0
1770067500000,32.28400,32.41600,32.20200,32.25500,36825.94,1770067799999,1189227.8140100,6359,19712.29,636658.5003900,0
1770067800000,32.25500,32.78300,32.22700,32.74600,97910.40,1770068099999,3185613.9279800,11897,59056.34,1920398.2791600,0
1770068100000,32.74500,32.91800,32.73500,32.81900,70658.36,1770068399999,2319743.6398500,9861,38029.98,1248644.2075900,0
1770068400000,32.82100,32.91300,32.75800,32.84000,52745.43,1770068699999,1732199.3300700,7860,18717.95,614741.7381300,0
1770068700000,32.83900,32.95600,32.80800,32.89600,55876.13,1770068999999,1836767.0969600,6831,30218.36,993379.9275800,0
1770069000000,32.89700,33.34900,32.88100,33.30300,139036.60,1770069299999,4610756.9452300,13711,90108.71,2988816.1894700,0
1770069300000,33.30300,33.39400,33.16300,33.29800,95710.92,1770069599999,3184732.5365500,12155,36761.35,1223436.6221700,0
1770069600000,33.29800,33.56200,33.28700,33.52400,87818.98,1770069899999,2936102.8568800,12969,52787.68,1765164.6987900,0
1770069900000,33.52400,33.78800,33.48900,33.76400,116500.59,1770070199999,3922671.9409000,14188,60882.59,2050563.2196200,0
1770070200000,33.76200,33.76700,33.43700,33.46900,94201.52,1770070499999,3164370.6516000,10594,32152.53,1080110.4601900,0
1770070500000,33.46800,33.54800,33.33400,33.47000,70153.32,1770070799999,2346025.9601100,8245,30947.98,1035035.8857400,0
1770070800000,33.47000,33.77700,33.47000,33.58600,95568.79,1770071099999,3213553.3997400,10166,46145.44,1551985.9330500,0
1770071100000,33.58600,33.78400,33.50000,33.73800,62159.10,1770071399999,2092556.4882300,7899,25590.51,861811.7175600,0
1770071400000,33.73800,33.92600,33.68400,33.91000,121783.27,1770071699999,4117123.5319700,11092,72287.27,2444149.3211100,0
1770071700000,33.90600,33.93000,33.45000,33.50400,129401.74,1770071999999,4349408.9105800,12772,41892.43,1407774.3689700,0
1770072000000,33.50100,33.59700,33.42800,33.56900,43632.58,1770072299999,1461513.1840200,6131,19280.38,646001.7351300,0
1770072300000,33.56900,33.77700,33.49300,33.76100,51925.86,1770072599999,1748055.9132600,8224,23882.35,804297.4236700,0
1770072600000,33.76000,33.95200,33.65800,33.80300,70114.66,1770072899999,2371463.3264100,8428,35928.03,1215881.0339700,0
1770072900000,33.80300,33.95800,33.77100,33.93500,77187.05,1770073199999,2613806.1929500,8931,42963.69,1454774.6339500,0
1770073200000,33.93500,33.95000,33.61600,33.80000,111711.13,1770073499999,3772696.6744400,14634,52246.93,1764521.8122200,0
1770073500000,33.80200,33.95100,33.73900,33.79600,60364.36,1770073799999,2044077.6336600,9933,25458.95,862351.0915200,0
1770073800000,33.79600,33.90400,33.75700,33.78500,54982.09,1770074099999,1859973.8559500,7851,19661.91,665228.4135900,0
1770074100000,33.78600,33.78800,33.63000,33.72200,52383.80,1770074399999,1765795.9108200,7611,18739.00,631548.3967500,0
1770074400000,33.72100,33.72100,33.34600,33.36300,125860.03,1770074699999,4216221.4832900,11533,32632.45,1092734.7207600,0
1770074700000,33.36400,33.53200,33.20600,33.50600,127113.80,1770074999999,4242559.4246800,12948,68453.30,2286491.3296200,0
1770075000000,33.50500,33.67200,33.49600,33.65800,75933.82,1770075299999,2549860.8791700,7400,47063.49,1580342.8377500,0
1770075300000,33.65800,33.83800,33.55800,33.55800,121967.91,1770075599999,4109074.8036100,11676,58886.18,1984324.5225500,0
1770075600000,33.55900,33.62900,33.39700,33.48700,87387.73,1770075899999,2927476.9128200,9385,37849.32,1268254.6953000,0
1770075900000,33.48800,33.52900,33.24500,33.26700,90245.69,1770076199999,3010032.9859500,9037,39579.61,1320254.7276800,0
1770076200000,33.26600,33.43400,33.23000,33.39800,79055.91,1770076499999,2634601.4191800,7405,54784.84,1825770.3839700,0
1770076500000,33.39700,33.42000,33.20100,33.28200,44054.79,1770076799999,1466780.5462800,6327,20469.97,681513.0363300,0
1770076800000,33.28100,33.30800,33.19100,33.21200,60526.37,1770077099999,2012102.5002200,8067,24618.66,818506.1272500,0
1770077100000,33.21200,33.28800,33.12400,33.25300,77126.48,1770077399999,2560836.9142000,8191,33559.24,1114777.4941100,0
1770077400000,33.25300,33.40800,33.23400,33.40800,88403.96,1770077699999,2945463.2604800,6966,51117.84,1703571.7424100,0
1770077700000,33.40800,33.45500,33.30000,33.35100,106012.35,1770077999999,3537371.9877300,8470,38428.87,1282676.0710100,0
1770078000000,33.35100,33.67300,33.28900,33.61800,116184.88,1770078299999,3898049.5609100,9106,74177.59,2487737.5750700,0
1770078300000,33.61900,33.76100,33.55300,33.74100,61570.96,1770078599999,2073620.2710700,6943,37748.58,1271145.4783000,0
1770078600000,33.74100,33.80000,33.62200,33.67200,65737.59,1770078899999,2217550.0431300,8011,27400.44,924495.0654900,0
1770078900000,33.67200,33.81700,33.57500,33.75400,62101.64,1770079199999,2093872.5080500,7842,32570.21,1098055.2055300,0
1770079200000,33.74900,33.86000,33.66000,33.74000,48560.76,1770079499999,1639906.6630700,7526,22978.57,776325.0372900,0
1770079500000,33.73900,34.04000,33.69500,33.96300,107986.32,1770079799999,3662734.8845700,11640,68206.66,2313153.2657800,0
1770079800000,33.96500,34.01300,33.65900,33.83300,101322.10,1770080099999,3423880.4668100,11049,42682.25,1443019.5038100,0
1770080100000,33.83200,34.16600,33.79700,34.08200,100578.17,1770080399999,3425716.7459000,11837,67264.53,2291911.7917500,0
1770080400000,34.08300,34.35300,33.97300,34.09700,247632.12,1770080699999,8464671.2342500,24662,111282.58,3805363.4561000,0
1770080700000,34.09600,34.39500,34.02300,34.12100,128187.18,1770080999999,4384298.3926700,15437,77503.15,2652223.5208500,0
1770081000000,34.12100,34.28400,33.95900,34.06700,130128.22,1770081299999,4435630.7168100,13820,50836.35,1733319.9563000,0
1770081300000,34.06800,34.35600,33.80600,33.86800,141056.88,1770081599999,4808954.9381000,15332,67057.76,2287891.1266300,0
1770081600000,33.86800,34.33500,33.85300,34.25200,75834.17,1770081899999,2587464.9092300,10648,46413.31,1582928.3027200,0
1770081900000,34.25300,34.50000,34.19200,34.25400,142869.33,1770082199999,4908343.4357500,17560,68889.75,2369006.6878400,0
1770082200000,34.25000,34.33300,34.12300,34.27800,84259.08,1770082499999,2883485.1821200,12059,49213.31,1684216.8137900,0
1770082500000,34.27000,34.32400,34.10500,34.13600,53362.84,1770082799999,1826133.9419500,8566,21368.29,731281.0142500,0
1770082800000,34.13700,34.58500,34.12200,34.54500,111904.27,1770083099999,3848268.5209800,12790,72686.14,2501886.4909000,0
1770083100000,34.54600,35.09500,34.47500,35.07700,533585.12,1770083399999,18603017.4289000,57247,325478.82,11346502.9303200,0
1770083400000,35.07800,35.52300,35.05500,35.37000,451150.60,1770083699999,15943973.1082000,53046,255837.15,9039405.2346400,0
1770083700000,35.36900,35.49900,35.17200,35.41300,231530.43,1770083999999,8185160.7403800,26335,120002.11,4243952.4981800,0
1770084000000,35.41400,35.61100,35.24700,35.45300,202669.27,1770084299999,7185491.4067700,25545,112630.45,3994478.7423900,0
1770084300000,35.45300,35.69300,35.25000,35.28600,240930.15,1770084599999,8534198.0992800,24392,118073.08,4186298.5711200,0
1770084600000,35.28600,35.44700,35.17500,35.43900,136773.61,1770084899999,4828013.9846400,19081,67075.26,2368268.4041400,0
1770084900000,35.43800,35.63100,35.28100,35.32900,169958.83,1770085199999,6027486.6895400,21275,75437.70,2676660.9473300,0
1770085200000,35.32800,36.00000,35.30300,35.88800,349493.20,1770085499999,12503631.1778900,31849,182479.34,6528043.8616600,0
1770085500000,35.88800,36.00000,35.80000,35.97500,191522.60,1770085799999,6882581.7096700,27731,113071.38,4063893.7622500,0
1770085800000,35.97900,36.09800,35.67000,36.00200,292919.31,1770086099999,10506151.2662100,35259,158704.88,5694263.6773300,0
1770086100000,36.00000,36.24200,35.68200,35.87600,286994.66,1770086399999,10314214.6709800,38584,165805.59,5960452.5946900,0
1770086400000,35.87700,36.23100,35.77100,36.12600,316577.05,1770086699999,11416359.5319300,37732,206256.55,7439210.0337700,0
1770086700000,36.12700,36.23700,35.71000,35.74000,293914.97,1770086999999,10562846.3687600,35007,149294.16,5368837.8173400,0
1770087000000,35.73900,36.02300,35.71100,35.86800,158029.76,1770087299999,5665447.3598900,25836,95907.51,3438439.6244500,0
1770087300000,35.86800,36.03700,35.65000,35.85400,348789.46,1770087599999,12497478.1524300,31865,190660.21,6831502.9885700,0
1770087600000,35.85400,36.05700,35.65200,35.68000,509057.17,1770087899999,18247907.1102000,36102,142444.24,5111908.2001500,0
1770087900000,35.67900,35.98600,35.63600,35.82600,262603.11,1770088199999,9398160.0741800,28477,128865.18,4614453.8610300,0
1770088200000,35.82100,36.00000,35.79400,35.93200,212681.03,1770088499999,7638820.4697200,21541,101967.58,3664162.9205800,0
1770088500000,35.93400,36.03200,35.72600,35.95400,184515.86,1770088799999,6628788.1677000,22942,118940.72,4274326.9365800,0
1770088800000,35.95500,36.35400,35.77300,36.33400,278096.20,1770089099999,10008765.8404400,30643,178417.55,6422058.0581800,0
1770089100000,36.33800,36.70000,36.23500,36.67900,327380.56,1770089399999,11938566.0637000,40731,194090.09,7080132.6068700,0
1770089400000,36.67800,37.30000,36.62700,36.93000,581403.31,1770089699999,21478686.1154400,61497,348329.68,12865978.7316400,0
1770089700000,36.92900,38.23600,36.88400,37.79400,922508.79,1770089999999,34714832.5132700,81462,515273.64,19389509.9909400,0
1770090000000,37.79400,37.87300,37.30800,37.57800,286031.98,1770090299999,10740152.9440500,44688,151138.78,5675756.1124300,0
1770090300000,37.57900,37.89800,37.53400,37.68600,255935.10,1770090599999,9660145.2641800,43788,129528.09,4889711.0518100,0
1770090600000,37.68600,38.13600,37.63600,37.81500,397931.04,1770090899999,15081544.9448100,54312,234936.40,8908170.7193000,0
1770090900000,37.81500,38.08300,37.68000,37.92000,307558.33,1770091199999,11660806.6931700,48113,191385.20,7256974.7006800,0
1770091200000,37.92000,38.05800,37.67700,37.73300,268552.85,1770091499999,10171954.7922700,40486,152516.48,5778436.8276300,0
1770091500000,37.73400,38.19700,37.72500,38.15600,262152.24,1770091799999,9946009.0900800,38835,151023.45,5729421.6192600,0
1770091800000,38.15800,38.48300,37.97500,38.41700,392789.21,1770092099999,15034648.6829400,56566,235421.52,9015126.8086800,0
1770092100000,38.41600,38.41600,37.77500,37.95600,339062.19,1770092399999,12899194.0668400,42181,118975.57,4526016.7372300,0
1770092400000,37.95600,37.96500,37.41500,37.57200,355496.12,1770092699999,13379533.7954200,28282,122615.78,4612663.2432400,0
1770092700000,37.57300,37.67600,37.37500,37.49400,157108.65,1770092999999,5894818.2969800,20362,70322.82,2639990.9170100,0
1770093000000,37.49400,37.85300,37.47400,37.80500,171524.53,1770093299999,6464732.4760500,23407,111885.69,4216948.9748100,0
1770093300000,37.80500,37.99900,37.63600,37.93700,134083.36,1770093599999,5072316.3843400,20473,87514.94,3311090.0202500,0
1770093600000,37.93700,38.15000,37.89200,38.12400,190476.57,1770093899999,7243537.9658300,22191,113783.06,4328242.2606300,0
1770093900000,38.13000,38.17700,37.72700,37.75600,186980.62,1770094199999,7094999.5211300,23940,85946.88,3261720.5258100,0
1770094200000,37.75600,37.94200,37.56100,37.72000,172139.27,1770094499999,6496073.7147700,23091,71384.68,2694706.1545000,0
1770094500000,37.72100,37.99200,37.71200,37.84900,96467.85,1770094799999,3655213.5389000,15976,54671.65,2071392.8560500,0
1770094800000,37.84800,37.84800,37.50000,37.50900,146767.24,1770095099999,5517847.8248400,19005,83557.66,3140897.8850900,0
1770095100000,37.51000,37.68200,37.33400,37.37000,194219.58,1770095399999,7272843.2274900,23739,101418.14,3798489.1794000,0
1770095400000,37.36400,37.58900,37.04500,37.11000,410289.45,1770095699999,15287476.3403400,33887,157016.30,5852032.0653200,0
1770095700000,37.10900,37.43800,37.06000,37.27600,244278.15,1770095999999,9100665.2357100,29269,131406.83,4896207.2944000,0
1770096000000,37.27700,37.30400,36.98700,37.11900,146422.27,1770096299999,5439099.0164900,20479,66176.91,2458788.0327800,0
1770096300000,37.12100,37.15000,36.99600,37.08300,76517.78,1770096599999,2835624.1229400,12858,31952.85,1184340.9371000,0
1770096600000,37.08200,37.35900,37.04700,37.10900,114272.17,1770096899999,4250866.7530400,16316,62479.85,2325236.8638000,0
1770096900000,37.10900,37.19700,36.92500,37.11800,108344.86,1770097199999,4015156.5131200,16649,48161.85,1785279.5980400,0
1770097200000,37.11800,37.33700,36.97000,37.31900,183616.94,1770097499999,6819449.0922900,17150,81019.14,3011145.4954900,0
1770097500000,37.31800,37.51400,37.30200,37.46700,129651.33,1770097799999,4850401.6400700,15623,68199.76,2551662.5089300,0
1770097800000,37.46800,37.61300,37.34900,37.42900,99679.20,1770098099999,3735169.5562700,14427,47230.20,1770278.4530700,0
1770098100000,37.43000,37.44200,37.09000,37.21800,144923.80,1770098399999,5392414.8517000,15355,52266.13,1944778.6554200,0
1770098400000,37.21700,37.53900,37.13600,37.47400,127175.67,1770098699999,4751180.3418400,16660,83509.38,3120670.3075200,0
1770098700000,37.47400,37.59600,37.37900,37.54500,157138.49,1770098999999,5890908.3031800,19494,95362.63,3575593.3665200,0
1770099000000,37.54400,37.54400,37.18000,37.26700,127247.12,1770099299999,4750298.8055300,14278,74089.63,2764412.0488300,0
1770099300000,37.26900,37.43200,37.24100,37.32600,83141.68,1770099599999,3104330.6580600,12670,49530.26,1849567.2932000,0
1770099600000,37.32600,37.33400,36.94400,37.02700,185553.32,1770099899999,6884464.9170400,18975,85075.86,3156669.4525300,0
1770099900000,37.02800,37.07400,36.84100,36.91300,156884.94,1770100199999,5799849.6238500,15948,57465.32,2124996.2549700,0
1770100200000,36.91400,37.06000,36.71000,36.95100,184089.83,1770100499999,6790369.8065600,17691,82347.83,3037607.8893700,0
1770100500000,36.95400,37.04700,36.94800,36.99300,111746.85,1770100799999,4134640.2719700,10086,74313.84,2749702.0032900,0
1770100800000,36.99600,37.04400,36.90800,36.92500,60374.90,1770101099999,2232871.2497100,8871,29442.72,1089129.2038100,0
1770101100000,36.92400,37.32400,36.86900,37.25000,125880.71,1770101399999,4673594.4787800,14403,86575.39,3214828.7347400,0
1770101400000,37.25300,37.29600,37.00000,37.02600,68981.96,1770101699999,2562132.5274300,12052,26151.01,971143.9378200,0
1770101700000,37.02700,37.10500,36.85400,37.04400,73841.21,1770101999999,2730173.3755600,9913,40108.96,1483317.8394800,0
1770102000000,37.04500,37.17200,36.79800,36.82800,67916.94,1770102299999,2512450.7229600,11843,31709.94,1173817.1809800,0
1770102300000,36.82700,37.30100,36.78000,37.22700,110109.55,1770102599999,4081730.7029600,14959,66963.83,2482266.5622200,0
1770102600000,37.22700,37.45400,37.20100,37.33000,128129.50,1770102899999,4783937.5751100,17893,72110.97,2692440.9076800,0
1770102900000,37.32900,37.39700,37.12000,37.20800,75765.97,1770103199999,2823007.1361100,12032,30376.54,1132057.7074600,0
1770103200000,37.20800,37.30000,37.08000,37.08100,44697.94,1770103499999,1661825.8364100,9034,20973.52,779890.8381300,0
1770103500000,37.08000,37.29500,36.93800,36.95200,86930.42,1770103799999,3230575.4954400,10448,53093.33,1974157.0580800,0
1770103800000,36.95100,37.20400,36.90600,37.17200,83170.44,1770104099999,3080329.5828600,12390,44092.64,1633070.9369400,0
1770104100000,37.17400,37.33900,37.07600,37.18400,100978.67,1770104399999,3757376.9517400,11563,51927.88,1932920.5538400,0
1770104400000,37.18500,37.19500,37.03100,37.09300,64600.72,1770104699999,2398144.1354900,8960,39995.77,1484913.7871000,0
1770104700000,37.09400,37.24500,37.06200,37.12400,57943.78,1770104999999,2152222.2336200,9097,26970.53,1002112.7425000,0
1770105000000,37.12500,37.33900,37.08400,37.21400,103658.77,1770105299999,3857672.0488800,13556,60465.93,2250480.9523600,0
1770105300000,37.21300,37.32700,37.16900,37.28600,45628.98,1770105599999,1699440.7985100,8715,24141.96,899164.5592900,0
1770105600000,37.28600,37.57700,37.19200,37.47500,104879.50,1770105899999,3919991.3681000,17526,65946.81,2465390.2238300,0
1770105900000,37.47400,37.47400,36.99300,37.07900,127165.73,1770106199999,4729009.8221700,15070,48892.49,1819671.6823100,0
1770106200000,37.08000,37.09100,36.86600,36.94400,89228.89,1770106499999,3299157.7568800,12766,39674.64,1467012.0252100,0
1770106500000,36.94600,37.47800,36.93900,37.42600,136769.62,1770106799999,5082919.5374100,16633,88849.07,3301551.7557600,0
1770106800000,37.42400,37.46400,37.24300,37.39900,71472.11,1770107099999,2670187.5875600,11244,37866.30,1415194.5559000,0
1770107100000,37.39900,37.98800,37.37400,37.62600,198529.11,1770107399999,7489121.5955200,22701,130894.91,4938239.5039800,0
1770107400000,37.62600,37.68100,37.41100,37.54500,58814.49,1770107699999,2206745.7882000,11307,27445.91,1029992.5681600,0
1770107700000,37.54500,37.70700,37.48100,37.54300,74650.06,1770107999999,2806822.4247900,13036,41073.01,1544556.3467500,0
1770108000000,37.54300,37.78400,37.51000,37.75200,75164.50,1770108299999,2831449.0717000,11955,43548.35,1640717.8353400,0
1770108300000,37.74900,37.83800,37.47600,37.47900,85342.16,1770108599999,3214744.4878500,13911,35937.59,1354026.6812000,0
1770108600000,37.48200,37.50400,37.30000,37.36800,81365.10,1770108899999,3043757.7192200,12622,30449.50,1139506.4144900,0
1770108900000,37.36900,37.61500,37.31000,37.56000,96529.63,1770109199999,3616701.5545100,11356,65140.23,2440456.1456600,0
1770109200000,37.56000,37.61600,37.42800,37.45700,45676.28,1770109499999,1713449.3257300,9599,21354.06,801140.4574900,0
1770109500000,37.45700,37.59300,37.31400,37.48400,84173.53,1770109799999,3153874.9546400,10963,51354.69,1924629.1237700,0
1770109800000,37.48400,37.49200,37.09000,37.10300,150821.09,1770110099999,5621867.8100600,18659,68819.06,2565741.8993500,0
1770110100000,37.10300,37.23200,37.01700,37.04000,133076.65,1770110399999,4939569.7390500,20158,59706.45,2216601.5288800,0
1770110400000,37.04100,37.20800,36.42700,36.60700,513235.78,1770110699999,18851546.8403900,36750,167409.92,6148004.7738800,0
1770110700000,36.60700,36.69100,36.31100,36.35000,241188.42,1770110999999,8797624.5779200,26159,97848.15,3570194.0652900,0
1770111000000,36.35000,36.59200,36.34900,36.53400,170605.41,1770111299999,6221243.3597100,19813,97859.59,3569468.7325000,0
1770111300000,36.53400,36.85300,36.50000,36.82200,198785.18,1770111599999,7295884.6311800,16941,107251.49,3935413.6702600,0
1770111600000,36.81800,37.07000,36.78500,36.93800,162488.98,1770111899999,6005024.1193600,15910,75195.58,2779594.4205400,0
1770111900000,36.93900,37.13200,36.74500,36.80900,132124.94,1770112199999,4882257.4298400,13130,55493.88,2050290.0389600,0
1770112200000,36.80900,36.99000,36.79500,36.88600,66241.48,1770112499999,2443832.4097800,9674,31049.32,1145875.4576900,0
1770112500000,36.88600,37.20000,36.88600,37.06600,81329.42,1770112799999,3016960.9567200,10589,51321.39,1904079.1161900,0
1770112800000,37.06700,37.18300,36.93300,37.13800,76087.04,1770113099999,2821043.6934600,11302,38640.74,1433143.7409600,0
1770113100000,37.13800,37.17000,36.97300,37.12500,33067.58,1770113399999,1225419.5344000,7698,14303.22,530083.7648500,0
1770113400000,37.12600,37.14100,36.94300,37.00600,44065.42,1770113699999,1631748.0002700,7240,16587.11,614090.0285100,0
1770113700000,37.00600,37.17800,36.77200,36.80100,98736.43,1770113999999,3649899.8780800,9783,41779.19,1544599.7253500,0
1770114000000,36.80100,36.96800,36.73500,36.94000,73804.74,1770114299999,2719779.7487800,9386,44840.02,1653127.1773400,0
1770114300000,36.94200,36.98300,36.79100,36.79700,49232.33,1770114599999,1816801.1077800,7132,27847.85,1027840.5946000,0
1770114600000,36.79700,36.80700,36.38200,36.38900,196639.41,1770114899999,7187041.0849100,14210,86790.06,3172005.3572300,0
1770114900000,36.38900,36.50300,36.13600,36.16700,232740.92,1770115199999,8438619.8393500,19283,103827.60,3765185.1907800,0
1770115200000,36.16500,36.23700,36.04800,36.07300,194820.20,1770115499999,7043338.6747000,11803,74934.13,2709356.4818700,0
1770115500000,36.07300,36.26000,35.94400,36.25300,194198.18,1770115799999,7014877.8313200,19432,92621.51,3346968.2418100,0
1770115800000,36.25300,36.33900,35.70000,36.04600,388504.51,1770116099999,13966975.7122800,26672,140796.63,5060941.1148300,0
1770116100000,36.04700,36.09200,35.88200,36.03400,126346.16,1770116399999,4546554.1900600,11494,58739.47,2113613.9551500,0
1770116400000,36.03300,36.09600,35.96300,36.06700,69373.11,1770116699999,2499103.1053100,8773,28526.75,1028164.8605300,0
1770116700000,36.06600,36.18000,35.91900,36.11100,134994.80,1770116999999,4865584.4174100,13061,50809.67,1831863.8276400,0
1770117000000,36.11200,36.16900,35.90700,36.02900,64184.43,1770117299999,2312577.0632200,9664,31904.34,1149886.0538400,0
1770117300000,36.02700,36.26900,35.94700,36.07800,103584.16,1770117599999,3740836.4782800,13320,53387.95,1928298.7926900,0
1770117600000,36.07800,36.26200,36.05900,36.19700,61772.88,1770117899999,2233065.3166200,8869,36611.56,1323553.3241600,0
1770117900000,36.19700,36.38400,36.17000,36.33500,88565.08,1770118199999,3213219.5397800,11608,44613.01,1618921.7960800,0
1770118200000,36.33500,36.49800,36.22600,36.39200,109954.70,1770118499999,3998605.2122000,12749,51003.28,1855730.7182900,0
1770118500000,36.39300,36.45900,36.20200,36.22900,68061.38,1770118799999,2473548.4966500,9646,39917.72,1450746.8915400,0
1770118800000,36.23000,36.41900,36.14700,36.22000,102079.30,1770119099999,3702909.9674900,11221,49470.27,1793839.2142700,0
1770119100000,36.22000,36.37100,36.21800,36.31200,52413.22,1770119399999,1902841.2163800,8540,30563.57,1109544.2696900,0
1770119400000,36.31200,36.33700,36.10100,36.14600,66663.80,1770119699999,2414020.6782100,9349,31612.25,1144643.5404200,0
1770119700000,36.15200,36.21300,36.03300,36.07000,110783.46,1770119999999,4001091.9759700,11879,55209.99,1994532.1390600,0
1770120000000,36.07100,36.17800,36.02200,36.09800,67438.57,1770120299999,2434889.2544300,8856,32064.07,1157771.9651700,0
1770120300000,36.09800,36.39300,36.09800,36.33300,86281.80,1770120599999,3129285.1790900,10431,54443.72,1974086.6400900,0
1770120600000,36.33200,36.43000,36.28200,36.33700,60198.63,1770120899999,2187849.9050900,8773,36182.55,1315243.8728600,0
1770120900000,36.33800,36.36700,36.20400,36.28300,46239.51,1770121199999,1677538.1726200,6935,24386.37,884881.1047900,0
1770121200000,36.28400,36.31000,35.74000,35.77100,281415.69,1770121499999,10110353.9248000,27179,102476.77,3679164.9102700,0
1770121500000,35.77200,36.25100,35.76700,36.16700,109048.09,1770121799999,3926150.0089800,12234,61852.43,2226131.0035000,0
1770121800000,36.16700,36.18100,36.02000,36.11300,66035.44,1770122099999,2383700.8602700,8030,30484.09,1100384.5622300,0
1770122100000,36.11200,36.38400,36.10900,36.30300,132308.37,1770122399999,4798034.0748200,10445,76916.32,2789276.3283800,0
1770122400000,36.30300,36.35700,36.23100,36.23900,39672.78,1770122699999,1439589.3232100,6709,21337.48,774451.4494500,0
1770122700000,36.23800,36.37200,36.20800,36.25800,48305.93,1770122999999,1753067.8012600,7953,24020.87,871655.7138400,0
1770123000000,36.25800,36.25800,35.86700,35.94200,94898.25,1770123299999,3418785.3608600,12428,36238.34,1305266.8276000,0
1770123300000,35.94200,36.12800,35.92500,36.08100,78640.05,1770123599999,2833624.8128200,7641,48064.48,1731717.5755300,0
1770123600000,36.07900,36.21000,36.01200,36.13800,85916.61,1770123899999,3103378.9634300,8874,52760.01,1906202.4224700,0
1770123900000,36.13800,36.27700,36.06300,36.14300,51543.26,1770124199999,1865570.0666000,8000,18516.26,670174.7114100,0
1770124200000,36.14200,36.15800,35.82900,35.95600,119638.09,1770124499999,4304982.6897800,13870,40342.49,1451463.8771600,0
1770124500000,35.95700,36.04900,35.81800,35.99800,131277.82,1770124799999,4712789.9998800,13956,66819.27,2399399.1889900,0
1770124800000,35.99800,36.00400,35.64600,35.65600,119749.41,1770125099999,4283862.6188500,13343,43354.26,1551240.5195800,0
1770125100000,35.65700,35.94900,35.64700,35.81900,116700.73,1770125399999,4179636.5600400,12513,58206.33,2084547.5252000,0
1770125400000,35.81900,35.92000,35.56300,35.60400,143886.84,1770125699999,5138466.8371200,15962,56865.52,2030601.5721300,0
1770125700000,35.60900,35.81900,35.51500,35.78300,140808.02,1770125999999,5019558.6071400,17449,74612.72,2660128.7964400,0
1770126000000,35.78300,35.99800,35.75700,35.91300,127851.53,1770126299999,4589336.2675900,12949,73435.94,2635955.0274400,0
1770126300000,35.91300,36.14100,35.79700,35.92600,162587.33,1770126599999,5848291.4000200,16593,93981.25,3381865.2697000,0
1770126600000,35.92600,35.94600,35.79200,35.83400,76597.78,1770126899999,2748149.3449500,9927,28907.48,1037246.3653000,0
1770126900000,35.83300,36.27300,35.82200,36.17700,143956.75,1770127199999,5197619.1484500,15098,71839.57,2592786.9086300,0
1770127200000,36.17600,36.39400,36.07200,36.08100,219815.30,1770127499999,7961706.3631400,16851,101934.38,3693815.6251800,0
1770127500000,36.07900,36.17200,36.01400,36.02100,62050.02,1770127799999,2238426.8985300,9352,30562.11,1102604.4038800,0
1770127800000,36.02200,36.05100,35.86300,35.97700,89107.96,1770128099999,3202715.7811800,10774,43777.46,1573153.8554300,0
1770128100000,35.97700,36.00700,35.59900,35.67600,246911.39,1770128399999,8829631.5461100,19769,121232.90,4333350.8156500,0
1770128400000,35.67600,35.87000,35.61800,35.86700,90864.70,1770128699999,3246838.8383000,12953,49464.03,1767883.3941300,0
1770128700000,35.86300,35.92300,35.70700,35.89000,114437.32,1770128999999,4099577.0901000,11767,61819.69,2214967.5221300,0
1770129000000,35.89000,35.98700,35.78000,35.97900,85586.74,1770129299999,3070687.2738900,15634,48171.31,1728598.1237800,0
1770129300000,35.97900,36.08300,35.44700,35.50600,206136.05,1770129599999,7357372.9075400,24396,96771.77,3453999.7733600,0
1770129600000,35.50600,35.65500,35.25000,35.38800,256230.68,1770129899999,9085057.9175700,27403,104757.57,3716684.9696100,0
1770129900000,35.38800,35.63800,35.24800,35.34700,174711.98,1770130199999,6191187.4693300,21895,77599.95,2750964.7315000,0
1770130200000,35.34700,35.65500,35.01000,35.05000,429977.91,1770130499999,15136152.0372300,35850,211223.63,7444257.8134200,0
1770130500000,35.04800,35.06500,34.84300,34.92400,405818.07,1770130799999,14190083.8593200,46369,106170.02,3712492.4903500,0
1770130800000,34.92400,35.01700,34.50100,34.68700,499891.75,1770131099999,17361286.0499300,61636,181436.34,6303707.9448400,0
1770131100000,34.68600,34.81000,34.55300,34.68400,349216.83,1770131399999,12111925.7376000,40295,159791.43,5543960.3627500,0
1770131400000,34.68500,34.70600,34.18100,34.20000,509072.14,1770131699999,17506859.3604100,52436,188673.15,6483941.7074800,0
1770131700000,34.19900,34.63000,34.06700,34.44200,478420.14,1770131999999,16426460.1212600,51312,190675.21,6553429.8718600,0
1770132000000,34.44100,34.64900,34.07900,34.12900,361207.51,1770132299999,12424573.9684100,49065,121689.72,4189765.4375500,0
1770132300000,34.12900,34.90000,34.08400,34.22400,714423.30,1770132599999,24659786.6321100,68723,342262.27,11817675.4557300,0
1770132600000,34.22300,34.30000,33.88800,34.00200,515066.83,1770132899999,17572709.4275500,65576,190062.45,6487369.1777900,0
1770132900000,34.00100,34.10000,33.65400,33.86300,707238.56,1770133199999,23941217.5134800,75606,312640.85,10585742.7067700,0
1770133200000,33.86100,33.96500,33.56700,33.72500,490223.86,1770133499999,16524026.3648700,62454,178975.65,6032641.4147100,0
1770133500000,33.72400,33.91700,33.50000,33.85900,536917.77,1770133799999,18063739.2595300,62737,226880.43,7636831.5270000,0
1770133800000,33.85900,34.13500,33.77800,33.98600,275994.36,1770134099999,9376938.7546900,32279,139519.75,4741210.9301200,0
1770134100000,33.98200,34.25500,33.74700,34.18400,244830.08,1770134399999,8329682.0348600,26686,119123.75,4055102.4003300,0
1770134400000,34.19000,34.20300,33.64100,33.70800,265359.68,1770134699999,9009995.4941300,25459,95537.94,3245663.5622000,0
1770134700000,33.70700,33.77200,33.30000,33.71800,327558.86,1770134999999,10987619.2329100,32524,141822.91,4760625.8618400,0
1770135000000,33.71800,33.89700,33.46100,33.85600,253137.75,1770135299999,8529453.2653400,29101,120587.46,4065673.5865700,0
1770135300000,33.85600,33.86100,33.31000,33.52700,247070.05,1770135599999,8286005.8799900,31659,114390.85,3835584.5610000,0
1770135600000,33.52700,33.54900,33.21100,33.24400,241726.09,1770135899999,8065588.8713100,28064,83088.05,2772589.1545700,0
1770135900000,33.24400,33.47100,33.14300,33.33000,275874.66,1770136199999,9191704.5470800,30340,138625.38,4618831.4080800,0
1770136200000,33.32700,33.42900,33.21900,33.32300,209187.75,1770136499999,6972938.5302900,26516,74547.66,2485319.6714100,0
1770136500000,33.32400,33.39300,33.05300,33.12100,220011.04,1770136799999,7303283.2998300,28238,85985.50,2854328.2321400,0
1770136800000,33.11800,33.24900,33.00500,33.07200,214830.94,1770137099999,7113211.3895400,28307,82283.54,2725692.7905500,0
1770137100000,33.07200,33.12200,32.74700,33.12000,419363.16,1770137399999,13809698.9056800,46972,148572.15,4895091.3590500,0
1770137400000,33.12000,33.44700,33.03400,33.10400,251060.08,1770137699999,8346901.6240400,26432,130112.04,4326271.4860200,0
1770137700000,33.10300,33.60600,33.08400,33.59900,218701.02,1770137999999,7309900.4006900,22460,135856.74,4541558.0879900,0
1770138000000,33.60100,33.75700,33.54900,33.63700,252481.98,1770138299999,8502620.0647500,24382,138763.38,4673845.1682000,0
1770138300000,33.63700,33.71600,33.43900,33.62700,165987.62,1770138599999,5575626.9856500,19851,78763.15,2646234.3965600,0
1770138600000,33.62700,33.66600,33.17600,33.21100,227507.04,1770138899999,7607333.1955900,23022,75506.27,2525397.1136300,0
1770138900000,33.21100,33.69300,33.21100,33.49400,210800.34,1770139199999,7061163.6882600,23838,122543.86,4104083.0986300,0
1770139200000,33.49400,33.50700,33.02800,33.08700,220869.97,1770139499999,7331823.0924500,22208,107542.07,3570920.2317900,0
1770139500000,33.08800,33.18300,32.96800,33.13500,108559.67,1770139799999,3589145.3021900,13811,60128.45,1988559.0241900,0
1770139800000,33.13600,33.32200,33.04500,33.11000,84624.57,1770140099999,2810166.2821500,13759,48410.97,1607979.3061800,0
1770140100000,33.10900,33.28800,32.96500,33.04900,90879.22,1770140399999,3009914.6670800,13181,31586.83,1047169.3047200,0
1770140400000,33.04800,33.07000,32.50000,32.58100,369934.69,1770140699999,12114822.1125000,30690,122184.15,4002238.8092900,0
1770140700000,32.58300,32.80000,32.43100,32.53800,211600.36,1770140999999,6905078.8028300,23596,95523.53,3118586.2145700,0
1770141000000,32.53700,32.89300,32.53400,32.75500,141519.05,1770141299999,4635238.3280100,17511,80348.83,2631260.7903500,0
1770141300000,32.75600,32.76800,32.26900,32.30600,214438.76,1770141599999,6966589.3279800,23131,78351.63,2546567.4887400,0
1770141600000,32.30600,32.80100,32.24500,32.69200,359120.85,1770141899999,11678935.0303500,30507,203602.93,6619214.8946900,0
1770141900000,32.69200,33.06300,32.69100,32.98600,178945.94,1770142199999,5890156.2325000,21749,108207.29,3561422.9811200,0
1770142200000,32.98700,33.08800,32.58300,32.66100,179646.73,1770142499999,5904634.0382000,19622,74590.68,2454559.8021400,0
1770142500000,32.66000,32.93500,32.63200,32.79700,132195.10,1770142799999,4334494.8801400,17406,71746.58,2352480.5383400,0
1770142800000,32.80000,33.04700,32.66500,32.94900,206134.04,1770143099999,6778448.2357500,22782,127903.70,4206950.7098200,0
1770143100000,32.94900,33.20900,32.80800,33.19500,266789.39,1770143399999,8822261.3064100,26944,157743.54,5218068.9589000,0
1770143400000,33.19200,33.19400,32.92600,33.10500,181304.30,1770143699999,5991566.6314100,20122,83857.73,2771925.2027900,0
1770143700000,33.10700,33.13400,32.84600,33.11900,181685.94,1770143999999,5994884.4385900,16974,108338.66,3575956.1745500,0
1770144000000,33.12000,33.28200,32.94900,33.01000,244504.64,1770144299999,8097078.9710700,23881,130457.80,4323738.9722100,0
1770144300000,33.00400,33.30400,32.90600,33.10600,185450.43,1770144599999,6139582.4885100,24098,96300.58,3189902.7081300,0
1770144600000,33.10900,33.13200,32.47800,32.51300,353759.09,1770144899999,11593072.5767600,27774,113528.69,3721075.8236400,0
1770144900000,32.51200,32.78400,32.40000,32.58100,223963.83,1770145199999,7300307.6704900,25325,116166.70,3789534.7779200,0
1770145200000,32.58100,32.86100,32.57500,32.80400,128415.75,1770145499999,4202281.5884200,18045,82957.65,2715488.9956000,0
1770145500000,32.80400,33.19600,32.71000,33.08200,257311.33,1770145799999,8484325.4540800,28510,165037.75,5442901.6351600,0
1770145800000,33.07700,34.15800,33.05800,34.02600,839906.82,1770146099999,28294094.3480100,65460,532052.48,17921482.8194700,0
1770146100000,34.02600,34.52200,33.73800,34.38800,644897.79,1770146399999,22005127.6472200,57474,375793.50,12829072.9996500,0
1770146400000,34.38400,34.69800,33.98200,34.02000,530166.98,1770146699999,18212753.6158300,51008,283299.01,9739158.1959900,0
1770146700000,34.02000,34.14700,33.80600,34.04900,323344.82,1770146999999,10988114.0746600,30549,172122.67,5850644.0278100,0
1770147000000,34.04900,34.31600,33.87900,33.99700,304443.56,1770147299999,10381679.3974700,32077,179887.01,6135649.8829800,0
1770147300000,33.99900,34.28500,33.99000,34.25100,282597.26,1770147599999,9649349.7588300,29978,134476.11,4591850.9433400,0
1770147600000,34.25100,34.26800,33.77600,33.82200,208909.67,1770147899999,7102967.5887900,23562,91710.57,3118175.8188200,0
1770147900000,33.82200,33.89600,33.38800,33.58800,317114.17,1770148199999,10644700.5473800,29852,145483.37,4885875.1460100,0
1770148200000,33.58800,33.87100,33.42300,33.86600,229605.25,1770148499999,7725015.3129000,24416,122146.93,4111373.4090900,0
1770148500000,33.86500,34.05100,33.78800,33.85900,178869.83,1770148799999,6069337.3951400,18145,96638.07,3279715.0580700,0
1770148800000,33.85900,33.91600,33.61300,33.62200,103469.41,1770149099999,3492396.6221200,15786,43638.51,1472994.9802600,0
1770149100000,33.62300,33.65400,33.51600,33.61700,109699.16,1770149399999,3683494.8036200,12603,60493.72,2031652.7211100,0
1770149400000,33.61700,33.77300,33.56200,33.76500,60968.80,1770149699999,2053246.7480900,9258,36260.21,1221055.1808600,0
1770149700000,33.76400,34.04700,33.62900,34.01200,125381.88,1770149999999,4244830.3277200,13600,80996.75,2743828.5952800,0
1770150000000,34.01200,34.57400,33.94200,34.57300,313449.02,1770150299999,10750546.9695600,29231,206238.86,7079016.9548200,0
1770150300000,34.56700,34.89500,34.47300,34.56600,392092.28,1770150599999,13592692.8431400,38026,234915.11,8147210.4986900,0
1770150600000,34.56600,35.27700,34.50000,34.98700,556642.93,1770150899999,19477045.8016500,48772,323001.28,11300622.7140300,0
1770150900000,34.98600,35.22800,34.88200,35.13100,253447.62,1770151199999,8886838.0959300,27423,142841.38,5009532.4288500,0
1770151200000,35.13100,35.26400,34.92900,34.99300,169384.45,1770151499999,5943248.6166200,20285,99060.68,3476684.4121000,0
1770151500000,34.99200,35.15000,34.77700,34.97700,150372.69,1770151799999,5258260.8134000,20759,82912.12,2900524.7431700,0
1770151800000,34.97500,35.09200,34.84500,35.08800,108923.19,1770152099999,3804625.8829500,15572,54351.87,1899133.8645100,0
1770152100000,35.08700,35.45800,35.06400,35.37300,232030.80,1770152399999,8185479.9612000,23318,152083.43,5367235.7404600,0
1770152400000,35.37400,35.72800,35.25600,35.53500,366878.52,1770152699999,13018558.2253000,66295,216912.44,7701208.0811200,0
1770152700000,35.53500,35.54500,35.14400,35.34400,156788.75,1770152999999,5538440.9981600,19603,69222.61,2446976.0546100,0
1770153000000,35.34400,35.37300,34.89900,34.97100,131071.51,1770153299999,4598933.1299100,17127,60984.98,2140051.5348400,0
1770153300000,34.97200,35.09200,34.65100,34.73200,142242.89,1770153599999,4954946.6720200,16879,46703.34,1628112.0314200,0
1770153600000,34.73200,34.77200,34.44800,34.55000,160823.18,1770153899999,5560772.3382700,18902,76254.68,2636873.5651900,0
1770153900000,34.55000,34.62600,34.42900,34.47600,58521.22,1770154199999,2019789.4175100,10666,23058.12,796084.6095300,0
1770154200000,34.47600,34.67600,34.42800,34.49000,102184.56,1770154499999,3531545.3420900,13148,61505.35,2126297.0398200,0
1770154500000,34.49100,34.53100,34.07200,34.08800,199134.92,1770154799999,6818744.1586500,19732,67566.48,2314040.0396800,0
1770154800000,34.08800,34.17500,34.02600,34.16400,112959.12,1770155099999,3851309.3497100,12009,48513.43,1654482.7593000,0
1770155100000,34.16200,34.19700,33.51700,33.54400,343770.24,1770155399999,11607834.2138700,28424,112885.91,3811285.3975200,0
1770155400000,33.54500,33.67700,33.51900,33.63400,151952.01,1770155699999,5103726.9419200,13652,54343.73,1825396.5265300,0
1770155700000,33.63300,33.87100,33.61900,33.87100,103988.90,1770155999999,3511033.7253900,12557,61704.27,2083494.0915100,0
1770156000000,33.87000,33.99800,33.82700,33.84900,111347.79,1770156299999,3776218.7707200,13022,59691.45,2024447.9147900,0
1770156300000,33.84900,33.86200,33.46800,33.65600,169577.86,1770156599999,5705664.1725800,16728,52786.23,1775523.5398900,0
1770156600000,33.65700,33.77600,33.58800,33.70000,75112.14,1770156899999,2530278.4514600,9214,37519.24,1264181.9883800,0
1770156900000,33.70000,33.79300,33.53500,33.78200,65208.70,1770157199999,2194665.3762000,8553,34624.53,1165940.2405100,0
1770157200000,33.78300,33.90900,33.64500,33.66300,73617.53,1770157499999,2489629.2529400,8707,30799.08,1042255.5652400,0
1770157500000,33.66300,33.70100,33.48000,33.60900,67982.05,1770157799999,2284060.9184000,8651,32859.64,1104294.1537900,0
1770157800000,33.61200,33.71000,33.46200,33.52800,68334.23,1770158099999,2295171.8284000,7084,28409.43,955147.0703600,0
1770158100000,33.52800,33.72200,33.52700,33.64800,60265.64,1770158399999,2026995.9228100,7501,29707.88,999085.2064800,0
1770158400000,33.64600,33.80000,33.59900,33.62800,48304.95,1770158699999,1627573.4072400,5483,24924.07,839909.7090500,0
1770158700000,33.62800,33.63200,33.02100,33.04700,264906.91,1770158999999,8807699.6629100,17778,57386.72,1907886.3341100,0
1770159000000,33.04700,33.12500,32.83200,33.11000,186766.40,1770159299999,6153265.7982500,11475,78698.81,2591907.8356900,0
1770159300000,33.10900,33.17000,33.05500,33.06400,95049.21,1770159599999,3147239.5239000,5999,25212.97,834967.5622500,0
1770159600000,33.06600,33.21000,32.78600,32.87700,145533.67,1770159899999,4802467.3950700,14365,58710.28,1940638.9909500,0
1770159900000,32.87600,33.12800,32.77200,33.10000,162962.95,1770160199999,5367381.0639400,12267,85932.23,2829377.1769700,0
1770160200000,33.09900,33.26000,32.99000,33.25500,129080.44,1770160499999,4274940.8221100,12039,62867.90,2081634.6415500,0
1770160500000,33.25600,33.28800,33.11800,33.27000,69701.42,1770160799999,2315782.6651800,9045,29546.75,981828.8544500,0
1770160800000,33.26700,33.32000,33.12000,33.17800,73747.25,1770161099999,2450082.0293200,9869,35958.68,1195189.2954900,0
1770161100000,33.17900,33.42800,33.08600,33.20600,99270.09,1770161399999,3304894.6146700,11123,56157.71,1870165.6861200,0
1770161400000,33.20600,33.24500,33.07700,33.21100,65836.14,1770161699999,2183338.9498000,10266,33563.91,1113190.7120100,0
1770161700000,33.21000,33.28300,33.14800,33.18200,58396.77,1770161999999,1939458.4799900,7838,26489.75,879954.7859800,0
1770162000000,33.18200,33.19200,32.84900,32.91400,113508.44,1770162299999,3740963.9456800,12391,40790.48,1344370.3657400,0
1770162300000,32.91300,32.91500,32.50200,32.70000,208748.08,1770162599999,6818951.8093300,19874,74987.96,2449243.7541900,0
1770162600000,32.70100,32.82300,32.52300,32.56000,124473.03,1770162899999,4065075.5467600,13370,51614.95,1687303.8216700,0
1770162900000,32.56000,32.70000,32.48300,32.69500,86767.38,1770163199999,2826121.8247800,9502,36681.79,1195078.8615900,0
1770163200000,32.69500,32.72000,32.45300,32.51200,118561.38,1770163499999,3857197.0103300,13682,41123.39,1338668.7780100,0
1770163500000,32.51200,32.65900,32.41900,32.59700,142914.82,1770163799999,4645522.4146500,13475,68285.55,2220693.4723800,0
1770163800000,32.59700,32.59700,32.37500,32.41400,101662.61,1770164099999,3300604.8350900,10924,35269.59,1145403.5632500,0
1770164100000,32.41300,32.71800,32.40600,32.71700,109221.57,1770164399999,3558916.9327400,11749,72524.06,2364459.5005500,0
1770164400000,32.71800,32.95800,32.69100,32.93800,141994.15,1770164699999,4663217.2755200,11168,78973.03,2591833.3824500,0
1770164700000,32.93800,33.02200,32.89100,32.99000,99499.62,1770164999999,3279699.5123200,10042,54822.97,1807307.7218500,0
1770165000000,32.99000,33.31400,32.93900,33.19500,149246.01,1770165299999,4948894.4123200,14446,103675.84,3437254.7236500,0
1770165300000,33.19400,33.54200,33.18700,33.53300,173451.91,1770165599999,5793542.7227200,17070,111624.44,3728940.9939800,0
1770165600000,33.53300,33.53300,33.17800,33.38800,126928.72,1770165899999,4234033.2132300,14727,55494.96,1851884.4175900,0
1770165900000,33.39300,33.41500,33.16800,33.26200,79140.28,1770166199999,2634179.0257100,10684,40757.86,1356360.7864600,0
1770166200000,33.26200,33.29000,33.02100,33.04900,95433.23,1770166499999,3161699.8541000,11075,35802.18,1185898.0224000,0
1770166500000,33.05000,33.08400,32.90000,32.97300,105129.72,1770166799999,3466610.1582600,9925,44436.29,1465580.5933400,0
1770166800000,32.97300,33.52100,32.95700,33.42800,146655.84,1770167099999,4876101.4912700,16990,99142.14,3295274.9628700,0
1770167100000,33.42700,33.59700,33.32400,33.58000,111954.35,1770167399999,3745005.9163500,14809,57479.61,1923189.5199700,0
1770167400000,33.58000,33.83100,33.56300,33.68200,150085.92,1770167699999,5056965.9258500,14936,87865.23,2960640.2175600,0
1770167700000,33.68100,33.69900,33.37600,33.40800,109450.09,1770167999999,3668287.1725300,11329,49887.89,1672007.1312700,0
1770168000000,33.40800,33.52600,33.33400,33.39600,49247.22,1770168299999,1645791.1577100,8023,20871.68,697748.1367300,0
1770168300000,33.39700,33.52200,33.28600,33.36000,46466.91,1770168599999,1552848.8293300,8626,19529.08,652995.8537100,0
1770168600000,33.35800,33.64500,33.31200,33.57100,93091.01,1770168899999,3114910.2321300,11494,56538.63,1892671.0917800,0
1770168900000,33.57100,33.57100,33.28200,33.32000,69320.33,1770169199999,2313667.0437900,9480,27800.39,927602.9009500,0
1770169200000,33.31900,33.37100,33.11600,33.13400,48411.80,1770169499999,1608721.9946500,8594,21152.29,702936.3534300,0
1770169500000,33.13400,33.16200,32.82600,32.97000,112287.89,1770169799999,3702355.1622100,12515,39343.69,1296601.2368200,0
1770169800000,32.97000,33.05700,32.90400,33.02700,49483.26,1770170099999,1630769.7337000,7397,26337.10,867891.1519800,0
1770170100000,33.02400,33.06700,32.97200,32.99100,31902.36,1770170399999,1053446.3447700,6305,12601.92,416179.4400700,0
1770170400000,32.99100,33.15800,32.93500,33.07000,53797.81,1770170699999,1779629.1484800,8198,22108.24,730906.3090800,0
1770170700000,33.06900,33.35300,33.06100,33.31500,56008.55,1770170999999,1862947.1017600,9454,35932.83,1195080.6708300,0
1770171000000,33.31500,33.39000,33.23500,33.33300,46479.07,1770171299999,1548233.1274800,8278,18195.67,606269.6128900,0
1770171300000,33.33400,33.50000,33.31100,33.34200,73746.05,1770171599999,2464195.9453500,10267,48490.72,1620586.1591500,0
1770171600000,33.34100,33.41000,33.19000,33.30000,65974.59,1770171899999,2196003.2924500,8677,27066.21,901353.9428900,0
1770171900000,33.29900,33.39100,33.20400,33.22700,55735.09,1770172199999,1855795.2308000,8131,21855.33,728020.5207000,0
1770172200000,33.22800,33.22800,33.03900,33.15000,50054.58,1770172499999,1658284.1938500,8545,18352.84,608007.3743700,0
1770172500000,33.15000,33.23100,33.02100,33.03000,44544.27,1770172799999,1475696.3119900,8401,20707.43,686145.4666800,0
1770172800000,33.03000,33.03000,32.53700,32.75000,233505.27,1770173099999,7633554.3806800,19115,80121.24,2622010.8255600,0
1770173100000,32.75100,32.85600,32.66000,32.70900,69115.92,1770173399999,2265073.4519400,10855,33984.27,1114150.9854900,0
1770173400000,32.70900,32.87600,32.55200,32.86500,126554.84,1770173699999,4138469.0285900,13182,69991.20,2290137.7785800,0
1770173700000,32.86200,32.93700,32.72200,32.72900,74838.51,1770173999999,2459467.4292700,10393,27229.95,895170.5682000,0
1770174000000,32.72900,32.87400,32.70000,32.81300,48037.98,1770174299999,1575371.6400100,10876,21493.95,704880.1408500,0
1770174300000,32.81300,33.09600,32.81300,33.07400,74810.50,1770174599999,2463454.9153500,10957,34998.70,1153551.0382500,0
1770174600000,33.07300,33.21800,33.05900,33.20600,96190.09,1770174899999,3186926.7679300,13946,58446.13,1936369.7217800,0
1770174900000,33.20400,33.29400,33.12900,33.14200,88390.10,1770175199999,2934298.9892400,13076,36620.58,1215866.8465600,0
1770175200000,33.14200,33.33400,33.13200,33.32200,46612.20,1770175499999,1549046.8626500,9972,29299.53,973744.9133900,0
1770175500000,33.32200,33.37900,33.22000,33.36500,75044.99,1770175799999,2499035.0801600,10925,47036.84,1566579.8289600,0
1770175800000,33.36600,33.49200,33.26400,33.28800,59871.38,1770176099999,1998279.8473000,12661,32818.57,1095744.7079400,0
1770176100000,33.28900,33.57100,33.23100,33.48300,76142.86,1770176399999,2545474.1881800,13161,46882.71,1567727.0614900,0
1770176400000,33.48400,33.64600,33.35900,33.38800,91108.23,1770176699999,3052268.5126000,14649,45535.99,1526362.6832300,0
1770176700000,33.38800,33.62700,33.38400,33.62000,98192.97,1770176999999,3293234.0065200,11495,60794.55,2038345.7938000,0
1770177000000,33.61900,33.72300,33.55900,33.68700,65456.08,1770177299999,2202235.1839300,9592,36421.40,1225325.4240400,0
1770177300000,33.68600,33.73200,33.62500,33.67100,50805.31,1770177599999,1711431.4072700,10299,31462.31,1059954.9285200,0
1770177600000,33.67100,33.87400,33.61800,33.77200,80355.15,1770177899999,2712491.9082100,15097,48824.09,1648071.0300000,0
1770177900000,33.77300,33.90900,33.75000,33.77500,77574.12,1770178199999,2624479.2728100,13214,41870.99,1416843.0857200,0
1770178200000,33.77400,33.78200,33.49500,33.58100,111170.53,1770178499999,3738087.9427600,12362,35383.15,1189570.5225300,0
1770178500000,33.58100,33.73100,33.54200,33.67700,42171.75,1770178799999,1418580.4613500,7822,21312.27,716903.6175200,0
1770178800000,33.67800,33.78200,33.49000,33.51000,89021.84,1770179099999,2994926.8760000,11995,31246.69,1051586.0792500,0
1770179100000,33.51300,33.54500,33.38900,33.45000,47756.36,1770179399999,1599095.5583100,8454,15361.78,514510.5148700,0
1770179400000,33.45100,33.56300,33.39200,33.45900,56296.82,1770179699999,1884402.6435600,7763,33537.61,1123206.5028400,0
1770179700000,33.46000,33.71000,33.45200,33.69000,76494.75,1770179999999,2571037.7213300,8871,44122.27,1482608.8908000,0
1770180000000,33.68800,33.72900,33.63800,33.67300,32207.97,1770180299999,1085082.5668200,7325,18928.23,637798.1562500,0
1770180300000,33.67300,33.69900,33.57200,33.61500,29818.72,1770180599999,1003209.3437400,6946,13819.96,464973.5206400,0
1770180600000,33.61700,33.66100,33.40000,33.47700,63556.55,1770180899999,2128500.5393500,9737,32028.54,1072433.9827700,0
1770180900000,33.47600,33.52800,33.39200,33.50900,51368.98,1770181199999,1718195.0265500,8663,27109.17,906814.4477900,0
1770181200000,33.50800,33.63800,33.42700,33.63400,55785.49,1770181499999,1870436.8432900,9364,32980.19,1106230.5342800,0
1770181500000,33.63400,33.67800,33.55800,33.65900,36855.72,1770181799999,1239194.9581200,7905,17411.56,585557.1327800,0
1770181800000,33.65900,33.98400,33.65300,33.92900,113829.12,1770182099999,3855447.6347100,12318,69928.07,2368429.1712000,0
1770182100000,33.93000,34.04200,33.78800,33.81800,105052.76,1770182399999,3564876.5580300,12419,54348.23,1845657.9517000,0
1770182400000,33.81700,33.82600,33.70600,33.75800,57260.93,1770182699999,1933111.3400300,8993,19838.94,669771.6075200,0
1770182700000,33.75800,33.80700,33.56000,33.59500,44494.35,1770182999999,1498257.8322000,7883,17600.24,593097.0005900,0
1770183000000,33.59400,33.59800,33.45800,33.53300,50079.64,1770183299999,1678299.7324300,8420,28255.16,946902.1408800,0
1770183300000,33.53200,33.53400,33.23200,33.25600,75277.11,1770183599999,2512223.5443700,10440,20494.79,684518.0550200,0
1770183600000,33.25600,33.29300,33.00500,33.08300,139708.59,1770183899999,4627482.7173500,15226,51196.87,1696560.9803300,0
1770183900000,33.08400,33.17400,32.96600,33.00300,90215.71,1770184199999,2985011.8846000,13891,45684.50,1512012.4658700,0
1770184200000,33.00300,33.08500,32.84800,32.92200,119292.17,1770184499999,3929895.9303300,12464,40618.65,1339079.2282600,0
1770184500000,32.92000,33.11200,32.91400,33.08000,59131.59,1770184799999,1954281.6525600,8385,32341.25,1068816.1339100,0
1770184800000,33.08200,33.25200,33.05100,33.16100,63319.90,1770185099999,2099215.5776500,10479,37884.40,1255851.3658200,0
1770185100000,33.16100,33.39500,33.13000,33.39000,127344.55,1770185399999,4240848.7157900,11820,91295.56,3041407.2314700,0
1770185400000,33.39100,33.47900,33.31000,33.33100,45226.13,1770185699999,1510414.4514000,7620,17810.41,594905.7370300,0
1770185700000,33.33100,33.55600,33.31400,33.43300,92396.44,1770185999999,3091827.8322000,12166,44816.18,1499871.1750000,0
1770186000000,33.43500,33.53000,33.32200,33.48800,52492.53,1770186299999,1754744.2502600,9148,32001.63,1069772.2150700,0
1770186300000,33.48600,33.66200,33.44200,33.50800,75404.35,1770186599999,2532193.8136000,8935,52064.07,1748685.6616700,0
1770186600000,33.50900,33.51700,33.34400,33.44200,48415.36,1770186899999,1618718.5543800,8626,23411.42,782863.3014900,0
1770186900000,33.44300,33.66900,33.41000,33.61400,64741.00,1770187199999,2170266.3611200,8376,38568.66,1292917.6015100,0
1770187200000,33.61400,33.85600,33.56700,33.82400,111319.01,1770187499999,3757400.7507700,11754,77212.66,2606654.6234300,0
1770187500000,33.82500,33.85000,33.53400,33.57700,83096.60,1770187799999,2799788.7907000,10826,30405.23,1024919.8664200,0
1770187800000,33.57700,33.82200,33.52100,33.75900,84472.97,1770188099999,2845317.9629300,10612,49289.60,1660429.8821900,0
1770188100000,33.75900,33.90600,33.75900,33.85700,44817.50,1770188399999,1515765.7963700,8642,26870.57,908934.1937600,0
1770188400000,33.85600,33.86400,33.65200,33.67400,68758.05,1770188699999,2319658.7917600,10547,20401.39,688800.9903900,0
1770188700000,33.67800,33.72900,33.52700,33.57500,56847.33,1770188999999,1911176.3321400,10713,25712.39,864552.9029800,0
1770189000000,33.57400,33.73000,33.57300,33.71000,56336.28,1770189299999,1896374.6727000,10066,27846.05,937238.1266300,0
1770189300000,33.70200,33.76500,33.56300,33.74700,45620.92,1770189599999,1536144.6580500,10020,24338.35,819545.3609400,0
1770189600000,33.74700,33.78300,33.36200,33.47300,83967.09,1770189899999,2817308.5923000,11686,27506.27,923986.0690700,0
1770189900000,33.47600,33.53600,33.36700,33.49600,80766.75,1770190199999,2701637.8538500,10970,48927.88,1636784.0977000,0
1770190200000,33.49500,33.55900,33.41000,33.48000,57381.83,1770190499999,1921621.5810500,9292,32436.17,1086470.7990000,0
1770190500000,33.47300,33.58500,33.39600,33.51100,73904.67,1770190799999,2476749.8261500,10659,36703.35,1230573.7630800,0
1770190800000,33.51100,33.56300,33.45800,33.52300,34205.27,1770191099999,1146444.6896400,7466,17075.38,572348.9172400,0
1770191100000,33.51800,33.55800,33.30200,33.40600,79684.91,1770191399999,2659945.5774800,11470,33641.57,1123102.5053500,0
1770191400000,33.40700,33.47300,33.36300,33.40700,35387.38,1770191699999,1182762.4023300,8194,15923.14,532227.7227000,0
1770191700000,33.40800,33.47000,33.31500,33.37000,38428.55,1770191999999,1282615.6664500,7616,19648.36,655834.9736400,0
1770192000000,33.37100,33.39100,33.17100,33.21200,80705.65,1770192299999,2685049.2644400,13397,29406.74,978720.9893000,0
1770192300000,33.21200,33.29500,33.16200,33.24400,51834.85,1770192599999,1722632.4590100,10878,28143.25,935385.1702000,0
1770192600000,33.24500,33.42300,33.23700,33.34500,67918.81,1770192899999,2264153.0756200,11233,40946.46,1364919.3065400,0
1770192900000,33.34000,33.40300,33.27100,33.35700,51671.03,1770193199999,1723268.2891500,9106,30003.99,1000777.4459800,0
1770193200000,33.35700,33.39000,32.95000,33.01100,119856.32,1770193499999,3970467.8705700,16847,45400.82,1504541.3690100,0
1770193500000,33.01200,33.10900,32.95300,33.00200,103412.47,1770193799999,3416054.6001300,15795,61065.16,2017674.0605800,0
1770193800000,33.00200,33.25300,32.97900,33.24800,75034.95,1770194099999,2484960.9590100,13046,49906.59,1652884.4671900,0
1770194100000,33.25000,33.37400,32.99900,33.17600,320256.36,1770194399999,10614543.9240000,26174,113906.59,3774521.9546700,0
1770194400000,33.17700,33.19400,33.04300,33.04300,83856.88,1770194699999,2776789.9460200,11889,38857.67,1286692.5249200,0
1770194700000,33.04300,33.28400,33.02900,33.19900,96058.45,1770194999999,3188538.4616100,13655,50813.10,1686302.2900200,0
1770195000000,33.19100,33.29300,33.14900,33.16600,76998.25,1770195299999,2558889.9348700,13368,38504.22,1279774.2479300,0
1770195300000,33.16700,33.24100,33.08100,33.15800,49025.79,1770195599999,1625872.0850200,9456,24387.02,808793.0278500,0
1770195600000,33.15500,33.37300,33.14800,33.23600,63659.95,1770195899999,2118087.9741900,12859,31712.56,1055213.8064200,0
1770195900000,33.23200,33.28300,33.16600,33.16800,83369.96,1770196199999,2769500.4250100,10295,34236.26,1137181.6746400,0
1770196200000,33.16800,33.25700,33.06200,33.23400,70212.97,1770196499999,2327433.4545100,9444,37870.15,1255443.0267900,0
1770196500000,33.23400,33.40000,33.18900,33.31200,64954.79,1770196799999,2162221.6868300,10827,36877.16,1227498.6959100,0
1770196800000,33.31300,33.44700,33.24300,33.44700,47735.69,1770197099999,1591763.9859300,8931,23742.99,791927.0150100,0
1770197100000,33.44700,33.44800,33.07000,33.08600,127597.88,1770197399999,4239502.5357500,10707,50031.45,1661075.0770600,0
1770197400000,33.08700,33.22500,33.03600,33.08000,46919.31,1770197699999,1555643.2603100,7611,23871.67,791540.9494600,0
1770197700000,33.08000,33.09600,32.81400,33.03400,97638.73,1770197999999,3216591.6280600,13102,41617.30,1371184.1169600,0
1770198000000,33.03500,33.22800,33.03500,33.13500,71076.45,1770198299999,2356724.5931900,10150,35564.32,1179178.9151400,0
1770198300000,33.13300,33.41200,33.12500,33.37100,69777.07,1770198599999,2325596.0445000,10679,39640.49,1320591.4755500,0
1770198600000,33.37000,33.37500,33.24300,33.25500,41633.91,1770198899999,1386142.9032400,7483,16029.30,533730.6748700,0
1770198900000,33.25600,33.40000,33.25600,33.35100,35609.48,1770199199999,1186970.1308200,6956,20311.21,677019.9610700,0
1770199200000,33.35100,33.42400,33.23000,33.33400,37373.21,1770199499999,1246213.6419900,7370,17055.86,568590.8418600,0
1770199500000,33.33500,33.53600,33.17000,33.17600,77032.50,1770199799999,2572639.6069000,11105,39524.74,1320817.1332500,0
1770199800000,33.17600,33.32100,33.13800,33.30100,40504.62,1770200099999,1345724.0795100,6894,20470.02,680400.8878200,0
1770200100000,33.30100,33.33300,33.14100,33.19000,35697.88,1770200399999,1186370.1168900,7085,15879.70,527955.1571300,0
1770200400000,33.19000,33.20700,33.06900,33.07800,54249.52,1770200699999,1797554.9288100,7118,23594.18,782122.9697500,0
1770200700000,33.07900,33.29700,33.07900,33.25500,32680.43,1770200999999,1084482.9306300,5119,22172.82,735398.6113100,0
1770201000000,33.25500,33.44100,33.23600,33.36500,48297.98,1770201299999,1611067.8729300,7895,23945.57,798923.3753200,0
1770201300000,33.36700,33.38500,33.21500,33.37200,41391.33,1770201599999,1378619.3940200,7067,14116.88,470392.2426200,0
1770201600000,33.37300,33.41800,33.20400,33.21800,36220.39,1770201899999,1207005.8851600,6452,14442.50,481287.5890400,0
1770201900000,33.21700,33.23700,33.11800,33.17000,34770.76,1770202199999,1153529.7096200,5754,19532.40,648023.0635700,0
1770202200000,33.17100,33.20700,33.11500,33.18600,21341.79,1770202499999,707528.9144600,4280,14349.57,475735.8669300,0
1770202500000,33.18500,33.28600,33.08700,33.12800,30999.83,1770202799999,1028685.9230000,5863,16291.38,540766.0447100,0
1770202800000,33.12800,33.14000,32.83500,32.94500,91660.96,1770203099999,3022215.3511100,12155,36991.21,1219587.9313600,0
1770203100000,32.94400,32.94400,32.51600,32.60800,239693.19,1770203399999,7840179.1710000,22833,79880.74,2613107.8504700,0
1770203400000,32.60800,32.90800,32.60100,32.87000,74035.24,1770203699999,2426535.3746900,11224,48642.03,1594359.3269100,0
1770203700000,32.87100,33.12000,32.87100,33.09200,85211.36,1770203999999,2815070.7707000,11823,53350.92,1762383.0978100,0
1770204000000,33.09200,33.26800,33.08300,33.22700,69317.98,1770204299999,2301138.4386400,9245,40683.67,1350520.4538000,0
1770204300000,33.22600,33.35700,33.17800,33.21300,54786.84,1770204599999,1822310.0220400,8358,22640.38,753096.0579100,0
1770204600000,33.21200,33.39400,33.17200,33.38200,41901.76,1770204899999,1394770.2736400,6592,23598.56,785798.0605800,0
1770204900000,33.38200,33.62400,33.34100,33.46500,113324.08,1770205199999,3795158.7113600,12382,67659.11,2266145.4816900,0
1770205200000,33.46400,33.49600,33.34200,33.47600,48210.82,1770205499999,1611997.8653200,7529,20841.18,697114.2791600,0
1770205500000,33.47700,33.50900,33.37700,33.39600,37805.23,1770205799999,1264127.5199100,7285,17563.65,587355.0486500,0
1770205800000,33.39700,33.50800,33.21900,33.26500,56065.57,1770206099999,1868551.4478000,7374,22756.82,758814.4715700,0
1770206100000,33.26600,33.44000,33.26600,33.31900,33304.17,1770206399999,1111309.8126100,6127,18177.27,606588.2716800,0
1770206400000,33.32000,33.51200,33.27900,33.46200,63108.81,1770206699999,2108895.6714400,8182,33311.43,1113139.4960400,0
1770206700000,33.46100,33.64900,33.46000,33.61500,82483.65,1770206999999,2769268.2249600,9671,52949.20,1778066.3725000,0
1770207000000,33.61500,33.66500,33.57200,33.65500,91888.55,1770207299999,3090523.0299500,6886,44815.72,1507798.0472000,0
1770207300000,33.65700,33.81300,33.64600,33.79400,85854.80,1770207599999,2895694.7576100,8819,49885.59,1682465.6853100,0
1770207600000,33.79400,33.87400,33.72700,33.78100,81975.48,1770207899999,2771302.1670700,9902,34567.33,1168799.0377200,0
1770207900000,33.78200,33.79600,33.57700,33.60000,114686.50,1770208199999,3860777.8202500,10355,27481.60,925733.3375000,0
1770208200000,33.60000,33.77000,33.58400,33.73400,61540.51,1770208499999,2074033.1014800,8910,29499.13,994277.3898600,0
1770208500000,33.73500,33.75200,33.56800,33.65500,81997.51,1770208799999,2760565.2213800,8309,38172.44,1284572.6678500,0
1770208800000,33.65500,33.78600,33.62900,33.77200,37935.80,1770209099999,1279418.3798900,7305,17666.15,595784.8083700,0
1770209100000,33.77100,33.87400,33.51000,33.54200,108271.48,1770209399999,3649363.7938600,12382,44012.01,1483828.9590300,0
1770209400000,33.54200,33.69500,33.49900,33.67000,56717.83,1770209699999,1904525.2295200,7112,20945.35,703955.2878700,0
1770209700000,33.66900,33.73200,33.58100,33.63300,29868.55,1770209999999,1005342.2763800,6033,14149.73,476320.4158800,0
1770210000000,33.63200,33.81500,33.62000,33.71300,49064.39,1770210299999,1656197.5354900,7269,32288.43,1090070.0951200,0
1770210300000,33.71300,33.78000,33.64700,33.67100,27392.39,1770210599999,923623.4697100,5401,9684.43,326719.9952700,0
1770210600000,33.67000,33.70300,33.56900,33.57500,32806.45,1770210899999,1103470.8061800,6066,18068.72,607881.1841700,0
1770210900000,33.56900,33.66100,33.45200,33.48400,53506.20,1770211199999,1794797.1203900,8455,18980.85,636790.1060000,0
1770211200000,33.48400,33.56800,33.42700,33.56800,48680.62,1770211499999,1629902.6108100,7775,22354.90,748771.6618700,0
1770211500000,33.56700,33.64800,33.42700,33.49400,43564.04,1770211799999,1460785.6663800,7039,20330.17,681652.8340400,0
1770211800000,33.49300,33.62100,33.38800,33.43400,79155.81,1770212099999,2652292.5159900,9797,41584.47,1394582.3512400,0
1770212100000,33.43300,33.45000,33.21800,33.22700,114894.61,1770212399999,3827801.7967800,11456,35911.78,1196210.3628200,0
1770212400000,33.22800,33.28400,33.00200,33.06300,115564.23,1770212699999,3828324.9127600,14767,42873.97,1421237.5729400,0
1770212700000,33.06600,33.19800,32.91500,32.92900,94148.43,1770212999999,3111722.5985600,13337,32641.75,1079657.7722000,0
1770213000000,32.93000,33.35500,32.92600,33.24900,164738.99,1770213299999,5463412.3450700,16272,112085.60,3718557.2018500,0
1770213300000,33.24800,33.31000,32.67700,32.67800,162002.81,1770213599999,5331443.5665100,18226,52367.04,1724567.2312000,0
1770213600000,32.67600,32.73600,32.46900,32.61900,197506.32,1770213899999,6438902.5032400,23109,98978.04,3227806.8852700,0
1770213900000,32.61800,32.93800,32.61800,32.75100,128276.34,1770214199999,4208533.4359400,16072,72065.12,2364053.6834900,0
1770214200000,32.75000,32.99900,32.74600,32.90800,88152.16,1770214499999,2898632.4646700,11492,41254.75,1356589.2556900,0
1770214500000,32.91300,33.13800,32.80900,33.10500,91103.18,1770214799999,3003555.0271200,12223,45864.39,1512282.6217100,0
1770214800000,33.10100,33.11600,32.87300,32.90900,83880.20,1770215099999,2766546.9456300,11031,28976.59,955392.4004100,0
1770215100000,32.91000,33.05300,32.87200,33.02100,43821.56,1770215399999,1444716.0009500,7238,27740.86,914710.3624600,0
1770215400000,33.02000,33.06900,32.68300,32.85600,125263.70,1770215699999,4111860.8216200,19121,60043.65,1970954.0161900,0
1770215700000,32.85400,33.61300,32.84100,33.42100,324380.17,1770215999999,10829864.9646400,33436,163093.21,5441888.9647100,0
1770216000000,33.42000,33.57100,33.30000,33.35200,227238.81,1770216299999,7589994.0397900,23928,85142.59,2845389.2726000,0
1770216300000,33.35200,33.53900,33.19000,33.46200,154968.39,1770216599999,5168933.1241500,18949,70555.14,2354472.9469900,0
1770216600000,33.46100,33.46100,32.94200,33.18800,141372.72,1770216899999,4683136.4784200,16591,56071.29,1856687.6120800,0
1770216900000,33.18700,33.29000,32.81400,33.00700,149375.48,1770217199999,4927816.8812800,19733,79935.44,2637091.9479900,0
1770217200000,33.00800,33.52900,32.89400,33.41400,219977.97,1770217499999,7305498.1502000,29358,125634.08,4174300.5292500,0
1770217500000,33.41300,33.93300,33.15500,33.83300,456807.72,1770217799999,15360552.8754700,39233,263740.67,8876965.7334000,0
1770217800000,33.83200,34.14100,33.65900,34.07400,301865.55,1770218099999,10246667.9999800,29476,165375.11,5621444.3060600,0
1770218100000,34.07400,34.17000,33.79300,33.84600,203613.25,1770218399999,6918002.4486700,25142,94664.84,3218128.8295300,0
1770218400000,33.84600,34.25600,33.84400,34.20300,163284.09,1770218699999,5554231.9786900,21843,95619.70,3253296.2229600,0
1770218700000,34.20700,34.32200,33.96600,34.18200,240133.77,1770218999999,8202388.8339700,24226,129938.84,4439345.4492900,0
1770219000000,34.18100,34.23200,33.74000,33.77100,158988.22,1770219299999,5402008.4561700,21717,71982.68,2448115.1791400,0
1770219300000,33.77200,33.84500,33.38000,33.45100,332077.09,1770219599999,11140743.1591100,33944,150214.92,5038343.6030200,0
1770219600000,33.45100,33.89200,33.44700,33.71200,189596.81,1770219899999,6395622.0584200,22650,109055.45,3678512.0437500,0
1770219900000,33.71300,33.80900,33.52400,33.70700,111492.69,1770220199999,3750355.1520700,16623,53403.81,1797124.9917000,0
1770220200000,33.70800,34.08600,33.68800,34.00000,232814.43,1770220499999,7880488.2296100,22313,129142.30,4371487.0703500,0
1770220500000,33.99800,34.25700,33.94700,34.03800,292484.02,1770220799999,9983703.7011500,22842,144932.54,4947297.8518400,0
1770220800000,34.03800,34.40700,33.96900,34.32300,310495.38,1770221099999,10615427.8455900,23896,155451.08,5315972.6938100,0
1770221100000,34.32300,34.55500,34.22400,34.29000,274732.87,1770221399999,9452171.5551800,24377,130230.35,4483049.6796400,0
1770221400000,34.29000,34.80000,34.12200,34.48500,328246.16,1770221699999,11329163.8216100,33579,162801.97,5624387.4923200,0
1770221700000,34.48700,34.51800,34.12800,34.39900,241339.15,1770221999999,8276293.4603400,28038,101858.45,3492027.8142700,0
1770222000000,34.40100,34.51300,34.16500,34.42100,142521.91,1770222299999,4897265.9546600,19761,69690.87,2395045.5054600,0
1770222300000,34.42000,35.06700,34.40300,34.97500,272923.85,1770222599999,9495426.3598900,32567,144328.67,5025723.2308900,0
1770222600000,34.97700,34.97700,34.40200,34.45600,239901.27,1770222899999,8314355.9315800,29672,107609.97,3730295.6631800,0
1770222900000,34.45700,34.59100,34.27700,34.38100,174399.03,1770223199999,6002813.0640300,25615,81978.34,2822153.1072500,0
1770223200000,34.38300,34.59000,34.28500,34.28700,130512.13,1770223499999,4498168.9258100,17340,60433.20,2083745.5827900,0
1770223500000,34.28600,34.34000,33.97800,34.28600,242586.70,1770223799999,8281070.6131700,24435,101591.45,3469942.5611300,0
1770223800000,34.28600,34.79000,34.27300,34.54600,185223.33,1770224099999,6396621.7869000,25157,103284.29,3566218.1318600,0
1770224100000,34.54400,34.75300,34.43300,34.58800,178835.81,1770224399999,6190375.0915800,18954,105976.83,3668824.6719400,0
1770224400000,34.58700,34.70400,34.29000,34.41800,129401.62,1770224699999,4462887.4558300,20033,68098.65,2350402.5370700,0
1770224700000,34.41800,34.47300,34.00100,34.10300,228854.85,1770224999999,7813839.5533500,22948,103352.15,3529648.5813200,0
1770225000000,34.10300,34.28300,33.93200,34.04900,212643.78,1770225299999,7249994.3538500,22879,109804.38,3745572.8950400,0
1770225300000,34.05200,34.27200,33.53600,33.56700,432692.64,1770225599999,14663343.1946200,31058,144696.85,4905841.9246800,0
1770225600000,33.56800,33.58800,33.08700,33.41700,483695.51,1770225899999,16117471.6664500,39643,194095.36,6472380.1601700,0
1770225900000,33.41700,33.69800,33.37600,33.65800,167028.67,1770226199999,5604530.5496500,21465,81920.50,2749156.2588800,0
1770226200000,33.65800,34.02800,33.64200,33.97700,170227.76,1770226499999,5764855.2970700,24755,84643.93,2866959.3097000,0
1770226500000,33.97600,34.12500,33.78700,33.86000,153814.07,1770226799999,5226318.8500900,21128,74165.41,2520721.5248200,0
1770226800000,33.86200,34.31900,33.78100,34.28100,178997.20,1770227099999,6103687.2786600,22011,92028.08,3138610.2736100,0
1770227100000,34.28400,34.31200,33.95100,34.13100,78344.68,1770227399999,2670275.9981000,15248,41117.86,1401199.1682300,0
1770227400000,34.13000,34.15600,33.94000,33.97900,76003.91,1770227699999,2588423.6516100,13509,33887.02,1154521.9196700,0
1770227700000,33.98000,34.49100,33.97600,34.43400,180653.21,1770227999999,6195601.6812400,18865,110936.79,3803049.9075000,0
1770228000000,34.43400,34.54300,34.27900,34.43200,117207.79,1770228299999,4031463.3983000,18087,49927.18,1717592.1924400,0
1770228300000,34.43100,34.83400,34.30000,34.56900,249540.87,1770228599999,8643548.5521400,26501,145567.37,5042601.1409300,0
1770228600000,34.56900,35.01100,34.56200,34.62900,282654.02,1770228899999,9854005.2850400,25600,136907.97,4772664.4087000,0
1770228900000,34.63300,34.68800,34.19000,34.36300,267189.25,1770229199999,9183036.0609100,28321,108844.45,3740323.8959500,0
1770229200000,34.36300,34.46200,33.80400,33.92000,210976.24,1770229499999,7189038.0135300,21024,63231.08,2153801.2594700,0
1770229500000,33.92500,34.25600,33.82200,34.16600,184900.88,1770229799999,6290338.1042900,23248,91590.39,3116841.1011500,0
1770229800000,34.16500,34.53300,34.08900,34.32300,204432.94,1770230099999,7017792.1288800,26450,114156.13,3919866.8337500,0
1770230100000,34.32500,34.47700,34.13500,34.38800,139667.97,1770230399999,4795086.2233600,20638,74745.52,2567160.3364600,0
1770230400000,34.39300,35.03800,34.31700,34.95500,334154.59,1770230699999,11622182.7219800,29889,192281.28,6692601.8510400,0
1770230700000,34.95400,34.99200,34.46000,34.54100,131213.76,1770230999999,4547034.3788300,19626,46055.53,1596006.2378600,0
1770231000000,34.54100,34.54100,34.29700,34.43600,83664.72,1770231299999,2878194.0847200,13110,41485.65,1427244.3520700,0
1770231300000,34.43700,34.63200,34.32500,34.35900,99558.52,1770231599999,3432695.5680100,14188,46284.47,1596289.9885400,0
1770231600000,34.35800,34.73500,34.29100,34.59800,108959.27,1770231899999,3762628.0060700,15850,59429.77,2052843.2679900,0
1770231900000,34.59600,34.59600,34.14900,34.16200,111018.32,1770232199999,3816855.8899800,13580,34871.80,1199562.3550700,0
1770232200000,34.16200,34.21200,33.87800,34.04000,154282.86,1770232499999,5245826.2768000,18315,86966.89,2956616.8949300,0
1770232500000,34.04000,34.24200,33.98900,34.07600,87287.82,1770232799999,2979417.2785600,13631,45207.78,1543326.0710300,0
1770232800000,34.07700,34.08600,33.73400,33.96400,118024.33,1770233099999,3995993.0542400,14378,48292.66,1635271.1367400,0
1770233100000,33.96400,34.07100,33.87500,33.92600,75707.84,1770233399999,2570883.0610100,11265,28010.10,951537.1555900,0
1770233400000,33.92400,34.28300,33.90300,34.24700,77341.03,1770233699999,2639912.9306500,12389,46116.79,1574458.8259900,0
1770233700000,34.24600,34.55500,34.15700,34.36900,130301.56,1770233999999,4481764.1893200,15811,74227.04,2553491.7040400,0
1770234000000,34.36900,34.50000,34.30800,34.45000,67011.62,1770234299999,2305948.9765200,11506,30887.38,1062904.0328200,0
1770234300000,34.44900,34.88200,34.42700,34.80500,113323.35,1770234599999,3935246.7951000,16238,62722.92,2177092.3264400,0
1770234600000,34.80400,35.09600,34.77100,34.94700,189752.69,1770234899999,6632490.7723700,20856,105909.47,3703277.2532200,0
1770234900000,34.94800,35.38000,34.78700,35.36200,272466.48,1770235199999,9574531.3089700,23755,175798.90,6181772.1420300,0
1770235200000,35.36200,35.47200,35.03700,35.24000,180919.83,1770235499999,6377089.0521300,22650,82113.08,2895047.5619300,0
1770235500000,35.24000,35.24000,34.78900,34.88200,126092.75,1770235799999,4406236.4586100,18174,54095.76,1889417.6186300,0
1770235800000,34.88400,35.25400,34.87600,35.19200,140583.21,1770236099999,4927219.9362200,15661,83767.28,2934995.7804600,0
1770236100000,35.19100,35.59100,35.17600,35.55800,139718.48,1770236399999,4952729.0036100,17134,76773.70,2721744.6981400,0
1770236400000,35.55900,35.84500,35.38800,35.38800,180188.43,1770236699999,6423188.9572900,22199,94794.64,3380412.8222800,0
1770236700000,35.38900,35.54300,35.23100,35.35300,99969.20,1770236999999,3536128.7779600,14299,43972.66,1555908.5805100,0
1770237000000,35.35400,35.40000,35.02200,35.27000,110564.48,1770237299999,3895874.2268900,18400,47904.33,1688493.7376600,0
1770237300000,35.27100,35.49600,35.11400,35.42400,82735.02,1770237599999,2920039.5914400,13405,46337.45,1636247.6855000,0
1770237600000,35.42500,35.53200,35.33000,35.37200,45205.41,1770237899999,1601893.4634200,8702,20804.21,737306.4016100,0
1770237900000,35.37200,35.83100,35.36800,35.79200,58586.12,1770238199999,2087397.9171100,9792,36192.62,1289836.1713300,0
1770238200000,35.79200,35.84400,35.53800,35.81300,81052.92,1770238499999,2893710.8532700,12694,37286.39,1331480.5128800,0
1770238500000,35.81500,35.90000,35.68900,35.81500,101469.00,1770238799999,3633081.1786400,11321,48151.02,1724929.1669800,0
1770238800000,35.81500,35.95400,35.60400,35.66200,110914.78,1770239099999,3968528.6944400,15612,50177.77,1796110.9925200,0
1770239100000,35.66400,35.79000,35.45600,35.46500,70019.91,1770239399999,2492486.1318500,12096,31383.94,1117801.5778300,0
1770239400000,35.46600,35.76900,35.46400,35.63100,89588.95,1770239699999,3185810.2757700,10916,57312.93,2037975.1830100,0
1770239700000,35.63100,35.66400,35.16900,35.22200,99490.53,1770239999999,3516365.1208700,14257,48162.03,1701345.2686500,0
1770240000000,35.22100,35.36500,35.18700,35.22300,71684.16,1770240299999,2528038.8463200,10004,30050.08,1059732.4448500,0
1770240300000,35.22200,35.24400,35.08400,35.21300,93646.88,1770240599999,3292106.9041500,9913,41475.48,1458412.0293800,0
1770240600000,35.21300,35.52800,35.21300,35.37900,82520.89,1770240899999,2919671.2979900,11244,50632.17,1790578.6239700,0
1770240900000,35.37600,35.57900,35.32700,35.54700,72051.56,1770241199999,2556021.2835200,10414,37975.52,1347621.7699500,0
1770241200000,35.54700,35.85800,35.36700,35.45800,182213.08,1770241499999,6498039.7304700,22401,91068.06,3248055.3615900,0
1770241500000,35.45900,35.50400,34.86400,35.01500,295494.32,1770241799999,10362165.9099400,28887,113764.28,3990384.9075100,0
1770241800000,35.01100,35.21800,34.94700,35.16600,100027.24,1770242099999,3510033.5811700,15115,52161.20,1830468.9183400,0
1770242100000,35.16300,35.31800,35.07600,35.15900,69998.62,1770242399999,2463328.2924900,11720,36924.68,1299852.1577100,0
1770242400000,35.16100,35.17800,34.59700,34.61700,179925.10,1770242699999,6266793.3749100,20639,54506.22,1898796.6629400,0
1770242700000,34.62200,34.92700,34.45300,34.82200,188558.43,1770242999999,6544984.0260300,20963,106239.39,3689030.6765800,0
1770243000000,34.82200,35.11000,34.79100,35.07100,96145.28,1770243299999,3362637.9481000,10503,51707.29,1808742.6425800,0
1770243300000,35.07100,35.64800,35.07100,35.57800,200520.41,1770243599999,7109344.0359100,16268,115824.58,4103418.7919400,0
1770243600000,35.57900,36.24000,35.56800,36.13200,193302.17,1770243899999,6953148.1126800,18017,106218.66,3818161.7071500,0
1770243900000,36.13500,36.26700,35.93600,36.07000,104571.09,1770244199999,3776737.3181500,13506,47083.18,1700577.3698400,0
1770244200000,36.06700,36.25700,35.90000,36.02700,104147.31,1770244499999,3756621.5344900,12433,44432.02,1603607.6119500,0
1770244500000,36.02700,36.13000,35.57800,35.71200,94657.22,1770244799999,3388783.9435000,11727,41325.34,1479676.4171000,0
1770244800000,35.71200,35.72100,35.29600,35.32900,73622.84,1770245099999,2613389.5778000,8858,29710.51,1054732.7538300,0
1770245100000,35.32800,35.66600,35.31200,35.57800,73409.17,1770245399999,2605547.4007900,8128,49703.16,1763313.8572900,0
1770245400000,35.57900,35.57900,35.06500,35.09700,74557.69,1770245699999,2626683.2165700,9709,30235.47,1065333.2649900,0
1770245700000,35.10000,35.13500,34.66600,34.93800,156101.45,1770245999999,5446461.7228900,16522,70141.80,2447554.3294000,0
1770246000000,34.93800,35.01400,34.60000,34.63500,134930.41,1770246299999,4690717.3257400,16825,58119.29,2020484.8966400,0
1770246300000,34.63800,34.82700,34.53800,34.58100,91374.25,1770246599999,3167226.2919900,13613,51725.08,1793721.3530700,0
1770246600000,34.57900,35.08900,34.53300,35.07200,93537.62,1770246899999,3254376.4585600,13675,62460.60,2174223.8162400,0
1770246900000,35.07100,35.60300,35.01200,35.31500,216211.75,1770247199999,7627491.8093300,21234,129535.97,4566671.7085600,0
1770247200000,35.31500,35.74800,35.23100,35.66500,100507.66,1770247499999,3563016.4564400,15668,52514.28,1862905.6784900,0
1770247500000,35.66600,35.90600,35.65000,35.75100,104113.31,1770247799999,3726093.4820000,16168,45972.21,1645599.0443700,0
1770247800000,35.75100,36.03300,35.75100,35.77500,103173.39,1770248099999,3703742.9200900,15582,45047.78,1617176.9010800,0
1770248100000,35.77400,36.04600,35.58200,35.96700,128639.53,1770248399999,4602092.2753500,17560,61359.47,2196267.1028100,0
1770248400000,35.96600,35.98100,35.47300,35.50400,117545.47,1770248699999,4187770.0459500,10732,71129.07,2532058.2060300,0
1770248700000,35.50500,35.71000,35.47600,35.56700,37923.58,1770248999999,1349955.4374500,6447,20248.88,720837.1075000,0
1770249000000,35.56600,35.77700,35.50500,35.58900,39074.86,1770249299999,1393123.2422000,6581,18791.21,670175.9605200,0
1770249300000,35.58900,35.65600,35.35300,35.48000,76008.53,1770249599999,2694596.6539700,10667,29035.96,1028701.0159900,0
1770249600000,35.48100,35.51300,35.25400,35.27700,65832.03,1770249899999,2328702.1647300,11006,28733.73,1017123.5930500,0
1770249900000,35.27800,35.47000,35.03300,35.04500,114671.18,1770250199999,4038370.1633700,13845,43601.40,1537104.7511700,0
1770250200000,35.04500,35.34900,35.02400,35.06500,118699.18,1770250499999,4178331.6011900,15705,59115.31,2080548.4501500,0
1770250500000,35.06600,35.31500,35.02800,35.29100,54651.77,1770250799999,1921879.2186600,10017,35361.39,1243551.8422800,0
1770250800000,35.29300,35.42900,35.21900,35.32800,79800.39,1770251099999,2820226.9144600,10635,44403.53,1569462.8801000,0
1770251100000,35.32900,35.49100,35.24300,35.32000,61321.61,1770251399999,2168382.2039500,10435,31130.02,1101203.9861000,0
1770251400000,35.32000,35.38200,35.08200,35.11600,80246.50,1770251699999,2825943.5650000,11466,28818.74,1015538.1561800,0
1770251700000,35.11700,35.34400,35.01200,35.04000,65244.71,1770251999999,2294655.8354400,11305,34911.79,1228105.6671800,0
1770252000000,35.04200,35.10500,34.67600,34.69600,122728.37,1770252299999,4280710.5103400,14210,38207.76,1332359.1762800,0
1770252300000,34.69800,34.91900,34.65000,34.88700,89110.90,1770252599999,3098304.6049500,10690,60084.27,2089545.3015100,0
1770252600000,34.88600,35.19800,34.85700,34.96300,105622.78,1770252899999,3700546.4362100,14267,57941.92,2030100.4090400,0
1770252900000,34.96300,34.99000,34.70000,34.75600,70769.76,1770253199999,2466077.1028900,8902,23594.51,821842.5608500,0
1770253200000,34.75500,34.95500,34.72900,34.79900,69155.36,1770253499999,2408830.4775400,12266,34289.84,1194745.1750600,0
1770253500000,34.79900,35.05500,34.74500,34.91100,58935.99,1770253799999,2058368.2930100,11367,32094.01,1120930.3800700,0
1770253800000,34.91000,35.15400,34.83800,34.83800,76403.36,1770254099999,2673298.6892000,11767,34755.64,1216865.6414800,0
1770254100000,34.83700,34.84300,34.28300,34.33100,217888.11,1770254399999,7512190.7790200,19784,55183.27,1902926.0557100,0
1770254400000,34.33100,34.43400,34.17600,34.39200,148829.95,1770254699999,5104291.8059400,16841,58965.92,2023563.4313500,0
1770254700000,34.39200,34.93400,34.39200,34.88800,132582.85,1770254999999,4599647.4460200,21575,78356.63,2717490.3322600,0
1770255000000,34.88800,35.04200,34.69600,34.83800,104754.64,1770255299999,3656320.2749000,17938,51719.38,1806231.6495500,0
1770255300000,34.83900,34.84000,34.62100,34.71800,66996.65,1770255599999,2325172.6278800,12355,30954.07,1074256.0275800,0
1770255600000,34.71700,34.73400,34.28800,34.40700,179057.79,1770255899999,6164341.7227900,17974,63778.04,2194195.4271600,0
1770255900000,34.40900,34.44000,33.95900,34.07100,140965.30,1770256199999,4808579.6505100,20319,55174.03,1883251.3932000,0
1770256200000,34.07000,34.17900,33.90000,33.93200,91713.17,1770256499999,3118925.2950700,13853,38324.42,1303648.7713300,0
1770256500000,33.93200,33.99300,33.72000,33.74600,187716.90,1770256799999,6353716.4698400,13319,43660.83,1478756.4756400,0
1770256800000,33.74500,33.80400,33.38300,33.44100,292231.35,1770257099999,9804155.3934600,27576,99008.25,3322876.4964100,0
1770257100000,33.44100,33.76500,33.40100,33.70500,140892.21,1770257399999,4732576.3923000,14778,98067.58,3295320.8547900,0
1770257400000,33.70500,33.78800,33.59100,33.69100,74070.86,1770257699999,2495704.2618500,12001,34510.51,1162975.8025700,0
1770257700000,33.69100,34.07300,33.64700,33.99500,129818.93,1770257999999,4390741.8342700,18533,85423.17,2889491.4829000,0
1770258000000,33.99700,34.00500,33.82100,33.92500,53277.34,1770258299999,1806176.4380000,10890,26228.95,889221.4148700,0
1770258300000,33.92600,33.96400,33.75700,33.87000,56179.43,1770258599999,1901974.4917100,9374,24630.54,834123.9283900,0
1770258600000,33.87100,33.89500,33.71900,33.83600,59236.27,1770258899999,2003242.0801700,9888,26460.76,894999.6024400,0
1770258900000,33.83600,34.08100,33.83600,33.98800,68039.01,1770259199999,2310792.1643500,12305,40259.49,1367387.9738300,0
1770259200000,33.98900,34.06300,33.87600,33.95500,56882.49,1770259499999,1932741.9247100,9170,32270.10,1096524.5161300,0
1770259500000,33.95400,33.98400,33.50900,33.65000,84761.42,1770259799999,2854504.1078200,13036,39723.53,1336805.3017200,0
1770259800000,33.65100,33.69200,33.49000,33.57900,94320.34,1770260099999,3168613.3964400,13149,45524.27,1529548.0814800,0
1770260100000,33.58000,33.69700,33.30500,33.45500,145623.95,1770260399999,4875166.3628400,15541,47729.67,1599484.1276700,0
1770260400000,33.45600,33.75000,33.40200,33.69700,84887.82,1770260699999,2854124.2853500,15879,47745.43,1605216.3684000,0
1770260700000,33.69700,33.70800,33.24900,33.63300,163583.74,1770260999999,5472340.0369200,19081,73277.22,2452053.8197600,0
1770261000000,33.63300,33.70500,33.45900,33.58800,49565.79,1770261299999,1663537.9319300,10109,26383.14,885636.1538800,0
1770261300000,33.58800,33.60800,33.20400,33.34500,163931.18,1770261599999,5465106.8126900,18563,58619.82,1954137.5364200,0
1770261600000,33.34600,33.62300,33.34600,33.57700,116145.77,1770261899999,3892376.6730300,13859,55241.11,1851183.7909200,0
1770261900000,33.57900,33.66600,33.55000,33.58500,98818.97,1770262199999,3321209.2595600,8726,25332.55,851346.0369700,0
1770262200000,33.58500,33.71300,33.49400,33.68800,85688.58,1770262499999,2881234.5012200,9571,52377.33,1762796.5606800,0
1770262500000,33.68700,33.70500,33.38800,33.45200,72857.58,1770262799999,2441289.2830400,11821,29499.72,988990.0811700,0
1770262800000,33.45100,33.58300,33.35900,33.41800,52205.07,1770263099999,1747377.8218800,8320,26794.60,897265.8781500,0
1770263100000,33.41700,33.48000,33.28200,33.36900,52737.43,1770263399999,1759423.9451500,8294,30142.96,1005631.8722900,0
1770263400000,33.37000,33.62300,33.28200,33.57600,75501.37,1770263699999,2527171.9447300,10473,41065.62,1374407.2635900,0
1770263700000,33.57600,33.68300,33.44800,33.48700,61144.98,1770263999999,2051859.3697500,9011,28353.19,951602.5103900,0
1770264000000,33.48600,33.66400,33.46400,33.57800,46414.27,1770264299999,1558038.8302700,9816,25333.79,850614.5665900,0
1770264300000,33.57700,33.81500,33.50000,33.75800,90309.58,1770264599999,3037103.0789800,12042,60243.36,2026219.6413100,0
1770264600000,33.75500,33.83600,33.55300,33.62100,191106.00,1770264899999,6441957.4687400,15049,125731.50,4238593.0926900,0
1770264900000,33.62400,33.65900,33.25700,33.42600,104437.32,1770265199999,3491090.6560200,13630,42942.34,1436156.3658600,0
1770265200000,33.42600,33.80000,33.42600,33.70000,78505.14,1770265499999,2641740.1109100,13260,40079.42,1347876.5512000,0
1770265500000,33.70000,33.84100,33.63700,33.81300,68311.52,1770265799999,2305905.0705400,10785,40739.33,1375529.6387200,0
1770265800000,33.81500,33.87800,33.65300,33.86900,62049.62,1770266099999,2094586.4144100,11060,31462.83,1062201.8371700,0
1770266100000,33.87000,33.89900,33.72200,33.79700,58985.61,1770266399999,1994567.0175800,10300,28891.81,977137.4741900,0
1770266400000,33.79600,33.97300,33.74500,33.95500,75493.97,1770266699999,2557561.1636500,11185,45850.09,1553454.2933500,0
1770266700000,33.95500,33.96500,33.75700,33.92400,56048.83,1770266999999,1897353.0589600,9023,24944.06,844674.7972200,0
1770267000000,33.92500,34.05600,33.83400,33.85900,61967.60,1770267299999,2104328.7124900,9367,30683.84,1042321.0558700,0
1770267300000,33.86000,33.87900,33.70100,33.76000,52827.19,1770267599999,1785078.5831300,7934,22740.01,768543.3313800,0
1770267600000,33.76100,33.96900,33.74100,33.85000,52964.76,1770267899999,1795624.2442000,10876,28559.63,968461.8562500,0
1770267900000,33.84700,33.96200,33.69000,33.72800,69912.11,1770268199999,2362325.6893100,9492,26697.62,901763.2159500,0
1770268200000,33.72800,33.95200,33.72700,33.76900,44970.01,1770268499999,1522172.9760200,8251,24882.26,842206.4217700,0
1770268500000,33.76800,33.86800,33.53400,33.57300,60020.88,1770268799999,2021899.7039000,8784,24128.92,812972.9478100,0
1770268800000,33.57300,33.62000,33.44500,33.61500,67248.24,1770269099999,2254697.7429300,11683,34259.62,1148939.9611600,0
1770269100000,33.61600,34.00000,33.61000,33.86600,95851.36,1770269399999,3241292.1357600,13218,41178.83,1391667.5473700,0
1770269400000,33.86500,33.92900,33.69700,33.83400,53964.54,1770269699999,1825340.5217600,9723,26760.55,905488.0281900,0
1770269700000,33.83400,33.84800,33.49800,33.71600,170530.88,1770269999999,5736514.8217000,16904,62937.57,2116782.8948800,0
1770270000000,33.71600,33.91100,33.69100,33.88400,57026.50,1770270299999,1930031.4447200,10836,31677.41,1072059.5249800,0
1770270300000,33.88400,33.91800,33.68400,33.79400,58179.71,1770270599999,1965269.7843900,11684,26671.32,900977.6448800,0
1770270600000,33.79300,33.85000,33.60000,33.65600,72085.76,1770270899999,2429270.7042800,11134,29509.56,994586.0214800,0
1770270900000,33.65700,33.76300,33.47400,33.52400,55742.10,1770271199999,1873180.6862400,8587,25403.17,853937.9960100,0
1770271200000,33.52400,33.72100,33.48300,33.58300,89889.09,1770271499999,3023543.0894800,13232,49540.70,1667183.4287500,0
1770271500000,33.58200,33.58700,33.35000,33.54500,89170.70,1770271799999,2983084.8406500,13040,39151.24,1310140.2167700,0
1770271800000,33.54500,33.64000,33.47200,33.53900,30792.31,1770272099999,1033753.5930700,6761,13535.90,454469.3531700,0
1770272100000,33.53800,33.65700,33.48800,33.54400,28402.51,1770272399999,954017.1072100,6654,14310.30,480700.4687100,0
1770272400000,33.54400,33.67400,33.48200,33.64300,49247.62,1770272699999,1653494.4089200,8883,26274.63,882489.2586700,0
1770272700000,33.64300,33.72100,33.40600,33.49800,58627.77,1770272999999,1968619.2011600,9682,29300.21,984555.8892100,0
1770273000000,33.49800,33.83800,33.49700,33.82100,50263.13,1770273299999,1692675.9812100,8720,31844.71,1072436.1725900,0
1770273300000,33.82200,33.87600,33.64700,33.68600,44135.84,1770273599999,1489593.7207700,7677,20258.37,683734.4182200,0
1770273600000,33.68600,33.80000,33.62400,33.66900,29711.20,1770273899999,1001684.1486500,7135,15619.15,526618.0259200,0
1770273900000,33.67000,33.72400,33.51000,33.61900,64583.72,1770274199999,2170948.8395200,9170,31122.04,1046107.4801000,0
1770274200000,33.62000,33.79100,33.58400,33.75200,38987.19,1770274499999,1313749.5124500,7182,25298.21,852711.4397000,0
1770274500000,33.75200,33.98500,33.75000,33.88200,85900.45,1770274799999,2909652.2780500,10543,43911.65,1488109.9610700,0
1770274800000,33.88200,34.50000,33.80700,34.48400,220438.24,1770275099999,7543937.6875300,26293,137158.94,4696409.2598400,0
1770275100000,34.48300,34.56000,34.26000,34.32900,96475.77,1770275399999,3319434.6337300,14867,40779.69,1403867.8637200,0
1770275400000,34.32900,34.40000,34.20000,34.37700,77210.70,1770275699999,2648917.2390000,10615,47784.96,1640002.2042100,0
1770275700000,34.37800,34.59900,34.27800,34.42500,158999.63,1770275999999,5470480.1543300,18208,84386.06,2904843.5598700,0
1770276000000,34.42000,34.61300,34.21800,34.49500,115805.31,1770276299999,3987943.0852500,15038,65691.87,2262767.7802500,0
1770276300000,34.49400,34.61700,34.46500,34.50900,51628.74,1770276599999,1783032.8949600,9572,26547.13,917142.9889000,0
1770276600000,34.50900,34.74600,34.41300,34.61500,82679.50,1770276899999,2861833.8699800,13605,51282.16,1775786.0682800,0
1770276900000,34.61500,34.69700,34.44400,34.48000,44715.33,1770277199999,1545540.8979000,8168,17656.11,610468.4322100,0
1770277200000,34.48000,34.53200,34.31700,34.43900,63384.70,1770277499999,2180763.8062400,11346,30954.62,1065153.1723700,0
1770277500000,34.44000,34.52300,34.21200,34.24900,61254.60,1770277799999,2104289.6011500,10531,26220.88,901141.0278000,0
1770277800000,34.24900,34.40900,34.13000,34.37900,64459.36,1770278099999,2207119.0082200,9870,38253.77,1310522.8782300,0
1770278100000,34.37700,34.37700,34.08200,34.21300,79346.17,1770278399999,2711216.6256500,9937,42785.76,1461492.1018100,0
1770278400000,34.21300,34.28200,34.12500,34.17700,84460.30,1770278699999,2888331.2752800,12948,46634.98,1595396.3921600,0
1770278700000,34.17800,34.34600,34.09600,34.32500,57413.04,1770278999999,1963190.1911200,8968,31336.88,1071887.9515300,0
1770279000000,34.32500,34.61800,34.29400,34.55400,101086.45,1770279299999,3485335.9731700,14248,57387.04,1978699.4777600,0
1770279300000,34.55600,34.83400,34.47500,34.74900,155211.82,1770279599999,5385539.5615300,18628,84393.61,2928705.0979000,0
1770279600000,34.74900,34.76700,34.58600,34.68900,74062.79,1770279899999,2566826.9591200,12415,29639.73,1027272.7028600,0
1770279900000,34.68600,34.91000,34.66100,34.87300,105540.18,1770280199999,3672855.9669700,13862,56903.84,1980407.7904500,0
1770280200000,34.87200,35.24300,34.86000,35.16500,163504.66,1770280499999,5736580.4774900,19024,94141.50,3301117.0276300,0
1770280500000,35.16400,35.26300,34.96900,35.13200,119303.46,1770280799999,4191593.6631900,16132,51993.43,1827412.7805400,0
1770280800000,35.13300,35.15700,34.91700,34.92000,59302.62,1770281099999,2076558.4356500,9951,24700.37,865154.0020700,0
1770281100000,34.92000,34.99700,34.75000,34.80000,94412.45,1770281399999,3293928.1992400,14619,44041.81,1537134.6272900,0
1770281400000,34.80000,34.85500,34.67600,34.82500,82413.36,1770281699999,2863311.1483300,11369,35525.35,1234632.6948400,0
1770281700000,34.82600,34.92400,34.69800,34.71600,52034.19,1770281999999,1811314.7538300,9945,26214.09,912675.5691100,0
1770282000000,34.71600,34.87300,34.65400,34.77100,80061.44,1770282299999,2782615.7026500,20479,37738.99,1311598.9349700,0
1770282300000,34.76800,35.28200,34.70600,35.24900,151498.36,1770282599999,5311933.3387200,21712,97914.74,3432973.3569300,0
1770282600000,35.24800,35.29700,34.97000,34.98800,107862.96,1770282899999,3794025.8289200,16038,51721.96,1820816.9229400,0
1770282900000,34.98300,35.18800,34.83500,34.84400,80106.67,1770283199999,2802248.1184100,14504,36072.87,1262596.7430500,0
1770283200000,34.84300,34.96400,34.74000,34.76600,75229.62,1770283499999,2619341.4881200,12658,30139.51,1049708.6728600,0
1770283500000,34.76500,34.91700,34.76000,34.88200,46010.66,1770283799999,1603936.4807200,8561,25632.70,893465.0416200,0
1770283800000,34.88200,34.90900,34.65100,34.75000,44010.06,1770284099999,1529507.3899000,8961,18930.86,658028.0691500,0
1770284100000,34.74800,34.83000,34.61300,34.75700,74431.37,1770284399999,2586428.9256000,10518,41426.25,1439839.3778400,0
1770284400000,34.75700,34.94600,34.64000,34.73000,79490.45,1770284699999,2766316.8799400,12544,38467.62,1339131.6371200,0
1770284700000,34.73100,34.86300,34.69400,34.80900,58356.25,1770284999999,2028990.2198900,8134,34054.61,1184234.1482100,0
1770285000000,34.80900,34.84200,34.56600,34.66800,54350.84,1770285299999,1885825.6559200,8779,27389.22,950998.8066800,0
1770285300000,34.66700,34.78700,34.64000,34.74700,35037.55,1770285599999,1216611.5401500,6919,20389.92,708052.2321700,0
1770285600000,34.74600,34.87800,34.58300,34.71000,76424.58,1770285899999,2651381.2316300,10337,45169.48,1566500.9917400,0
1770285900000,34.70800,34.71000,34.47500,34.51500,73946.93,1770286199999,2555295.4156200,10615,31745.92,1097347.6856500,0
1770286200000,34.51700,34.72200,34.51000,34.69100,34102.44,1770286499999,1181029.2464200,6587,17172.02,594671.0789100,0
1770286500000,34.68900,34.89800,34.67900,34.80000,55729.20,1770286799999,1938820.3065700,9092,29821.79,1037633.3071800,0
1770286800000,34.80400,34.88300,34.67000,34.75200,57655.83,1770287099999,2006014.0745000,8636,21538.84,749525.5192800,0
1770287100000,34.75100,34.77200,34.62000,34.73200,29766.75,1770287399999,1032873.2160900,6685,16781.97,582372.4021100,0
1770287400000,34.73200,34.90900,34.72000,34.76900,39222.72,1770287699999,1365356.5359500,7819,25651.69,893100.4170800,0
1770287700000,34.76800,34.76800,34.64400,34.71500,30262.72,1770287999999,1049875.7475100,6741,15278.46,530047.8144100,0
1770288000000,34.71500,34.72700,34.40100,34.42200,86593.30,1770288299999,2990811.9738600,11830,27309.48,943435.9995000,0
1770288300000,34.42300,34.56300,34.39800,34.40200,48143.69,1770288599999,1659795.7225600,9973,26915.35,928076.5600100,0
1770288600000,34.40200,34.49500,34.35900,34.38900,66243.27,1770288899999,2280801.4915800,11224,33981.17,1170191.1333700,0
1770288900000,34.38800,34.45300,34.11800,34.11900,198681.89,1770289199999,6812128.8780300,22848,96203.97,3298494.2731600,0
1770289200000,34.11900,34.37500,34.08800,34.17100,104601.15,1770289499999,3577525.0052300,16427,56576.59,1935791.5917400,0
1770289500000,34.17200,34.35600,34.05500,34.09600,119342.97,1770289799999,4078661.6454800,14355,47677.13,1629941.9748300,0
1770289800000,34.09600,34.23100,33.82200,33.89800,151784.30,1770290099999,5159002.3124600,17569,46564.89,1583391.2728500,0
1770290100000,33.89800,34.09500,33.89800,33.94400,109586.73,1770290399999,3725596.8652000,12738,48116.54,1636133.2116600,0
1770290400000,33.94500,33.95300,33.46000,33.55800,202549.57,1770290699999,6825814.0076700,24826,60541.73,2041556.5330300,0
1770290700000,33.55800,33.76500,33.31700,33.43400,195758.78,1770290999999,6560544.0298700,22422,83476.55,2800219.7434800,0
1770291000000,33.43500,33.53500,33.22200,33.30200,141673.80,1770291299999,4726670.8234300,20185,65394.58,2182887.5658800,0
1770291300000,33.30400,33.58200,33.27600,33.39500,145950.56,1770291599999,4881051.3222500,20258,87372.09,2922018.9037100,0
1770291600000,33.39400,33.62600,33.34900,33.54000,128263.19,1770291899999,4298673.1125400,15748,87649.04,2937150.2862500,0
1770291900000,33.54100,33.61700,33.07100,33.40700,260579.27,1770292199999,8682323.5636500,20883,101476.43,3379568.7083400,0
1770292200000,33.40600,33.43000,32.60000,32.79500,431929.83,1770292499999,14196969.4795600,37498,139984.78,4601230.7454800,0
1770292500000,32.79600,32.93800,32.64200,32.90500,218309.75,1770292799999,7156438.3924800,20248,114104.12,3742267.6682100,0
1770292800000,32.90300,33.05000,32.79200,32.81600,155442.04,1770293099999,5119510.7152600,21212,76099.83,2507524.9605500,0
1770293100000,32.81700,32.93100,32.32000,32.43300,439160.52,1770293399999,14311897.1032200,32471,122586.97,3999458.9973700,0
1770293400000,32.43300,32.67700,32.01100,32.14200,365384.89,1770293699999,11827432.5136300,36261,162969.99,5284936.3279000,0
1770293700000,32.14100,32.17300,31.08600,31.42900,844281.18,1770293999999,26617970.8486800,76280,331532.36,10432632.0917600,0
1770294000000,31.42900,31.79900,31.25200,31.41200,304611.19,1770294299999,9611352.8806400,40408,147638.75,4660216.8338300,0
1770294300000,31.41200,32.02200,31.40000,31.76700,289467.93,1770294599999,9204244.0981800,41054,156110.14,4961624.8301000,0
1770294600000,31.76700,32.08800,31.74300,31.95400,230616.74,1770294899999,7362228.9388800,35194,120045.20,3833888.1340400,0
1770294900000,31.95900,32.09700,31.79600,31.89400,150402.15,1770295199999,4807409.8406500,25771,85106.83,2720700.5515400,0
1770295200000,31.89400,32.19900,31.82200,31.98600,167169.36,1770295499999,5355984.8538500,25919,96321.98,3087553.3796800,0
1770295500000,31.98500,32.23300,31.88100,32.22600,190303.60,1770295799999,6090044.7726200,24365,88937.82,2847848.1913900,0
1770295800000,32.22500,32.38500,32.13400,32.24700,258870.65,1770296099999,8355678.9543500,31156,152980.43,4938487.5760200,0
1770296100000,32.24600,32.46300,32.12700,32.21700,178606.45,1770296399999,5767599.9427800,22229,104600.42,3379588.4092800,0
1770296400000,32.21800,32.31600,32.13300,32.31400,84185.68,1770296699999,2711882.4138300,14927,44343.60,1428672.1243000,0
1770296700000,32.31300,32.50900,32.22900,32.28300,125409.15,1770296999999,4060988.2353900,19119,60605.26,1963009.8208900,0
1770297000000,32.28100,32.34000,31.91900,31.96300,159422.87,1770297299999,5121752.2213100,18411,67168.68,2161717.8473500,0
1770297300000,31.96400,32.01900,31.71200,31.84500,154109.77,1770297599999,4907632.7799900,19150,69382.62,2209299.9506500,0
1770297600000,31.84800,31.94200,31.68300,31.89400,112044.46,1770297899999,3565466.3447000,16256,56641.56,1803492.2271600,0
1770297900000,31.89500,31.97800,31.76100,31.88300,85453.28,1770298199999,2724194.9497100,16175,46651.67,1487505.7716200,0
1770298200000,31.88300,32.20600,31.81700,32.19100,120788.92,1770298499999,3868857.1703000,20699,66768.34,2139882.3292500,0
1770298500000,32.19000,32.37100,32.05700,32.21300,128700.58,1770298799999,4149521.7064800,19303,53909.64,1738741.5572500,0
1770298800000,32.21300,32.28300,32.09000,32.17400,69270.95,1770299099999,2228225.4664700,12177,28828.86,927637.0600900,0
1770299100000,32.17400,32.30000,32.15700,32.23800,69433.98,1770299399999,2238095.1841000,10124,30371.71,979173.9885400,0
1770299400000,32.23600,32.45200,32.12900,32.45200,54540.79,1770299699999,1762778.4627700,10900,33878.64,1095319.7247000,0
1770299700000,32.45200,32.61300,32.43100,32.59100,98990.51,1770299999999,3218720.3845200,12955,57509.13,1870410.7233700,0
1770300000000,32.59300,32.91400,32.57500,32.66700,250565.62,1770300299999,8204492.6517000,28540,146204.31,4788550.1515800,0
1770300300000,32.66600,32.66600,32.28300,32.45900,114848.88,1770300599999,3727578.5464300,16683,51299.44,1664839.5659600,0
1770300600000,32.45800,32.61200,32.29700,32.44600,57391.11,1770300899999,1863111.7110300,10976,31377.49,1018791.9983500,0
1770300900000,32.44700,32.52800,32.19300,32.22800,71238.72,1770301199999,2301777.1069600,12820,26716.30,863763.9444200,0
1770301200000,32.22800,32.39000,32.03000,32.35600,90639.20,1770301499999,2920227.1948400,13120,43640.65,1407662.9909700,0
1770301500000,32.35600,32.47800,32.30000,32.31800,54083.60,1770301799999,1751540.4103300,10276,32176.50,1042270.5640700,0
1770301800000,32.31800,32.75000,32.21500,32.60300,221328.81,1770302099999,7188995.0239000,34044,126007.65,4093578.8900100,0
1770302100000,32.61300,32.78000,32.43000,32.59700,176352.57,1770302399999,5756941.2017500,23433,84971.34,2774936.2365700,0
1770302400000,32.60200,32.67400,32.42300,32.42300,150304.13,1770302699999,4896518.8380900,16160,55487.89,1807747.2105700,0
1770302700000,32.42400,32.52400,32.18000,32.27000,103974.24,1770302999999,3361872.7693800,19431,46960.03,1519363.5980000,0
1770303000000,32.26900,32.31100,31.94100,32.03500,119548.83,1770303299999,3837931.5746400,20253,48763.01,1566715.5204000,0
1770303300000,32.03700,32.09800,31.90100,31.96500,141126.88,1770303599999,4514827.2554600,20714,66089.35,2114969.5380700,0
1770303600000,31.96700,32.10800,31.86600,31.99600,212969.97,1770303899999,6810039.6378200,25968,95330.03,3049750.7430400,0
1770303900000,31.99300,32.02800,31.59400,31.77300,308069.92,1770304199999,9804061.9398600,29542,90880.66,2893448.4958800,0
1770304200000,31.77300,31.85800,31.47700,31.60600,239455.24,1770304499999,7569925.0432100,30493,118742.42,3755638.7232400,0
1770304500000,31.60700,32.34900,31.60700,32.19700,324181.57,1770304799999,10393998.5513300,34098,212544.03,6812725.1546800,0
1770304800000,32.19700,32.23700,31.75400,32.09500,329046.29,1770305099999,10518168.3765000,39847,155469.10,4971253.2487600,0
1770305100000,32.09500,32.35200,31.56900,31.58900,383898.43,1770305399999,12263143.3856600,33664,171363.97,5483931.4221500,0
1770305400000,31.58900,31.99400,31.37300,31.52100,418965.07,1770305699999,13287103.5884600,38083,167643.32,5317928.2957500,0
1770305700000,31.52300,32.09800,31.52000,32.07800,316167.66,1770305999999,10061974.3593300,33433,173404.81,5525804.6938300,0
1770306000000,32.07600,32.39500,32.02500,32.16600,178114.56,1770306299999,5736559.3012500,27110,104593.13,3369987.6765800,0
1770306300000,32.16400,32.20800,31.82100,32.00000,155178.31,1770306599999,4960917.7821400,22698,73282.30,2342973.7660200,0
1770306600000,31.99900,32.25900,31.91500,31.94200,176866.38,1770306899999,5673935.9779000,23995,92774.86,2977325.1592000,0
1770306900000,31.94000,32.02300,31.80500,31.85100,146325.53,1770307199999,4667882.2504000,21692,58643.44,1871296.1986900,0
1770307200000,31.85100,31.89400,31.31300,31.42900,256347.93,1770307499999,8103288.7679000,28231,94207.49,2978522.0449000,0
1770307500000,31.43000,31.53400,31.06600,31.07400,286650.57,1770307799999,8969550.4312600,30208,112948.63,3538911.3354500,0
1770307800000,31.07100,31.43000,31.05600,31.36600,203542.97,1770308099999,6362247.5079900,26575,91461.19,2858177.0309000,0
1770308100000,31.36700,31.59500,31.23000,31.28900,191160.74,1770308399999,6005056.1162800,27653,100156.57,3147910.2384500,0
1770308400000,31.28800,31.74700,31.20300,31.71100,146421.51,1770308699999,4602911.7273000,23705,88707.81,2790305.4693200,0
1770308700000,31.70800,32.10800,31.66700,32.08800,359336.31,1770308999999,11471787.1565700,37193,198245.86,6329460.0932900,0
1770309000000,32.08900,32.24200,31.88000,32.12300,166122.14,1770309299999,5328500.2530400,26461,78005.56,2502759.3565500,0
1770309300000,32.13100,32.20900,31.87100,31.92100,86511.14,1770309599999,2770354.2776200,18404,42008.26,1345128.6509100,0
1770309600000,31.91600,32.04400,31.75200,31.91700,89653.87,1770309899999,2857764.2928000,18702,42702.07,1361713.2462600,0
1770309900000,31.91700,32.03200,31.64900,32.03100,91303.66,1770310199999,2905600.5719000,17160,46135.11,1469052.3610100,0
1770310200000,32.03200,33.05700,32.03200,32.87400,444160.22,1770310499999,14487850.2530100,46815,277661.05,9053916.8011900,0
1770310500000,32.87300,33.08500,32.81300,32.87600,406216.89,1770310799999,13392215.9383200,36007,186356.94,6146277.4720900,0
1770310800000,32.87600,32.93400,32.60000,32.61000,178837.81,1770311099999,5852817.1515300,25214,70726.55,2315153.3933800,0
1770311100000,32.61100,32.99900,32.47600,32.54500,228969.25,1770311399999,7501810.3235700,30303,125885.99,4126249.0518500,0
1770311400000,32.54500,32.66700,32.34800,32.46600,186386.32,1770311699999,6062124.4324200,24721,86695.93,2819013.2320000,0
1770311700000,32.46600,32.65500,32.30000,32.32500,156592.57,1770311999999,5081499.1910500,21666,66993.11,2175258.5716000,0
1770312000000,32.32400,32.91800,32.08600,32.85700,289885.68,1770312299999,9423457.5567400,33872,158162.87,5146646.1615900,0
1770312300000,32.86000,33.00000,32.75500,32.92900,162578.28,1770312599999,5344304.0149200,24471,80267.18,2639489.4186200,0
1770312600000,32.92800,33.00800,32.33400,32.48700,267690.21,1770312899999,8738866.6217400,29498,101044.76,3297967.9687700,0
1770312900000,32.48500,32.72400,32.40200,32.68600,106256.11,1770313199999,3459953.5547600,21355,58107.72,1892610.7485500,0
1770313200000,32.68500,33.32300,32.65900,33.31000,229470.02,1770313499999,7596705.0861500,33985,131810.31,4363596.5827500,0
1770313500000,33.31000,33.39600,33.06600,33.27100,156354.16,1770313799999,5199580.7573600,24580,79281.00,2637030.2148600,0
1770313800000,33.26700,33.38000,33.01200,33.12000,165422.63,1770314099999,5490769.0658400,24532,88187.42,2926817.7533400,0
1770314100000,33.12100,33.32100,33.06500,33.22800,157370.24,1770314399999,5225411.5734600,23858,89858.27,2983920.8491400,0
1770314400000,33.22800,33.27500,32.97000,32.97000,158117.88,1770314699999,5235805.6238700,22219,74793.86,2476870.0412400,0
1770314700000,32.97100,33.09800,32.84600,33.03000,154973.06,1770314999999,5107159.6906100,17843,92772.05,3057362.7032000,0
1770315000000,33.03000,33.20800,32.99700,33.03400,86293.04,1770315299999,2855186.8903200,17327,46176.60,1527876.2282800,0
1770315300000,33.03300,33.06800,32.43900,32.52600,244269.76,1770315599999,7979404.1720300,27046,80397.25,2628565.6493900,0
1770315600000,32.52900,32.93300,32.36700,32.81000,177547.30,1770315899999,5783918.5955600,26281,103528.48,3374556.8718900,0
1770315900000,32.81500,32.91500,32.59500,32.87000,113462.66,1770316199999,3714799.8600300,19587,60327.05,1975978.3924600,0
1770316200000,32.87000,32.89000,32.47900,32.49300,103139.63,1770316499999,3368136.1714700,19427,46115.64,1506094.2589400,0
1770316500000,32.49400,32.56300,32.11600,32.15200,174448.65,1770316799999,5636613.3506900,22269,67124.25,2169548.8192000,0
1770316800000,32.15200,32.40700,32.10600,32.28300,125772.46,1770317099999,4056938.5129600,19000,71162.36,2295302.0997500,0
1770317100000,32.28400,32.49600,32.15000,32.19000,110132.13,1770317399999,3556418.9731000,17302,56982.78,1840233.2487600,0
1770317400000,32.18500,32.43200,32.09400,32.38100,99145.79,1770317699999,3196698.9217400,17253,50094.97,1615616.3367700,0
1770317700000,32.38400,32.90800,32.33300,32.83200,191325.85,1770317999999,6241282.7942100,23078,124995.71,4075840.7140900,0
1770318000000,32.82800,32.85800,32.55300,32.66600,105241.15,1770318299999,3440153.2056700,19554,54479.51,1780738.8928600,0
1770318300000,32.66800,32.92600,32.60700,32.83200,106226.85,1770318599999,3485692.8863100,19273,61795.99,2028077.7689000,0
1770318600000,32.83100,32.89900,32.64200,32.66600,80606.25,1770318899999,2640238.4684100,17092,36992.15,1212117.5929100,0
1770318900000,32.66500,33.00300,32.61100,32.95200,123219.22,1770319199999,4053808.0507700,18434,80967.36,2664219.7138000,0
1770319200000,32.95200,32.98000,32.62100,32.71300,87782.01,1770319499999,2880605.7497100,14834,32584.45,1069687.2964700,0
1770319500000,32.71400,32.80500,32.57400,32.80500,52773.47,1770319799999,1725219.0462300,12005,27389.63,895626.9184500,0
1770319800000,32.80400,32.92500,32.69100,32.91600,74739.24,1770320099999,2451867.8457300,14910,37975.18,1246114.3983100,0
1770320100000,32.91600,33.04000,32.66100,32.66800,79441.01,1770320399999,2612420.4758400,14472,35291.40,1161346.1564600,0
1770320400000,32.66900,32.69300,32.42500,32.47000,64836.08,1770320699999,2110088.7168800,12229,26956.49,877425.4546300,0
1770320700000,32.47000,32.62400,32.34100,32.44500,85259.69,1770320999999,2768045.1265300,13097,46768.66,1518314.6148900,0
1770321000000,32.44600,32.50400,32.25900,32.39100,80517.77,1770321299999,2606789.6258200,13903,38002.94,1230475.3476000,0
1770321300000,32.39200,32.54700,32.34800,32.52000,40653.26,1770321599999,1320484.9417300,9463,20913.97,679416.7105400,0
1770321600000,32.51800,32.77000,32.48800,32.64900,70557.44,1770321899999,2303681.6162900,14668,40517.49,1322912.6456200,0
1770321900000,32.65000,32.99000,32.54900,32.97900,95102.37,1770322199999,3116542.3374100,17171,50286.59,1647818.8653300,0
1770322200000,32.97900,32.99600,32.45800,32.48600,112913.03,1770322499999,3687985.6990000,16386,37871.57,1236417.1439300,0
1770322500000,32.48600,32.73400,32.34100,32.61900,143501.81,1770322799999,4667858.5953400,21836,76821.70,2499294.0796700,0
1770322800000,32.62000,32.73500,32.39200,32.43300,198988.27,1770323099999,6476690.2015900,25742,100754.42,3280108.8685600,0
1770323100000,32.43300,32.56200,31.97200,32.44800,379166.12,1770323399999,12252749.4118300,37006,180652.02,5838483.2805200,0
1770323400000,32.44700,32.53000,32.00000,32.24200,205883.88,1770323699999,6640279.7033300,29985,99740.41,3217532.0574700,0
1770323700000,32.24100,32.48300,31.91800,32.28600,212135.01,1770323999999,6839815.7551800,30737,110784.05,3573387.4854000,0
1770324000000,32.28700,32.58100,32.28300,32.42200,170106.71,1770324299999,5517805.2659200,24789,85054.15,2759512.1228500,0
1770324300000,32.42200,32.69300,32.24600,32.39800,137824.11,1770324599999,4471233.2665900,20416,63709.74,2066173.8738800,0
1770324600000,32.39900,32.47700,31.91900,31.95100,160131.81,1770324899999,5149994.1629700,23318,64262.84,2067589.6325400,0
1770324900000,31.94200,32.58300,31.88700,32.50000,224215.71,1770325199999,7227028.0755300,31256,132704.01,4277499.3342200,0
1770325200000,32.50100,33.56700,32.35300,33.41500,445394.43,1770325499999,14713634.3458000,50670,233103.85,7705036.9808300,0
1770325500000,33.41600,33.76400,33.07100,33.09000,273089.74,1770325799999,9121440.6121700,40081,132450.48,4428494.3136200,0
1770325800000,33.08900,33.19600,32.66500,32.68200,177439.72,1770326099999,5833495.8192400,27546,84382.49,2773135.5388200,0
1770326100000,32.68100,32.81300,32.20000,32.20200,208459.98,1770326399999,6787999.4601000,28594,93841.52,3057038.1812000,0
1770326400000,32.20000,32.89600,32.10700,32.85200,241067.08,1770326699999,7830145.0928100,34692,137906.81,4481428.8711600,0
1770326700000,32.85400,32.91900,32.42600,32.64200,162677.13,1770326999999,5306767.4329200,23061,78214.93,2550208.0577900,0
1770327000000,32.64600,33.08700,32.59100,32.73900,174212.41,1770327299999,5718868.1005400,26598,83615.75,2744242.2865700,0
1770327300000,32.74000,33.04800,32.62500,33.02600,95566.07,1770327599999,3136215.1928800,17927,55374.26,1816929.4837400,0
1770327600000,33.02500,33.05600,32.68000,32.74900,108707.82,1770327899999,3576073.4888400,18874,44006.14,1447462.2850000,0
1770327900000,32.74900,33.09200,32.74300,32.86500,109400.43,1770328199999,3602399.0860200,17973,61923.65,2038784.9250400,0
1770328200000,32.86400,32.97900,32.70900,32.95100,92312.58,1770328499999,3033283.2934900,16027,51560.75,1694743.6575900,0
1770328500000,32.95200,33.21700,32.78400,33.13300,112888.55,1770328799999,3728193.3015400,16322,58838.25,1944122.0063400,0
1770328800000,33.13200,33.17500,32.67600,32.89400,166888.85,1770329099999,5487496.5104100,20427,99867.17,3280826.1164800,0
1770329100000,32.89400,33.30200,32.79200,33.28100,121981.18,1770329399999,4030401.2915000,21588,60993.17,2015294.0802900,0
1770329400000,33.27900,33.62000,33.18300,33.60100,143282.92,1770329699999,4789087.4362500,16590,79671.14,2664559.7332600,0
1770329700000,33.60200,33.64700,32.97400,33.23100,209782.94,1770329999999,6978672.7142300,21869,107108.93,3562795.6852900,0
1770330000000,33.23400,33.28900,32.92700,33.08800,103507.69,1770330299999,3422620.6320800,13225,48332.99,1597981.0803400,0
1770330300000,33.08800,33.38400,32.89600,33.33000,99573.42,1770330599999,3299305.7290500,14026,53128.74,1760712.8324500,0
1770330600000,33.33000,33.52100,33.13400,33.19100,124741.02,1770330899999,4154634.3345000,14551,60819.98,2025590.1075300,0
1770330900000,33.19100,33.25200,33.06000,33.12800,52903.62,1770331199999,1752218.4564200,7227,24134.62,799367.5863800,0
1770331200000,33.12700,33.40700,33.10300,33.35500,69432.10,1770331499999,2311956.2510600,8773,33555.28,1116876.4621800,0
1770331500000,33.35500,33.52200,33.29600,33.52200,39598.10,1770331799999,1322940.2229100,6106,24097.63,805443.7392300,0
1770331800000,33.52300,33.94400,33.52200,33.81000,149272.56,1770332099999,5039281.0465400,17190,96460.48,3255918.9511700,0
1770332100000,33.81000,33.81000,33.52500,33.70400,80691.19,1770332399999,2717507.4045900,12298,31698.15,1068036.2411800,0
1770332400000,33.70300,34.44000,33.49800,34.34900,241030.17,1770332699999,8211350.9660500,27405,160824.81,5483554.4114300,0
1770332700000,34.35000,34.53300,34.06500,34.37800,219437.65,1770332999999,7526756.7440100,31941,117611.53,4035080.4019700,0
1770333000000,34.37800,34.47800,34.11600,34.20500,122933.64,1770333299999,4214588.4551600,20694,55153.96,1891156.7285800,0
1770333300000,34.20400,34.28800,33.91800,33.92300,116491.00,1770333599999,3972725.2067600,15888,53286.83,1819183.2823400,0
1770333600000,33.92200,33.92500,33.63900,33.67800,131828.11,1770333899999,4450891.4289400,19180,59155.98,1997462.2755000,0
1770333900000,33.67800,33.86600,33.67300,33.84700,88608.78,1770334199999,2994980.1708600,11880,55908.97,1889998.9572700,0
1770334200000,33.84600,34.06000,33.33600,33.35700,150205.41,1770334499999,5062967.6189200,20110,68586.40,2317405.0178300,0
1770334500000,33.35800,33.44200,33.11800,33.26400,147047.45,1770334799999,4891152.3268300,21910,73077.25,2431376.6320300,0
1770334800000,33.26500,33.45000,33.09900,33.29700,118507.26,1770335099999,3942905.5526900,17723,54624.31,1818157.9694300,0
1770335100000,33.29700,33.52300,33.23400,33.42200,104409.85,1770335399999,3485557.1643400,15565,65617.27,2190906.2769900,0
1770335400000,33.42200,33.42300,32.81400,32.97400,220230.19,1770335699999,7269798.3934200,24525,76066.31,2510461.6801700,0
1770335700000,32.97200,33.11400,32.91000,33.08700,82371.27,1770335999999,2719790.6334400,12826,46555.43,1537410.6870900,0
1770336000000,33.08800,33.19500,32.91900,33.01400,198593.32,1770336299999,6566692.2991900,25639,92352.10,3055656.7287500,0
1770336300000,33.01100,33.23800,32.78600,33.16300,249088.32,1770336599999,8227272.0870200,29000,135382.01,4476168.8153000,0
1770336600000,33.16200,33.20900,32.16000,32.40900,451956.82,1770336899999,14761718.7210200,38484,168345.52,5505962.8451900,0
1770336900000,32.42600,32.55300,31.60800,31.62400,622967.24,1770337199999,20046894.1087000,45372,253901.74,8187339.1390300,0
1770337200000,31.62600,32.10600,31.37300,31.85400,617743.91,1770337499999,19628994.9637900,49327,295890.42,9408713.6690300,0
1770337500000,31.85500,32.92900,31.80100,32.74500,449179.59,1770337799999,14591220.4220100,44926,254366.59,8259662.5152300,0
1770337800000,32.73400,33.19900,32.45300,33.11300,429060.69,1770338099999,14102420.4156900,41972,224998.35,7399317.4284300,0
1770338100000,33.11000,33.52100,33.00400,33.27300,296656.56,1770338399999,9869655.8966500,39665,149524.44,4975991.0501400,0
1770338400000,33.27000,33.28300,32.86600,33.23500,248886.04,1770338699999,8227076.0678500,28129,112307.05,3713087.9190200,0
1770338700000,33.23700,33.54900,33.12400,33.34300,192344.94,1770338999999,6418844.9242300,26518,93403.36,3117121.5369300,0
1770339000000,33.34200,33.69400,33.30100,33.66600,152412.47,1770339299999,5101520.1019400,23488,76537.81,2562965.0802400,0
1770339300000,33.66800,33.67700,33.14100,33.22000,150538.71,1770339599999,5019513.9594700,21204,64066.74,2136600.7311500,0
1770339600000,33.21900,33.53200,33.16800,33.51100,170970.52,1770339899999,5700493.3454800,25586,96550.87,3220484.7082500,0
1770339900000,33.50400,34.22600,33.48300,34.18200,348660.35,1770340199999,11796837.6576200,37252,218012.12,7374711.7960100,0
1770340200000,34.18200,34.26800,33.85400,34.08300,253286.83,1770340499999,8634014.0557800,32671,112179.88,3826016.4994000,0
1770340500000,34.08200,34.09600,33.69300,33.78400,182290.01,1770340799999,6170275.4500700,25180,71625.13,2425506.5681000,0
1770340800000,33.78300,34.07100,33.70400,33.94700,119723.67,1770341099999,4059270.7420400,21185,65692.67,2227706.1163700,0
1770341100000,33.94600,34.05300,33.79700,33.95700,107199.81,1770341399999,3638775.2203900,19795,54231.05,1841255.0808300,0
1770341400000,33.96000,34.65000,33.90900,34.64800,274229.22,1770341699999,9397743.6651600,34884,160449.33,5502477.0560200,0
1770341700000,34.64800,35.17500,34.60100,35.16700,346168.28,1770341999999,12064679.2722100,43188,201642.38,7030363.5009800,0
1770342000000,35.16800,35.81900,35.03700,35.70300,453726.15,1770342299999,16103444.4044700,50297,253506.50,8994605.0719900,0
1770342300000,35.70300,36.20300,35.49000,36.17200,492190.47,1770342599999,17671301.0658900,50521,293654.30,10545691.5831600,0
1770342600000,36.17300,36.69200,35.95300,36.57900,386102.80,1770342899999,14043011.1700700,48153,201427.08,7328449.7796500,0
1770342900000,36.57800,36.79200,36.24200,36.32700,466217.65,1770343199999,17001807.9622200,49090,233622.10,8516790.3717100,0
1770343200000,36.32700,36.82600,36.12300,36.54100,375579.58,1770343499999,13701481.7992000,49178,190689.62,6964604.2272400,0
1770343500000,36.54000,36.61500,36.05000,36.05500,316185.19,1770343799999,11463230.8029300,36481,113787.26,4127527.8763900,0
1770343800000,36.05300,36.09500,35.57700,35.80600,394875.31,1770344099999,14141521.0034300,43268,159172.26,5698578.8862100,0
1770344100000,35.80700,35.86300,35.41100,35.49300,199220.95,1770344399999,7106737.6472700,29834,85437.95,3049809.4395400,0
1770344400000,35.49400,35.56700,35.16400,35.48100,381356.45,1770344699999,13472794.4070900,34560,168830.69,5966383.2486900,0
1770344700000,35.48000,35.56900,35.23200,35.46400,210017.54,1770344999999,7446863.5653800,20406,122979.14,4360716.9441600,0
1770345000000,35.46400,35.62500,35.11300,35.55200,229870.14,1770345299999,8120585.6950100,26143,122065.34,4312577.0310600,0
1770345300000,35.55200,35.59000,35.25000,35.53900,125312.20,1770345599999,4443024.1818900,18795,69819.94,2476454.7671700,0
1770345600000,35.53900,35.74400,35.37200,35.40300,138964.85,1770345899999,4944903.5569100,20667,72564.66,2582996.6751600,0
1770345900000,35.40300,35.47900,34.97900,35.34300,162842.50,1770346199999,5730780.1432500,23491,72092.78,2538433.2470300,0
1770346200000,35.34600,35.48100,35.10900,35.11400,134158.54,1770346499999,4732565.2142200,19371,71663.69,2528975.7119600,0
1770346500000,35.11400,35.18400,34.94200,35.14600,117259.20,1770346799999,4109132.7154200,16625,54138.33,1897611.6877200,0
1770346800000,35.14600,35.43300,35.04000,35.28600,139201.41,1770347099999,4904892.1737800,21969,79099.45,2788348.3198800,0
1770347100000,35.28300,35.42000,35.14100,35.22300,121361.70,1770347399999,4278650.0706900,18832,73630.65,2595906.4711600,0
1770347400000,35.22300,35.23300,34.93800,34.95800,79546.47,1770347699999,2793430.2590200,15230,38387.47,1348664.4923300,0
1770347700000,34.96300,35.05000,34.80000,34.96100,174208.13,1770347999999,6077730.3324600,18532,62152.96,2170986.9424000,0
1770348000000,34.96200,35.10900,34.65300,34.72000,151723.45,1770348299999,5287051.7490200,19230,62069.55,2165746.4336400,0
1770348300000,34.72000,35.14000,34.71300,35.06600,121137.30,1770348599999,4232749.0378100,17312,71777.10,2508874.9664900,0
1770348600000,35.06500,35.23300,34.94900,34.96400,139173.86,1770348899999,4882196.3393800,18838,56950.60,1998361.5386200,0
1770348900000,34.96300,35.05900,34.85200,34.96200,79040.36,1770349199999,2764083.9339300,12380,36646.27,1281315.3730800,0
1770349200000,34.96300,35.00100,34.75500,34.78900,47992.46,1770349499999,1671860.2552000,9399,20116.81,700853.1514200,0
1770349500000,34.79000,34.97900,34.59700,34.80000,167483.91,1770349799999,5820775.9836700,17413,76452.11,2658738.9547900,0
1770349800000,34.80000,35.06400,34.62400,34.70700,149866.92,1770350099999,5217210.2238300,17936,75240.10,2621734.6297000,0
1770350100000,34.70400,34.93500,34.68800,34.75600,78326.42,1770350399999,2727566.8496600,12424,36517.73,1271723.6252900,0
1770350400000,34.75600,34.77800,34.50000,34.58400,169782.57,1770350699999,5876404.6994000,18199,89793.44,3109658.5908700,0
1770350700000,34.58400,34.72900,34.46800,34.69300,118430.61,1770350999999,4099363.7425000,14307,60946.49,2111548.5382800,0
1770351000000,34.69200,34.94300,34.64600,34.92800,124155.28,1770351299999,4321951.5426100,14692,88963.71,3097357.4792600,0
1770351300000,34.92700,35.08700,34.81900,35.04900,104820.79,1770351599999,3666438.7698800,13285,66303.17,2319530.0162200,0
1770351600000,35.04800,35.24700,34.97800,35.23800,154318.74,1770351899999,5419989.6539200,15965,83789.75,2942550.4121100,0
1770351900000,35.23700,35.32400,35.07200,35.12500,100338.83,1770352199999,3533954.3612800,14106,50350.31,1774176.0480300,0
1770352200000,35.12400,35.33700,35.01800,35.29300,77939.77,1770352499999,2739207.2392100,13831,41452.36,1457200.6369200,0
1770352500000,35.29200,35.29200,34.82700,34.90700,82936.18,1770352799999,2903822.1892300,15590,37651.26,1318208.4205300,0
1770352800000,34.90800,35.08000,34.79100,35.07400,66685.68,1770353099999,2329471.4168800,12461,38392.95,1341589.6360200,0
1770353100000,35.07400,35.12500,34.82300,34.82300,72317.17,1770353399999,2527672.1585000,13398,31049.13,1085549.3490500,0
1770353400000,34.82200,34.93500,34.71800,34.88400,78179.56,1770353699999,2723484.3587700,13269,38532.50,1342317.5209100,0
1770353700000,34.88300,34.92500,34.62600,34.78700,70098.34,1770353999999,2435366.4023500,11833,31845.47,1106366.7207200,0
1770354000000,34.78600,35.07600,34.68700,35.06700,82460.15,1770354299999,2875806.6122400,15806,48154.00,1679828.4014700,0
1770354300000,35.06200,35.16300,34.86100,34.92400,106671.96,1770354599999,3735808.8672800,16225,51547.63,1805408.9803000,0
1770354600000,34.92500,35.18300,34.80600,35.16400,92174.34,1770354899999,3226123.3380100,15792,54834.67,1919277.6015800,0
1770354900000,35.16300,35.24100,34.91800,34.99900,84542.93,1770355199999,2962764.3938200,13018,39189.69,1373766.9930300,0
1770355200000,34.99800,35.02700,34.52300,34.58800,154939.01,1770355499999,5379508.5802900,19118,56849.98,1974150.8746800,0
1770355500000,34.58900,34.64800,34.21200,34.24300,222132.18,1770355799999,7632958.3648400,20181,68935.55,2370440.7156400,0
1770355800000,34.24500,34.49600,34.15100,34.43000,180851.97,1770356099999,6203400.7184700,18098,84444.63,2898643.7798300,0
1770356100000,34.43100,34.56100,34.33200,34.39500,135156.54,1770356399999,4654944.2229500,16060,65188.46,2245362.7593300,0
1770356400000,34.39400,34.57700,34.31300,34.57500,85766.34,1770356699999,2954754.4203100,13003,42689.74,1471136.6104500,0
1770356700000,34.57000,34.72200,34.45500,34.70900,161276.67,1770356999999,5582494.1357200,15447,102969.92,3565472.3783600,0
1770357000000,34.70700,35.19700,34.62600,35.18500,183234.02,1770357299999,6390338.2954600,25829,106863.86,3728119.6767800,0
1770357300000,35.18900,35.32100,34.84900,35.10200,240851.40,1770357599999,8461779.8823000,27085,128790.53,4526648.5339300,0
1770357600000,35.10200,35.57200,35.04600,35.45800,188629.83,1770357899999,6671636.3665300,24585,117889.32,4169350.0003600,0
1770357900000,35.45800,35.50000,35.25400,35.41200,106311.32,1770358199999,3760987.9430400,15455,59940.87,2120583.0113600,0
1770358200000,35.41100,35.42000,35.13000,35.29000,129429.26,1770358499999,4564788.1680400,15740,49569.50,1748272.0158700,0
1770358500000,35.29100,35.34900,34.97000,35.03600,118088.78,1770358799999,4148837.5024100,15736,48005.37,1685689.5877900,0
1770358800000,35.03700,35.18800,34.93500,35.08000,106219.88,1770359099999,3722074.3313500,13901,39924.87,1399840.7654600,0
1770359100000,35.08000,35.08700,34.77000,34.81600,90800.85,1770359399999,3171316.0827800,14732,46189.64,1613632.8199500,0
1770359400000,34.81400,34.82000,34.24800,34.39600,343591.20,1770359699999,11852152.3271800,26685,132398.02,4562932.1274200,0
1770359700000,34.39700,34.53200,34.24900,34.32200,121997.41,1770359999999,4194534.5644500,15670,75897.58,2610345.9576400,0
1770360000000,34.32100,34.39800,34.11700,34.15000,160070.81,1770360299999,5482168.3337600,19239,91690.33,3141492.8642700,0
1770360300000,34.15100,34.28300,33.98100,34.00300,126216.09,1770360599999,4304087.6319900,18367,57492.95,1961430.6586700,0
1770360600000,34.00300,34.18900,33.86900,33.90900,129461.20,1770360899999,4402815.8619000,17157,54421.93,1851596.6014200,0
1770360900000,33.90700,33.92000,33.45100,33.66700,265820.90,1770361199999,8955587.2704900,25445,96131.76,3240533.6191800,0
1770361200000,33.66600,33.82000,33.45600,33.77900,185462.81,1770361499999,6244114.3778000,26278,101684.60,3425278.2345100,0
1770361500000,33.78400,33.90400,33.52200,33.61600,116656.96,1770361799999,3933885.8634600,16373,61933.90,2089193.9102100,0
1770361800000,33.61900,33.79700,33.56000,33.79700,63743.68,1770362099999,2145221.3003000,9100,40537.15,1364222.4040100,0
1770362100000,33.79700,33.96800,33.68600,33.77200,116342.78,1770362399999,3934976.8331500,14943,71338.97,2413119.0334700,0
1770362400000,33.77200,33.85400,33.36000,33.55400,145163.13,1770362699999,4875272.8021200,18354,62537.26,2102519.0114200,0
1770362700000,33.55300,33.62700,33.31500,33.43100,94643.44,1770362999999,3165735.2904100,14539,46400.88,1552881.7355500,0
1770363000000,33.43100,33.56000,33.37100,33.53800,77202.84,1770363299999,2585698.1208800,12352,42834.35,1434776.8681300,0
1770363300000,33.53900,33.64500,33.44600,33.63300,62499.30,1770363599999,2098163.2080000,11004,32581.89,1093950.0016100,0
1770363600000,33.63200,33.72800,33.42400,33.47100,73908.99,1770363899999,2480418.6050400,11707,34414.73,1155363.1344400,0
1770363900000,33.47100,33.58900,33.32300,33.32700,62378.68,1770364199999,2089866.7903900,9440,21458.29,719326.0234700,0
1770364200000,33.32800,33.41800,33.00700,33.13000,173397.80,1770364499999,5759823.3102100,18187,49713.09,1653154.0919800,0
1770364500000,33.13000,33.16300,32.86800,32.91600,200118.74,1770364799999,6608483.9296100,19904,71708.93,2368918.2252900,0
1770364800000,32.91500,33.02200,32.70800,32.74000,216050.05,1770365099999,7095313.5810300,26123,93697.29,3077598.3446500,0
1770365100000,32.74000,33.01900,32.58100,33.01300,206823.54,1770365399999,6781911.0623400,22485,95870.74,3146082.7548500,0
1770365400000,33.01200,33.14300,32.93100,33.11800,143151.88,1770365699999,4734330.8156800,18163,87117.12,2881792.2153600,0
1770365700000,33.11700,33.12100,32.69200,32.79800,112535.43,1770365999999,3697857.4003700,16831,50678.40,1664725.4283500,0
1770366000000,32.79800,33.00000,32.79800,32.88500,62352.21,1770366299999,2052079.9309200,11703,34821.06,1145894.5903300,0
1770366300000,32.88200,33.04500,32.69200,32.71400,111564.78,1770366599999,3670810.5245600,16582,56387.30,1855578.0698300,0
1770366600000,32.71700,32.72200,32.41900,32.57600,146052.50,1770366899999,4754595.2300100,19573,57637.74,1876300.3944000,0
1770366900000,32.57100,32.68500,32.52200,32.57300,88088.23,1770367199999,2872804.2404300,12512,47137.40,1537747.4626600,0
1770367200000,32.57400,32.68300,32.36800,32.62900,99001.78,1770367499999,3218119.8374500,14252,44667.35,1453470.8840500,0
1770367500000,32.62900,32.79400,32.59400,32.75800,116957.45,1770367799999,3820923.2566200,16199,57103.15,1865971.2075800,0
1770367800000,32.75700,32.77600,32.47400,32.53400,68799.05,1770368099999,2243620.3512600,11211,37207.34,1213371.8638800,0
1770368100000,32.53800,32.80800,32.42300,32.47800,195062.68,1770368399999,6357738.5882200,17364,125422.33,4088715.0574300,0
1770368400000,32.47800,32.60000,32.20000,32.22800,198607.10,1770368699999,6426064.6541700,23476,54610.46,1768861.0103100,0
1770368700000,32.22800,32.47900,32.20500,32.32800,118970.49,1770368999999,3846622.1399600,14346,42280.39,1367472.1928700,0
1770369000000,32.32800,32.63900,32.28500,32.57700,88939.04,1770369299999,2891280.8228400,10547,58772.94,1911288.2624500,0
1770369300000,32.57600,32.92700,32.45500,32.88300,114323.69,1770369599999,3742842.2288400,16310,79862.76,2615664.4928100,0
1770369600000,32.88300,33.04700,32.80100,32.96400,208257.52,1770369899999,6859550.0849300,20120,133168.60,4387249.6178500,0
1770369900000,32.96300,33.14900,32.84700,33.13000,124760.11,1770370199999,4118460.0413700,13477,71381.90,2357100.2491000,0
1770370200000,33.12900,33.24100,33.03300,33.22400,107688.88,1770370499999,3570599.6496300,13865,56399.10,1870037.1002500,0
1770370500000,33.22300,33.37600,33.07800,33.10400,129744.75,1770370799999,4313345.7998600,17267,75974.17,2526388.1648200,0
1770370800000,33.10400,33.17400,32.92900,33.14100,128044.34,1770371099999,4229984.8345700,15530,60314.56,1992639.4860400,0
1770371100000,33.14100,33.36000,33.08200,33.36000,88181.48,1770371399999,2927790.9486200,13922,51758.92,1719086.0161000,0
1770371400000,33.36000,33.39900,33.17000,33.20000,76605.63,1770371699999,2551545.1313600,11036,34809.18,1159817.4811900,0
1770371700000,33.20000,33.29300,33.04200,33.04900,108386.71,1770371999999,3596035.6078600,11789,34224.22,1135520.5813600,0
1770372000000,33.05000,33.11500,32.90000,33.10800,107323.46,1770372299999,3542257.1318800,14124,50906.57,1680531.2653500,0
1770372300000,33.10800,33.35800,33.10800,33.34700,68970.93,1770372599999,2291461.3796200,11181,40258.77,1337379.6995900,0
1770372600000,33.34700,33.35700,32.96300,33.12700,75232.99,1770372899999,2493533.4006200,11342,35002.53,1160171.6211300,0
1770372900000,33.12700,33.41600,33.09700,33.41400,61761.38,1770373199999,2055194.0714900,11506,41029.04,1365857.3565400,0
1770373200000,33.41500,33.53800,33.20600,33.24700,134208.36,1770373499999,4476586.2625100,14797,75125.85,2506772.0266500,0
1770373500000,33.24700,33.50000,33.21400,33.40600,70111.90,1770373799999,2339737.5257600,9195,38998.02,1301593.5414400,0
1770373800000,33.40500,33.60300,33.37600,33.56300,88615.39,1770374099999,2970232.6570100,11677,54096.00,1813067.4717100,0
1770374100000,33.56300,33.64800,33.45600,33.55900,90807.27,1770374399999,3047752.5878000,12909,45317.74,1521144.5613200,0
1770374400000,33.55900,33.65500,33.51800,33.58900,51620.20,1770374699999,1733426.4341800,8939,28261.15,949027.5100500,0
1770374700000,33.58900,33.63500,33.51300,33.58400,50122.16,1770374999999,1682237.6163100,8920,24215.25,812857.6453600,0
1770375000000,33.58500,33.79900,33.52200,33.78000,83629.48,1770375299999,2816354.2855100,10689,55003.92,1852882.5932500,0
1770375300000,33.77900,33.82700,33.67100,33.76100,64353.88,1770375599999,2172065.6000200,8177,32642.24,1102175.6098300,0
1770375600000,33.76100,33.77000,33.45000,33.76600,160036.73,1770375899999,5381855.8375300,19466,81377.99,2737341.0229700,0
1770375900000,33.76800,33.85100,33.66800,33.68600,61089.49,1770376199999,2063629.0681500,9512,28355.98,958037.4900800,0
1770376200000,33.68600,33.93800,33.68000,33.88200,58083.51,1770376499999,1965210.9698900,8972,39286.36,1329528.0066300,0
1770376500000,33.88100,33.98600,33.68700,33.78100,67207.74,1770376799999,2272081.9040800,10326,35941.88,1215042.6727200,0
1770376800000,33.77900,34.15500,33.76000,34.04700,82221.90,1770377099999,2792983.1807200,10832,53396.77,1814636.3561900,0
1770377100000,34.04600,34.08600,33.91100,34.02300,68166.18,1770377399999,2317970.8210600,9248,33615.22,1143223.7025600,0
1770377400000,34.02300,34.38600,33.93900,34.26900,156344.36,1770377699999,5346511.8514900,16352,109359.61,3739969.5377200,0
1770377700000,34.26900,34.38600,34.12400,34.20200,78960.06,1770377999999,2705225.5902200,11978,42157.84,1445162.6134700,0
1770378000000,34.20100,34.21700,34.07300,34.17000,41271.70,1770378299999,1409295.0195800,8433,20108.25,686699.2934200,0
1770378300000,34.16900,34.18300,33.96100,34.03300,65541.86,1770378599999,2232199.4916500,10545,33857.90,1153331.0752900,0
1770378600000,34.03400,34.34400,34.03400,34.09900,61601.60,1770378899999,2108009.6989000,10347,34496.54,1180798.6623200,0
1770378900000,34.09800,34.11100,33.80900,33.90300,90237.06,1770379199999,3064530.9952600,12785,39837.91,1353395.0989500,0
1770379200000,33.90300,33.91500,33.60000,33.74200,127720.47,1770379499999,4309529.7178800,16566,46353.82,1564832.6767700,0
1770379500000,33.74300,33.87500,33.68200,33.74500,54723.02,1770379799999,1847574.2139100,9824,25248.73,852629.9928200,0
1770379800000,33.74400,33.93100,33.64600,33.88600,56279.28,1770380099999,1899992.1268000,9255,31387.22,1059955.3258900,0
1770380100000,33.88600,34.06500,33.78000,34.06400,74943.11,1770380399999,2540730.9652100,12201,46043.27,1561644.0329200,0
1770380400000,34.06400,34.39900,34.04700,34.31800,94583.48,1770380699999,3237087.1140800,13820,48651.07,1665044.0597900,0
1770380700000,34.31800,34.44800,34.29000,34.37000,78649.53,1770380999999,2703163.6806900,13016,38884.65,1336780.7411300,0
1770381000000,34.37000,34.37100,34.17300,34.31800,92468.69,1770381299999,3168917.8973000,13249,42495.33,1456658.1639200,0
1770381300000,34.31900,34.36800,34.14200,34.16100,53412.89,1770381599999,1829473.1308100,10150,24814.72,850219.5859200,0
1770381600000,34.16300,34.50000,34.15300,34.31900,71167.43,1770381899999,2446998.0244600,10799,39931.19,1373203.4841600,0
1770381900000,34.31800,34.55400,34.22800,34.44900,54515.71,1770382199999,1874510.4433100,10124,34509.36,1186841.6858300,0
1770382200000,34.44900,34.54400,34.27200,34.29000,52914.12,1770382499999,1820757.2588800,10307,25815.26,888709.7776100,0
1770382500000,34.29300,34.45700,34.27500,34.38100,71406.17,1770382799999,2451790.6148500,8759,48101.06,1651610.0848700,0
1770382800000,34.38000,34.72700,34.37600,34.63900,118293.13,1770383099999,4083279.2135700,23123,66037.69,2280523.8116600,0
1770383100000,34.63700,34.82500,34.45200,34.68100,126772.56,1770383399999,4392137.0375500,15794,59989.92,2078193.0311700,0
1770383400000,34.67900,34.78900,34.52800,34.61000,79200.35,1770383699999,2742586.8712900,14395,34077.42,1180267.7882700,0
1770383700000,34.60900,34.75800,34.31200,34.73800,148475.40,1770383999999,5125643.5672200,20367,78406.75,2708452.3540900,0
1770384000000,34.73900,34.96700,34.71800,34.82500,140470.87,1770384299999,4897730.4849500,19227,76891.52,2681466.1239900,0
1770384300000,34.82500,34.86100,34.41700,34.50700,94837.27,1770384599999,3278013.3609200,14578,34773.69,1201765.9432600,0
1770384600000,34.50700,34.58500,34.24100,34.40500,139642.82,1770384899999,4803879.2057500,14079,69123.85,2378426.5368300,0
1770384900000,34.40300,34.42400,34.03500,34.25200,153557.90,1770385199999,5250527.0897100,18034,63913.89,2186573.3297800,0
1770385200000,34.25300,34.26800,33.93000,33.96200,121111.69,1770385499999,4128788.7799300,16209,52665.80,1795600.9870600,0
1770385500000,33.96200,34.00700,33.86800,34.00600,137190.47,1770385799999,4655936.2853800,13862,84230.46,2859220.6416900,0
1770385800000,34.00700,34.04600,33.74800,34.02400,126469.27,1770386099999,4291047.9823000,17000,68188.12,2314297.8549400,0
1770386100000,34.02400,34.17700,33.69000,33.72800,171247.06,1770386399999,5807897.3867300,17091,86559.60,2939973.1313400,0
1770386400000,33.72800,33.90000,33.42000,33.46100,181787.77,1770386699999,6110972.1694000,20903,73754.46,2481061.1330800,0
1770386700000,33.46100,33.60900,33.32100,33.59200,151226.08,1770386999999,5061272.9309000,17534,81877.34,2741995.7212100,0
1770387000000,33.59300,33.62400,33.42800,33.46500,72572.77,1770387299999,2434319.9549000,11167,33864.01,1136333.7649400,0
1770387300000,33.46700,33.58000,33.25100,33.26000,138946.81,1770387599999,4634033.6301600,16384,61388.52,2047298.7789900,0
1770387600000,33.26100,33.26400,32.96100,33.04100,238127.77,1770387899999,7885737.1407400,19894,87829.61,2909195.4861100,0
1770387900000,33.04200,33.35600,33.02400,33.31500,142225.02,1770388199999,4727282.8924800,16788,84119.13,2795882.0422000,0
1770388200000,33.31000,33.99400,33.24800,33.74600,260087.09,1770388499999,8744996.6940400,34664,136213.20,4579835.3218700,0
1770388500000,33.74600,33.92500,33.62100,33.64300,202235.87,1770388799999,6828968.0512800,23554,105056.27,3548194.7974400,0
1770388800000,33.64400,33.76700,33.41800,33.76500,155067.61,1770389099999,5206429.5750800,16152,69427.66,2332234.8765900,0
1770389100000,33.76500,34.16100,33.73200,33.81100,290147.96,1770389399999,9855108.4334000,24198,174731.60,5937091.3984100,0
1770389400000,33.81100,33.89700,33.46500,33.48600,156732.64,1770389699999,5279629.2666800,16449,73065.17,2460425.3369600,0
1770389700000,33.49100,33.56600,33.27100,33.53700,132555.44,1770389999999,4428540.8973000,15491,63561.75,2124551.6834000,0
1770390000000,33.53900,33.89100,33.38100,33.76500,195726.00,1770390299999,6584451.4896900,23217,112596.90,3790542.1504600,0
1770390300000,33.76500,33.85100,33.40500,33.41700,147978.25,1770390599999,4969907.5611900,23317,73095.09,2455482.2314400,0
1770390600000,33.41600,33.55100,33.11000,33.15300,190389.86,1770390899999,6348491.7448700,23122,106847.03,3566431.6437500,0
1770390900000,33.15300,33.25900,32.88900,33.09700,292654.40,1770391199999,9675031.6314600,28078,132442.63,4380137.8849400,0
1770391200000,33.09800,33.30200,32.67200,32.91600,290482.09,1770391499999,9573717.5630000,30112,129358.16,4271591.6940000,0
1770391500000,32.91800,32.99700,32.70000,32.76600,195502.13,1770391799999,6422957.4217900,22034,106583.58,3503370.4609000,0
1770391800000,32.76600,32.90200,32.66800,32.82800,191117.43,1770392099999,6271026.5849100,21230,100971.50,3314555.5729900,0
1770392100000,32.83000,32.96200,32.67200,32.89500,180982.93,1770392399999,5934201.4012100,15687,76752.29,2517757.8125800,0
1770392400000,32.90000,32.95200,32.64200,32.84300,238463.93,1770392699999,7823745.4441100,19377,126492.85,4151274.8113900,0
1770392700000,32.84200,32.97000,32.75900,32.77100,182315.66,1770392999999,5987057.8263100,13967,73139.84,2402768.6396000,0
1770393000000,32.77400,32.77400,32.38600,32.50500,205650.01,1770393299999,6689423.0625900,15943,75508.28,2455982.6351100,0
1770393300000,32.50500,32.64200,32.30100,32.44900,142080.50,1770393599999,4613049.4632200,12185,66898.32,2173898.5391600,0
1770393600000,32.45000,32.53200,32.23100,32.53000,143647.32,1770393899999,4655625.9621600,16518,67334.04,2183223.3987400,0
1770393900000,32.53000,32.98300,32.48500,32.96500,254082.52,1770394199999,8314848.4020900,23128,131444.62,4301621.1970300,0
1770394200000,32.96400,33.19000,32.93700,33.15600,267199.15,1770394499999,8834673.1869500,21234,179015.48,5919653.5340400,0
1770394500000,33.15400,33.36400,33.02500,33.35500,161648.25,1770394799999,5365745.6127100,19599,92640.20,3076527.4176400,0
1770394800000,33.35400,33.37000,32.97900,33.16600,241625.80,1770395099999,8014312.0845900,22289,101901.79,3381972.0719600,0
1770395100000,33.16500,33.54800,32.98900,33.38200,305598.06,1770395399999,10187318.2094000,29203,181617.88,6052814.8660400,0
1770395400000,33.38100,33.45100,33.11100,33.35500,195937.34,1770395699999,6514657.9229400,23714,94918.17,3155086.4070700,0
1770395700000,33.35400,33.57600,33.27800,33.44500,171127.21,1770395999999,5722284.7375800,20311,84152.04,2815092.8637400,0
1770396000000,33.44500,33.55900,33.32200,33.46000,96059.10,1770396299999,3214135.8936600,15990,48608.95,1626616.8211100,0
1770396300000,33.46000,33.85700,33.41500,33.76900,226133.19,1770396599999,7612255.2053800,26705,127920.24,4306231.2217100,0
1770396600000,33.76800,34.09600,33.63900,33.97000,187740.38,1770396899999,6360525.5670400,23917,106567.60,3612736.1841400,0
1770396900000,33.97000,34.20800,33.85200,34.18700,195511.03,1770397199999,6650609.9345800,20590,109969.83,3742945.2508000,0
1770397200000,34.18600,34.43300,34.03600,34.40600,176110.12,1770397499999,6023113.3958200,23432,101677.97,3478952.5049700,0
1770397500000,34.40900,34.48800,34.30800,34.47300,141506.51,1770397799999,4868439.6050800,18417,82885.39,2852107.6000500,0
1770397800000,34.47200,34.53700,33.81600,34.05100,247887.19,1770398099999,8451307.4861500,30033,108872.33,3711843.7897300,0
1770398100000,34.05200,34.22000,33.90100,34.13600,146171.92,1770398399999,4982816.0971900,19813,73315.95,2500196.1570300,0
1770398400000,34.13600,34.17800,33.93100,34.04400,126338.96,1770398699999,4304114.0291200,17254,55017.90,1873939.2607100,0
1770398700000,34.04600,34.17200,33.88700,34.15100,90143.75,1770398999999,3068856.3738100,15855,49822.44,1696363.8841700,0
1770399000000,34.15200,34.16800,33.80000,33.80000,154488.09,1770399299999,5250057.4339600,21052,63111.89,2145505.3184900,0
1770399300000,33.80000,33.80000,33.36900,33.51200,209959.61,1770399599999,7043604.8609400,23708,85096.92,2853827.9366200,0
1770399600000,33.51300,33.63300,33.30400,33.38500,121967.93,1770399899999,4080312.3811600,18095,50387.09,1686360.5587100,0
1770399900000,33.38700,33.53000,33.10000,33.19100,128204.76,1770400199999,4268602.8302500,18407,61125.29,2034834.6999100,0
1770400200000,33.19000,33.31700,32.97500,33.29400,168088.74,1770400499999,5574936.7733100,20329,100976.06,3350021.7011900,0
1770400500000,33.29900,33.54500,33.23600,33.32000,101085.63,1770400799999,3375451.5041600,15800,52941.25,1768359.4640500,0
1770400800000,33.32000,33.35700,33.14300,33.29000,83965.65,1770401099999,2790859.3323100,16324,37271.60,1238865.3510200,0
1770401100000,33.28900,33.31100,32.98700,33.02100,141580.99,1770401399999,4687630.1344100,20176,71496.71,2367181.1996800,0
1770401400000,33.02200,33.26800,33.02200,33.25000,86291.98,1770401699999,2863990.4738800,14638,42521.92,1411155.7030800,0
1770401700000,33.25100,33.25800,32.86800,32.96000,87844.59,1770401999999,2903671.5128700,15850,34127.26,1128831.8591500,0
1770402000000,32.96000,33.01800,32.66800,32.78400,154329.51,1770402299999,5062177.9603100,20905,62302.57,2044090.8481900,0
1770402300000,32.78600,33.01700,32.73400,32.96900,94459.21,1770402599999,3106706.7013800,15190,51218.44,1684857.2645600,0
1770402600000,32.96800,33.16800,32.79300,33.15300,115442.96,1770402899999,3809214.7709800,16384,59646.23,1969322.8319800,0
1770402900000,33.15100,33.40000,33.08800,33.38300,92557.77,1770403199999,3076455.6432200,13793,60419.56,2008869.3237300,0
1770403200000,33.38200,33.51100,33.34700,33.36700,106177.05,1770403499999,3550622.3603100,11751,40737.29,1362697.9237500,0
1770403500000,33.36700,33.46200,33.16200,33.20800,85254.54,1770403799999,2837155.0416300,13477,34443.32,1146729.6470900,0
1770403800000,33.20800,33.25400,33.03800,33.14400,67834.32,1770404099999,2248254.3107100,12030,31150.05,1032735.7985800,0
1770404100000,33.14400,33.22400,32.84100,32.86000,97028.76,1770404399999,3200967.2797900,11087,35956.79,1186417.0056800,0
1770404400000,32.86100,33.05400,32.81500,33.05400,72455.52,1770404699999,2385238.7922300,12767,42578.53,1401840.0790200,0
1770404700000,33.05500,33.15200,32.70000,32.72500,79172.38,1770404999999,2609027.9591200,12589,30782.96,1015093.0332400,0
1770405000000,32.72500,32.80000,32.64900,32.76200,67216.58,1770405299999,2199727.2455800,10070,41493.71,1358143.2381700,0
1770405300000,32.76200,32.85900,32.56500,32.80600,69655.93,1770405599999,2278923.0767100,11541,30485.57,997527.6822600,0
1770405600000,32.80500,33.05900,32.72600,33.05500,85316.23,1770405899999,2808428.5647400,12398,48559.66,1598104.8513700,0
1770405900000,33.05400,33.14400,32.97000,33.02600,63245.26,1770406199999,2091473.2994800,10422,32142.55,1063206.8698700,0
1770406200000,33.02700,33.20000,32.95400,33.09700,59156.83,1770406499999,1957099.8386800,9568,30103.80,996127.0703100,0
1770406500000,33.09700,33.09800,32.97900,33.04200,37840.60,1770406799999,1250097.5517800,7113,18096.75,597836.0018200,0
1770406800000,33.04100,33.04200,32.84800,32.99800,46906.21,1770407099999,1544284.6990100,9555,21964.87,723233.6043000,0
1770407100000,32.99800,33.20000,32.99800,33.17000,49602.78,1770407399999,1641352.6795900,10195,26749.28,885473.0926500,0
1770407400000,33.16900,33.24500,33.02400,33.15800,43921.04,1770407699999,1456768.4855400,7958,21143.00,701489.4895800,0
1770407700000,33.15800,33.31800,33.14000,33.25400,48175.25,1770407999999,1601895.7490100,8989,26651.01,886124.5831200,0
1770408000000,33.25000,33.25500,33.04400,33.07800,54528.18,1770408299999,1806804.4935100,10262,24915.15,825119.8644400,0
1770408300000,33.07800,33.09900,32.77400,32.87900,77681.07,1770408599999,2556638.6457500,12480,36056.98,1186406.5985000,0
1770408600000,32.87900,33.01000,32.85000,32.90700,45539.34,1770408899999,1499375.6269500,7692,24863.87,818688.2874000,0
1770408900000,32.90700,32.93100,32.54300,32.59100,107301.65,1770409199999,3516223.2276000,13887,35019.29,1148612.1680700,0
1770409200000,32.59200,32.67400,32.32700,32.45600,218411.67,1770409499999,7091516.7582500,21607,82220.42,2670095.2580300,0
1770409500000,32.45600,32.56700,32.41000,32.43800,46644.00,1770409799999,1515826.0649500,8418,20342.83,661159.8960900,0
1770409800000,32.43700,32.50000,32.13800,32.41500,188732.07,1770410099999,6102490.4111900,22457,70767.22,2289892.1738300,0
1770410100000,32.41700,32.62300,32.24900,32.39500,134700.73,1770410399999,4373149.2831700,18629,57850.96,1879025.3633300,0
1770410400000,32.39500,32.56200,32.36900,32.56200,84865.88,1770410699999,2753988.4603300,12548,43033.91,1397396.7334200,0
1770410700000,32.56300,32.81300,32.48100,32.77900,101504.98,1770410999999,3316838.4796900,13608,63694.28,2082214.4307400,0
1770411000000,32.77800,33.00000,32.75100,32.83000,109007.73,1770411299999,3582814.9909200,13460,58591.60,1925715.1022500,0
1770411300000,32.82900,32.83200,32.53700,32.56700,101884.02,1770411599999,3331598.2544400,14766,36636.53,1198531.8253500,0
1770411600000,32.56700,32.82300,32.56100,32.77200,83135.13,1770411899999,2719383.7858400,13660,47885.87,1566307.2123600,0
1770411900000,32.77300,32.80600,32.36200,32.41100,99094.87,1770412199999,3223009.3132100,12938,37624.26,1222994.9363200,0
1770412200000,32.40800,32.48700,32.32300,32.33300,32048.88,1770412499999,1038371.2589100,6227,18108.28,586704.2276800,0
1770412500000,32.33400,32.53300,32.32900,32.39700,39175.78,1770412799999,1270360.6290500,7844,19575.75,634859.8676900,0
1770412800000,32.39600,32.55200,32.32400,32.45900,65307.11,1770413099999,2117912.6187700,9139,35012.20,1135621.1834200,0
1770413100000,32.45800,32.66300,32.44800,32.59700,38569.78,1770413399999,1256494.8471400,7122,20427.91,665367.3468200,0
1770413400000,32.59600,32.64400,32.44300,32.52100,26616.83,1770413699999,866039.7667800,6002,10239.00,333132.6760400,0
1770413700000,32.52200,32.79700,32.52200,32.74400,51644.96,1770413999999,1688880.6645900,8386,29019.43,948918.1754300,0
1770414000000,32.74300,32.84700,32.71100,32.78400,35762.73,1770414299999,1172690.6782300,6693,16822.42,551764.0987800,0
1770414300000,32.78300,32.90100,32.63700,32.64500,74777.74,1770414599999,2451127.8182400,7811,26872.08,880635.7078900,0
1770414600000,32.64400,32.73500,32.64200,32.72200,26744.50,1770414899999,874394.9194000,5857,14757.46,482488.5443500,0
1770414900000,32.72200,32.84300,32.72200,32.83200,25815.34,1770415199999,846268.4569200,6240,11897.27,390050.8836200,0
1770415200000,32.83100,32.98000,32.74100,32.94800,40100.32,1770415499999,1318411.9530300,8028,26624.94,875561.9308600,0
1770415500000,32.94800,33.10300,32.92900,33.08500,54121.45,1770415799999,1786536.1808500,8258,27736.28,915874.7289700,0
1770415800000,33.08500,33.08500,32.86500,32.93000,41626.36,1770416099999,1372426.2110300,5827,14469.99,477005.3074200,0
1770416100000,32.93200,32.93200,32.77700,32.89900,33436.33,1770416399999,1098400.9163800,5729,17862.97,586916.2358900,0
1770416400000,32.89800,32.98200,32.88300,32.97500,23469.91,1770416699999,773109.9509300,4493,12998.79,428210.7279700,0
1770416700000,32.97500,33.03100,32.91500,32.94900,31224.66,1770416999999,1029714.9644800,5916,19170.74,632274.7656600,0
1770417000000,32.94800,33.02400,32.75600,32.85400,43555.66,1770417299999,1431291.6311300,6378,21745.08,714948.9364100,0
1770417300000,32.85600,33.02700,32.85600,32.90300,50642.61,1770417599999,1669015.1861000,5875,27210.21,896939.1227700,0
1770417600000,32.90200,32.90900,32.79900,32.80300,21967.18,1770417899999,721764.8764900,3195,13063.39,429258.5516800,0
1770417900000,32.80200,32.83100,32.66800,32.82000,24844.61,1770418199999,813754.5635600,4490,12997.50,425803.9893900,0
1770418200000,32.82000,32.99500,32.80500,32.99500,20902.47,1770418499999,687332.8677600,4771,12581.97,413794.3674700,0
1770418500000,32.99500,32.99600,32.81300,32.85000,27324.18,1770418799999,898681.0903200,4903,9886.30,324958.0504900,0
1770418800000,32.85200,33.09300,32.71700,33.09300,60002.00,1770419099999,1973573.9686200,8362,35480.29,1167215.3359800,0
1770419100000,33.08700,33.18600,33.02700,33.08000,48357.74,1770419399999,1600810.0702000,10269,22597.49,748219.7489500,0
1770419400000,33.08000,33.13000,32.84300,32.84900,64561.43,1770419699999,2126679.5334700,8905,20682.54,681273.2064200,0
1770419700000,32.84900,32.97300,32.72600,32.78300,46510.11,1770419999999,1527521.5647400,9257,21303.27,699977.2015900,0
1770420000000,32.78300,32.91700,32.69800,32.75400,51569.39,1770420299999,1692531.4041700,9573,29022.83,952818.0024200,0
1770420300000,32.75400,32.87400,32.73600,32.85200,33437.74,1770420599999,1097169.9264200,6485,19297.15,633281.1305500,0
1770420600000,32.85100,32.94500,32.83000,32.92800,29607.86,1770420899999,973792.5221400,5883,14379.70,472983.3652400,0
1770420900000,32.92800,32.98600,32.78400,32.85600,34630.07,1770421199999,1138229.0239500,6039,18906.97,621340.9436800,0
1770421200000,32.85600,33.00500,32.68700,32.68900,41213.65,1770421499999,1353317.2305500,6385,14418.48,473945.7794300,0
1770421500000,32.68800,32.68800,32.34000,32.41700,87382.76,1770421799999,2842185.5855200,9967,32615.26,1061556.9454500,0
1770421800000,32.41700,32.47100,32.30300,32.40100,51382.52,1770422099999,1664307.1108400,8147,27528.52,891832.9644200,0
1770422100000,32.40100,32.48000,32.37200,32.37700,35664.94,1770422399999,1156587.0047500,6427,17889.37,580199.5189000,0
1770422400000,32.37600,32.47300,32.30100,32.30600,73586.02,1770422699999,2382934.6821100,10617,32545.00,1054459.8443800,0
1770422700000,32.30500,32.30500,31.72600,31.81400,386295.80,1770422999999,12368856.0376600,32405,117816.02,3773505.2698900,0
1770423000000,31.81600,32.15700,31.71300,32.10600,225277.58,1770423299999,7180196.8957100,16255,132066.77,4209001.7410700,0
1770423300000,32.10600,32.23900,31.98600,32.17300,173338.26,1770423599999,5569253.4784200,12837,52675.55,1693766.1218000,0
1770423600000,32.17200,32.30900,32.00700,32.22800,89021.23,1770423899999,2861686.7662500,11440,44777.48,1439598.6296900,0
1770423900000,32.22700,32.31900,32.09700,32.14000,68037.18,1770424199999,2192199.0680600,9617,37164.70,1197682.3631600,0
1770424200000,32.14200,32.28600,32.10400,32.15400,65007.47,1770424499999,2092238.8304700,9862,38860.79,1250896.8561800,0
1770424500000,32.15300,32.15400,31.71400,31.77600,141429.43,1770424799999,4521586.0044600,14050,34105.96,1089966.5573300,0
1770424800000,31.77700,31.96200,31.76200,31.92300,99294.49,1770425099999,3167126.6990700,9368,53479.26,1705644.7598200,0
1770425100000,31.92100,32.01700,31.81600,31.97700,76074.69,1770425399999,2429037.4784100,9783,40602.63,1296591.3005600,0
1770425400000,31.97800,32.12100,31.89100,32.06700,106366.41,1770425699999,3403683.7778700,11533,61724.74,1973921.6355800,0
1770425700000,32.06700,32.11100,31.88800,31.93000,45680.24,1770425999999,1461413.2515500,7182,14537.50,465131.2789600,0
1770426000000,31.92300,31.95500,31.76300,31.93600,82237.80,1770426299999,2618825.9453600,10677,30650.67,976102.1202000,0
1770426300000,31.93600,32.10900,31.90200,31.96200,59037.51,1770426599999,1889924.1123800,10183,24562.57,786228.6929900,0
1770426600000,31.96200,31.96600,31.74500,31.83200,67405.27,1770426899999,2145852.6502800,9392,24035.35,765677.8890400,0
1770426900000,31.83200,31.89400,31.69600,31.73100,66952.12,1770427199999,2128297.5686600,9547,31969.65,1016817.7154500,0
1770427200000,31.73100,31.80600,31.60000,31.70100,73248.57,1770427499999,2321584.8171700,9971,33004.03,1046342.8643900,0
1770427500000,31.70200,31.77900,31.61800,31.62800,59719.87,1770427799999,1893759.2712700,7415,20672.37,655725.7928700,0
1770427800000,31.62800,31.69300,31.54900,31.60600,95948.13,1770428099999,3031922.7417900,10030,38536.14,1217870.9045500,0
1770428100000,31.60600,31.65600,31.54800,31.54800,69638.25,1770428399999,2200694.2132400,8285,34294.17,1084095.1919900,0
1770428400000,31.54700,31.59900,31.50700,31.52500,61207.87,1770428699999,1930336.0869900,7193,20180.45,636517.3574100,0
1770428700000,31.52700,32.20000,31.51900,32.01700,229708.91,1770428999999,7344339.9247700,23583,143808.14,4594335.8932200,0
1770429000000,32.01800,32.31100,32.01700,32.20100,113839.78,1770429299999,3665846.9451900,15719,67261.96,2166431.7323400,0
1770429300000,32.20600,32.49400,32.19300,32.34300,152294.29,1770429599999,4933182.2529500,14709,78814.71,2553564.6245500,0
1770429600000,32.34200,32.78000,32.24900,32.75800,235221.98,1770429899999,7658551.5566100,21577,143383.55,4670608.0177800,0
1770429900000,32.75800,32.77200,32.38200,32.43900,109932.91,1770430199999,3576561.5844500,13243,60043.82,1953422.7953500,0
1770430200000,32.43900,32.50800,32.33500,32.41700,53085.78,1770430499999,1720914.4170400,8276,25832.91,837679.2978200,0
1770430500000,32.41800,32.59800,32.36400,32.54800,46887.97,1770430799999,1523079.2450700,7788,27503.32,893632.8142700,0
1770430800000,32.54700,32.63800,32.47400,32.63600,49857.39,1770431099999,1623928.4775600,7331,22533.65,734102.8433600,0
1770431100000,32.63800,32.79400,32.63500,32.67300,68502.22,1770431399999,2240812.8336500,8978,34735.96,1136638.0524400,0
1770431400000,32.67400,32.77000,32.52800,32.57400,41813.93,1770431699999,1365213.4814100,8294,19268.67,629095.4366100,0
1770431700000,32.57300,32.58900,32.45500,32.52700,44327.11,1770431999999,1441134.0037600,7939,21842.79,710162.0856400,0
1770432000000,32.52800,32.60600,32.44800,32.51800,36673.57,1770432299999,1192960.2284500,6095,22995.40,748145.0975400,0
1770432300000,32.51900,32.51900,32.18500,32.22700,102527.82,1770432599999,3312021.8904900,11975,25542.93,824955.6118000,0
1770432600000,32.22700,32.28100,32.15800,32.28100,61247.91,1770432899999,1973740.4124300,7001,35586.18,1147134.9362100,0
1770432900000,32.28200,32.31100,32.17000,32.26900,43763.23,1770433199999,1410520.8421000,7104,19760.94,636766.5379000,0
1770433200000,32.27500,32.50300,32.10100,32.49400,140038.98,1770433499999,4527071.6567900,14876,91883.35,2971379.7134100,0
1770433500000,32.49400,32.73200,32.46700,32.68100,76229.66,1770433799999,2486436.9919900,11148,46922.09,1530889.5729200,0
1770433800000,32.68100,32.90900,32.66500,32.86800,132006.47,1770434099999,4331022.8673100,12618,90813.40,2979365.5276300,0
1770434100000,32.87000,32.93700,32.72200,32.89200,55289.19,1770434399999,1816163.5629200,10574,26886.80,883343.3721700,0
1770434400000,32.89100,32.98400,32.68700,32.72200,96218.11,1770434699999,3160829.1236300,11734,28396.50,933450.1908600,0
1770434700000,32.72100,32.75200,32.59700,32.69900,62959.20,1770434999999,2057641.6933700,10104,35420.47,1157826.9264800,0
1770435000000,32.69900,32.74700,32.59700,32.73900,39980.15,1770435299999,1305984.3467600,7247,24541.32,801748.2206400,0
1770435300000,32.73800,33.04600,32.69100,32.99900,86964.71,1770435599999,2864683.8371400,11998,59754.79,1968230.9714600,0
1770435600000,32.99900,33.05600,32.82700,33.01500,60665.10,1770435899999,1997230.5826000,8727,21267.90,700595.1073300,0
1770435900000,33.01500,33.05400,32.85600,32.93500,33603.79,1770436199999,1106863.7912800,7224,14678.10,483579.2533400,0
1770436200000,32.93400,33.04200,32.84500,32.92000,37530.97,1770436499999,1236507.0952000,6875,15493.00,510555.1873800,0
1770436500000,32.91900,33.12300,32.87500,33.11400,70721.20,1770436799999,2335920.8974600,8354,32850.75,1084600.0862600,0
1770436800000,33.11400,33.16600,32.96300,33.05500,85099.10,1770437099999,2814856.0382000,33299,35761.99,1183117.5331900,0
1770437100000,33.05500,33.10800,32.85900,32.91000,58781.21,1770437399999,1937548.8801100,10543,22648.74,746828.8986400,0
1770437400000,32.91000,33.27300,32.88300,33.17100,97100.13,1770437699999,3215833.5603100,14049,63256.11,2095198.9159000,0
1770437700000,33.17000,33.30300,33.02700,33.10500,99324.34,1770437999999,3296793.3229600,13234,53658.82,1781950.7864600,0
1770438000000,33.10500,33.32600,33.07500,33.13600,95876.43,1770438299999,3182647.3165900,12184,52861.52,1755484.3258400,0
1770438300000,33.13700,33.13700,32.62400,32.68200,193612.26,1770438599999,6352357.0320100,20452,55106.76,1808781.8651600,0
1770438600000,32.68000,32.81900,32.57300,32.72500,57947.40,1770438899999,1894314.7586500,9764,30667.77,1002775.2183300,0
1770438900000,32.72600,32.80900,32.59000,32.63400,76167.21,1770439199999,2490213.4184400,10312,42134.72,1378019.5437900,0
1770439200000,32.63500,32.72200,32.58800,32.60200,45059.71,1770439499999,1470834.3889400,8764,25635.78,836876.9056700,0
1770439500000,32.60400,32.68200,32.38800,32.50500,108555.29,1770439799999,3528284.6027800,12307,46580.41,1514188.6751700,0
1770439800000,32.50500,32.67800,32.45200,32.64800,43763.98,1770440099999,1426304.8016300,7528,28091.07,915623.0085100,0
1770440100000,32.64700,32.65700,32.50200,32.52700,25302.12,1770440399999,824285.5717600,5543,10543.89,343491.1895500,0
1770440400000,32.52600,32.72600,32.44900,32.62800,68382.46,1770440699999,2229342.9656700,8857,46870.87,1528070.5864500,0
1770440700000,32.62900,32.87600,32.61700,32.83000,47413.09,1770440999999,1554384.2564500,8260,32200.96,1055659.9400100,0
1770441000000,32.83100,32.97900,32.82700,32.93900,51142.48,1770441299999,1682734.2294200,8507,31098.02,1023269.1883700,0
1770441300000,32.93800,33.03400,32.93000,32.98900,37945.21,1770441599999,1251584.4468300,6682,23270.38,767647.5817800,0
1770441600000,32.98600,33.17100,32.98200,33.15700,56538.62,1770441899999,1870791.7508100,7424,39349.14,1302112.3133300,0
1770441900000,33.15600,33.22700,32.96900,33.01500,93946.81,1770442199999,3110497.3573300,13431,35392.59,1172215.6676200,0
1770442200000,33.01500,33.15200,32.88800,33.02000,71426.35,1770442499999,2358212.4099700,12309,33069.50,1092271.3505500,0
1770442500000,33.02000,33.13700,32.81900,32.83900,60631.17,1770442799999,2001199.2098000,10092,31860.02,1052885.5495600,0
1770442800000,32.83900,32.89600,32.76500,32.80600,37053.51,1770443099999,1216080.6303300,7494,17037.85,559243.3649700,0
1770443100000,32.80700,33.01000,32.80100,32.97900,43484.98,1770443399999,1432430.6009900,7390,28449.47,936969.3929100,0
1770443400000,32.97900,32.97900,32.80200,32.80900,37263.86,1770443699999,1224916.6856900,7292,17469.63,574407.4818800,0
1770443700000,32.80800,32.90300,32.80600,32.86700,21769.66,1770443999999,715052.1794100,5274,8798.13,288988.5405200,0
1770444000000,32.86800,33.08800,32.84900,33.07000,36003.05,1770444299999,1187814.9430300,7687,20801.86,686270.7352100,0
1770444300000,33.06900,33.15000,32.98500,33.07600,53241.10,1770444599999,1760999.9912700,8346,22671.30,750155.3010400,0
1770444600000,33.07600,33.14000,32.98100,33.09200,43869.42,1770444899999,1450389.2607200,7992,22947.55,758594.1336100,0
1770444900000,33.09200,33.11400,32.85000,32.93600,45114.05,1770445199999,1487646.3018600,7920,13578.47,447565.2764300,0
1770445200000,32.93500,33.02200,32.84600,32.92800,37182.80,1770445499999,1224543.6520500,6560,21034.58,692922.0683500,0
1770445500000,32.92800,33.14200,32.91700,33.07900,29822.01,1770445799999,985890.7193400,6460,15673.29,518143.0458800,0
1770445800000,33.07800,33.22600,33.01200,33.08900,38544.68,1770446099999,1277671.0241200,7164,18266.11,605502.9797100,0
1770446100000,33.08800,33.22300,33.07300,33.16600,33239.15,1770446399999,1101924.1510600,4952,17603.96,583492.3998000,0
1770446400000,33.16700,33.20800,33.03800,33.08500,26437.53,1770446699999,876157.1994000,6031,10762.58,356686.3823300,0
1770446700000,33.08400,33.14700,32.98300,33.02700,44303.42,1770446999999,1464672.8943300,9368,18495.17,611627.5682000,0
1770447000000,33.02800,33.07600,32.88300,32.91000,78558.75,1770447299999,2589865.0488600,11065,22337.29,736698.9215700,0
1770447300000,32.91100,32.92500,32.73900,32.84500,90663.21,1770447599999,2976731.9338400,13900,40702.64,1336516.5559200,0
1770447600000,32.84600,33.05200,32.84600,32.87500,64842.21,1770447899999,2136947.9842800,12506,36294.97,1196223.3310300,0
1770447900000,32.87400,33.01300,32.84300,32.96000,91177.76,1770448199999,3002394.2201200,12525,54897.21,1808082.5171100,0
1770448200000,32.95900,33.00900,32.52600,32.61900,112418.83,1770448499999,3680767.5120300,15632,35305.29,1156994.6542100,0
1770448500000,32.62000,32.83200,32.34000,32.68600,247568.39,1770448799999,8055966.7764800,27296,124828.44,4064550.7230300,0
1770448800000,32.68600,32.89900,32.66400,32.79300,99252.30,1770449099999,3253173.4269200,15201,54466.94,1785362.1400800,0
1770449100000,32.79400,32.88900,32.62900,32.78200,78644.01,1770449399999,2577341.1618200,11644,32677.02,1071359.5368300,0
1770449400000,32.78200,32.86100,32.55400,32.67000,81819.14,1770449699999,2675666.4953000,11763,35888.35,1173202.0153200,0
1770449700000,32.67200,32.79100,32.64900,32.79000,44666.57,1770449999999,1461427.7741200,9310,25119.80,821823.1644700,0
1770450000000,32.79000,33.27200,32.78700,33.14800,155017.58,1770450299999,5129808.0032300,21825,94461.96,3125645.5430500,0
1770450300000,33.14800,33.14800,32.95100,33.10400,91989.53,1770450599999,3040208.9157000,12375,47919.24,1583627.2168900,0
1770450600000,33.10500,33.18700,32.97300,33.02600,48089.29,1770450899999,1590980.6968200,8634,24219.21,801460.1731100,0
1770450900000,33.02600,33.08200,32.95900,32.96800,40105.94,1770451199999,1324939.5579600,5953,24433.29,807402.5543400,0
1770451200000,32.96900,32.98200,32.83300,32.89000,91577.11,1770451499999,3012759.4993100,12379,33623.31,1106515.7426900,0
1770451500000,32.89000,33.04500,32.75200,32.77700,67696.20,1770451799999,2228286.3423400,10312,31270.72,1029528.5993700,0
1770451800000,32.77800,32.99700,32.73600,32.91700,56354.59,1770452099999,1851928.9235300,9408,31476.34,1034258.6978000,0
1770452100000,32.91600,32.96100,32.80000,32.92200,45470.44,1770452399999,1494816.3413600,7420,29271.93,962484.5845600,0
1770452400000,32.92000,33.08300,32.90500,33.07400,48107.13,1770452699999,1588094.2847600,8130,29150.84,962379.8927000,0
1770452700000,33.07300,33.11000,32.87800,32.88100,37099.56,1770452999999,1224374.2486100,8008,17231.50,569061.8955900,0
1770453000000,32.88100,32.92800,32.59900,32.65000,90160.24,1770453299999,2950881.8471000,10987,36468.15,1194175.1419300,0
1770453300000,32.65200,32.81100,32.64800,32.67400,55059.03,1770453599999,1802163.3826400,8319,29839.77,976632.1920500,0
1770453600000,32.67500,32.97300,32.67100,32.93100,51674.36,1770453899999,1697810.6338700,7365,26936.42,885225.4875400,0
1770453900000,32.92800,33.02600,32.92000,32.92300,38801.55,1770454199999,1279802.2041200,7205,16603.19,547627.4733700,0
1770454200000,32.92300,33.16000,32.91700,33.14300,55675.63,1770454499999,1841999.4002200,7950,36799.05,1217449.2223700,0
1770454500000,33.14600,33.21800,33.04300,33.05000,82735.91,1770454799999,2742951.2668000,8102,26572.87,880990.0867600,0
1770454800000,33.05000,33.19600,33.03600,33.19300,51242.04,1770455099999,1697408.1916700,7752,36850.21,1220709.3837700,0
1770455100000,33.19500,33.75400,33.16300,33.73900,189271.64,1770455399999,6336190.8187200,20686,132000.15,4419751.1872000,0
1770455400000,33.73900,33.85800,33.55200,33.65700,130510.71,1770455699999,4398920.0681300,18802,64652.23,2180142.1891200,0
1770455700000,33.65700,33.66600,33.38900,33.39300,64239.28,1770455999999,2151908.5737800,11765,28416.48,952091.7341700,0
1770456000000,33.39300,33.51400,33.34400,33.46300,51001.95,1770456299999,1705290.8729300,7872,34255.73,1145412.5416800,0
1770456300000,33.46200,33.52000,33.31300,33.33800,54988.37,1770456599999,1838102.8425300,8037,19622.73,655551.6738200,0
1770456600000,33.33900,33.34800,33.11100,33.29600,86603.19,1770456899999,2877000.7877100,12964,30479.15,1012832.0926000,0
1770456900000,33.29400,33.41800,33.19600,33.30600,49877.67,1770457199999,1661349.4640800,8397,23969.68,798481.9899500,0
1770457200000,33.30500,33.37800,33.25300,33.26900,39121.28,1770457499999,1303452.6926100,7090,22594.92,753055.6355200,0
1770457500000,33.26800,33.31000,32.96000,33.02700,82961.72,1770457799999,2746897.7649900,11890,33709.63,1116497.4734300,0
1770457800000,33.02700,33.16400,33.00500,33.11900,52665.63,1770458099999,1742112.4666200,7971,32279.36,1067430.3478600,0
1770458100000,33.11700,33.27200,33.09600,33.25800,31468.19,1770458399999,1044619.4602700,6951,20414.06,677659.9524600,0
1770458400000,33.25700,33.35000,33.17200,33.20400,51197.09,1770458699999,1703734.6643900,8242,23543.63,783603.2479700,0
1770458700000,33.20600,33.21700,32.98700,33.00900,67937.29,1770458999999,2246548.7765000,9087,27017.22,893087.9786200,0
1770459000000,33.00900,33.25100,33.00900,33.23200,43895.27,1770459299999,1455522.3234800,7629,27217.10,902189.1444700,0
1770459300000,33.23200,33.35300,33.18300,33.26600,42927.51,1770459599999,1428957.0559700,7266,18533.59,617018.2436800,0
1770459600000,33.26500,33.37100,33.24700,33.26700,29094.36,1770459899999,968915.8277800,5899,13536.43,450870.6832900,0
1770459900000,33.26700,33.26800,33.06000,33.07900,36192.08,1770460199999,1199588.8576800,6311,16026.40,531070.7467500,0
1770460200000,33.07900,33.16800,32.53200,32.61500,228977.60,1770460499999,7510423.8759800,21268,69647.34,2284593.3046700,0
1770460500000,32.61500,32.65800,32.52800,32.53500,124217.70,1770460799999,4049620.0645100,11557,53949.23,1759441.4749700,0
1770460800000,32.53400,32.65400,32.48800,32.60500,77658.12,1770461099999,2527935.3026600,9274,40991.76,1334995.4868000,0
1770461100000,32.60500,32.64900,32.50700,32.64500,50705.76,1770461399999,1652294.3303300,8914,27985.27,911972.8322100,0
1770461400000,32.64500,32.83600,32.60200,32.72100,100741.49,1770461699999,3297625.9077100,11308,72224.87,2364373.9233500,0
1770461700000,32.72000,32.89400,32.71600,32.81700,42928.22,1770461999999,1408650.0204300,7879,22028.38,722900.6616500,0
1770462000000,32.81600,33.00000,32.78800,32.83900,68169.13,1770462299999,2242700.6065900,10432,40415.09,1329968.6342000,0
1770462300000,32.83900,32.85100,32.66500,32.72800,43401.84,1770462599999,1420911.9529400,8006,17096.86,559835.4373000,0
1770462600000,32.73100,32.74000,32.63600,32.66000,24796.49,1770462899999,810575.8231600,5200,11465.38,374829.4706500,0
1770462900000,32.66000,32.81400,32.59600,32.80300,28256.12,1770463199999,923566.5731700,5395,18593.90,607749.7978500,0
1770463200000,32.80300,32.89100,32.72600,32.73700,31305.74,1770463499999,1027216.6445200,5641,16259.17,533698.4498800,0
1770463500000,32.73700,32.78600,32.48600,32.49100,38684.58,1770463799999,1262227.1588800,6886,10900.53,355948.6101600,0
1770463800000,32.49500,32.65700,32.48200,32.57600,60342.43,1770464099999,1965666.2945400,8281,32559.57,1060697.1622800,0
1770464100000,32.57900,32.69400,32.54100,32.61000,22273.34,1770464399999,726630.7170100,5270,11756.25,383533.3107400,0
1770464400000,32.61000,32.73200,32.60200,32.68600,37483.50,1770464699999,1224245.4609000,5150,18440.68,602323.3165800,0
1770464700000,32.68600,32.78700,32.66600,32.72100,32224.55,1770464999999,1054437.3856300,6385,11874.77,388724.4763300,0
1770465000000,32.72000,32.79200,32.67200,32.70700,26574.30,1770465299999,869775.6258000,5300,9863.36,322834.2674400,0
1770465300000,32.70700,32.79000,32.58500,32.73600,46868.39,1770465599999,1531401.2155100,8150,23681.03,773750.7373100,0
1770465600000,32.73500,32.93800,32.69200,32.88200,78163.17,1770465899999,2565719.1296500,13470,42491.33,1394736.2097200,0
1770465900000,32.88300,33.10400,32.81800,33.04400,119732.47,1770466199999,3947759.0208700,13469,68700.14,2265462.5275800,0
1770466200000,33.04100,33.04100,32.87700,32.99800,54520.67,1770466499999,1796630.7357700,9665,28716.20,946451.0406200,0
1770466500000,32.99700,33.27300,32.89200,33.22600,117575.84,1770466799999,3892264.5118400,18122,70205.86,2324897.7148100,0
1770466800000,33.22800,33.22900,32.92700,33.00400,102650.67,1770467099999,3396114.4869100,11678,37700.02,1247438.6399800,0
1770467100000,33.00300,33.07700,32.94100,32.94700,44176.96,1770467399999,1457832.3659000,6661,18432.96,608453.8013800,0
1770467400000,32.94600,33.07900,32.91100,32.94300,60037.84,1770467699999,1980586.3293500,10286,31458.75,1037960.1488300,0
1770467700000,32.94400,33.13200,32.92800,33.04800,51144.59,1770467999999,1689704.6420900,8418,30717.57,1014786.2591300,0
1770468000000,33.04700,33.10300,32.73800,32.75800,56012.38,1770468299999,1842010.0182900,8431,17512.56,575966.0146300,0
1770468300000,32.75800,32.80500,32.69100,32.73900,38412.15,1770468599999,1257855.6518800,6861,23358.13,764992.6786000,0
1770468600000,32.73800,32.84000,32.64500,32.75300,32010.91,1770468899999,1047160.1282500,6865,16070.82,525961.3203000,0
1770468900000,32.75200,32.84700,32.74700,32.81000,30118.62,1770469199999,987669.6405600,6474,17674.40,579655.1665300,0
1770469200000,32.81100,33.02700,32.81100,32.99300,57342.20,1770469499999,1885749.0036300,9412,25614.77,842972.2103800,0
1770469500000,32.99300,33.09500,32.97900,33.08200,43368.22,1770469799999,1432524.0631300,8046,21392.80,706629.6664200,0
1770469800000,33.08200,33.10000,32.72400,32.74000,60868.54,1770470099999,2003211.2569900,7967,17801.87,585606.0753400,0
1770470100000,32.74000,32.80700,32.66800,32.77100,63242.60,1770470399999,2070439.5624000,7350,45616.32,1493690.4742700,0
1770470400000,32.77100,32.81000,32.56800,32.61900,47308.19,1770470699999,1546799.3871200,8076,18615.63,608962.5825200,0
1770470700000,32.61900,32.74300,32.58000,32.70700,39779.00,1770470999999,1298835.5847400,7674,25169.57,821942.8579300,0
1770471000000,32.71000,32.76400,32.50000,32.52100,60002.36,1770471299999,1955576.3740200,9196,26880.06,876751.3604600,0
1770471300000,32.51800,32.62100,32.37000,32.40200,70869.44,1770471599999,2303052.0477300,10803,32484.40,1056314.8908500,0
1770471600000,32.40100,32.51000,32.35000,32.37900,53625.05,1770471899999,1738569.4266000,9016,29124.89,944548.1182100,0
1770471900000,32.38000,32.55000,32.38000,32.52800,23436.56,1770472199999,761300.1420800,5875,14735.69,478657.7718700,0
1770472200000,32.52800,32.61800,32.43500,32.44800,29633.84,1770472499999,963389.7602100,6328,16773.83,545506.2710000,0
1770472500000,32.44800,32.47900,32.36000,32.47700,30566.60,1770472799999,990865.0435300,5853,13246.92,429501.3762800,0
1770472800000,32.47800,32.66800,32.45600,32.63900,48832.74,1770473099999,1591376.4225700,9536,26068.64,849450.6861800,0
1770473100000,32.63900,32.65000,32.55100,32.57700,33985.28,1770473399999,1108099.4351200,4930,12103.89,394755.9976700,0
1770473400000,32.57600,32.61600,32.41200,32.46400,42466.60,1770473699999,1381006.5091300,6498,17554.78,570450.7900400,0
1770473700000,32.46300,32.49800,32.36400,32.47100,35594.10,1770473999999,1154470.4759100,6925,21581.47,700105.3000900,0
1770474000000,32.47200,32.51600,32.41800,32.47800,16440.38,1770474299999,533883.8676000,4655,9221.70,299494.0950100,0
1770474300000,32.47800,32.53000,32.35800,32.35800,26001.16,1770474599999,843635.0043000,5057,9635.02,312809.7864300,0
1770474600000,32.35800,32.38500,32.15300,32.16900,140500.40,1770474899999,4527858.7748800,10324,56818.21,1829590.1096200,0
1770474900000,32.16800,32.23500,32.06700,32.18300,80194.46,1770475199999,2577316.0682200,9798,25216.88,810927.5696100,0
1770475200000,32.18000,32.47700,32.16700,32.47400,146643.40,1770475499999,4748488.7521400,13292,89024.73,2883004.9821400,0
1770475500000,32.47500,32.49100,32.19800,32.23600,60268.36,1770475799999,1948632.1628400,9654,20612.88,666960.2320900,0
1770475800000,32.23500,32.27900,32.14400,32.21700,51976.44,1770476099999,1674342.2043300,7562,33084.14,1065864.9455800,0
1770476100000,32.21700,32.23600,32.10800,32.12300,44377.81,1770476399999,1428046.3392800,6541,23248.90,748289.3179600,0
1770476400000,32.12200,32.37900,32.07100,32.36200,77724.25,1770476699999,2506870.3332400,10856,34558.78,1113928.1060700,0
1770476700000,32.36100,32.44500,32.20600,32.35700,95421.74,1770476999999,3083797.2343900,11105,47338.72,1529026.4063200,0
1770477000000,32.35600,32.36500,31.98000,32.15400,143495.50,1770477299999,4610968.6731900,12903,46042.86,1477549.1388100,0
1770477300000,32.15500,32.23500,32.05900,32.13700,55129.87,1770477599999,1772307.9687600,8827,26450.71,850400.3161600,0
1770477600000,32.13800,32.31600,32.13100,32.22400,62130.53,1770477899999,2003698.5261300,9665,28460.73,917500.1468300,0
1770477900000,32.22400,32.22800,32.13800,32.16800,40761.83,1770478199999,1311158.1790800,6803,24359.75,783386.0731500,0
1770478200000,32.16800,32.32500,32.07400,32.23600,82318.49,1770478499999,2650540.5926100,12209,34626.40,1115595.4003300,0
1770478500000,32.23500,32.26700,32.13500,32.16000,44961.32,1770478799999,1447152.9400800,7093,19960.49,642493.8289400,0
1770478800000,32.16000,32.16300,31.94500,32.09200,101131.09,1770479099999,3238927.9668400,10024,39612.05,1269022.6643800,0
1770479100000,32.09300,32.17800,31.99100,32.02300,30730.13,1770479399999,985961.4945100,5731,13149.67,421990.3991800,0
1770479400000,32.02300,32.02700,31.87700,31.90400,68385.77,1770479699999,2183905.2499400,9757,23169.40,740079.2564200,0
1770479700000,31.90400,32.11100,31.87900,32.06200,38910.15,1770479999999,1246299.5847100,6703,22615.41,724437.5100400,0
1770480000000,32.06000,32.12700,31.95400,32.04700,59965.36,1770480299999,1920979.3523000,8815,26771.45,857744.4300100,0
1770480300000,32.04800,32.41400,31.95000,32.29700,417932.29,1770480599999,13474281.7544400,42489,216926.79,6996255.4496900,0
1770480600000,32.29500,32.39700,32.00700,32.27300,612308.60,1770480899999,19717480.1409200,55766,329956.80,10629672.1323500,0
1770480900000,32.27400,32.40000,31.94000,31.96000,481148.77,1770481199999,15497163.9530300,43272,236799.37,7631639.1953500,0
1770481200000,31.96400,32.11200,31.92100,31.98600,56208.27,1770481499999,1799510.2797300,7963,27154.93,869677.7344500,0
1770481500000,31.98700,32.01200,31.86400,31.94700,57899.66,1770481799999,1847966.7505600,8486,23500.40,750065.7313500,0
1770481800000,31.94800,31.97100,31.77500,31.81500,59067.43,1770482099999,1882601.9203300,8342,27956.92,891116.2085100,0
1770482100000,31.81400,31.81400,31.59100,31.60200,112404.30,1770482399999,3561134.6731300,12952,44474.19,1409167.9634000,0
1770482400000,31.60400,31.65000,31.43200,31.45700,147899.84,1770482699999,4662586.8111500,13316,42581.34,1342696.3276300,0
1770482700000,31.45800,31.52700,31.31000,31.32000,109738.55,1770482999999,3445447.9343700,11545,53420.23,1677861.1389000,0
1770483000000,31.32000,31.43200,31.18000,31.37100,150983.40,1770483299999,4723147.7958800,15735,55246.82,1729392.6633500,0
1770483300000,31.37100,31.63700,31.36300,31.52500,116575.20,1770483599999,3674064.5630000,13848,66732.25,2103319.3719500,0
1770483600000,31.52400,31.73000,31.50800,31.72900,114793.26,1770483899999,3629507.0413400,13105,73878.13,2336037.9937100,0
1770483900000,31.73000,31.76600,31.36100,31.37300,116907.33,1770484199999,3683840.5669700,14160,50314.00,1584758.7678800,0
1770484200000,31.37300,31.44400,31.30400,31.40600,70648.66,1770484499999,2216560.0823800,9228,26459.45,830270.2442700,0
1770484500000,31.40900,31.49600,31.21400,31.37900,80441.24,1770484799999,2519176.6235600,11524,34923.43,1093724.4084200,0
1770484800000,31.37700,31.43400,31.20000,31.29400,53084.66,1770485099999,1660672.1022100,7711,22880.37,715932.3280400,0
1770485100000,31.29500,31.53000,31.26600,31.48900,62444.72,1770485399999,1962354.6534800,9377,35526.49,1116433.8984200,0
1770485400000,31.49000,31.50100,31.34800,31.40600,31804.77,1770485699999,999242.4471500,7184,13496.76,424012.5119300,0
1770485700000,31.40600,31.69100,31.37000,31.67600,51775.18,1770485999999,1634597.9627100,9373,30645.88,967883.8684800,0
1770486000000,31.67600,31.68000,31.52700,31.59300,37213.66,1770486299999,1175546.3550300,6398,16737.05,528763.5448900,0
1770486300000,31.59300,31.63500,31.52600,31.63500,18381.40,1770486599999,580265.4502900,4595,8939.53,282277.8297400,0
1770486600000,31.63500,31.71000,31.56700,31.56700,26488.87,1770486899999,838272.8140400,5175,14345.34,454095.6739900,0
1770486900000,31.56900,31.62800,31.51600,31.61700,18090.70,1770487199999,570939.2821100,4689,9720.98,306793.3995400,0
1770487200000,31.61800,31.76900,31.60700,31.64100,38981.44,1770487499999,1236067.7484500,6926,21452.02,680215.6503300,0
1770487500000,31.64000,31.70200,31.58100,31.61700,41507.76,1770487799999,1313582.1837400,6249,18101.36,572875.3947900,0
1770487800000,31.61800,31.68700,31.52600,31.52900,18081.80,1770488099999,571358.3691400,4338,7926.98,250570.1911000,0
1770488100000,31.52900,31.90700,31.52900,31.84800,61318.59,1770488399999,1949743.3906400,9247,39505.98,1256143.4019400,0
1770488400000,31.84700,31.96800,31.79500,31.84600,54793.36,1770488699999,1747435.1380500,9726,28655.44,914111.5239400,0
1770488700000,31.84500,31.88600,31.80000,31.87700,21901.82,1770488999999,697624.4061200,4850,12685.39,404124.6733100,0
1770489000000,31.87800,32.38800,31.77400,32.34500,163826.99,1770489299999,5266102.8987800,17133,112509.42,3615500.1943300,0
1770489300000,32.34700,32.46900,32.21900,32.23900,118880.87,1770489599999,3843252.0583500,13261,52250.30,1689821.8094200,0
1770489600000,32.23900,32.52600,32.22000,32.27400,180003.99,1770489899999,5830014.0312100,19118,101483.24,3287960.1510300,0
1770489900000,32.27500,32.45200,32.26700,32.43000,57865.70,1770490199999,1872647.3485200,8097,29039.49,939611.1966800,0
1770490200000,32.43000,32.52400,32.38100,32.41400,57308.91,1770490499999,1860317.3149700,8610,29702.52,964214.5962000,0
1770490500000,32.41400,32.41600,32.32000,32.36700,21982.35,1770490799999,711385.0054500,4695,10299.99,333286.5948300,0
1770490800000,32.36700,32.37300,32.11000,32.20200,73514.84,1770491099999,2366057.3325900,10567,30950.03,996196.3391500,0
1770491100000,32.20300,32.23300,32.10600,32.11900,24382.80,1770491399999,784606.9815600,4844,12818.10,412433.2081200,0
1770491400000,32.12000,32.18500,31.74200,31.77600,167319.89,1770491699999,5334197.7513600,15253,66302.26,2112769.0551700,0
1770491700000,31.77600,31.87800,31.71700,31.83200,54581.50,1770491999999,1735330.8746400,6307,26664.11,847951.3987500,0
1770492000000,31.83300,31.83400,31.70400,31.76200,30181.29,1770492299999,958573.2988600,5510,10403.57,330493.2606300,0
1770492300000,31.76100,31.76100,31.66200,31.67900,28604.89,1770492599999,906715.7383700,4847,7994.55,253422.6934200,0
1770492600000,31.67800,31.76900,31.55100,31.58000,60551.26,1770492899999,1916271.0387900,7309,26320.29,833092.3412500,0
1770492900000,31.58100,31.75700,31.58100,31.73400,37359.88,1770493199999,1183183.1033700,5488,21650.41,685652.1018700,0
1770493200000,31.73500,31.74100,31.59200,31.64500,32016.68,1770493499999,1014118.5327200,5391,16300.28,516242.4839600,0
1770493500000,31.64400,31.66300,31.54400,31.57200,43950.50,1770493799999,1389502.3561200,6116,21466.38,678813.9738900,0
1770493800000,31.57200,31.61600,31.54100,31.57600,19898.55,1770494099999,628148.6847700,4361,8380.24,264584.2970300,0
1770494100000,31.57700,31.59600,31.44200,31.54900,41600.53,1770494399999,1310241.4889400,5813,19758.94,622370.6728700,0
1770494400000,31.55000,31.66700,31.47200,31.56100,55160.16,1770494699999,1741181.0084600,8211,26543.57,837943.6596200,0
1770494700000,31.56100,31.58100,31.48100,31.54500,12369.44,1770494999999,389993.7725900,3937,7012.83,221088.3512100,0
1770495000000,31.54500,31.63300,31.54200,31.63000,20916.18,1770495299999,660920.1582700,4181,11540.98,364649.3469400,0
1770495300000,31.63000,31.63000,31.51900,31.53300,16353.28,1770495599999,516126.2731900,3409,9633.59,304059.5884500,0
1770495600000,31.53400,31.59800,31.53400,31.56000,12090.50,1770495899999,381640.2686100,2955,7878.69,248688.0288600,0
1770495900000,31.56100,31.87400,31.56100,31.81900,60370.04,1770496199999,1917348.4190000,7421,45863.70,1456330.0513500,0
1770496200000,31.82000,31.84400,31.75000,31.84400,22069.94,1770496499999,701678.0603300,3882,10950.00,348168.4671200,0
1770496500000,31.84500,31.92400,31.84500,31.89400,20140.70,1770496799999,642445.8078900,3746,10886.40,347235.8628900,0
1770496800000,31.89400,31.91100,31.72100,31.72200,31543.42,1770497099999,1002810.7657400,4541,10518.74,334251.8738300,0
1770497100000,31.72300,31.83300,31.72300,31.78000,12217.78,1770497399999,388441.7499400,2920,7574.02,240778.5453200,0
1770497400000,31.78000,31.92800,31.77400,31.89000,33416.97,1770497699999,1065305.7442000,4551,12768.43,406885.8188600,0
1770497700000,31.89000,31.89900,31.80700,31.85300,10129.41,1770497999999,322521.1061400,2820,5401.41,171975.1514100,0
1770498000000,31.85400,32.00600,31.85400,31.92100,36537.93,1770498299999,1166978.9816400,6003,20074.82,641014.8695500,0
1770498300000,31.92000,31.94200,31.88400,31.91100,9670.60,1770498599999,308618.8857400,2980,5086.59,162328.8335800,0
1770498600000,31.91100,32.06600,31.89000,31.96000,39419.50,1770498899999,1260929.2937600,5359,25352.72,811097.3670100,0
1770498900000,31.95900,31.97000,31.85500,31.87000,21186.70,1770499199999,676216.6524400,3678,10713.04,341897.5554400,0
1770499200000,31.87100,31.98200,31.86300,31.97500,12990.99,1770499499999,414677.0108200,2767,9263.34,295707.1848100,0
1770499500000,31.97600,31.98200,31.87900,31.89200,27132.74,1770499799999,866552.3250700,3754,9407.34,300358.9013600,0
1770499800000,31.89100,31.97800,31.86900,31.95800,9512.82,1770500099999,303613.7460300,2629,5291.84,168898.3137000,0
1770500100000,31.95800,31.98700,31.84500,31.85300,19759.79,1770500399999,630498.9323300,3586,6663.87,212630.2059700,0
1770500400000,31.85300,31.86800,31.71100,31.71300,30255.81,1770500699999,960981.0917000,4024,8372.12,266080.7002200,0
1770500700000,31.71600,31.77600,31.62800,31.64700,35845.20,1770500999999,1136290.7311700,5161,14108.85,447604.0463700,0
1770501000000,31.64800,31.65400,31.58400,31.60700,14307.15,1770501299999,452361.4558300,3089,7474.29,236311.8684000,0
1770501300000,31.60600,31.66100,31.54800,31.63900,17249.35,1770501599999,545343.5735100,3695,9863.81,311900.1382000,0
1770501600000,31.64100,31.73800,31.58700,31.65900,31327.60,1770501899999,992317.2998800,4354,21622.62,685042.5338400,0
1770501900000,31.66000,31.82000,31.64100,31.74500,21102.68,1770502199999,669974.9322400,3852,12280.28,389844.8468900,0
1770502200000,31.74500,31.78200,31.66200,31.72100,15827.44,1770502499999,502264.5617700,3343,6638.15,210606.6210600,0
1770502500000,31.72100,31.72800,31.58200,31.61200,12974.68,1770502799999,410271.9670600,2503,4446.41,140618.9314600,0
1770502800000,31.61100,31.73700,31.60600,31.73700,19064.01,1770503099999,603980.4206600,2465,13803.56,437259.0273200,0
1770503100000,31.73700,31.76700,31.67400,31.71300,7707.32,1770503399999,244530.4749100,1994,2903.41,92105.9927800,0
1770503400000,31.71400,31.82400,31.70800,31.76500,14699.93,1770503699999,467223.0041100,2984,8222.52,261329.7381900,0
1770503700000,31.76600,31.81000,31.71300,31.74400,7410.06,1770503999999,235290.7600600,1801,3350.06,106374.0283400,0
1770504000000,31.74500,31.77000,31.74200,31.75000,5156.35,1770504299999,163731.2362100,1364,2725.64,86549.4164400,0
1770504300000,31.75000,31.75000,31.59300,31.65700,28676.16,1770504599999,907509.9911700,3118,8477.28,268369.3720100,0
1770504600000,31.65700,31.73400,31.63600,31.63700,7839.71,1770504899999,248476.6182800,1587,4153.30,131613.6956500,0
1770504900000,31.63700,31.65600,31.50000,31.53600,18684.74,1770505199999,589884.2552000,2799,6113.41,193002.2680500,0
1770505200000,31.53700,31.55900,31.31300,31.35100,61298.84,1770505499999,1924745.6794800,6607,16055.67,504360.3598700,0
1770505500000,31.34900,31.40600,31.28500,31.31400,53053.84,1770505799999,1662970.9880400,5623,32623.90,1022938.5686100,0
1770505800000,31.31400,31.34200,31.23200,31.26300,90852.54,1770506099999,2842363.3462100,6964,21395.20,669479.1785700,0
1770506100000,31.26400,31.32700,31.16000,31.16400,48781.92,1770506399999,1524125.1300500,6777,18905.18,591122.5694500,0
1770506400000,31.16300,31.18800,31.03400,31.08100,101566.97,1770506699999,3160277.4556700,10297,41325.93,1286624.7798200,0
1770506700000,31.08200,31.16000,31.00300,31.03700,83168.39,1770506999999,2584776.3529900,9605,44213.44,1374675.1529200,0
1770507000000,31.03700,31.15100,31.00800,31.10500,42661.73,1770507299999,1325648.5296500,5926,24336.08,756393.9375000,0
1770507300000,31.10500,31.24700,31.08500,31.21900,45963.52,1770507599999,1432465.8531100,5769,30741.52,958152.3459100,0
1770507600000,31.21900,31.24200,31.11200,31.19800,30940.37,1770507899999,964942.6490200,4700,16570.31,517056.6448200,0
1770507900000,31.19800,31.32200,31.17700,31.30500,28608.61,1770508199999,893883.2807400,4860,17394.79,543556.4202700,0
1770508200000,31.30500,31.52900,31.26500,31.48300,82920.09,1770508499999,2605955.4523900,7772,60902.50,1914252.9160600,0
1770508500000,31.48300,31.48400,31.39400,31.40100,27468.83,1770508799999,863710.6191500,4052,9430.68,296590.1811100,0
1770508800000,31.40100,31.53200,31.36300,31.47300,52395.96,1770509099999,1648059.3586600,7248,28632.45,900909.0248700,0
1770509100000,31.47300,31.47300,31.36200,31.40700,36074.12,1770509399999,1133465.4797100,4436,14161.62,445008.9033200,0
1770509400000,31.40800,31.52300,31.40800,31.50100,20382.25,1770509699999,641765.0663900,3352,11257.04,354387.5655600,0
1770509700000,31.50100,31.50800,31.31200,31.31300,51489.28,1770509999999,1617024.7685400,4851,15733.91,494083.4374400,0
1770510000000,31.31300,31.35200,31.20000,31.22300,61473.65,1770510299999,1921205.2729700,4225,21403.83,668953.0721100,0
1770510300000,31.22400,31.27900,31.20200,31.25300,20318.91,1770510599999,634711.9113100,3376,11565.47,361287.4075400,0
1770510600000,31.25200,31.28800,31.16800,31.21700,64740.31,1770510899999,2020219.4882200,5508,42058.32,1312172.8907000,0
1770510900000,31.21700,31.33800,31.18200,31.31300,27943.05,1770511199999,874100.9010100,4483,13513.52,422690.9770400,0
1770511200000,31.31500,31.32100,31.18800,31.20400,37868.48,1770511499999,1183714.0120300,4372,12511.85,390832.6959500,0
1770511500000,31.20500,31.27400,31.10100,31.25400,38164.53,1770511799999,1190533.6943800,5694,23619.04,736871.5517600,0
1770511800000,31.25400,31.33300,31.24500,31.24900,28957.08,1770512099999,905931.7527700,4578,12233.80,382816.9525300,0
1770512100000,31.24900,31.43100,31.20900,31.41900,37790.69,1770512399999,1183973.0170200,7818,22681.17,710476.6811700,0
1770512400000,31.41900,31.68800,31.41900,31.64500,65744.27,1770512699999,2076856.2331400,8266,51593.61,1629996.7200600,0
1770512700000,31.64400,31.91400,31.60900,31.84200,95669.80,1770512999999,3042135.8612500,10820,59390.35,1888638.8368600,0
1770513000000,31.83800,31.84500,31.69800,31.80000,71493.54,1770513299999,2272259.1952000,7375,22073.10,701621.5784300,0
1770513300000,31.79900,31.79900,31.52700,31.62500,72714.65,1770513599999,2299445.7219200,8579,21279.54,673211.4943900,0
1770513600000,31.62600,31.68700,31.59800,31.61400,14043.27,1770513899999,444293.4176700,3604,7530.02,238250.8124500,0
1770513900000,31.61400,31.65200,31.55900,31.64000,15805.41,1770514199999,499534.0895600,3486,9291.90,293701.8525800,0
1770514200000,31.64000,31.78700,31.62300,31.73300,25946.77,1770514499999,823263.4710500,5076,15501.85,491750.4874500,0
1770514500000,31.73300,31.95500,31.72800,31.93300,47304.11,1770514799999,1507871.9707800,8247,34123.13,1087545.6031100,0
1770514800000,31.93200,31.95700,31.83100,31.84300,29954.90,1770515099999,955207.6813400,4527,8153.27,259916.5922800,0
1770515100000,31.84300,31.86400,31.69600,31.75300,69093.56,1770515399999,2193756.1330200,6098,52296.93,1660365.8563700,0
1770515400000,31.75300,31.81200,31.71700,31.75400,16984.07,1770515699999,539552.9844800,4491,10236.56,325206.4210500,0
1770515700000,31.75500,31.86300,31.69100,31.73000,23204.46,1770515999999,737083.2042800,4499,14027.21,445587.7108400,0
1770516000000,31.72700,31.84100,31.68300,31.81400,23737.74,1770516299999,754151.0969600,5505,12415.10,394468.8830800,0
1770516300000,31.81300,31.91300,31.69200,31.73600,42478.05,1770516599999,1352217.7089500,6615,25408.51,809261.0728700,0
1770516600000,31.73600,31.75400,31.59100,31.63200,39159.56,1770516899999,1239716.2195800,5867,18311.13,579453.6310000,0
1770516900000,31.63100,31.70700,31.59700,31.68500,17768.21,1770517199999,562391.6958200,4513,9231.34,292243.1593600,0
1770517200000,31.68300,31.82500,31.67600,31.76100,21636.46,1770517499999,687590.6780700,5050,12220.47,388307.3205800,0
1770517500000,31.76000,31.76000,31.63300,31.65900,24067.61,1770517799999,762343.9521700,3758,13152.06,416532.4057600,0
1770517800000,31.66000,31.72600,31.48800,31.49500,26849.16,1770518099999,848535.4530000,4841,10865.38,343726.4216300,0
1770518100000,31.49600,31.50100,31.30000,31.32200,43191.11,1770518399999,1356082.7229100,7364,14752.74,463390.5253200,0
1770518400000,31.32100,31.33800,31.20000,31.22800,40286.30,1770518699999,1259021.8341200,6511,15734.42,491851.8535400,0
1770518700000,31.22900,31.26500,31.15200,31.20800,44842.92,1770518999999,1399480.7103600,5936,19623.40,612556.7199000,0
1770519000000,31.20800,31.34300,31.11800,31.14000,121671.59,1770519299999,3801447.9156900,8854,83593.52,2612564.3080300,0
1770519300000,31.13900,31.27100,31.13600,31.21400,33468.68,1770519599999,1044967.9632400,4973,20599.12,643104.8616000,0
1770519600000,31.21400,31.35100,31.21200,31.26900,35570.49,1770519899999,1112685.9095200,6617,17370.27,543395.3324500,0
1770519900000,31.26800,31.33200,31.21500,31.22600,31415.50,1770520199999,982459.1846800,5781,15225.21,476144.3624300,0
1770520200000,31.22700,31.28000,31.14900,31.24200,41625.76,1770520499999,1299101.3546900,5201,21293.31,664627.4118100,0
1770520500000,31.24100,31.33500,31.18600,31.18600,25921.86,1770520799999,810709.8803400,4673,14132.40,442057.6974000,0
1770520800000,31.18500,31.26500,31.16900,31.18500,26217.68,1770521099999,818514.0720800,4517,12423.85,387901.7354000,0
1770521100000,31.18600,31.25400,31.12600,31.15000,21896.25,1770521399999,682953.4922000,4315,9699.76,302526.7089300,0
1770521400000,31.14900,31.20800,31.12400,31.14300,24122.47,1770521699999,751813.2636400,4540,11929.01,371836.5615400,0
1770521700000,31.14200,31.17500,31.10300,31.11200,23068.38,1770521999999,718273.7711100,4080,10389.66,323531.9765100,0
1770522000000,31.11300,31.27500,30.93100,31.26000,131809.28,1770522299999,4092200.0409800,12797,46538.48,1446661.8027100,0
1770522300000,31.26000,31.45800,31.23500,31.36600,94016.07,1770522599999,2948112.3082500,8529,66293.54,2078715.5560000,0
1770522600000,31.36600,31.37900,31.27400,31.28700,23754.61,1770522899999,744217.6283900,4179,9755.44,305604.9347200,0
1770522900000,31.28700,31.37100,31.22600,31.31100,30506.73,1770523199999,954419.0954600,4243,15528.09,485963.5510900,0
1770523200000,31.31200,31.39900,31.22100,31.26100,23727.27,1770523499999,742551.0195800,4483,9077.09,284123.9138200,0
1770523500000,31.26100,31.38100,31.25800,31.36900,19203.54,1770523799999,601526.3353000,3732,12091.33,378773.4110400,0
1770523800000,31.36900,31.55500,31.33300,31.43300,155996.15,1770524099999,4906633.2730100,10247,44548.27,1401018.4325000,0
1770524100000,31.43300,31.51100,31.33300,31.37700,63172.76,1770524399999,1986197.2477400,6773,40056.18,1260011.3998100,0
1770524400000,31.37800,31.48400,31.33700,31.38300,20960.75,1770524699999,658239.4410100,4827,10754.90,337834.6463900,0
1770524700000,31.38400,31.65000,31.37500,31.62500,57168.28,1770524999999,1804444.7813500,8392,36174.53,1141782.1177000,0
1770525000000,31.62600,31.68200,31.47300,31.48900,62286.20,1770525299999,1966305.0888600,5976,16440.71,519383.8800800,0
1770525300000,31.48800,31.51000,31.42800,31.48100,23323.92,1770525599999,734120.6581100,4465,14133.12,444885.1619300,0
1770525600000,31.48100,31.56700,31.44800,31.49000,16534.69,1770525899999,521091.3285200,3664,8614.95,271528.0789800,0
1770525900000,31.49000,31.63300,31.46400,31.59600,20632.57,1770526199999,651377.1342400,4200,13184.93,416335.5981100,0
1770526200000,31.59600,31.62500,31.52100,31.53700,15205.05,1770526499999,480120.6394000,3223,4355.28,137565.4495900,0
1770526500000,31.53700,31.55600,31.40500,31.55400,32479.37,1770526799999,1021904.1422900,4429,16228.70,510753.4485600,0
1770526800000,31.55500,31.56000,31.45400,31.49100,18642.75,1770527099999,587477.2860900,4373,7472.40,235494.4214000,0
1770527100000,31.49200,31.59700,31.44500,31.59700,29687.48,1770527399999,935805.7761200,3946,22751.77,717342.9769300,0
1770527400000,31.59700,31.86200,31.57800,31.77500,69138.38,1770527699999,2194076.2088300,8816,45918.96,1457719.7934400,0
1770527700000,31.77400,31.89500,31.74800,31.83200,67054.20,1770527999999,2134009.5903000,7423,33826.36,1076902.7047900,0
1770528000000,31.83300,31.84400,31.68000,31.72100,33705.42,1770528299999,1069835.5219000,5425,10623.02,337013.7183600,0
1770528300000,31.72200,31.72400,31.60200,31.64100,19478.45,1770528599999,616573.4585900,3737,7681.34,243176.3028600,0
1770528600000,31.64100,31.64100,31.47900,31.49300,41948.47,1770528899999,1323839.7067100,5506,19322.22,610041.6555800,0
1770528900000,31.49400,31.64600,31.47000,31.61000,42136.19,1770529199999,1329309.1155600,4724,29347.16,925780.0140400,0
1770529200000,31.61100,31.67900,31.55100,31.62800,24967.13,1770529499999,789635.3702300,4024,10974.86,347130.0577300,0
1770529500000,31.62900,31.62900,31.52800,31.53600,12857.41,1770529799999,405903.5018400,3172,5602.53,176879.4995600,0
1770529800000,31.53600,31.54600,31.48100,31.50500,24733.72,1770530099999,779286.8963100,3597,13129.39,413703.9427100,0
1770530100000,31.50500,31.56600,31.47300,31.49100,10964.79,1770530399999,345500.0778900,2714,4743.80,149463.8969900,0
1770530400000,31.49200,31.54900,31.36800,31.37700,26350.56,1770530699999,828955.3039300,4325,12170.09,383042.4798400,0
1770530700000,31.37600,31.41900,31.32200,31.36300,31225.57,1770530999999,979758.0347500,4209,18067.26,567067.9186600,0
1770531000000,31.36400,31.42500,31.30000,31.38100,49937.32,1770531299999,1566120.0988400,4806,35846.23,1124508.3760800,0
1770531300000,31.38000,31.47000,31.27400,31.43100,44047.40,1770531599999,1382413.2801900,6470,21398.76,672022.6965800,0
1770531600000,31.43000,31.45300,31.34600,31.35200,18159.14,1770531899999,570268.5262400,3644,8603.65,270164.7197700,0
1770531900000,31.35200,31.35200,31.16200,31.21100,72775.78,1770532199999,2273057.9125900,7495,26251.49,820034.3159100,0
1770532200000,31.21100,31.21900,31.01600,31.01900,67617.62,1770532499999,2102008.6434500,6946,20072.21,623900.9020800,0
1770532500000,31.01800,31.11800,31.01500,31.10800,46626.20,1770532799999,1448070.5347700,5089,34552.93,1073071.7732600,0
1770532800000,31.10800,31.11900,31.00100,31.07700,39962.52,1770533099999,1241467.9882000,4678,13941.58,432950.2288800,0
1770533100000,31.07800,31.16700,31.05200,31.11700,30731.79,1770533399999,955995.7782600,4734,18246.44,567605.3596600,0
1770533400000,31.11600,31.11600,30.53900,30.59000,322739.16,1770533699999,9914707.8589500,23624,97899.94,3007019.6383700,0
1770533700000,30.59000,30.84000,30.48000,30.82400,212705.82,1770533999999,6511468.5641900,16481,106549.21,3264655.9727200,0
1770534000000,30.82400,30.96000,30.70800,30.84500,176929.22,1770534299999,5456100.8376200,17534,89730.12,2767352.9470800,0
1770534300000,30.84400,30.96900,30.81600,30.90600,71861.12,1770534599999,2220756.2305800,10664,36503.41,1128294.2087600,0
1770534600000,30.90600,31.11800,30.89000,31.09300,67013.49,1770534899999,2078185.4307800,10672,37346.49,1158242.2685400,0
1770534900000,31.09300,31.18400,31.05800,31.13600,67173.31,1770535199999,2091292.0442600,8426,23641.31,736205.0977600,0
1770535200000,31.13800,31.14300,31.05900,31.12400,31846.91,1770535499999,990652.4319100,6175,12743.50,396448.3614700,0
1770535500000,31.12400,31.14900,30.92800,30.96600,67344.59,1770535799999,2089639.6804900,6548,20526.02,636925.6456100,0
1770535800000,30.96600,30.96600,30.77100,30.94000,102530.85,1770536099999,3165009.5742500,9226,37631.74,1161737.8343900,0
1770536100000,30.94000,31.04000,30.94000,31.03600,29098.32,1770536399999,902236.7993700,4768,14683.08,455235.9942300,0
1770536400000,31.03600,31.07500,30.95000,30.99900,27454.01,1770536699999,851394.1602300,4731,15468.48,479720.6625300,0
1770536700000,30.99900,31.10500,30.99200,31.00500,28000.77,1770536999999,869679.2966100,4836,15193.99,471955.8812700,0
1770537000000,31.00600,31.09900,30.93900,30.96900,24594.64,1770537299999,762584.5642800,4590,11032.82,342029.9692900,0
1770537300000,30.96900,31.03300,30.85800,31.03000,42114.70,1770537599999,1302735.1002700,5768,17260.48,534186.5424100,0
1770537600000,31.03000,31.23300,30.98300,31.14100,65504.40,1770537899999,2038594.2588400,9282,36071.41,1122073.2172900,0
1770537900000,31.14000,31.18600,31.05300,31.07000,40876.20,1770538199999,1272040.7138300,6149,21440.30,667336.2691400,0
1770538200000,31.07000,31.07000,30.86500,30.87700,79546.42,1770538499999,2460428.7092600,5726,22682.21,701875.8330200,0
1770538500000,30.87700,30.92200,30.70200,30.76900,84515.37,1770538799999,2602877.1500700,8232,23485.86,724226.5367200,0
1770538800000,30.77000,31.41800,30.75600,31.39600,143229.83,1770539099999,4458177.9415400,15109,86737.66,2701520.9663500,0
1770539100000,31.39700,31.61300,31.35100,31.48100,147399.78,1770539399999,4639588.5361900,17770,74231.24,2337268.8257500,0
1770539400000,31.48000,31.62300,31.35900,31.58600,150435.00,1770539699999,4736241.1433300,17170,82347.13,2593774.7943800,0
1770539700000,31.58500,31.62900,31.44800,31.47300,101080.05,1770539999999,3187383.3568400,13241,53174.80,1676983.1804700,0
1770540000000,31.47400,31.49300,31.29300,31.30300,87287.65,1770540299999,2738779.0730000,9729,40221.14,1261821.5577000,0
1770540300000,31.30300,31.48800,31.23100,31.43000,91131.85,1770540599999,2856843.3322500,10080,54437.49,1707593.9325500,0
1770540600000,31.43000,31.48100,31.30800,31.37900,35245.03,1770540899999,1106208.6161800,6719,15946.55,500481.6663300,0
1770540900000,31.37900,31.54400,31.36400,31.49800,36030.65,1770541199999,1133643.7866100,5739,15738.98,495303.4580400,0
1770541200000,31.49800,31.84000,31.45700,31.74900,116805.62,1770541499999,3696658.4863900,13279,76818.48,2431556.7976700,0
1770541500000,31.74300,31.99900,31.73700,31.98100,156917.17,1770541799999,5001222.5601000,16229,96668.67,3081172.9950400,0
1770541800000,31.98200,31.99900,31.75700,31.78600,105956.62,1770542099999,3374843.1865300,13146,36325.36,1157338.8927100,0
1770542100000,31.78700,31.85900,31.70900,31.77700,52264.71,1770542399999,1660340.8206200,9071,22477.14,714179.3669500,0
1770542400000,31.77700,31.80300,31.64400,31.71600,41464.32,1770542699999,1316023.5602700,7224,18346.59,582335.0746200,0
1770542700000,31.71800,31.82000,31.67700,31.72800,29248.72,1770542999999,928688.4197200,5753,15381.57,488445.7583200,0
1770543000000,31.72800,31.85300,31.66400,31.76700,49954.46,1770543299999,1585955.6037900,8305,28495.33,904731.8308100,0
1770543300000,31.76700,31.76700,31.59300,31.67100,59823.70,1770543599999,1893964.6598700,9341,27618.10,874487.7609000,0
1770543600000,31.67200,31.69100,31.50000,31.56500,34799.23,1770543899999,1098203.1186600,6531,13302.63,419884.4487400,0
1770543900000,31.56500,31.65000,31.51400,31.59600,39592.78,1770544199999,1250765.0451400,5667,27358.61,864316.8809100,0
1770544200000,31.59700,31.66600,31.50700,31.59500,30131.93,1770544499999,951625.7962600,6146,14002.83,442331.1367900,0
1770544500000,31.59600,31.65300,31.56300,31.56400,21515.58,1770544799999,680025.6727300,4036,13210.89,417564.6723300,0
1770544800000,31.56400,31.75400,31.54200,31.67100,57426.84,1770545099999,1818916.1285000,8301,25003.22,792081.3578500,0
1770545100000,31.67100,31.88000,31.65000,31.80300,47674.97,1770545399999,1515341.6873900,7099,25928.84,824126.4091800,0
1770545400000,31.80300,31.82400,31.70100,31.70800,18362.68,1770545699999,583154.2769200,4332,6052.25,192204.5282500,0
1770545700000,31.70700,31.77800,31.54200,31.60100,39329.91,1770545999999,1244162.2131100,6805,15493.12,490306.4936900,0
1770546000000,31.60000,31.65100,31.37400,31.49200,82546.84,1770546299999,2598689.2008100,11798,47921.18,1508548.6163400,0
1770546300000,31.49100,31.58600,31.39800,31.48600,49431.96,1770546599999,1556733.4475800,7142,21248.39,669305.1570200,0
1770546600000,31.48600,31.56800,31.41300,31.50600,38260.62,1770546899999,1205087.0652000,6542,16941.06,533690.3299200,0
1770546900000,31.50500,31.60900,31.49200,31.55800,15764.95,1770547199999,497435.0129200,4435,8468.97,267217.5219800,0
1770547200000,31.55800,31.63600,31.51000,31.59800,18087.41,1770547499999,571113.3375400,3624,9506.87,300261.8540300,0
1770547500000,31.59800,31.65000,31.54000,31.63700,27469.37,1770547799999,867641.5572700,4472,12421.47,392483.6945600,0
1770547800000,31.63700,31.81200,31.63700,31.76400,41233.09,1770548099999,1309446.0454800,6061,23476.66,745464.8462700,0
1770548100000,31.76300,31.77800,31.68300,31.69300,41710.99,1770548399999,1323432.5017400,4992,10410.58,330330.3187100,0
1770548400000,31.69500,31.76200,31.59700,31.66400,34631.55,1770548699999,1097148.4660600,6738,17912.60,567686.4373500,0
1770548700000,31.66300,31.71300,31.65200,31.66700,14630.09,1770548999999,463529.5332400,3932,6578.27,208414.4923500,0
1770549000000,31.66800,32.08700,31.63800,32.05800,110116.97,1770549299999,3517045.7187600,12444,76771.14,2452778.2547300,0
1770549300000,32.05800,32.07800,31.90400,31.97100,80808.09,1770549599999,2586757.5032800,11377,37908.03,1213766.8357900,0
1770549600000,31.97000,32.16600,31.82500,32.11800,94212.81,1770549899999,3014872.0028100,12246,53053.01,1698132.6181300,0
1770549900000,32.11700,32.12400,31.89900,31.90400,93021.49,1770550199999,2976194.8334500,9605,49595.30,1586921.6750100,0
1770550200000,31.90600,32.07600,31.88400,31.96200,77991.23,1770550499999,2494869.4903800,9682,47710.35,1526592.3891800,0
1770550500000,31.96200,31.96200,31.81500,31.82900,47321.43,1770550799999,1508690.5984400,7838,18008.57,574208.4888000,0
1770550800000,31.82900,31.85200,31.73000,31.77000,42077.17,1770551099999,1337582.5293300,6938,17791.84,565768.7750800,0
1770551100000,31.77400,31.89100,31.72300,31.78900,34019.64,1770551399999,1082196.0048300,6405,19204.38,611078.0805400,0
1770551400000,31.78900,32.03000,31.77300,32.03000,93690.45,1770551699999,2987241.6512300,11570,63908.44,2037989.2143800,0
1770551700000,32.02800,32.10900,31.99200,32.04800,63121.00,1770551999999,2023217.1893800,9105,35683.30,1143893.4446600,0
1770552000000,32.04800,32.26200,31.92700,32.24400,129761.12,1770552299999,4161159.5359500,11634,76814.20,2464433.8806600,0
1770552300000,32.24000,32.26400,31.91600,31.92800,69376.98,1770552599999,2224402.9138900,8317,26682.73,855803.3102700,0
1770552600000,31.92800,31.95500,31.75600,31.83400,94055.99,1770552899999,2994941.9083900,7845,29837.25,950340.0673800,0
1770552900000,31.83400,31.87700,31.75200,31.76200,36434.90,1770553199999,1159350.1123900,5608,18600.98,591885.6889800,0
1770553200000,31.76200,31.80300,31.70800,31.74100,29135.71,1770553499999,925173.1036500,5082,14022.16,445291.1286400,0
1770553500000,31.74200,31.90800,31.74000,31.89400,45919.29,1770553799999,1461454.1851600,6292,33494.09,1066144.6325000,0
1770553800000,31.89400,31.90100,31.71300,31.74000,38719.63,1770554099999,1231341.1638700,5386,13757.94,437542.9248500,0
1770554100000,31.73900,31.86200,31.65200,31.68600,39819.79,1770554399999,1264139.8704700,6702,19117.15,607148.2494200,0
1770554400000,31.68600,31.68700,31.30200,31.33200,158049.15,1770554699999,4967890.4051400,16930,59730.98,1877378.3301000,0
1770554700000,31.33300,31.47200,31.26300,31.42600,100756.69,1770554999999,3160152.8696900,7920,70893.56,2223473.4804200,0
1770555000000,31.42500,31.49000,31.36500,31.47800,45836.37,1770555299999,1440165.6753000,6315,20871.20,655868.9507300,0
1770555300000,31.47700,31.66900,31.42000,31.54700,102095.63,1770555599999,3222878.8893200,9265,66178.85,2089862.1663500,0
1770555600000,31.54600,31.59600,31.43200,31.44600,54935.77,1770555899999,1731650.1001600,8859,24124.87,760771.5884600,0
1770555900000,31.44700,31.44700,31.33800,31.36900,37765.88,1770556199999,1185542.6223600,6394,14712.81,461893.2872800,0
1770556200000,31.36900,31.50700,31.36900,31.49100,21000.94,1770556499999,660404.4970800,3759,13161.17,413815.8676100,0
1770556500000,31.49000,31.61700,31.46500,31.60500,33946.87,1770556799999,1070067.3945900,5257,20249.33,638340.0734600,0
1770556800000,31.60600,31.76700,31.54600,31.68600,78419.51,1770557099999,2480560.0249300,8796,37453.22,1185205.1930000,0
1770557100000,31.68600,31.74600,31.52900,31.59400,47179.01,1770557399999,1492275.0637700,6394,17859.11,565233.7474200,0
1770557400000,31.59400,31.63500,31.52500,31.59400,25778.16,1770557699999,814399.8561700,4844,13138.41,415186.9665600,0
1770557700000,31.59400,31.62300,31.49500,31.54400,30598.54,1770557999999,965383.1513600,5419,11118.72,350748.9353900,0
1770558000000,31.54200,31.63600,31.49100,31.52800,24962.91,1770558299999,787691.0973100,4386,12898.27,407149.1602300,0
1770558300000,31.52800,31.64800,31.52800,31.61800,26730.65,1770558599999,844586.5702000,5022,14183.77,448196.5133400,0
1770558600000,31.61900,31.76700,31.61500,31.61900,35813.35,1770558899999,1135137.7401100,6387,18820.89,596748.4667000,0
1770558900000,31.61900,31.85900,31.61200,31.75600,46942.63,1770559199999,1490890.6857600,7865,27730.47,880805.1629800,0
1770559200000,31.75500,31.83000,31.68800,31.76800,41735.38,1770559499999,1325851.8989800,6488,14054.57,446442.8338800,0
1770559500000,31.76900,31.77600,31.62900,31.64200,22472.46,1770559799999,712070.0860000,4520,8358.16,264805.1303600,0
1770559800000,31.64200,31.71700,31.63600,31.66000,11962.30,1770560099999,378933.4052400,3688,5978.98,189428.5004800,0
1770560100000,31.66000,31.71200,31.56300,31.60400,20116.44,1770560399999,636306.9879400,4370,10468.51,331101.5669100,0
1770560400000,31.60500,31.61100,31.48900,31.51500,38833.00,1770560699999,1224362.8889100,6414,17745.63,559413.8555200,0
1770560700000,31.51600,31.64700,31.51600,31.61500,25464.76,1770560999999,804929.1833400,4860,14625.23,462255.9904300,0
1770561000000,31.61600,31.69600,31.57000,31.68800,24402.56,1770561299999,772082.5112700,4949,16418.77,519552.1275500,0
1770561300000,31.68700,31.72800,31.62700,31.67100,26209.35,1770561599999,829759.8411600,3959,7690.15,243522.0686800,0
1770561600000,31.67100,31.69700,31.54800,31.60000,17549.46,1770561899999,554754.6890800,4078,7382.89,233339.9512900,0
1770561900000,31.60100,31.62200,31.41200,31.44300,40884.51,1770562199999,1288214.6391600,7122,17845.51,562248.2534800,0
1770562200000,31.44200,31.57700,31.41300,31.49100,40917.18,1770562499999,1288324.8363400,7464,23468.70,738906.0318000,0
1770562500000,31.49100,31.52000,31.42000,31.50300,20108.32,1770562799999,632493.1556500,3688,7566.12,238040.6338500,0
1770562800000,31.50400,31.62300,31.43500,31.61600,43391.82,1770563099999,1369686.6470100,7866,22600.68,713399.0084600,0
1770563100000,31.61700,31.72600,31.55200,31.55400,56234.35,1770563399999,1779727.4305100,6685,31881.20,1009028.7261100,0
1770563400000,31.55400,31.62300,31.53400,31.59300,39999.18,1770563699999,1262723.0104400,4085,16113.24,508926.9395600,0
1770563700000,31.59300,31.59800,31.41500,31.44800,38126.05,1770563999999,1200601.8784200,5787,17613.00,554706.8720300,0
1770564000000,31.44900,31.53300,31.35000,31.37800,49049.52,1770564299999,1541594.0267300,6160,16608.34,522247.3832200,0
1770564300000,31.37900,31.39400,31.11800,31.13900,128476.63,1770564599999,4010523.4234500,11829,53964.14,1684584.4125900,0
1770564600000,31.13900,31.27000,31.07600,31.25300,88560.72,1770564899999,2759448.4543200,10727,38902.28,1212292.3574800,0
1770564900000,31.25400,31.37600,31.18200,31.37000,40029.28,1770565199999,1252435.5411900,7101,22938.14,717938.1872500,0
1770565200000,31.37000,31.41400,31.31500,31.38400,27049.61,1770565499999,848639.0161200,4652,10899.28,342032.2978500,0
1770565500000,31.38400,31.52500,31.36000,31.43100,66751.34,1770565799999,2099702.7554800,7933,39737.97,1249846.0057200,0
1770565800000,31.43100,31.57200,31.40300,31.53400,36442.04,1770566099999,1147595.7664200,5293,22685.12,714554.7806400,0
1770566100000,31.53300,31.62200,31.53300,31.61900,27138.50,1770566399999,856891.1406200,4217,12167.28,384186.4298000,0
1770566400000,31.61800,31.73600,31.56000,31.72800,68324.94,1770566699999,2161251.3824300,7355,32496.46,1027971.0016500,0
1770566700000,31.72800,31.72900,31.45100,31.45800,58815.14,1770566999999,1856552.6924500,7636,15846.06,499858.5091900,0
1770567000000,31.45900,31.60100,31.39600,31.56400,48562.48,1770567299999,1528905.4111800,5888,25649.85,807641.5033300,0
1770567300000,31.56500,31.90400,31.56500,31.87900,75182.47,1770567599999,2388882.6356200,9810,49262.56,1565666.4503300,0
1770567600000,31.88000,31.99400,31.79400,31.81600,64961.38,1770567899999,2072413.3690900,8537,32403.34,1034093.2384800,0
1770567900000,31.81700,31.92700,31.81700,31.87600,30212.92,1770568199999,963323.4994800,4905,15568.08,496409.3151000,0
1770568200000,31.87600,31.88400,31.73400,31.75500,42053.70,1770568499999,1337563.5217200,5137,13740.65,437135.2691700,0
1770568500000,31.75600,31.82400,31.65900,31.68200,41430.40,1770568799999,1314539.7773900,6167,22438.06,711842.9693900,0
1770568800000,31.68100,31.78400,31.61700,31.78300,66241.99,1770569099999,2098688.0140000,8828,38925.83,1233682.8244700,0
1770569100000,31.78300,31.79900,31.63000,31.65200,48545.61,1770569399999,1540101.3211800,8007,22218.21,705096.3588100,0
1770569400000,31.65100,31.87300,31.65000,31.83900,76258.73,1770569699999,2422456.0389400,11310,45758.80,1453838.4915800,0
1770569700000,31.83900,31.86800,31.69700,31.80200,63340.61,1770569999999,2013528.0898400,8605,30585.44,972167.9174700,0
1770570000000,31.80000,31.98400,31.70800,31.91900,58121.63,1770570299999,1852041.8352600,10358,36794.34,1172690.2178900,0
1770570300000,31.91800,32.30000,31.90700,32.23500,183569.00,1770570599999,5902268.4637200,20929,96084.89,3088977.3280100,0
1770570600000,32.23400,32.28300,32.14400,32.15400,67018.13,1770570899999,2159418.9846500,10506,35120.22,1131736.8101200,0
1770570900000,32.15300,32.43900,32.14500,32.34800,155776.61,1770571199999,5033664.0601700,15112,72114.38,2330907.3409800,0
1770571200000,32.34800,32.44600,32.18600,32.18700,57453.95,1770571499999,1857814.3719900,11137,29112.59,941907.4857900,0
1770571500000,32.18600,32.22600,32.10400,32.12200,59777.08,1770571799999,1922614.7014900,9245,26762.56,860955.7564000,0
1770571800000,32.12200,32.26900,32.04800,32.25900,75347.56,1770572099999,2420445.3211600,9436,41314.02,1327540.0618100,0
1770572100000,32.25800,32.35100,32.21100,32.26300,54256.98,1770572399999,1751937.5938500,7087,22791.70,735831.2808900,0
1770572400000,32.26100,32.26600,32.13900,32.14800,24234.62,1770572699999,780232.7079700,4833,11573.43,372605.1447700,0
1770572700000,32.14900,32.16500,32.02800,32.06000,43376.46,1770572999999,1391716.2824600,6210,25704.47,824609.1755300,0
1770573000000,32.06000,32.29900,32.06000,32.16800,40449.05,1770573299999,1302810.6795600,6456,23437.38,755010.7921300,0
1770573300000,32.16800,32.28300,32.13200,32.26400,28136.76,1770573599999,905796.9170600,4410,20854.65,671241.4720600,0
1770573600000,32.26500,32.47300,32.21500,32.45700,54792.85,1770573899999,1773898.1159500,8202,37155.27,1203335.6207000,0
1770573900000,32.45900,32.48100,32.37700,32.42700,31615.87,1770574199999,1025147.8835400,6280,12177.59,394941.0256000,0
1770574200000,32.42600,32.48900,32.36200,32.36700,31983.96,1770574499999,1037164.7333400,5025,17396.56,564246.8920400,0
1770574500000,32.36600,32.40700,32.25600,32.33900,37194.85,1770574799999,1202390.3618200,6898,17701.80,572371.2513900,0
1770574800000,32.34000,32.37500,32.27600,32.30000,14865.55,1770575099999,480489.6430000,4366,7869.06,254383.0154400,0
1770575100000,32.29900,32.37300,32.29000,32.34800,14441.72,1770575399999,467010.2219900,3772,9323.58,301460.7250600,0
1770575400000,32.34800,32.91100,32.34500,32.78200,207639.74,1770575699999,6793323.1732400,21258,137843.12,4508503.2307200,0
1770575700000,32.78300,32.78600,32.58200,32.68300,95029.70,1770575999999,3105002.6154900,10718,39113.33,1277662.2877700,0
1770576000000,32.68600,32.83800,32.60900,32.70800,66767.60,1770576299999,2185758.1399800,9008,39331.22,1287578.2608300,0
1770576300000,32.70700,32.76500,32.61600,32.65300,51559.89,1770576599999,1685035.2609100,7882,21563.79,704905.9440300,0
1770576600000,32.65100,32.66900,32.50400,32.54800,46428.15,1770576899999,1512562.1285200,7075,21982.17,716282.4301900,0
1770576900000,32.54900,32.66600,32.52400,32.56700,21262.28,1770577199999,693049.7711600,4458,10409.52,339378.6470800,0
1770577200000,32.56700,32.68800,32.56700,32.60400,30485.02,1770577499999,994494.6941100,5177,20099.08,655680.8978200,0
1770577500000,32.60400,32.73900,32.54100,32.66600,44663.68,1770577799999,1458782.7246600,6862,22230.40,726383.7209300,0
1770577800000,32.66500,32.68100,32.58500,32.59700,23449.13,1770578099999,764967.7689700,4928,12449.46,406133.3355600,0
1770578100000,32.59800,32.66700,32.56700,32.58100,17791.17,1770578399999,580261.0592600,4625,8622.39,281262.4454100,0
1770578400000,32.58100,32.66700,32.57300,32.60200,11770.81,1770578699999,383973.3553600,3497,6637.36,216479.8716800,0
1770578700000,32.60200,32.60400,32.51100,32.53800,16458.40,1770578999999,535777.4555200,4649,8454.78,275232.1667100,0
1770579000000,32.53800,32.71800,32.53800,32.58200,32130.08,1770579299999,1048219.7963000,6410,15948.72,520288.8872100,0
1770579300000,32.58200,32.70800,32.57700,32.66100,13918.19,1770579599999,454401.3124100,4118,9431.45,307926.9391000,0
1770579600000,32.66000,32.70200,32.60900,32.66100,13231.62,1770579899999,432042.2340100,3406,6613.58,215984.0971900,0
1770579900000,32.66200,32.79500,32.59200,32.75600,29124.20,1770580199999,952350.5874100,5652,19037.94,622660.5143200,0
1770580200000,32.75500,32.96700,32.75300,32.86900,84729.63,1770580499999,2787080.9975400,10243,48878.47,1607415.1895200,0
1770580500000,32.87000,32.90400,32.71500,32.73800,28210.55,1770580799999,925235.0047000,5663,13484.49,442287.4008900,0
1770580800000,32.73900,32.75100,32.58400,32.59200,33659.44,1770581099999,1099576.7685900,7081,15036.11,491356.0219200,0
1770581100000,32.59100,32.68100,32.50700,32.53600,52486.29,1770581399999,1709735.0234400,7947,25631.93,835231.6939100,0
1770581400000,32.53800,32.69200,32.53800,32.67900,17695.96,1770581699999,577488.5973200,4041,10610.53,346253.4041000,0
1770581700000,32.67900,32.87400,32.65400,32.86400,29884.53,1770581999999,979819.1407600,5455,19110.48,626618.1966400,0
1770582000000,32.86300,32.88600,32.72700,32.79500,27239.97,1770582299999,893643.2084800,4641,11433.52,375142.3192600,0
1770582300000,32.79500,32.79900,32.68700,32.74900,18955.48,1770582599999,620680.5801900,4546,6613.09,216586.2698500,0
1770582600000,32.74600,32.75200,32.68100,32.74700,16617.44,1770582899999,543667.3343200,3720,8241.64,269668.5605800,0
1770582900000,32.74800,32.79400,32.63400,32.63400,12729.96,1770583199999,416733.2698000,3697,8077.03,264502.7463000,0
1770583200000,32.63500,32.70000,32.60800,32.61900,20297.79,1770583499999,662885.4525100,4731,12155.88,397078.7045700,0
1770583500000,32.62200,32.70600,32.48000,32.48500,41407.02,1770583799999,1348938.8795800,6812,15845.20,516596.5875100,0
1770583800000,32.48400,32.51900,32.36500,32.43000,47389.14,1770584099999,1536872.8820200,7225,25516.45,827585.1953600,0
1770584100000,32.43100,32.49900,32.27300,32.35300,35397.41,1770584399999,1145674.8718100,6242,12579.94,407227.2458800,0
1770584400000,32.35200,32.53000,32.30900,32.43700,36627.17,1770584699999,1188016.1796500,6513,15545.14,504137.6376800,0
1770584700000,32.43600,32.61700,32.41400,32.50800,21826.36,1770584999999,709875.1865200,4495,13968.54,454394.9398400,0
1770585000000,32.50700,32.61600,32.46500,32.51000,13452.17,1770585299999,437666.2421600,4190,6580.21,214126.7669100,0
1770585300000,32.51000,32.55000,32.42300,32.43600,15316.83,1770585599999,497676.0169600,3782,7900.00,256820.5903400,0
1770585600000,32.43600,32.51300,32.38700,32.44600,14353.91,1770585899999,465733.5463200,3961,8143.61,264273.3925700,0
1770585900000,32.44700,32.47600,32.39900,32.40100,17429.90,1770586199999,565216.8033200,3022,9019.94,292453.6974400,0
1770586200000,32.40100,32.41900,32.05600,32.18500,131052.76,1770586499999,4215377.4778500,11311,39888.41,1282907.6032800,0
1770586500000,32.18400,32.19800,32.11000,32.19800,28675.27,1770586799999,921789.2843500,5080,12426.48,399463.9425700,0
1770586800000,32.19800,32.24200,32.14600,32.17100,28493.57,1770587099999,917440.7472700,4714,10660.41,343320.1115900,0
1770587100000,32.17000,32.32500,32.15200,32.23200,24823.78,1770587399999,800673.0996200,4522,15087.68,486712.9889800,0
1770587400000,32.23100,32.23100,32.09700,32.12800,20949.12,1770587699999,673357.1120800,4556,7914.68,254341.4411900,0
1770587700000,32.12700,32.20800,32.05300,32.17300,21910.33,1770587999999,703764.3390200,4305,12564.92,403689.3102800,0
1770588000000,32.17300,32.23300,32.10800,32.13400,13880.77,1770588299999,446428.2846200,4145,5520.22,177528.2401600,0
1770588300000,32.13300,32.16400,32.04300,32.05200,25834.82,1770588599999,829531.7988000,4593,9795.21,314513.2405600,0
1770588600000,32.05200,32.17200,32.03700,32.16700,14376.42,1770588899999,461748.9271800,3077,7936.09,254893.4154000,0
1770588900000,32.16500,32.30900,32.10200,32.29800,35916.71,1770589199999,1156144.3554000,5173,23323.65,750711.7524800,0
1770589200000,32.29600,32.32600,32.22900,32.27500,18334.44,1770589499999,591814.8230600,3464,7641.01,246653.6803000,0
1770589500000,32.27500,32.34200,32.22900,32.32800,14039.85,1770589799999,453548.7330800,2933,6094.61,196885.9475000,0
1770589800000,32.33000,32.39200,32.29300,32.38200,19243.54,1770590099999,622547.5085100,3067,9694.67,313609.4740200,0
1770590100000,32.37800,32.40600,32.32300,32.39600,13651.02,1770590399999,441856.0340700,2218,3536.10,114474.2090900,0
1770590400000,32.39700,32.42700,32.29700,32.34200,10771.28,1770590699999,348647.8471500,2319,5625.93,182143.2270700,0
1770590700000,32.34200,32.34700,32.29000,32.32900,7096.19,1770590999999,229342.6355700,1661,4301.81,139035.7496100,0
1770591000000,32.32800,32.38300,32.28500,32.28500,10778.24,1770591299999,348502.0473500,1610,5665.66,183230.4151600,0
1770591300000,32.28500,32.35900,32.26000,32.32100,9672.47,1770591599999,312554.5762700,2612,5840.88,188758.0500400,0
1770591600000,32.32000,32.93200,32.30800,32.78500,144786.13,1770591899999,4734823.1763900,13342,112490.86,3679158.9122400,0
1770591900000,32.78600,33.03100,32.78600,32.92200,154985.34,1770592199999,5105880.7939000,22511,95329.53,3140548.2879100,0
1770592200000,32.92100,32.92100,32.50100,32.57000,139912.84,1770592499999,4569090.5911200,16892,55092.02,1798618.7590900,0
1770592500000,32.56900,32.67500,32.44700,32.52700,40890.90,1770592799999,1331808.6447100,9605,17668.29,575777.3041300,0
1770592800000,32.52700,32.63300,32.32600,32.34000,48713.73,1770593099999,1581901.1986900,10537,21201.98,688662.0080500,0
1770593100000,32.33900,32.61700,32.32800,32.49500,86503.64,1770593399999,2810551.3195500,10186,56326.58,1830157.4978300,0
1770593400000,32.49400,32.54700,32.22700,32.25100,61446.37,1770593699999,1990215.7129000,11343,22311.28,723182.6258500,0
1770593700000,32.25100,32.32400,32.12500,32.14700,68965.25,1770593999999,2221951.7380900,10427,32668.85,1052830.6117600,0
1770594000000,32.14600,32.39400,32.12100,32.34700,70637.50,1770594299999,2279684.5015600,9159,46895.07,1513610.3504000,0
1770594300000,32.34700,32.54800,32.30500,32.51500,46906.77,1770594599999,1520227.8634800,8611,24744.80,802131.3149100,0
1770594600000,32.51700,32.56800,32.40000,32.51600,63047.84,1770594899999,2047929.9404500,9066,33477.33,1087538.7990500,0
1770594900000,32.51500,32.51800,32.33400,32.44100,32876.02,1770595199999,1066093.6962800,5666,13339.16,432491.4009700,0
1770595200000,32.44100,32.54400,32.36000,32.40200,42183.28,1770595499999,1368275.8408700,8140,20082.56,651742.7540300,0
1770595500000,32.39900,32.43800,32.22600,32.34700,52304.04,1770595799999,1689844.0856900,6884,17260.47,557958.1174600,0
1770595800000,32.34700,32.59000,32.31200,32.57500,43818.04,1770596099999,1422851.6862100,6275,26334.81,855509.9613400,0
1770596100000,32.57500,32.61100,32.38000,32.38100,43335.68,1770596399999,1407886.4470600,5810,12221.17,397074.6847100,0
1770596400000,32.38200,32.60200,32.38200,32.59300,25502.70,1770596699999,828441.7243400,4249,15126.38,491541.9448800,0
1770596700000,32.59200,32.64900,32.43500,32.45400,33739.01,1770596999999,1098650.5970500,5426,12075.98,393320.2394100,0
1770597000000,32.45400,32.76400,32.42000,32.73500,66896.89,1770597299999,2183099.3892600,7142,47711.54,1557292.8248000,0
1770597300000,32.73500,32.76800,32.56300,32.73600,34180.11,1770597599999,1116765.0445500,6432,15072.12,492365.3578100,0
1770597600000,32.73600,32.83700,32.65100,32.82200,45549.51,1770597899999,1491514.7400200,7349,17770.01,582124.3383200,0
1770597900000,32.82000,32.99000,32.73900,32.98000,51551.27,1770598199999,1695714.9772200,7734,29106.87,957855.7399200,0
1770598200000,32.98000,33.03900,32.86300,32.90900,68699.54,1770598499999,2263617.6394800,7123,25928.18,854734.5982500,0
1770598500000,32.90900,32.96600,32.86800,32.95500,17958.15,1770598799999,591171.7876800,5200,9178.87,302206.1087500,0
1770598800000,32.95500,33.09000,32.85000,32.89000,67986.10,1770599099999,2241962.9555900,9367,29643.39,977973.2635700,0
1770599100000,32.88900,32.88900,32.70900,32.82000,41149.57,1770599399999,1349080.2276300,6458,18421.06,603863.0465100,0
1770599400000,32.82200,32.85600,32.71500,32.72400,16405.72,1770599699999,537860.2286700,4059,6903.56,226356.2943600,0
1770599700000,32.72800,32.91100,32.64700,32.90300,35708.79,1770599999999,1170081.8708700,6762,22369.86,733334.2612900,0
1770600000000,32.90300,33.15000,32.89600,33.13300,75784.56,1770600299999,2502810.4721100,11333,37493.90,1238603.8441000,0
1770600300000,33.13300,33.24200,33.08900,33.09800,64519.30,1770600599999,2139592.0022800,7894,28602.44,948774.2747100,0
1770600600000,33.09800,33.31300,33.09400,33.24000,87652.08,1770600899999,2912794.7629800,9539,52834.77,1755281.6663700,0
1770600900000,33.24000,33.24900,32.94600,33.08000,89084.30,1770601199999,2945044.1912300,10835,45896.22,1516680.6446100,0
1770601200000,33.07900,33.11400,32.76000,32.87800,86161.69,1770601499999,2834289.3483500,12987,37571.06,1235666.5203800,0
1770601500000,32.87800,32.94200,32.74100,32.85900,76076.71,1770601799999,2497379.6332800,9916,31621.79,1038105.3808400,0
1770601800000,32.85500,33.13600,32.85100,33.06400,40321.56,1770602099999,1332133.5278600,8143,24990.44,825386.5824000,0
1770602100000,33.06300,33.10600,32.88800,33.09100,41307.87,1770602399999,1363311.0454600,7486,20934.98,691052.9680800,0
1770602400000,33.09000,33.19500,33.00000,33.18700,38092.16,1770602699999,1261313.4915600,7144,23905.08,791941.0769500,0
1770602700000,33.18600,33.28100,33.15400,33.22800,56668.37,1770602999999,1882577.2471300,9060,30935.74,1027750.9677700,0
1770603000000,33.22800,33.24400,32.89600,32.89900,63981.18,1770603299999,2114587.2035800,9637,22123.33,731290.7041100,0
1770603300000,32.89900,32.98800,32.89300,32.93000,50668.57,1770603599999,1669100.9885300,6067,26019.11,857095.7447600,0
1770603600000,32.93100,33.06400,32.82000,32.96800,61113.90,1770603899999,2012955.9044800,7630,36629.07,1207078.7194300,0
1770603900000,32.96700,32.97800,32.80800,32.86200,31492.00,1770604199999,1035430.8989200,4610,10071.23,331053.3903900,0
1770604200000,32.86200,32.96800,32.84200,32.86500,27229.18,1770604499999,896155.0136000,4764,18404.37,605805.9251300,0
1770604500000,32.86400,33.01800,32.85300,33.00200,23006.48,1770604799999,757427.8267500,4932,12816.42,422116.4139500,0
1770604800000,33.00100,33.17600,32.98800,33.13100,43313.86,1770605099999,1434096.1446600,8365,23085.00,764380.7591600,0
1770605100000,33.12800,33.14700,33.03700,33.08000,33759.20,1770605399999,1117065.0627900,5693,10378.78,343415.9596400,0
1770605400000,33.07900,33.10900,32.91600,32.95600,46343.81,1770605699999,1529944.0831700,5858,21645.46,714699.2848100,0
1770605700000,32.95600,33.00500,32.90600,32.94600,29935.67,1770605999999,986616.2950000,4206,20446.36,673905.5154000,0
1770606000000,32.94500,32.95300,32.79900,32.84900,31662.94,1770606299999,1040505.6288700,5564,15195.12,499360.6273100,0
1770606300000,32.84900,32.94800,32.77400,32.86500,29733.83,1770606599999,977035.0611100,5775,13237.78,434996.8637000,0
1770606600000,32.86500,32.93400,32.78600,32.81200,30909.84,1770606899999,1015067.9173100,4650,15117.14,496385.6907300,0
1770606900000,32.81200,33.07500,32.80700,32.99600,42306.93,1770607199999,1395188.1537100,6396,29432.45,970611.2989200,0
1770607200000,32.99500,32.99500,32.78300,32.81200,31873.56,1770607499999,1048026.9119800,4645,9879.54,324652.1687800,0
1770607500000,32.81100,32.88100,32.79700,32.86200,14116.35,1770607799999,463614.3625900,3260,8498.60,279103.5823700,0
1770607800000,32.86300,33.10000,32.86300,33.05000,41999.30,1770608099999,1386858.6756100,6412,19535.81,644639.5578700,0
1770608100000,33.05000,33.15500,32.97600,33.15000,74965.62,1770608399999,2476470.1128800,6671,28104.64,928556.6554800,0
1770608400000,33.15000,33.50000,33.12300,33.45200,175646.14,1770608699999,5862087.7852400,19292,102878.12,3432807.0057900,0
1770608700000,33.45100,33.52000,33.27800,33.30700,89480.95,1770608999999,2986942.3191000,11022,39079.91,1304726.9086400,0
1770609000000,33.30700,33.30700,33.15300,33.22800,69412.55,1770609299999,2305621.6785900,10968,40429.48,1343022.5949300,0
1770609300000,33.22800,33.22900,33.06200,33.12100,34716.59,1770609599999,1150614.5245900,6780,18002.82,596528.0055600,0
1770609600000,33.12100,33.14100,33.02400,33.04200,26812.56,1770609899999,886840.0015200,5634,10554.64,349153.7951800,0
1770609900000,33.04200,33.25300,33.04100,33.13600,31645.54,1770610199999,1050258.0012900,6048,19121.69,634493.5121900,0
1770610200000,33.13500,33.13500,32.93900,32.97000,51873.10,1770610499999,1711503.1437400,5817,28588.87,942697.7997700,0
1770610500000,32.97000,33.14600,32.95000,33.13500,37533.60,1770610799999,1240091.8270900,5676,27034.11,893223.3180400,0
1770610800000,33.13500,33.17600,33.04100,33.17100,23212.30,1770611099999,768510.2599900,4800,9688.42,320890.9611200,0
1770611100000,33.17000,33.17600,33.03400,33.05300,22486.91,1770611399999,744510.4454400,4169,7169.44,237439.2714200,0
1770611400000,33.05200,33.05200,32.86800,32.87100,56835.19,1770611699999,1873816.6687700,5666,36348.37,1198787.2883400,0
1770611700000,32.87100,32.92500,32.70000,32.72800,65966.20,1770611999999,2164764.6893700,7355,29874.37,981044.7809700,0
1770612000000,32.73000,32.87800,32.70000,32.80000,50808.28,1770612299999,1667191.1236300,6245,26488.44,869011.8980500,0
1770612300000,32.80200,32.89100,32.77100,32.86800,26579.63,1770612599999,872367.3235600,4229,14345.83,470943.6694800,0
1770612600000,32.86800,32.87300,32.68100,32.70700,44791.44,1770612899999,1466742.8177100,4902,19556.76,640250.8697700,0
1770612900000,32.70900,32.87300,32.70100,32.81300,21476.23,1770613199999,704575.6210000,4457,9043.29,296503.8275900,0
1770613200000,32.81700,32.84900,32.62100,32.63500,57640.87,1770613499999,1884416.4551200,6832,16792.33,548985.9100800,0
1770613500000,32.63600,32.68900,32.50200,32.62000,68030.24,1770613799999,2216580.6997700,7530,30042.45,979499.2017400,0
1770613800000,32.62100,32.71400,32.50000,32.61000,45897.02,1770614099999,1495968.3861400,6638,21031.66,686110.8192800,0
1770614100000,32.60700,32.71800,32.60100,32.64000,23646.64,1770614399999,772448.2638200,4412,14640.97,478233.2676300,0
1770614400000,32.63900,32.71900,32.52600,32.60100,69251.35,1770614699999,2258863.9598400,6437,18498.22,603509.7222000,0
1770614700000,32.60100,32.71200,32.59300,32.69700,20222.99,1770614999999,660669.3139000,3907,13678.65,446938.0383300,0
1770615000000,32.69600,32.75800,32.66000,32.72700,22492.41,1770615299999,735764.7203500,3939,11491.58,375931.2762300,0
1770615300000,32.72700,32.77200,32.62200,32.67200,24890.72,1770615599999,813749.0464400,4909,10514.56,343819.0970200,0
1770615600000,32.67100,32.71700,32.64200,32.71400,18396.39,1770615899999,601156.6758900,3583,9741.40,318377.2055400,0
1770615900000,32.71100,32.72900,32.63900,32.67900,18820.64,1770616199999,615181.6910200,3424,7281.90,238083.1822900,0
1770616200000,32.67800,32.78600,32.66800,32.72500,14985.69,1770616499999,490755.6435400,3782,7417.83,242890.0629000,0
1770616500000,32.72400,32.76000,32.69400,32.74000,14414.57,1770616799999,471700.4610000,2704,9806.09,320914.1095100,0
1770616800000,32.73900,32.73900,32.64000,32.71600,42374.72,1770617099999,1384957.7181800,7419,22829.91,746238.0336400,0
1770617100000,32.71600,32.77000,32.61600,32.62700,27579.00,1770617399999,901435.2298100,4978,8807.29,287931.5797600,0
1770617400000,32.62600,32.74600,32.51700,32.73400,31131.13,1770617699999,1015781.2949900,5605,15535.91,507102.7595800,0
1770617700000,32.73500,32.74800,32.56600,32.58600,39684.79,1770617999999,1294836.5878000,5661,12740.33,415679.3246700,0
1770618000000,32.58600,32.73200,32.51600,32.68800,95487.05,1770618299999,3114884.2837200,7523,56486.37,1842271.7926000,0
1770618300000,32.68700,32.70700,32.52500,32.53400,25305.76,1770618599999,824638.0661600,4901,9128.67,297534.5866200,0
1770618600000,32.53400,32.69200,32.53400,32.60900,23551.67,1770618899999,768411.3274700,4456,15675.93,511466.5389100,0
1770618900000,32.60900,32.62000,32.51500,32.53600,29200.47,1770619199999,950896.6580400,4112,18401.43,599348.0210900,0
1770619200000,32.53600,32.57900,32.50600,32.54800,14174.75,1770619499999,461136.3791300,3076,5893.23,191756.1675400,0
1770619500000,32.54800,32.58900,32.53800,32.57800,10704.29,1770619799999,348601.0516100,2905,7050.19,229616.8254200,0
1770619800000,32.57700,32.67900,32.55600,32.66000,16584.14,1770620099999,541064.7003800,3081,12865.73,419758.1440400,0
1770620100000,32.65900,32.67500,32.51700,32.57400,14673.49,1770620399999,477933.4486100,3335,6368.66,207468.1519400,0
1770620400000,32.57300,32.65700,32.43500,32.61900,37419.15,1770620699999,1216880.5758800,6876,17446.18,567614.0786600,0
1770620700000,32.61900,32.68000,32.51100,32.64900,23115.51,1770620999999,754045.4515600,4766,14630.58,477342.5638300,0
1770621000000,32.64800,32.66300,32.60700,32.64400,14665.81,1770621299999,478731.8226800,3290,5466.38,178442.1068500,0
1770621300000,32.64500,32.71700,32.58100,32.68900,28500.42,1770621599999,930872.7477900,5459,13558.48,442851.9774800,0
1770621600000,32.68900,32.68900,32.52700,32.56900,33928.84,1770621899999,1105517.5643500,3815,23340.86,760519.8078600,0
1770621900000,32.56900,32.57600,32.48100,32.53600,25070.17,1770622199999,815346.2631000,3785,10243.76,333153.7729300,0
1770622200000,32.53600,32.58000,32.49200,32.50700,15266.97,1770622499999,496697.4811200,2902,7077.22,230281.9682400,0
1770622500000,32.50700,32.54100,32.44500,32.50200,29478.52,1770622799999,957675.8580500,4174,10765.51,349780.2004300,0
1770622800000,32.50200,32.55900,32.37500,32.43900,52347.19,1770623099999,1698890.8385100,6595,12146.62,394434.8809600,0
1770623100000,32.43700,32.47400,32.27200,32.38300,69346.11,1770623399999,2244222.8969700,7289,18760.78,607078.6301000,0
1770623400000,32.38300,32.42900,32.33900,32.34100,31582.69,1770623699999,1022732.2159600,4261,12834.81,415687.9573700,0
1770623700000,32.34100,32.43600,32.33000,32.42700,24786.85,1770623999999,802933.5341000,3398,8586.41,278111.9773700,0
1770624000000,32.42600,32.44600,32.29300,32.33400,54438.15,1770624299999,1761690.3248900,5470,19768.45,639864.1119300,0
1770624300000,32.33300,32.45600,32.25900,32.45000,33326.89,1770624599999,1078708.6109200,4955,18702.85,605459.2408100,0
1770624600000,32.44900,32.52800,32.44200,32.46800,23862.93,1770624899999,775276.5876300,4596,13097.53,425557.8327400,0
1770624900000,32.46800,32.50000,32.36300,32.36600,20680.32,1770625199999,670989.7299400,4198,8918.12,289430.3692100,0
1770625200000,32.36700,32.41200,32.26400,32.29700,42610.12,1770625499999,1377730.2073400,6483,19636.30,635001.0212900,0
1770625500000,32.29700,32.34200,32.09400,32.15700,110453.71,1770625799999,3552384.2365800,12452,40388.56,1298884.2306300,0
1770625800000,32.15200,32.20500,31.92000,32.17200,190183.82,1770626099999,6096405.4076800,18218,72566.83,2327635.6367900,0
1770626100000,32.17300,32.34700,32.16800,32.33500,64138.59,1770626399999,2068774.3786200,9032,35403.30,1142012.2139800,0
1770626400000,32.33500,32.33500,32.25000,32.27700,24740.43,1770626699999,798748.2701400,4971,8548.20,275986.4822900,0
1770626700000,32.27800,32.41500,32.20900,32.31800,47778.03,1770626999999,1544230.9883600,6621,26589.89,859868.7899700,0
1770627000000,32.31400,32.40600,32.30000,32.37800,29881.33,1770627299999,966935.0052900,5201,16840.55,544968.2575100,0
1770627300000,32.37700,32.43000,32.27100,32.28900,18476.70,1770627599999,598059.2272400,4101,7201.64,233258.8534900,0
1770627600000,32.28900,32.34100,32.25400,32.30100,24279.47,1770627899999,784204.1577300,4806,13587.93,438952.5791400,0
1770627900000,32.30300,32.42800,32.30300,32.38800,29919.16,1770628199999,968544.5596300,4918,19728.22,638610.0750900,0
1770628200000,32.38600,32.40600,32.14700,32.22600,31142.26,1770628499999,1004611.9465700,5229,10326.58,333279.0319600,0
1770628500000,32.23100,32.24700,32.15900,32.20900,21892.32,1770628799999,704889.4061200,4563,9008.32,290084.2394500,0
1770628800000,32.20900,32.28600,32.20900,32.25300,24452.38,1770629099999,788582.7177700,3947,14012.43,451902.7034500,0
1770629100000,32.25500,32.32800,32.21200,32.28100,22258.15,1770629399999,718262.3006400,3920,12746.51,411321.4945400,0
1770629400000,32.28000,32.33700,32.12700,32.23800,47589.71,1770629699999,1533521.7636200,5907,20410.44,657512.7280800,0
1770629700000,32.23800,32.25900,32.02600,32.03200,33221.44,1770629999999,1066644.3493800,5123,13683.41,439303.6331800,0
1770630000000,32.03300,32.07400,31.94600,32.06300,59285.45,1770630299999,1898147.7592100,7483,31532.06,1009952.0736900,0
1770630300000,32.06200,32.10600,32.01800,32.05000,32771.85,1770630599999,1051160.0810100,4915,21787.23,698911.7454200,0
1770630600000,32.05000,32.05000,31.84500,31.85900,72701.55,1770630899999,2319293.1341000,9419,27199.10,867408.4242300,0
1770630900000,31.85700,31.85900,31.67800,31.73600,106729.84,1770631199999,3390125.2210400,12014,44839.44,1424043.0896100,0
1770631200000,31.73600,31.86800,31.63500,31.65100,68458.90,1770631499999,2174876.4837900,9419,30668.64,974900.7762200,0
1770631500000,31.65400,31.83200,31.60300,31.78000,71354.71,1770631799999,2262258.5159200,10849,26555.85,842468.4783500,0
1770631800000,31.78100,31.86000,31.66600,31.67000,24975.61,1770632099999,793608.6366800,6222,11298.55,359130.2518100,0
1770632100000,31.67000,31.68200,31.55200,31.65600,87249.87,1770632399999,2757269.4024000,9447,34876.16,1102127.0943700,0
1770632400000,31.65700,31.70600,31.53600,31.53800,43173.82,1770632699999,1365985.9069800,7425,23583.74,746566.7812200,0
1770632700000,31.53900,31.56900,31.43900,31.46900,85219.06,1770632999999,2683734.8111100,9426,24644.05,775977.9610500,0
1770633000000,31.47000,31.49500,31.28000,31.39700,159692.98,1770633299999,5012741.7473700,13204,76605.85,2405908.5098600,0
1770633300000,31.40000,31.60000,31.36300,31.52100,61444.54,1770633599999,1934372.0604300,10700,33646.78,1059510.6180500,0
1770633600000,31.52100,31.65400,31.44600,31.64300,57101.27,1770633899999,1802498.5292300,9589,32976.36,1041115.7556700,0
1770633900000,31.64300,31.74900,31.56300,31.64100,49729.90,1770634199999,1575015.3707800,8482,25638.75,812293.1176600,0
1770634200000,31.63700,31.79900,31.61300,31.61900,49910.56,1770634499999,1583041.6663900,8236,25789.74,818108.6422900,0
1770634500000,31.61800,31.68500,31.59400,31.63800,24855.53,1770634799999,786274.9181000,5245,12528.37,396372.0321000,0
1770634800000,31.63800,31.74500,31.62800,31.72700,35921.39,1770635099999,1138125.6384700,7104,18408.98,583361.9013900,0
1770635100000,31.72600,31.73300,31.59100,31.64800,36438.85,1770635399999,1153151.2541100,5376,14185.82,448593.3626700,0
1770635400000,31.64800,31.65200,31.52400,31.58400,23272.88,1770635699999,734749.5182600,4206,8594.88,271404.5417500,0
1770635700000,31.58400,31.70600,31.55200,31.63400,37272.69,1770635999999,1178940.6164300,6187,21213.46,671032.3619200,0
1770636000000,31.63400,31.66900,31.55200,31.62300,29748.13,1770636299999,940322.9213500,5402,10004.18,316233.9367900,0
1770636300000,31.62300,31.72800,31.62300,31.64800,15752.12,1770636599999,499024.9896200,3443,8276.07,262157.1122200,0
1770636600000,31.64700,31.76000,31.58500,31.64100,32407.58,1770636899999,1025656.9093900,6023,20493.17,648624.1429800,0
1770636900000,31.64100,31.64100,31.43000,31.43100,40020.13,1770637199999,1261687.2644200,5641,11571.46,364615.7578700,0
1770637200000,31.43100,31.48300,31.34800,31.39200,43826.85,1770637499999,1377036.2449600,5873,26272.89,825576.1839700,0
1770637500000,31.39200,31.46800,31.30000,31.37400,45140.52,1770637799999,1415788.7893500,6932,22974.60,720725.1264800,0
1770637800000,31.37300,31.42900,31.23100,31.38600,57480.30,1770638099999,1800875.5835500,7766,29967.84,939339.8802100,0
1770638100000,31.38600,31.40200,31.32200,31.36900,26250.32,1770638399999,823322.8365300,4658,11261.10,353207.0261100,0
1770638400000,31.37000,31.48000,31.35100,31.42900,35749.94,1770638699999,1123405.2991100,7335,19367.53,608692.9726000,0
1770638700000,31.42900,31.58400,31.33400,31.55700,64127.09,1770638999999,2017512.3569800,8760,43944.14,1382979.0689900,0
1770639000000,31.55700,31.59600,31.43800,31.54900,48637.98,1770639299999,1533370.7399600,7491,24730.83,779800.9385500,0
1770639300000,31.54900,31.55700,31.42700,31.48500,27309.60,1770639599999,860097.8325700,4838,9107.36,286883.7903400,0
1770639600000,31.48400,31.54800,31.45000,31.51600,16717.17,1770639899999,526704.0626400,3544,8851.51,278889.4353400,0
1770639900000,31.51600,31.54300,31.44100,31.52700,12608.75,1770640199999,397057.4173000,3299,5928.68,186741.3336000,0
1770640200000,31.52700,31.54200,31.45000,31.50300,12040.54,1770640499999,379101.1349200,2827,7071.97,222682.0872000,0
1770640500000,31.50300,31.58700,31.49600,31.56800,20891.55,1770640799999,659150.4630200,4538,12420.94,391897.8872500,0
1770640800000,31.56800,31.61600,31.52400,31.54500,32703.06,1770641099999,1032602.8362300,5879,17413.25,549918.2342100,0
1770641100000,31.54500,31.57500,31.47200,31.47900,16152.97,1770641399999,509036.8884100,3450,6228.83,196300.1836600,0
1770641400000,31.47500,31.54900,31.31700,31.35200,53189.90,1770641699999,1669886.9323600,6659,15015.04,471905.4121400,0
1770641700000,31.35300,31.42300,31.33100,31.38800,23556.39,1770641999999,739177.2584900,4593,12695.93,398372.3944200,0
1770642000000,31.38900,31.43600,31.33300,31.42000,19986.89,1770642299999,627481.5477600,4975,9694.57,304366.0004200,0
1770642300000,31.42100,31.50600,31.39900,31.49100,21267.52,1770642599999,668987.5728300,4718,11419.29,359232.5123200,0
1770642600000,31.49100,31.56000,31.44300,31.52100,25670.91,1770642899999,809191.7888100,5641,13947.87,439688.0977800,0
1770642900000,31.52000,31.54400,31.37300,31.45900,21296.21,1770643199999,669817.9298400,4473,7966.95,250590.7741800,0
1770643200000,31.46000,31.54700,31.43100,31.54700,15031.32,1770643499999,473402.7218800,3235,8063.71,254013.7024000,0
1770643500000,31.54700,31.57900,31.51600,31.57600,14930.00,1770643799999,471037.9456500,3402,7684.61,242475.0242600,0
1770643800000,31.57600,31.58300,31.46800,31.50900,24891.56,1770644099999,784700.3821000,4435,7654.02,241284.1263900,0
1770644100000,31.50800,31.59300,31.45300,31.58900,19669.37,1770644399999,619917.6449800,4286,9872.68,311242.6257900,0
1770644400000,31.58900,31.65000,31.49300,31.49700,27430.41,1770644699999,865844.4523600,4820,12795.57,404040.5772000,0
1770644700000,31.49500,31.63700,31.35200,31.37400,52910.76,1770644999999,1665503.9825400,6313,23146.51,729001.0567200,0
1770645000000,31.37400,31.42800,31.33300,31.37400,51380.25,1770645299999,1612330.8585100,5825,24944.46,782890.3581900,0
1770645300000,31.37400,31.41600,31.29500,31.30600,56931.18,1770645599999,1784067.4564700,7963,14417.01,451878.3431500,0
1770645600000,31.30500,31.39600,31.25500,31.27100,47602.03,1770645899999,1490106.3207900,6921,19593.29,613709.5119700,0
1770645900000,31.27000,31.37300,31.15400,31.29400,124226.16,1770646199999,3884668.8238800,10583,35656.63,1115608.7001800,0
1770646200000,31.29600,31.41300,31.26300,31.39500,38958.30,1770646499999,1220735.7529600,5373,23199.34,727372.7723900,0
1770646500000,31.39400,31.40000,31.28500,31.33400,22535.05,1770646799999,706213.2370300,4761,11208.61,351256.2229300,0
1770646800000,31.33400,31.54400,31.30600,31.48600,52292.78,1770647099999,1643749.3600600,6802,34359.92,1080867.3647200,0
1770647100000,31.48500,31.55000,31.39800,31.40700,38829.68,1770647399999,1221560.2222800,5887,14529.17,457101.3802500,0
1770647400000,31.40700,31.45600,31.30100,31.44400,55791.93,1770647699999,1751013.4995700,7746,39198.29,1230444.2423700,0
1770647700000,31.44400,31.91700,31.38800,31.91300,192575.06,1770647999999,6106449.5735600,20262,128016.31,4059223.1678500,0
1770648000000,31.91200,32.01900,31.75600,31.77000,136474.07,1770648299999,4353398.6091100,15158,60411.34,1928569.8138800,0
1770648300000,31.77000,31.98100,31.76600,31.88400,123831.65,1770648599999,3948821.5770700,14471,50223.82,1602554.4408600,0
1770648600000,31.88500,32.08400,31.85500,32.08400,107137.69,1770648899999,3427175.4762800,14574,62935.89,2014077.9602300,0
1770648900000,32.08400,32.09900,31.92700,31.94400,43252.21,1770649199999,1384076.8902800,7321,19851.34,635217.2196300,0
1770649200000,31.94400,32.11700,31.94200,32.08900,56128.01,1770649499999,1797607.7007800,9371,28001.38,896845.3003100,0
1770649500000,32.08900,32.15700,31.97000,31.99800,57902.22,1770649799999,1857716.6820100,7676,27540.42,883877.0343500,0
1770649800000,31.99800,32.05200,31.87800,32.00200,55409.53,1770650099999,1771903.4535400,6880,31082.61,994532.5950800,0
1770650100000,32.00200,32.06700,31.85400,31.95300,68502.85,1770650399999,2186687.8771500,8027,26641.34,850550.4839400,0
1770650400000,31.95400,31.95500,31.66000,31.67200,90684.48,1770650699999,2882375.3604700,7724,24124.10,766708.1244100,0
1770650700000,31.67300,31.74400,31.62900,31.69300,60377.34,1770650999999,1912977.1558600,6900,19432.71,616029.1580400,0
1770651000000,31.69300,31.74100,31.55500,31.59900,67916.10,1770651299999,2148215.6350400,9106,26779.80,847389.6594400,0
1770651300000,31.60000,31.68600,31.58700,31.62300,38399.14,1770651599999,1214966.7873900,7462,22214.45,702974.2406400,0
1770651600000,31.62100,31.68400,31.53500,31.53700,39221.46,1770651899999,1240333.5709900,6772,22679.71,717423.8940800,0
1770651900000,31.53500,31.59800,31.45600,31.47300,65097.84,1770652199999,2051866.8590900,9263,21738.57,685268.2726000,0
1770652200000,31.47300,31.54700,31.20400,31.34200,191217.10,1770652499999,5995565.9218700,17180,85458.88,2679200.4981300,0
1770652500000,31.34200,31.40000,31.26300,31.27100,62291.77,1770652799999,1952355.5256000,7892,32980.47,1034257.0561400,0
1770652800000,31.27100,31.38100,31.23000,31.34400,55386.72,1770653099999,1733871.6260400,7711,22889.05,716527.0775500,0
1770653100000,31.34400,31.35300,30.92500,30.93700,214304.60,1770653399999,6659853.1607600,19439,81128.70,2519006.5061600,0
1770653400000,30.93500,31.06500,30.90200,30.98900,79466.77,1770653699999,2461189.3086700,11369,38917.89,1205474.4232000,0
1770653700000,30.98800,31.15700,30.90900,31.06000,83950.94,1770653999999,2605151.9104300,11525,51675.28,1603913.9104200,0
1770654000000,31.05900,31.20100,31.04100,31.17600,43190.77,1770654299999,1344543.6960800,6609,28929.34,900560.8091100,0
1770654300000,31.17500,31.25200,31.12900,31.22700,50746.52,1770654599999,1583276.7768200,8749,28386.90,885718.6032700,0
1770654600000,31.22600,31.25100,31.04200,31.04700,47626.62,1770654899999,1483545.5277600,6686,21116.65,657477.2835100,0
1770654900000,31.04600,31.05500,30.91600,30.95300,112325.47,1770655199999,3478239.6140400,9128,30628.68,948823.9025600,0
1770655200000,30.95200,31.23200,30.92300,31.18000,79265.43,1770655499999,2463594.9451800,13874,50411.71,1566993.6305300,0
1770655500000,31.17900,31.55600,31.17300,31.40600,178211.22,1770655799999,5599875.3844700,19395,101977.91,3204187.3741700,0
1770655800000,31.40600,31.43600,31.24900,31.35700,56389.21,1770656099999,1767247.8764500,8764,36738.52,1151601.0142400,0
1770656100000,31.35600,31.57400,31.32600,31.53600,78104.78,1770656399999,2458378.5683000,10508,53302.93,1678626.7656200,0
1770656400000,31.53600,31.66000,31.40900,31.43900,90169.31,1770656699999,2844749.5600500,11133,35399.77,1116975.8766900,0
1770656700000,31.43800,31.55800,31.35600,31.45900,53812.56,1770656999999,1692915.5338500,9224,28532.50,898177.4976800,0
1770657000000,31.45800,31.50000,31.30800,31.33400,37066.96,1770657299999,1164201.9927900,6387,12440.18,390882.4211700,0
1770657300000,31.33400,31.58900,31.32800,31.55300,38394.41,1770657599999,1209300.7876800,6290,23840.89,750617.8073000,0
1770657600000,31.55100,31.55300,31.27400,31.34300,46562.04,1770657899999,1462855.5082700,6123,19784.36,621480.6037500,0
1770657900000,31.34300,31.44900,31.26900,31.44900,52199.96,1770658199999,1636104.4804300,6228,29166.81,914027.2672300,0
1770658200000,31.44900,31.69800,31.44200,31.63900,44175.04,1770658499999,1396015.4332100,8436,24425.79,771808.5310900,0
1770658500000,31.63900,31.90400,31.61000,31.85400,133783.98,1770658799999,4255223.7143000,13266,68655.30,2183446.5314800,0
1770658800000,31.85300,31.98600,31.80400,31.93700,68649.91,1770659099999,2189372.0565000,10099,40047.82,1277683.5769800,0
1770659100000,31.93600,31.99500,31.62900,31.73500,95259.40,1770659399999,3026228.5830100,13017,40881.76,1298414.4519400,0
1770659400000,31.73500,31.87700,31.68500,31.83700,47371.57,1770659699999,1505596.2864600,7740,27578.34,876462.9459400,0
1770659700000,31.83700,31.99100,31.83700,31.91000,39090.69,1770659999999,1248011.7711700,7226,21841.33,697302.9737900,0
1770660000000,31.90500,32.24800,31.87700,32.11100,166215.48,1770660299999,5330307.7415800,15647,88848.25,2851510.3944900,0
1770660300000,32.11100,32.19400,31.76500,31.85600,91544.75,1770660599999,2925301.4286500,12041,38348.94,1225397.9115000,0
1770660600000,31.85600,31.88800,31.76800,31.82300,44391.34,1770660899999,1413268.3571700,6877,25287.22,805260.0200500,0
1770660900000,31.82400,31.87500,31.69000,31.79500,42685.09,1770661199999,1355542.4689100,7226,20982.55,666429.0180000,0
1770661200000,31.79600,31.86600,31.67600,31.75400,38353.37,1770661499999,1217690.3601000,7768,15208.47,483028.5208800,0
1770661500000,31.75500,31.76500,31.64600,31.74900,23008.85,1770661799999,729364.8516200,4837,13681.12,433723.4189400,0
1770661800000,31.74900,31.91100,31.70400,31.84400,35506.95,1770662099999,1129897.4149900,7341,18458.39,587330.1629600,0
1770662100000,31.84400,32.01100,31.84400,31.95700,31858.22,1770662399999,1018037.2387700,6352,14808.00,473148.7558100,0
1770662400000,31.95800,31.98300,31.87900,31.92800,20820.63,1770662699999,664990.2664900,5045,10825.61,345792.4686000,0
1770662700000,31.92700,31.94800,31.77600,31.78100,33108.27,1770662999999,1054848.7345400,6331,11427.53,364201.8406600,0
1770663000000,31.78100,31.80300,31.54400,31.56900,62361.24,1770663299999,1973609.8934000,8389,22457.16,710942.8295900,0
1770663300000,31.57000,31.62400,31.55000,31.60000,18068.80,1770663599999,570732.6992800,3919,10381.57,327935.4235300,0
1770663600000,31.59900,31.59900,31.36900,31.58200,66148.42,1770663899999,2081647.3087100,8774,26438.96,832379.9663600,0
1770663900000,31.58300,31.73600,31.58000,31.70600,33886.47,1770664199999,1072737.2562800,7055,16700.29,528672.4604000,0
1770664200000,31.70700,31.79100,31.69500,31.77600,17715.90,1770664499999,562445.2217000,4824,9751.83,309594.3517300,0
1770664500000,31.77600,31.85900,31.69000,31.85500,17379.79,1770664799999,552869.7544300,5067,10894.99,346652.2788300,0
1770664800000,31.85600,31.86300,31.66700,31.71100,21010.77,1770665099999,666927.4178800,5620,8646.85,274502.0276200,0
1770665100000,31.71200,31.73200,31.66200,31.72000,14504.65,1770665399999,459685.6541100,3544,6885.62,218253.3087800,0
1770665400000,31.72000,31.96600,31.69500,31.94600,39543.63,1770665699999,1259969.2548500,7093,26380.30,840483.7036300,0
1770665700000,31.94600,32.06900,31.94600,32.00300,66550.81,1770665999999,2129886.3281100,7537,24842.56,795121.0469700,0
1770666000000,32.00200,32.02100,31.89300,31.92000,18238.77,1770666299999,582482.4616500,4410,6770.47,216351.6036000,0
1770666300000,31.92000,32.00200,31.89400,31.99800,21487.21,1770666599999,686527.2635800,5752,12633.29,403668.0938000,0
1770666600000,31.99800,32.07100,31.93500,31.99100,25162.15,1770666899999,805089.1032400,5010,11237.20,359606.3398500,0
1770666900000,31.99000,32.09400,31.95600,32.05700,29408.52,1770667199999,942245.4727900,5627,15621.24,500477.2704500,0
1770667200000,32.05600,32.05600,31.89500,31.96700,23620.31,1770667499999,754808.0715200,5733,10197.38,325820.0219900,0
1770667500000,31.96700,32.16100,31.94900,32.02000,34684.90,1770667799999,1112332.2178400,6290,15923.03,510738.1198500,0
1770667800000,32.02000,32.10100,31.97500,32.07500,16605.32,1770668099999,532084.8757900,3861,7475.97,239590.0628600,0
1770668100000,32.07400,32.08300,31.87900,31.87900,28218.08,1770668399999,901246.0162800,5857,9172.03,292918.9807800,0
1770668400000,31.87800,31.96700,31.82800,31.94500,20452.55,1770668699999,652481.9820500,4632,11468.06,365895.9801600,0
1770668700000,31.94500,31.94900,31.77000,31.83500,21345.23,1770668999999,679341.2487600,4523,6895.67,219480.3140400,0
1770669000000,31.83500,31.86600,31.75500,31.79600,18490.02,1770669299999,587957.7002000,5056,9142.88,290734.2657900,0
1770669300000,31.79500,31.87100,31.75000,31.80100,13149.89,1770669599999,418154.1177500,3821,5662.34,180100.5809200,0
1770669600000,31.80100,31.88900,31.80100,31.85300,12399.70,1770669899999,394979.4865800,3537,7991.39,254546.9412700,0
1770669900000,31.85400,31.94700,31.82300,31.94200,12874.67,1770670199999,410574.4856600,2868,5273.68,168161.4235900,0
1770670200000,31.94200,32.01400,31.93500,31.99000,34604.59,1770670499999,1106846.0765300,4571,16198.56,518072.7686000,0
1770670500000,31.99100,32.01600,31.81400,31.84300,25691.19,1770670799999,819661.6509100,4610,12480.00,398128.2325300,0
1770670800000,31.84400,31.89800,31.73900,31.77200,22928.09,1770671099999,728993.8494600,5314,9640.97,306573.5619700,0
1770671100000,31.77300,31.82800,31.72100,31.73000,16223.48,1770671399999,515257.1525500,3343,7999.74,254088.2742100,0
1770671400000,31.73000,31.73000,31.53300,31.56500,56097.68,1770671699999,1773718.7797800,6755,17241.99,545331.1047000,0
1770671700000,31.56500,31.71900,31.54800,31.67600,34160.12,1770671999999,1081042.1243900,4710,26409.28,835879.7963300,0
1770672000000,31.67700,31.73100,31.66600,31.70400,10143.41,1770672299999,321531.9440500,3041,4903.63,155421.8891700,0
1770672300000,31.70300,31.71000,31.61400,31.64300,12909.24,1770672599999,408606.7351800,3113,6036.04,191032.7664100,0
1770672600000,31.64300,31.68200,31.43700,31.47100,59321.74,1770672899999,1868707.6554800,7489,21136.17,665786.0058400,0
1770672900000,31.47200,31.53800,31.40900,31.51500,34544.27,1770673199999,1086905.8353800,4716,19158.78,602876.2064800,0
1770673200000,31.51500,31.54600,31.40100,31.44000,28270.64,1770673499999,890131.0354600,4666,12330.03,388394.1115800,0
1770673500000,31.44000,31.44000,31.26600,31.41400,117620.32,1770673799999,3686373.9195700,8852,58714.70,1839694.0693500,0
1770673800000,31.41400,31.68200,31.41200,31.67400,57244.36,1770674099999,1807540.3716000,7846,39288.15,1240983.0304800,0
1770674100000,31.67300,31.68600,31.54200,31.59600,34955.59,1770674399999,1105169.7124400,4456,14170.48,447934.9362300,0
1770674400000,31.59700,31.67800,31.48400,31.63900,32882.17,1770674699999,1038439.6855500,4976,16676.06,526820.4351400,0
1770674700000,31.63900,31.69300,31.61100,31.68400,22433.22,1770674999999,710088.6748000,3861,13768.48,435902.0003100,0
1770675000000,31.68900,31.71700,31.58600,31.61900,20372.01,1770675299999,645167.3738500,3254,8866.33,280813.9139300,0
1770675300000,31.61900,31.62600,31.50400,31.53600,17381.40,1770675599999,548734.1354700,2587,7159.60,225986.6820600,0
1770675600000,31.53700,31.57000,31.36000,31.43300,34985.16,1770675899999,1100278.1958600,4013,17793.13,559569.8174400,0
1770675900000,31.43300,31.49400,31.40800,31.48300,10496.13,1770676199999,330117.5690900,1756,6631.98,208566.2641600,0
1770676200000,31.48400,31.51600,31.38400,31.43000,16467.90,1770676499999,517967.9843200,2374,9038.66,284344.4189900,0
1770676500000,31.43100,31.45300,31.30000,31.39800,20312.41,1770676799999,637166.6100800,2921,11117.55,348735.5418600,0
1770676800000,31.39800,31.39800,31.27800,31.30100,13278.73,1770677099999,415852.0340000,1849,8027.29,251361.9998100,0
1770677100000,31.30100,31.47400,31.29000,31.45900,19919.96,1770677399999,625847.4693000,3389,12300.45,386384.2422800,0
1770677400000,31.45900,31.46100,31.30900,31.32100,17950.29,1770677699999,562981.0371800,2490,5514.66,172926.1739700,0
1770677700000,31.32200,31.44000,31.32200,31.42000,13957.42,1770677999999,438010.0963700,2477,8375.34,262825.3435500,0
1770678000000,31.42000,31.43800,31.30800,31.36100,16028.30,1770678299999,502688.3128900,3533,7949.21,249312.1967800,0
1770678300000,31.36100,31.45300,31.35900,31.41600,13604.21,1770678599999,427236.5407700,2762,7762.07,243762.0439200,0
1770678600000,31.41600,31.44400,31.26500,31.33000,17886.00,1770678899999,560505.2948500,3756,8036.06,251821.3430500,0
1770678900000,31.33000,31.44000,31.33000,31.40100,11016.02,1770679199999,345947.9766200,3385,5738.74,180206.1204000,0
1770679200000,31.40000,31.42300,31.30400,31.32600,13346.33,1770679499999,418447.3520400,3180,6000.63,188137.1884000,0
1770679500000,31.32700,31.39100,31.27700,31.30100,18709.27,1770679799999,586281.6581500,3431,8218.87,257485.1658000,0
1770679800000,31.30100,31.32900,31.27600,31.30000,15116.44,1770680099999,473121.1817400,3013,7691.02,240720.9866800,0
1770680100000,31.29900,31.35500,31.27400,31.33900,12482.97,1770680399999,390803.8857100,2705,7482.27,234240.8436600,0
1770680400000,31.33900,31.41300,31.29400,31.41100,17558.82,1770680699999,550574.4841600,3468,7848.37,246130.8764700,0
1770680700000,31.41000,31.43200,31.32200,31.37300,20339.64,1770680999999,638189.3290200,3764,12622.95,396091.1529100,0
1770681000000,31.37300,31.39600,31.31600,31.32400,12093.02,1770681299999,379190.2881000,3193,5478.37,171784.6226100,0
1770681300000,31.32500,31.35100,31.22400,31.32900,35075.63,1770681599999,1096923.4382000,3568,11538.53,361015.6817000,0
1770681600000,31.32800,31.39600,31.30300,31.31700,28828.96,1770681899999,903880.4129700,4289,11084.18,347547.7992800,0
1770681900000,31.31800,31.34900,31.22000,31.25000,40155.36,1770682199999,1255607.2793900,4539,15860.10,495952.6915800,0
1770682200000,31.25100,31.32100,31.22000,31.31300,26522.47,1770682499999,828945.4632900,4103,10655.48,333121.3621200,0
1770682500000,31.31400,31.34100,31.17400,31.19000,31408.06,1770682799999,980945.7458100,5066,11194.43,349823.9148700,0
1770682800000,31.19000,31.21500,31.03000,31.04600,82518.26,1770683099999,2566197.3365300,6742,34146.17,1061599.1877400,0
1770683100000,31.04600,31.09600,31.03200,31.04300,30459.21,1770683399999,945973.9628600,3279,15485.55,480875.4080800,0
1770683400000,31.04300,31.07600,31.01800,31.05000,31666.84,1770683699999,983007.8764800,3781,17759.29,551295.9124900,0
1770683700000,31.05000,31.05500,30.96100,30.97500,41251.88,1770683999999,1279029.2756700,4349,16987.08,526738.9460600,0
1770684000000,30.97500,31.15700,30.91300,31.08000,68485.28,1770684299999,2123611.4647600,6614,42505.13,1318412.2737400,0
1770684300000,31.08000,31.14000,31.00200,31.08100,66916.62,1770684599999,2078720.5689600,6150,34408.02,1069062.2380800,0
1770684600000,31.08100,31.13300,31.05100,31.11600,30858.88,1770684899999,959550.0831800,3911,22859.62,710755.4328400,0
1770684900000,31.11500,31.16300,31.06000,31.09800,28774.12,1770685199999,895344.6195400,4490,16460.45,512194.0041800,0
1770685200000,31.09800,31.22800,31.07700,31.20300,31276.74,1770685499999,974551.0787700,5083,19274.52,600650.2334400,0
1770685500000,31.20200,31.34700,31.16300,31.32400,42403.82,1770685799999,1326037.1163300,6220,24433.85,764134.8689500,0
1770685800000,31.32400,31.40700,31.25100,31.39200,33624.47,1770686099999,1054112.7443000,5089,16692.09,523350.1636100,0
1770686100000,31.39100,31.49400,31.34200,31.40600,38776.11,1770686399999,1218731.3463500,5600,25964.05,816212.2052200,0
1770686400000,31.40500,31.44800,31.36600,31.38800,18342.71,1770686699999,576134.9799500,3849,8880.61,278980.5407200,0
1770686700000,31.38700,31.51200,31.35300,31.42000,48404.17,1770686999999,1521907.1384200,4607,21934.88,689496.5449700,0
1770687000000,31.42000,31.44400,31.28900,31.41800,33611.11,1770687299999,1053683.2034400,5170,16846.87,528183.0023100,0
1770687300000,31.41700,31.51700,31.35600,31.48800,22229.96,1770687599999,698953.0176500,4047,12565.05,395246.9256900,0
1770687600000,31.48800,31.50600,31.46100,31.49600,10278.74,1770687899999,323594.8772200,2551,4506.23,141865.8700400,0
1770687900000,31.49600,31.51800,31.41700,31.44900,16592.61,1770688199999,522039.6938100,3823,6230.33,196048.2837200,0
1770688200000,31.44900,31.49400,31.38200,31.43300,28742.54,1770688499999,903357.1932800,4090,12312.48,387002.0082300,0
1770688500000,31.43400,31.50800,31.41000,31.49900,32670.48,1770688799999,1027961.0023000,3856,11643.45,366401.0627700,0
1770688800000,31.49900,31.55200,31.46600,31.51300,33687.43,1770689099999,1061476.6384400,4830,20899.80,658622.7892200,0
1770689100000,31.51300,31.55700,31.44200,31.44200,20850.83,1770689399999,657454.5195800,4424,11133.26,351061.2738100,0
1770689400000,31.44300,31.46800,31.39200,31.44400,15003.85,1770689699999,471532.6818200,3467,6568.00,206420.6229400,0
1770689700000,31.44500,31.48500,31.36600,31.37800,12326.28,1770689999999,387402.1272800,2845,4242.65,133385.4493400,0
1770690000000,31.37700,31.39300,31.30400,31.35600,16775.46,1770690299999,525883.2442700,3268,6952.54,217966.3980200,0
1770690300000,31.35400,31.39400,31.25000,31.26500,33740.58,1770690599999,1056795.9355100,3932,15411.40,482935.4167200,0
1770690600000,31.26600,31.31700,31.25000,31.26700,15715.58,1770690899999,491593.9002600,3259,7477.42,233906.5639700,0
1770690900000,31.26700,31.26800,31.06000,31.10000,53642.91,1770691199999,1670807.8482400,6615,12038.71,374991.1712500,0
1770691200000,31.10100,31.13600,30.97000,30.98900,43466.36,1770691499999,1348933.9101500,5882,12215.89,379285.7953400,0
1770691500000,30.99000,31.03900,30.95500,31.00400,41048.75,1770691799999,1272315.1321500,4978,24809.93,768894.0236400,0
1770691800000,31.00400,31.02800,30.79900,30.86500,170283.07,1770692099999,5259427.1445300,11140,91691.32,2831748.6581800,0
1770692100000,30.86700,31.02000,30.83700,30.97700,70584.44,1770692399999,2185197.8703700,6491,38846.93,1202416.8360900,0
1770692400000,30.97800,30.99900,30.81800,30.85500,43677.86,1770692699999,1349423.0837300,6768,15012.06,463842.0529800,0
1770692700000,30.85600,30.85900,30.72400,30.79400,69271.10,1770692999999,2130993.8990100,8083,27937.14,859319.5643300,0
1770693000000,30.79500,30.90400,30.74500,30.84600,52594.07,1770693299999,1621597.4675900,7311,21236.96,655040.2680200,0
1770693300000,30.84700,30.90300,30.71000,30.71100,43894.51,1770693599999,1351670.0895000,7935,20664.12,636676.4531000,0
1770693600000,30.71700,30.80800,30.70000,30.71000,41742.33,1770693899999,1283183.8697800,5196,19912.74,612272.9652700,0
1770693900000,30.71000,30.79000,30.66300,30.72700,56882.18,1770694199999,1747150.0215700,7118,26778.30,822645.2212500,0
1770694200000,30.72600,30.83100,30.58600,30.81400,95044.19,1770694499999,2916519.3468200,9640,35519.19,1091189.7697000,0
1770694500000,30.81200,30.90500,30.76000,30.88500,52383.60,1770694799999,1615329.0110200,6888,30547.24,942069.7658600,0
1770694800000,30.88600,30.90500,30.84900,30.89200,24072.11,1770695099999,743533.1886700,4094,13891.65,429126.0891300,0
1770695100000,30.89300,30.96800,30.85600,30.94500,24959.19,1770695399999,771836.1049300,4684,14366.52,444344.7499300,0
1770695400000,30.94200,30.96900,30.84400,30.87700,30488.76,1770695699999,942189.8101600,4740,9867.12,304914.8355500,0
1770695700000,30.87800,30.91000,30.75800,30.78000,22814.84,1770695999999,703036.5967700,4581,12090.59,372565.9695300,0
1770696000000,30.78000,30.86200,30.72200,30.85800,22292.61,1770696299999,686370.2842300,4663,10508.55,323799.0761600,0
1770696300000,30.85800,30.89700,30.83300,30.88800,17596.05,1770696599999,543242.3719700,4275,10548.40,325677.9565200,0
1770696600000,30.88800,30.94700,30.85000,30.92100,17805.01,1770696899999,550275.9326100,3581,10484.81,324010.2981300,0
1770696900000,30.91900,31.01500,30.60400,30.64300,129143.73,1770697199999,3971712.1377900,10912,33848.58,1041494.9677300,0
1770697200000,30.64200,30.71900,30.49700,30.65000,121476.36,1770697499999,3715047.7435000,11717,46667.42,1428072.6062100,0
1770697500000,30.65000,30.77900,30.63900,30.76100,30553.48,1770697799999,938291.1169100,4895,18597.98,571088.9782000,0
1770697800000,30.76100,30.76100,30.65300,30.70300,30053.19,1770698099999,922472.7246500,4055,8907.02,273315.8390600,0
1770698100000,30.70300,30.76500,30.67200,30.71200,15037.67,1770698399999,461900.7874300,3177,8515.31,261555.6994700,0
1770698400000,30.71200,30.71200,30.65300,30.67300,12325.65,1770698699999,378094.7862800,2092,6116.63,187613.6687200,0
1770698700000,30.67400,30.91200,30.65300,30.85300,54672.51,1770698999999,1682277.2914100,5063,27997.99,862239.8860200,0
1770699000000,30.85300,30.87400,30.80000,30.86700,11872.39,1770699299999,366127.5844000,2815,4825.29,148807.4387300,0
1770699300000,30.86800,30.89700,30.83100,30.86900,11575.97,1770699599999,357217.0337300,2922,6284.55,193944.7909500,0
1770699600000,30.86900,30.87000,30.75600,30.82600,17838.09,1770699899999,549459.9025400,3852,7263.91,223773.4571300,0
1770699900000,30.82500,30.84900,30.70500,30.82300,19341.84,1770700199999,595367.1540300,3819,8851.85,272550.0682300,0
1770700200000,30.82400,30.84000,30.74500,30.79300,8359.41,1770700499999,257400.4892500,2435,4414.67,135943.5026800,0
1770700500000,30.79300,30.80000,30.55400,30.61900,72421.99,1770700799999,2217935.0486600,6178,18087.16,553937.3129700,0
1770700800000,30.61900,30.66500,30.53100,30.62600,63398.30,1770701099999,1940000.0037600,5823,37037.45,1133731.2004400,0
1770701100000,30.63000,30.67500,30.54600,30.57800,21373.37,1770701399999,654088.0437500,3459,6108.23,186935.2518000,0
1770701400000,30.57800,30.58000,30.30000,30.42700,146673.22,1770701699999,4457941.2474900,14058,43798.11,1331040.1188000,0
1770701700000,30.42600,30.55100,30.41800,30.49600,54593.66,1770701999999,1665581.4437600,6509,25665.11,782962.6101200,0
1770702000000,30.49600,30.54900,30.33200,30.41300,39158.23,1770702299999,1191581.7670700,6085,15789.37,480571.4578100,0
1770702300000,30.41300,30.42400,30.30100,30.33900,42224.85,1770702599999,1281771.4370900,6389,19545.20,593347.9700000,0
1770702600000,30.33900,30.41400,30.27000,30.40800,45448.81,1770702899999,1379130.5354400,5924,19464.35,590950.2282600,0
1770702900000,30.40800,30.43400,30.37900,30.41900,15922.79,1770703199999,484136.8340800,3396,7234.38,219982.4092000,0
1770703200000,30.41900,30.50400,30.37100,30.44400,31774.49,1770703499999,967509.1893000,5044,18083.93,550654.7352700,0
1770703500000,30.44500,30.47000,30.15400,30.21100,147402.74,1770703799999,4459969.0055900,12718,36091.36,1092003.8642900,0
1770703800000,30.21000,30.26200,30.15000,30.21700,39512.74,1770704099999,1193423.5463300,5142,13469.00,407003.0525900,0
1770704100000,30.21600,30.24700,30.15400,30.20000,66293.98,1770704399999,2002014.6552200,5998,17192.07,519293.5764900,0
1770704400000,30.20100,30.20700,30.10000,30.12400,61816.57,1770704699999,1862647.2350700,7060,21704.15,654187.7783500,0
1770704700000,30.12400,30.19000,30.03300,30.15400,60094.09,1770704999999,1809046.1947000,6615,21847.20,658137.8005100,0
1770705000000,30.15500,30.18200,30.07000,30.12400,28573.77,1770705299999,860765.2779400,5038,13234.60,398666.9599900,0
1770705300000,30.12400,30.14000,30.00500,30.01600,48061.66,1770705599999,1444583.5605300,6309,22783.75,684889.3601900,0
1770705600000,30.01500,30.03400,29.92600,29.97600,86838.64,1770705899999,2604184.6286400,8770,28602.62,858005.9185500,0
1770705900000,29.97800,30.04200,29.77600,29.84600,179821.54,1770706199999,5372611.6555200,15497,64766.54,1935611.7651100,0
1770706200000,29.84600,29.95500,29.71700,29.92500,124874.51,1770706499999,3724741.8749400,11771,58592.20,1749123.3680700,0
1770706500000,29.92600,30.04400,29.89100,30.01100,79451.42,1770706799999,2382640.0010900,7751,46023.51,1380356.0311700,0
1770706800000,30.01100,30.15000,29.97300,30.11700,56349.58,1770707099999,1694985.0604300,7399,35828.20,1077812.3639700,0
1770707100000,30.11600,30.14900,29.99400,30.01500,55383.13,1770707399999,1665058.8370200,7930,15417.25,463504.1573900,0
1770707400000,30.01500,30.11200,29.96000,30.02900,33312.96,1770707699999,1000332.9346000,5080,15167.23,455526.2091200,0
1770707700000,30.02800,30.02800,29.92200,29.94200,39399.48,1770707999999,1180243.7938100,5009,23805.45,713259.7869600,0
1770708000000,29.94300,30.12900,29.89500,30.11600,143521.85,1770708299999,4306622.0313600,8680,78276.54,2350001.2980500,0
1770708300000,30.11700,30.14300,29.99000,29.99100,27900.86,1770708599999,839356.4519300,4290,15009.90,451712.5382900,0
1770708600000,29.99000,30.06700,29.97700,29.98500,22575.02,1770708899999,677853.2318100,4008,11657.26,350095.1322000,0
1770708900000,29.98600,30.06400,29.98500,29.99600,24915.19,1770709199999,747781.7707600,3721,10286.43,308812.9271500,0
1770709200000,29.99700,30.02700,29.91400,29.97200,34447.28,1770709499999,1032147.9534200,4476,17383.77,520970.1856200,0
1770709500000,29.97300,29.97300,29.88500,29.90100,22313.18,1770709799999,667713.4471100,4250,10520.92,314860.8541400,0
1770709800000,29.90000,29.99300,29.88400,29.95400,19227.97,1770710099999,575556.0671300,3760,9261.31,277275.5500400,0
1770710100000,29.95500,30.09200,29.92200,30.00800,32419.00,1770710399999,973420.9492300,4752,20037.46,601718.2380500,0
1770710400000,30.00800,30.06000,29.97900,30.00100,30336.99,1770710699999,910506.5047300,4639,18176.69,545523.9587400,0
1770710700000,30.00200,30.10600,29.97400,30.03600,47754.34,1770710999999,1434523.7622900,5252,31213.50,937899.2633400,0
1770711000000,30.03600,30.04700,29.90000,29.92800,27560.84,1770711299999,826344.0312700,3873,13115.28,393053.0738700,0
1770711300000,29.92900,29.93500,29.75900,29.83800,76956.12,1770711599999,2295625.4264500,6740,27942.35,833533.6738900,0
1770711600000,29.83900,29.93900,29.75800,29.93100,54994.74,1770711899999,1641625.0681200,6277,27644.09,825667.5404100,0
1770711900000,29.93200,29.94300,29.79600,29.90700,61934.67,1770712199999,1849963.7762400,6361,28357.75,847700.5997600,0
1770712200000,29.90700,30.01400,29.88500,29.94100,40870.09,1770712499999,1224551.8876100,5489,27927.35,836738.7144200,0
1770712500000,29.94100,30.04700,29.89200,29.96600,71421.77,1770712799999,2140748.6304600,5508,21701.17,650601.7638100,0
1770712800000,29.96600,29.99000,29.79500,29.84500,111067.63,1770713099999,3318301.7800400,9531,33813.08,1010072.4551800,0
1770713100000,29.84400,29.97500,29.83600,29.93600,17980.55,1770713399999,538118.5810200,3532,11025.89,329939.3186600,0
1770713400000,29.93700,29.95500,29.87200,29.94300,14628.89,1770713699999,437694.5277500,3157,7452.40,222965.7993800,0
1770713700000,29.94300,29.94300,29.84300,29.90600,9052.14,1770713999999,270527.0413300,2945,4557.94,136209.6768100,0
1770714000000,29.90700,30.10800,29.90100,30.09200,56375.21,1770714299999,1691468.5321700,7807,32583.82,977811.6507900,0
1770714300000,30.09100,30.10300,29.95600,30.03900,37267.63,1770714599999,1119107.7643900,5351,24895.08,747565.4302100,0
1770714600000,30.04000,30.06600,29.96000,30.03100,22821.08,1770714899999,685008.5002400,3782,11907.28,357562.4618900,0
1770714900000,30.03100,30.14900,29.99400,30.14800,42834.19,1770715199999,1288442.5456300,4793,29215.33,879111.9726800,0
1770715200000,30.14800,30.15400,30.07700,30.13500,33002.80,1770715499999,993894.0140600,4954,19005.48,572358.2394200,0
1770715500000,30.13500,30.18200,30.09500,30.15900,41316.90,1770715799999,1245457.7533600,5894,20662.06,622969.1849600,0
1770715800000,30.15900,30.24600,30.12100,30.22600,38418.19,1770716099999,1159749.6444500,5520,23646.35,713921.6895700,0
1770716100000,30.22000,30.23800,30.10800,30.12500,26862.21,1770716399999,810166.3302900,4618,11180.15,337182.2578200,0
1770716400000,30.12400,30.29500,30.10100,30.19900,39025.95,1770716699999,1178985.0785600,5801,21782.57,657881.9637100,0
1770716700000,30.19900,30.23800,30.07400,30.11800,29349.48,1770716999999,884715.4750900,4484,15463.86,466136.7534000,0
1770717000000,30.12000,30.14100,29.94000,30.07800,53470.05,1770717299999,1605904.7552500,6449,23359.92,701886.8107800,0
1770717300000,30.07800,30.08800,30.02500,30.07400,12497.52,1770717599999,375593.3939500,2587,3476.55,104502.4066600,0
1770717600000,30.07400,30.17200,30.06600,30.13700,26606.62,1770717899999,801395.3287800,3961,17364.69,523012.8644800,0
1770717900000,30.13700,30.18800,30.09800,30.18100,19417.00,1770718199999,585407.9956800,3510,11985.48,361389.3427400,0
1770718200000,30.17900,30.19700,29.96500,30.02300,52329.33,1770718499999,1571838.4680000,5569,19630.32,589587.2028300,0
1770718500000,30.02300,30.02800,29.95800,29.97800,17051.82,1770718799999,511277.5214700,3652,8666.13,259847.1529300,0
1770718800000,29.97900,30.09000,29.95800,30.08100,36781.65,1770719099999,1103805.2297400,3897,21783.10,653628.1268700,0
1770719100000,30.08400,30.13500,30.05800,30.09000,19732.67,1770719399999,594030.3606100,3425,11031.81,332110.0437500,0
1770719400000,30.08900,30.08900,29.88000,29.91000,43641.41,1770719699999,1307634.5274500,5251,13601.55,407622.6981500,0
1770719700000,29.91100,29.92200,29.71000,29.74800,159993.78,1770719999999,4765976.8950100,11033,48846.94,1455912.5296100,0
1770720000000,29.74900,29.77500,29.70100,29.74600,35582.12,1770720299999,1058419.6629700,5143,19971.12,594130.5766800,0
1770720300000,29.74700,29.81000,29.58000,29.68300,125677.50,1770720599999,3729430.5058100,13115,50470.02,1498904.3947600,0
1770720600000,29.68300,29.70600,29.52600,29.58600,63977.69,1770720899999,1894375.9814200,8710,30404.70,900514.2109100,0
1770720900000,29.58500,29.65000,29.55100,29.58100,34177.54,1770721199999,1011439.6722300,5128,14180.67,419737.7621500,0
1770721200000,29.58200,29.67700,29.56000,29.62200,43946.22,1770721499999,1301350.9413800,7159,22823.46,676095.7320500,0
1770721500000,29.62300,29.73800,29.61100,29.71300,41856.34,1770721799999,1242720.0978500,6083,28266.32,839192.4989000,0
1770721800000,29.71300,29.75400,29.65500,29.67600,23043.85,1770722099999,684783.6868500,3956,9679.33,287708.4583300,0
1770722100000,29.67700,29.75100,29.66000,29.70100,21819.71,1770722399999,648134.2426900,3817,10229.59,303823.9959600,0
1770722400000,29.70100,29.75600,29.67000,29.74300,35334.59,1770722699999,1050338.1836200,5195,17825.60,529860.7066200,0
1770722700000,29.74300,29.75100,29.69900,29.75000,14932.24,1770722999999,443861.3768500,3079,5527.56,164319.9964300,0
1770723000000,29.75100,29.90200,29.72800,29.76000,102729.51,1770723299999,3063397.2267500,10317,66157.45,1973444.1601200,0
1770723300000,29.76000,29.76300,29.62700,29.70500,56265.53,1770723599999,1669934.9749700,7531,17836.48,529439.1961700,0
1770723600000,29.70400,29.72300,29.54300,29.64500,38700.64,1770723899999,1145616.9200700,5882,13380.86,396176.3382200,0
1770723900000,29.64800,29.74600,29.62700,29.69300,24383.14,1770724199999,724042.8825100,4481,11072.65,328771.7267600,0
1770724200000,29.69200,29.73600,29.50400,29.54300,51523.36,1770724499999,1525198.3053100,5869,16240.97,481539.1461800,0
1770724500000,29.54300,29.59800,29.51600,29.54000,35141.91,1770724799999,1038436.0162100,4615,14558.84,430291.4803900,0
1770724800000,29.54000,29.59600,29.53400,29.56200,20423.21,1770725099999,603930.2466800,4930,10952.84,323903.1225900,0
1770725100000,29.56000,29.59500,29.26400,29.39800,173990.95,1770725399999,5111646.9866700,16063,59329.28,1743326.5401400,0
1770725400000,29.39900,29.52900,29.39200,29.48600,70506.44,1770725699999,2077560.3119100,7371,39284.65,1157629.2040000,0
1770725700000,29.48500,29.51100,29.40500,29.41800,28008.18,1770725999999,825060.0614500,5726,9620.54,283440.8756400,0
1770726000000,29.41800,29.48500,29.40200,29.42700,13554.68,1770726299999,399082.8315900,3823,6166.88,181584.0089000,0
1770726300000,29.42800,29.60300,29.42600,29.58000,60778.29,1770726599999,1796614.8060600,7504,38543.53,1139319.6520100,0
1770726600000,29.57900,29.64200,29.55300,29.57100,38819.43,1770726899999,1149516.3044600,4978,22574.73,668659.5761700,0
1770726900000,29.57000,29.60000,29.49200,29.51700,36707.20,1770727199999,1084573.6666100,4849,17606.64,520408.0260600,0
1770727200000,29.51800,29.53700,29.45500,29.50300,20599.34,1770727499999,607766.5602900,3967,9567.95,282300.2254000,0
1770727500000,29.50300,29.52000,29.42100,29.48600,21128.24,1770727799999,622821.4685400,4562,11155.02,328818.3557600,0
1770727800000,29.48700,29.49200,29.39300,29.40400,24338.54,1770728099999,716276.2473400,3677,8658.84,254844.7754600,0
1770728100000,29.40500,29.45300,29.36000,29.39900,29465.90,1770728399999,866423.2029200,5067,12710.31,373788.3879600,0
1770728400000,29.39700,29.45000,29.31200,29.33400,41715.99,1770728699999,1225704.0045800,7019,17478.46,513735.8229400,0
1770728700000,29.33400,29.48100,29.30200,29.44400,65982.08,1770728999999,1938095.5235700,9566,29503.07,867109.2467100,0
1770729000000,29.44300,29.47100,29.39000,29.46300,15324.17,1770729299999,451074.1592500,3761,6831.26,201080.0466500,0
1770729300000,29.46200,29.63100,29.38900,29.60400,71453.68,1770729599999,2108196.3661900,7776,53729.38,1585375.3215800,0
1770729600000,29.60600,29.72600,29.60600,29.67000,60969.29,1770729899999,1809333.7137300,8238,32884.50,975821.9039100,0
1770729900000,29.67100,29.69600,29.63200,29.65900,17660.50,1770730199999,523835.0044000,3765,8637.72,256267.4424800,0
1770730200000,29.66000,29.85900,29.64100,29.83200,72111.65,1770730499999,2146813.1804600,9776,50144.26,1492849.7556700,0
1770730500000,29.83300,29.84600,29.75100,29.77400,41263.67,1770730799999,1229765.8594700,6210,17321.05,516161.6923600,0
1770730800000,29.77300,29.85500,29.76100,29.83500,38626.56,1770731099999,1151847.6180900,4835,27014.54,805635.7349400,0
1770731100000,29.83400,29.88600,29.72300,29.72400,39926.01,1770731399999,1190046.0920600,6432,15816.94,471738.7583900,0
1770731400000,29.73200,29.88200,29.71000,29.86500,26240.83,1770731699999,781914.4785600,4789,16555.02,493391.1298000,0
1770731700000,29.86500,30.00800,29.86400,29.92900,95443.43,1770731999999,2857707.9813900,8801,68442.41,2049188.3232800,0
1770732000000,29.93000,29.96300,29.81700,29.83700,42347.13,1770732299999,1265370.4233600,6429,20239.51,604916.9714400,0
1770732300000,29.83700,29.94000,29.83700,29.88200,20080.30,1770732599999,600161.9413600,4843,10852.92,324434.7117600,0
1770732600000,29.88200,29.95100,29.82200,29.89900,24965.38,1770732899999,746250.2417800,4768,14396.71,430462.2618000,0
1770732900000,29.89900,30.06300,29.88900,29.99300,75572.02,1770733199999,2267697.2823500,9479,43949.10,1318677.5840500,0
1770733200000,29.99300,30.00700,29.75800,29.81100,38613.03,1770733499999,1153242.7698100,6358,14120.28,421735.1913600,0
1770733500000,29.81200,29.84300,29.70200,29.77700,44364.51,1770733799999,1319851.6059400,6639,19040.85,566576.7266500,0
1770733800000,29.77700,29.87000,29.67700,29.74200,42408.49,1770734099999,1262779.3441500,8905,20815.14,619941.5316600,0
1770734100000,29.74500,29.76600,29.58700,29.63800,85307.81,1770734399999,2531087.0498400,11149,51363.49,1524272.3914900,0
1770734400000,29.63900,29.66800,29.44500,29.54100,190704.18,1770734699999,5633584.8097800,17098,103804.41,3067887.6515900,0
1770734700000,29.54100,29.61500,29.23100,29.29400,148867.83,1770734999999,4372694.2434200,16440,61550.90,1808972.7975900,0
1770735000000,29.29600,29.46000,29.22200,29.45600,97558.03,1770735299999,2862542.5929400,13135,51861.79,1522008.5241500,0
1770735300000,29.45900,29.63900,29.36100,29.59400,125692.03,1770735599999,3708962.5478400,13987,83396.89,2461204.4397300,0
1770735600000,29.59400,29.66800,29.50200,29.61000,49651.22,1770735899999,1469162.5922900,8628,23754.27,702805.7008200,0
1770735900000,29.61000,29.81700,29.59700,29.73200,77625.33,1770736199999,2306766.9757100,10266,52469.13,1559114.3281500,0
1770736200000,29.73300,29.81000,29.53700,29.62500,59506.93,1770736499999,1764095.4092300,8963,21437.93,635890.0326600,0
1770736500000,29.62600,29.70900,29.52400,29.70900,42579.39,1770736799999,1261202.1254300,7554,24166.11,715802.8096600,0
1770736800000,29.70900,29.82300,29.67500,29.74000,37874.81,1770737099999,1126985.6514000,6935,14104.02,419765.6746700,0
1770737100000,29.74000,29.83000,29.71500,29.74200,36010.41,1770737399999,1071762.5292100,7073,12139.61,361456.0868700,0
1770737400000,29.74100,29.83800,29.69400,29.70300,36611.00,1770737699999,1089783.1461200,7523,18220.70,542380.5191800,0
1770737700000,29.70200,29.82500,29.60800,29.76900,53324.65,1770737999999,1584682.1151900,7730,25469.44,757913.0776500,0
1770738000000,29.77200,29.84300,29.74500,29.83700,33642.12,1770738299999,1002424.3839500,5889,16428.19,489595.3101500,0
1770738300000,29.83700,29.92600,29.75000,29.92500,38581.33,1770738599999,1150980.5438400,7048,22969.92,685211.3127900,0
1770738600000,29.92500,29.92600,29.79800,29.88100,25833.88,1770738899999,771395.4299300,5334,10816.86,322942.8205500,0
1770738900000,29.88100,29.90000,29.66000,29.80200,40767.75,1770739199999,1213150.4247500,6810,18390.88,547250.3011200,0
1770739200000,29.80300,29.86100,29.76000,29.80200,36539.66,1770739499999,1089370.5231300,6217,20034.65,597405.5496700,0
1770739500000,29.80100,29.90600,29.73000,29.89000,72174.27,1770739799999,2151899.3854000,8125,44902.76,1338735.0999100,0
1770739800000,29.89100,30.18100,29.89100,30.13400,79051.18,1770740099999,2375975.4215000,9187,47738.56,1435016.2010800,0
1770740100000,30.13000,30.25000,30.02500,30.05100,96789.97,1770740399999,2917493.0291100,10944,42562.36,1283774.0855700,0
1770740400000,30.05200,30.09900,30.00100,30.01300,26708.34,1770740699999,802418.4050800,5290,12163.87,365551.5331300,0
1770740700000,30.01300,30.10000,29.96500,29.99000,31552.94,1770740999999,947352.9513000,5107,15724.76,472379.3931800,0
1770741000000,29.99000,30.05400,29.91000,29.96400,41011.84,1770741299999,1229251.5958100,5790,13357.52,400653.8618100,0
1770741300000,29.96400,30.27900,29.95500,30.27700,77572.37,1770741599999,2338070.7716600,8592,54937.93,1655648.4665000,0
1770741600000,30.27600,30.32000,30.17000,30.17400,64751.85,1770741899999,1958920.1282800,8470,27915.26,844680.2226400,0
1770741900000,30.17400,30.21200,30.12100,30.14300,23687.40,1770742199999,714500.2591000,5001,12510.98,377383.1649900,0
1770742200000,30.14300,30.19400,30.03600,30.05900,41705.84,1770742499999,1255259.8186000,6503,19276.18,580337.8918400,0
1770742500000,30.05900,30.24200,30.03000,30.21500,30431.88,1770742799999,917797.3536600,5472,18044.22,544259.1141000,0
1770742800000,30.21500,30.23600,30.08000,30.08900,23231.33,1770743099999,700820.1589700,5554,10891.41,328618.1820900,0
1770743100000,30.09000,30.21800,30.01600,30.21800,55094.02,1770743399999,1657909.0182100,7637,37657.10,1133176.1844700,0
1770743400000,30.21800,30.24800,30.14100,30.19300,33368.64,1770743699999,1007798.2753000,5026,19899.28,601073.6409800,0
1770743700000,30.19400,30.36300,30.14400,30.29300,47062.60,1770743999999,1425585.7071000,6549,29331.97,888840.5100700,0
1770744000000,30.29200,30.43100,30.27500,30.33300,42047.36,1770744299999,1276400.8918700,6130,20991.95,637501.7595900,0
1770744300000,30.33300,30.40200,30.27800,30.33400,25456.79,1770744599999,772358.3627900,4969,10349.49,314045.2369500,0
1770744600000,30.33400,30.49000,30.32800,30.46900,40787.81,1770744899999,1240808.4101500,6133,24421.04,743069.4157200,0
1770744900000,30.46700,30.53200,30.41700,30.48700,41068.72,1770745199999,1252374.2845400,6214,24132.39,736025.7472100,0
1770745200000,30.48800,30.52100,30.35500,30.37200,39540.04,1770745499999,1203902.2850900,6280,14060.25,428121.9432100,0
1770745500000,30.37200,30.39000,30.30200,30.32700,25521.98,1770745799999,774576.6673400,3979,7393.39,224479.8331900,0
1770745800000,30.32900,30.37900,30.30100,30.32900,21272.69,1770746099999,645520.5114100,3676,14675.19,445315.1565600,0
1770746100000,30.33000,30.39800,30.30600,30.37200,21930.25,1770746399999,665810.1198400,3825,13316.71,404339.4533300,0
1770746400000,30.37200,30.40500,30.29400,30.31900,28608.73,1770746699999,868106.9891400,5446,11669.03,354094.3414000,0
1770746700000,30.31900,30.37900,30.22800,30.32400,45619.93,1770746999999,1381761.6732100,6901,21637.52,655448.6312700,0
1770747000000,30.32400,30.33600,30.20000,30.22100,27549.34,1770747299999,833615.4621600,4721,9689.93,293363.8946000,0
1770747300000,30.22000,30.23100,30.14400,30.19800,51769.52,1770747599999,1562473.0664800,5725,20199.50,609735.6577500,0
1770747600000,30.19800,30.20200,30.02800,30.10700,59995.11,1770747899999,1805690.5167400,6673,22827.78,687224.9232600,0
1770747900000,30.10700,30.13000,29.83900,29.93800,103227.75,1770748199999,3091532.3689000,10711,35095.03,1051079.5667700,0
1770748200000,29.93900,29.96300,29.78100,29.81800,60523.85,1770748499999,1806547.7191800,7738,15709.18,469122.2995000,0
1770748500000,29.81700,29.99100,29.81700,29.96400,63016.93,1770748799999,1885329.2245300,6516,43275.54,1294801.6094700,0
1770748800000,29.96400,30.03000,29.81400,29.84600,36205.48,1770749099999,1083708.7475700,5827,14654.47,438849.7994500,0
1770749100000,29.84700,29.88300,29.65900,29.72300,65967.35,1770749399999,1962458.2084700,8830,29720.05,884530.8184800,0
1770749400000,29.72400,29.81000,29.70800,29.76400,33810.38,1770749699999,1006618.1931900,5395,21406.85,637325.5920700,0
1770749700000,29.76300,30.02800,29.73000,29.90100,61884.17,1770749999999,1852216.8845400,8031,36903.62,1104474.1009400,0
1770750000000,29.90000,29.91700,29.79400,29.80200,29948.30,1770750299999,894506.0766500,5797,15738.28,470111.9801700,0
1770750300000,29.80400,29.84900,29.65000,29.73100,47021.95,1770750599999,1398886.8885700,7148,18465.55,549694.8567800,0
1770750600000,29.73200,29.82800,29.73200,29.81500,20375.92,1770750899999,606791.1017900,4110,12030.62,358251.0233500,0
1770750900000,29.81500,29.84500,29.66100,29.66900,22953.73,1770751199999,683114.3859900,5019,10228.65,304436.3698800,0
1770751200000,29.66600,29.68300,29.61700,29.65300,23875.43,1770751499999,708055.0794800,3948,8883.95,263476.8955200,0
1770751500000,29.65000,29.69400,29.57000,29.69200,28263.70,1770751799999,837532.8385800,4761,14049.58,416350.0392300,0
1770751800000,29.69100,29.74800,29.63300,29.68200,22113.13,1770752099999,656572.7820600,5138,12208.39,362498.3432900,0
1770752100000,29.68000,29.84800,29.67600,29.82800,24749.98,1770752399999,737298.8440300,5076,11356.19,338268.0878500,0
1770752400000,29.82800,29.85600,29.80700,29.82900,10176.14,1770752699999,303578.2138800,2728,5854.78,174673.4841500,0
1770752700000,29.83000,29.89800,29.81600,29.85600,20914.74,1770752999999,624619.4189500,4156,12042.30,359622.7791400,0
1770753000000,29.85700,29.86500,29.79900,29.80000,16291.12,1770753299999,486105.6172300,3184,8098.99,241677.2419500,0
1770753300000,29.80200,29.85900,29.77500,29.83700,8603.62,1770753599999,256601.0750600,2317,4791.10,142898.7623200,0
1770753600000,29.83700,29.83800,29.75100,29.81500,15190.38,1770753899999,452531.4279100,3596,7689.39,229085.4502100,0
1770753900000,29.81600,29.84800,29.69100,29.69100,15219.47,1770754199999,453295.1192700,3348,7064.86,210508.8479300,0
1770754200000,29.69200,29.70100,29.65800,29.66800,16462.11,1770754499999,488568.6797700,2956,7171.52,212844.2028300,0
1770754500000,29.66700,29.72400,29.66100,29.68400,11882.10,1770754799999,352695.4095000,2612,7317.63,217208.8597600,0
1770754800000,29.68300,29.71200,29.65700,29.68000,6367.16,1770755099999,188983.1965700,2031,3116.16,92488.5776500,0
1770755100000,29.68200,29.71400,29.62400,29.64400,12693.21,1770755399999,376523.6456700,2810,5759.61,170892.5576000,0
1770755400000,29.64500,29.78000,29.63500,29.67900,18477.14,1770755699999,548953.8369700,3911,7855.37,233379.4118600,0
1770755700000,29.68100,29.78500,29.63700,29.77000,18205.82,1770755999999,540751.2081700,3995,9852.85,292675.4786000,0
1770756000000,29.77000,29.81800,29.74800,29.81300,9735.41,1770756299999,289901.6855400,2661,4611.91,137351.9470800,0
1770756300000,29.81400,29.89300,29.74100,29.82100,20450.03,1770756599999,610103.6736000,3998,12124.25,361831.1964200,0
1770756600000,29.82100,29.82300,29.75400,29.78000,9529.57,1770756899999,283878.3208200,2647,3763.00,112084.3993000,0
1770756900000,29.77900,29.77900,29.54400,29.55800,40819.56,1770757199999,1209128.4497600,6381,14761.13,437348.1307000,0
1770757200000,29.55800,29.62100,29.50600,29.50900,52256.69,1770757499999,1544327.8964800,6752,20988.23,620310.5576400,0
1770757500000,29.51200,29.56300,29.40000,29.42500,62249.61,1770757799999,1834572.6686300,8386,25445.02,749837.8669700,0
1770757800000,29.42600,29.53000,29.32700,29.49800,47561.88,1770758099999,1398895.2814100,6462,23636.13,695340.4643300,0
1770758100000,29.49700,29.54500,29.48700,29.53100,13337.54,1770758399999,393721.3636500,3190,7804.09,230384.9814100,0
1770758400000,29.53100,29.55000,29.43000,29.47000,17910.75,1770758699999,528102.8811100,2935,9640.24,284209.7587400,0
1770758700000,29.46900,29.47900,29.15700,29.16900,85940.44,1770758999999,2516015.4125200,8815,20095.83,588870.4102000,0
1770759000000,29.16900,29.27600,29.13500,29.27000,99565.21,1770759299999,2908370.8467600,9467,47886.52,1398811.9130800,0
1770759300000,29.27000,29.47800,29.20900,29.41100,86962.04,1770759599999,2552005.2797300,9091,41141.51,1207571.1385500,0
1770759600000,29.41100,29.47800,29.40600,29.45100,24242.27,1770759899999,713731.0019500,4595,11885.02,349950.5560800,0
1770759900000,29.45100,29.50500,29.44100,29.47200,10982.50,1770760199999,323712.5776000,3260,5819.85,171549.8263500,0
1770760200000,29.47100,29.55100,29.41500,29.50400,24240.29,1770760499999,714395.8631600,3987,12256.14,361386.6504800,0
1770760500000,29.50500,29.51800,29.45700,29.50700,21740.63,1770760799999,641036.8191100,3449,6361.43,187593.7337000,0
1770760800000,29.50800,29.54600,29.45400,29.49500,16668.82,1770761099999,491877.6765700,3797,8203.45,242144.5952400,0
1770761100000,29.49400,29.49400,29.40100,29.47600,15733.52,1770761399999,463395.5436700,3142,5806.10,171052.1419000,0
1770761400000,29.47900,29.56300,29.46700,29.49400,8888.59,1770761699999,262306.6493500,2464,4942.16,145825.4260500,0
1770761700000,29.49600,29.50800,29.41100,29.42900,8483.31,1770761999999,250018.5183900,1856,3561.12,104929.3780800,0
1770762000000,29.43000,29.47600,29.40800,29.46300,8670.99,1770762299999,255199.9973900,2109,4585.57,134962.5791500,0
1770762300000,29.46300,29.48400,29.40500,29.45500,15357.63,1770762599999,452120.1520800,2829,7567.45,222789.7775800,0
1770762600000,29.45400,29.46900,29.34200,29.44800,19786.61,1770762899999,582004.6398400,3430,8276.21,243384.7294600,0
1770762900000,29.44800,29.48200,29.41700,29.42900,10213.50,1770763199999,300761.6001700,2058,6907.04,203392.8232500,0
1770763200000,29.43000,29.44800,29.31200,29.33100,18185.95,1770763499999,534000.4084900,2397,6766.76,198812.1688200,0
1770763500000,29.33200,29.35500,29.26500,29.29000,17417.11,1770763799999,510461.9763300,1973,9766.89,286311.5268000,0
1770763800000,29.29100,29.32200,29.25200,29.30100,23605.66,1770764099999,691086.8081700,1914,12713.88,372214.3963000,0
1770764100000,29.30100,29.31200,29.05200,29.07600,77339.14,1770764399999,2254264.2438600,6432,26004.14,757796.7697200,0
1770764400000,29.07500,29.19100,29.01200,29.09400,60520.99,1770764699999,1760378.2316900,7292,30770.20,895229.3214300,0
1770764700000,29.09300,29.09300,28.88600,29.00100,111086.15,1770764999999,3219004.8898600,11455,42421.72,1229687.8295700,0
1770765000000,29.00000,29.05100,28.98100,28.99600,40041.47,1770765299999,1161677.5638800,5139,15684.08,455063.7932500,0
1770765300000,28.99600,29.03300,28.94100,28.97300,30748.52,1770765599999,891401.9411800,4584,17398.35,504464.2499700,0
1770765600000,28.97200,29.02000,28.89800,28.92800,61922.39,1770765899999,1792132.5058200,7190,21311.06,616949.0752600,0
1770765900000,28.92800,28.96000,28.75100,28.81600,177876.42,1770766199999,5127379.5356200,14821,52711.79,1520045.5196900,0
1770766200000,28.81600,28.99600,28.78000,28.91100,58715.51,1770766499999,1696203.1341300,6981,30592.40,884178.1902800,0
1770766500000,28.91000,29.02500,28.89900,28.92200,39842.95,1770766799999,1154051.3611100,5913,17869.97,517650.2258400,0
1770766800000,28.92000,28.92800,28.77200,28.88000,53333.67,1770767099999,1538692.3275900,6199,21805.97,628876.6104700,0
1770767100000,28.87900,28.95000,28.85300,28.88400,31382.98,1770767399999,907186.0789400,4564,15497.12,448148.3866600,0
1770767400000,28.88400,28.90800,28.77800,28.79500,40756.54,1770767699999,1175169.2821000,5456,21011.72,605882.4758300,0
1770767700000,28.79600,28.90600,28.79100,28.84200,42851.18,1770767999999,1236115.7967400,5111,17444.85,503193.6357400,0
1770768000000,28.84300,28.92300,28.80400,28.89600,57454.22,1770768299999,1658320.4190400,7780,24948.57,720317.9975300,0
1770768300000,28.89700,28.98700,28.89700,28.93300,42074.17,1770768599999,1218100.9026800,5635,25866.91,748875.9787400,0
1770768600000,28.93100,28.93100,28.74300,28.75600,46988.05,1770768899999,1353642.3113200,6376,15599.81,449324.5369900,0
1770768900000,28.75700,28.94200,28.70400,28.93900,70995.72,1770769199999,2044154.2098000,8036,27254.61,785589.7966800,0
1770769200000,28.93900,29.02300,28.87300,29.02200,48694.81,1770769499999,1411018.1860800,6223,24329.40,705016.8275800,0
1770769500000,29.02100,29.09300,29.01800,29.08000,61771.13,1770769799999,1794673.6214600,4731,50887.70,1478403.5383200,0
1770769800000,29.07900,29.14300,29.05600,29.11200,28136.11,1770770099999,818873.2783300,4574,18704.24,544435.8712400,0
1770770100000,29.11100,29.17600,29.10700,29.12100,24285.32,1770770399999,707855.7419400,3857,16156.94,470973.5767400,0
1770770400000,29.12000,29.16600,29.08400,29.16000,13278.42,1770770699999,386762.5869300,3062,7406.81,215778.9739300,0
1770770700000,29.16000,29.19300,29.09100,29.12100,44056.79,1770770999999,1284490.9593000,3931,13179.55,384110.2499900,0
1770771000000,29.12300,29.19700,29.09800,29.18400,13338.74,1770771299999,388648.1882600,2880,8167.40,237966.1643100,0
1770771300000,29.18400,29.25500,29.14500,29.19600,32064.67,1770771599999,936636.1645300,4399,17997.22,525731.3904300,0
1770771600000,29.19500,29.22700,29.11500,29.12900,24200.24,1770771899999,705907.5980400,4138,11149.52,325254.2943800,0
1770771900000,29.12800,29.13200,29.01000,29.04500,54244.96,1770772199999,1575963.3802500,6571,20522.78,596255.2842100,0
1770772200000,29.04400,29.14700,28.90500,29.14500,66108.23,1770772499999,1917093.3179700,6895,30303.42,879288.9791900,0
1770772500000,29.14600,29.17400,29.12100,29.17300,31458.65,1770772799999,916698.5328000,3382,9368.21,273088.7152300,0
1770772800000,29.17300,29.17300,29.00300,29.03500,19228.89,1770773099999,558972.0155300,4088,7767.01,225839.6569400,0
1770773100000,29.03500,29.08900,29.00700,29.06100,13971.59,1770773399999,405831.3234800,3374,9089.26,264020.9660200,0
1770773400000,29.06200,29.11700,29.04500,29.11300,11635.19,1770773699999,338280.8113100,3412,6414.08,186495.1008000,0
1770773700000,29.11300,29.19100,29.10600,29.11000,13375.96,1770773999999,389883.2407300,3165,7781.33,226801.4088600,0
1770774000000,29.11100,29.19400,29.11100,29.14700,14433.27,1770774299999,420789.0586100,3778,8638.03,251822.5279700,0
1770774300000,29.14700,29.19600,29.12000,29.19000,12907.62,1770774599999,376247.7215700,2750,8052.43,234739.0746700,0
1770774600000,29.19100,29.20700,29.12100,29.13900,32869.48,1770774899999,959207.3603600,3586,10241.27,298820.5830900,0
1770774900000,29.14000,29.15000,29.09100,29.12600,9424.18,1770775199999,274513.4207700,2930,4852.60,141360.9910400,0
1770775200000,29.12600,29.23800,29.12600,29.19900,20929.31,1770775499999,610995.4406900,3757,9188.13,268186.7231400,0
1770775500000,29.19700,29.24200,29.18000,29.20500,11178.50,1770775799999,326541.2291800,2712,7632.15,222946.4135200,0
1770775800000,29.20500,29.21700,28.97800,29.01600,30460.81,1770776099999,885501.5826800,3989,8453.77,246067.3324400,0
1770776100000,29.01700,29.16500,29.01700,29.15800,32732.99,1770776399999,952175.9282000,4075,17508.86,509205.3768700,0
1770776400000,29.15800,29.22200,29.10500,29.20400,18759.04,1770776699999,546910.1958100,3986,10839.97,315989.1762300,0
1770776700000,29.20400,29.25600,29.16900,29.19900,20070.36,1770776999999,586215.6588100,3624,8604.36,251349.6339300,0
1770777000000,29.20300,29.25400,29.19300,29.21800,13434.73,1770777299999,392626.2615600,2850,6527.61,190752.0170000,0
1770777300000,29.21700,29.23900,29.17200,29.19500,18293.53,1770777599999,534294.2185900,2832,10493.76,306484.7041400,0
1770777600000,29.19500,29.19900,29.12500,29.14000,17816.19,1770777899999,519568.5670400,3364,8032.78,234320.6388000,0
1770777900000,29.14100,29.14100,28.96400,28.99200,46390.94,1770778199999,1347191.5543400,5909,18244.19,530038.1574100,0
1770778200000,28.99200,29.01100,28.90800,28.94200,19239.28,1770778499999,556991.0330800,3723,8410.85,243539.8440000,0
1770778500000,28.94100,28.95600,28.84700,28.86600,49496.03,1770778799999,1429080.4103300,4131,32265.88,931417.3836500,0
1770778800000,28.86700,28.89700,28.69200,28.72500,106886.05,1770779099999,3075595.2373600,8950,40240.58,1158142.7624900,0
1770779100000,28.72500,28.97800,28.72500,28.94300,63460.65,1770779399999,1831173.6427300,5651,41448.63,1196096.1377500,0
1770779400000,28.94400,28.97200,28.86600,28.88600,20899.27,1770779699999,604489.1972900,3653,6535.92,189067.3152200,0
1770779700000,28.88700,28.91400,28.78000,28.78600,38413.83,1770779999999,1107909.8195700,5887,15837.99,457009.8921500,0
1770780000000,28.78600,28.83200,28.70700,28.78400,59008.48,1770780299999,1697261.3353500,6501,33231.07,956116.2231900,0
1770780300000,28.78400,28.86600,28.71400,28.72000,36843.37,1770780599999,1060762.2649100,5487,16847.51,485275.9070700,0
1770780600000,28.71900,28.78800,28.70200,28.76700,18401.81,1770780899999,529227.2981800,4086,9156.15,263336.3723000,0
1770780900000,28.76800,28.80200,28.72000,28.75200,26842.18,1770781199999,771763.5013400,4174,12456.57,358134.9615400,0
1770781200000,28.75300,28.85700,28.70000,28.71100,53933.10,1770781499999,1552097.9307100,5882,20536.45,591253.2097800,0
1770781500000,28.71200,28.82200,28.68800,28.76300,29282.77,1770781799999,841796.8250300,4938,15676.15,450789.0709200,0
1770781800000,28.76200,28.78300,28.70500,28.76900,22070.79,1770782099999,634260.1643400,3896,8578.01,246517.1629000,0
1770782100000,28.76800,28.80800,28.74900,28.79100,13896.22,1770782399999,399952.5157600,3057,6473.22,186300.1398100,0
1770782400000,28.79100,28.83400,28.76100,28.79800,22621.55,1770782699999,651593.8246700,3987,12627.94,363752.0688500,0
1770782700000,28.79900,28.83800,28.77400,28.82000,25303.46,1770782999999,728991.6137300,3938,15430.48,444561.8641200,0
1770783000000,28.82000,28.82000,28.60800,28.63300,108091.07,1770783299999,3098612.5295900,7952,25652.62,735673.1618900,0
1770783300000,28.63300,28.70100,28.61200,28.70100,29647.16,1770783599999,849293.6714900,4335,16649.00,477063.3237500,0
1770783600000,28.70200,28.77100,28.57300,28.67800,76927.15,1770783899999,2204086.6572200,8285,27055.62,775854.1975700,0
1770783900000,28.67600,28.75600,28.66100,28.66400,69527.50,1770784199999,1995793.1286400,6229,34402.71,987676.5142800,0
1770784200000,28.66300,28.68000,28.56200,28.62800,54435.21,1770784499999,1558305.8302400,7721,20904.83,598585.8364300,0
1770784500000,28.62800,28.73900,28.58900,28.67700,55828.29,1770784799999,1600562.7833600,7572,34024.29,975464.1830200,0
1770784800000,28.68400,28.72500,28.58300,28.70000,47532.11,1770785099999,1361581.5500700,5844,26744.88,766010.1743500,0
1770785100000,28.69900,28.94800,28.69200,28.94700,101324.66,1770785399999,2923085.3938300,9217,60802.03,1754019.4510700,0
1770785400000,28.94600,29.01500,28.87400,28.92700,54486.92,1770785699999,1576599.9798700,7762,29151.06,843704.9847600,0
1770785700000,28.92800,29.11300,28.91300,29.09800,48535.67,1770785999999,1408512.8639000,6790,30048.89,872092.8092400,0
1770786000000,29.09900,29.22700,29.09000,29.15300,50812.31,1770786299999,1481597.7542700,7067,25752.14,750918.9519700,0
1770786300000,29.15300,29.37200,29.14700,29.27500,108512.64,1770786599999,3176203.6059500,10751,70964.56,2077387.1050300,0
1770786600000,29.27400,29.28200,29.19400,29.20400,32125.49,1770786899999,939428.7375600,5113,13463.96,393760.4953600,0
1770786900000,29.20400,29.29700,29.20100,29.22400,22454.06,1770787199999,656537.4522200,3837,10488.25,306776.9499000,0
1770787200000,29.22500,29.35900,29.20800,29.20800,33991.64,1770787499999,995015.3712900,5001,12803.80,374979.2393500,0
1770787500000,29.20800,29.28500,29.20200,29.27900,18648.04,1770787799999,545233.0234000,3557,8671.90,253523.2810000,0
1770787800000,29.27800,29.27800,29.20800,29.26000,18506.27,1770788099999,541120.2928600,3655,7211.47,210890.2282600,0
1770788100000,29.26000,29.26800,29.12200,29.15200,40212.65,1770788399999,1174096.7171600,5624,16809.98,490808.0884700,0
1770788400000,29.15200,29.18900,29.07500,29.08700,41978.36,1770788699999,1222292.6647400,4833,12272.04,357436.1309300,0
1770788700000,29.08700,29.12400,29.02000,29.07500,21766.65,1770788999999,632739.9622100,3996,8992.31,261420.3501700,0
1770789000000,29.07600,29.09700,29.02400,29.05400,8472.16,1770789299999,246178.4408200,2544,4321.01,125546.4513400,0
1770789300000,29.05500,29.06800,29.01100,29.03500,16060.83,1770789599999,466398.4958500,3283,8358.77,242744.7699600,0
1770789600000,29.03600,29.19300,29.03200,29.15000,48208.03,1770789899999,1403475.8311100,4988,32097.97,934294.5726900,0
1770789900000,29.15000,29.19900,29.06600,29.10000,30970.97,1770790199999,902297.2715600,5282,13303.83,387641.3617900,0
1770790200000,29.09900,29.18900,29.01000,29.01900,56118.74,1770790499999,1633205.6401900,7866,26081.26,759144.4070000,0
1770790500000,29.01900,29.25900,29.00100,29.15600,78594.72,1770790799999,2291208.2226100,9697,38608.48,1125440.8653400,0
1770790800000,29.15600,29.34100,29.06400,29.30500,78975.66,1770791099999,2307186.9099600,8369,57055.59,1666842.1449500,0
1770791100000,29.30400,29.38300,29.26100,29.34300,42257.33,1770791399999,1239893.8537200,6479,18588.04,545448.2849100,0
1770791400000,29.34200,29.42400,29.29800,29.30500,47303.43,1770791699999,1388850.9486300,6839,31609.07,928254.0340200,0
1770791700000,29.30500,29.41200,29.19400,29.20500,35139.28,1770791999999,1030130.1874400,5757,11772.66,345193.2119700,0
1770792000000,29.20400,29.26000,29.14600,29.16500,36214.47,1770792299999,1057514.3926100,5393,18613.27,543762.3910500,0
1770792300000,29.16400,29.21000,29.07700,29.11800,26525.17,1770792599999,773277.0230800,5181,13654.50,398204.5180200,0
1770792600000,29.12000,29.16700,29.04600,29.08000,24210.12,1770792899999,704193.6537400,4683,13066.69,380094.9909000,0
1770792900000,29.08000,29.08000,28.92800,28.95000,36155.28,1770793199999,1048475.4429300,5441,11568.57,335458.1925300,0
1770793200000,28.94900,28.99900,28.86000,28.91500,63844.19,1770793499999,1845117.2752400,6930,28741.24,830864.9972200,0
1770793500000,28.91700,28.99200,28.74900,28.76700,68697.04,1770793799999,1982179.4591000,8738,25339.10,731813.9619500,0
1770793800000,28.76700,28.77500,28.68200,28.74400,47330.96,1770794099999,1359606.3829200,6239,24045.30,690780.1147700,0
1770794100000,28.74300,28.80600,28.65300,28.76200,31160.79,1770794399999,895582.5525400,5869,16440.82,472670.3080900,0
1770794400000,28.76100,28.81700,28.67700,28.76100,42580.50,1770794699999,1223653.0431300,6276,23498.37,675285.6525300,0
1770794700000,28.76100,28.83800,28.70300,28.79100,26337.46,1770794999999,757986.0232400,5375,14787.54,425650.7697200,0
1770795000000,28.79100,28.86000,28.73900,28.77900,30435.31,1770795299999,876710.7456700,6182,14721.59,424086.1527300,0
1770795300000,28.77800,28.89400,28.75500,28.84400,42256.73,1770795599999,1218339.9712500,8386,25899.22,746655.5232000,0
1770795600000,28.84300,28.95700,28.81500,28.90900,27026.23,1770795899999,780721.3302000,5385,14270.96,412308.2661600,0
1770795900000,28.90800,28.91200,28.84000,28.90900,18297.15,1770796199999,528350.0460100,4122,9446.85,272767.8522500,0
1770796200000,28.90900,28.94300,28.84100,28.84200,31236.67,1770796499999,902855.7901100,5070,14513.77,419566.2115600,0
1770796500000,28.84200,28.86000,28.70800,28.74000,22438.86,1770796799999,645512.4660600,4261,8393.35,241552.8699500,0
1770796800000,28.74000,28.84300,28.73500,28.79100,23198.80,1770797099999,667801.6630200,4748,13522.55,389263.2803200,0
1770797100000,28.79100,28.86800,28.70700,28.76300,40105.74,1770797399999,1154281.8064100,5604,13949.97,401689.4506900,0
1770797400000,28.76300,28.79800,28.70100,28.75800,17638.99,1770797699999,507082.5117900,4109,9265.93,266376.4004100,0
1770797700000,28.75900,28.76000,28.58000,28.69400,60550.42,1770797999999,1735065.2948700,7019,25222.43,722828.6700500,0
1770798000000,28.69400,28.81000,28.69400,28.73100,35110.72,1770798299999,1009803.3146900,5492,24192.73,695920.5274200,0
1770798300000,28.73100,28.81200,28.68000,28.81200,21245.49,1770798599999,610580.8499600,4343,13869.32,398694.7871700,0
1770798600000,28.81000,28.81000,28.71800,28.74800,14886.30,1770798899999,428094.4053100,3863,6355.44,182763.8653200,0
1770798900000,28.75300,28.84100,28.68600,28.82900,34292.18,1770799199999,986786.6849900,5177,16465.69,473825.6305900,0
1770799200000,28.82900,28.98100,28.80900,28.97500,39301.25,1770799499999,1135800.4023000,6390,22052.02,637291.2003500,0
1770799500000,28.97600,29.04800,28.90800,28.93300,35492.08,1770799799999,1028266.5899300,6647,15813.34,458269.9850800,0
1770799800000,28.93400,29.01300,28.85400,28.86700,27005.90,1770800099999,781102.6966200,4608,9014.22,260899.1178700,0
1770800100000,28.86600,28.90000,28.84700,28.87000,14002.36,1770800399999,404245.9618800,2879,7048.10,203471.6755800,0
1770800400000,28.87000,28.92200,28.83800,28.84200,18908.67,1770800699999,546242.1234000,3764,6830.69,197309.0822300,0
1770800700000,28.84200,28.97800,28.82500,28.91600,25134.18,1770800999999,726506.4648100,4848,14112.29,407869.9019400,0
1770801000000,28.91800,28.95100,28.89400,28.93700,9101.43,1770801299999,263257.3122000,2599,4196.94,121402.3129700,0
1770801300000,28.93700,28.93700,28.77700,28.85800,19972.89,1770801599999,576158.5350000,4238,7500.80,216458.8572400,0
1770801600000,28.85800,28.89700,28.76500,28.78100,14294.79,1770801899999,412219.6383200,3250,7457.64,215070.5427600,0
1770801900000,28.78000,28.82400,28.76200,28.81900,11346.32,1770802199999,326760.4154000,2390,6741.64,194162.7131600,0
1770802200000,28.82000,28.85300,28.79400,28.80400,13241.68,1770802499999,381713.1332700,2727,5904.84,170196.6703300,0
1770802500000,28.80400,28.80800,28.75800,28.75900,9959.30,1770802799999,286597.1944800,2310,5744.01,165304.3298300,0
1770802800000,28.75800,28.77400,28.63100,28.68600,40795.42,1770803099999,1170203.0075700,4607,19300.30,553581.3519200,0
1770803100000,28.68700,28.68800,28.43300,28.52800,120850.87,1770803399999,3448109.0761100,9617,29783.55,850119.2964400,0
1770803400000,28.52900,28.59200,28.48400,28.56400,56914.07,1770803699999,1624079.4946700,6490,27558.56,786780.2749300,0
1770803700000,28.56300,28.61200,28.51000,28.56800,27916.99,1770803999999,797558.2221800,3924,15763.24,450418.2488200,0
1770804000000,28.56700,28.59600,28.35900,28.41000,118857.34,1770804299999,3378863.1490600,10613,27950.26,795132.7609400,0
1770804300000,28.41000,28.55000,28.39300,28.46900,80611.74,1770804599999,2295969.2521200,7367,39942.97,1137571.1366500,0
1770804600000,28.46800,28.52000,28.41800,28.46200,44241.56,1770804899999,1259724.9614100,6195,21162.45,602627.2081600,0
1770804900000,28.46300,28.57500,28.40600,28.41500,46638.61,1770805199999,1329237.0160500,5450,30642.21,873743.7074200,0
1770805200000,28.41500,28.57100,28.39400,28.51000,25081.94,1770805499999,714460.9786800,4122,14228.02,405358.5366500,0
1770805500000,28.51100,28.55400,28.46800,28.52200,23327.70,1770805799999,665177.7888900,4131,7900.14,225268.3761500,0
1770805800000,28.52300,28.54900,28.38100,28.42500,21873.74,1770806099999,622566.9962900,3955,8673.41,246928.6481200,0
1770806100000,28.42500,28.53000,28.42100,28.52000,52870.90,1770806399999,1504064.2110400,5110,17335.24,493325.1975400,0
1770806400000,28.52100,28.55300,28.46400,28.46400,19079.27,1770806699999,544035.7044600,3580,9725.73,277322.3391200,0
1770806700000,28.46500,28.57400,28.44000,28.44700,31358.56,1770806999999,894000.7851400,4956,16406.09,467817.3143400,0
1770807000000,28.44700,28.55100,28.44700,28.52600,28583.69,1770807299999,814897.6816500,4176,12854.99,366553.6112500,0
1770807300000,28.52600,28.60800,28.49400,28.52200,38573.61,1770807599999,1100727.6026900,4331,21565.88,615606.9321700,0
1770807600000,28.52200,28.67600,28.50900,28.53900,44168.89,1770807899999,1262759.5329300,6908,26639.65,761641.9952900,0
1770807900000,28.54000,28.57400,28.48900,28.54200,34490.95,1770808199999,983605.0122900,5525,12989.03,370454.4336700,0
1770808200000,28.54200,28.55200,28.49700,28.52300,11083.91,1770808499999,316144.0270500,2625,5389.67,153726.1775100,0
1770808500000,28.52300,28.69100,28.47200,28.68300,38919.64,1770808799999,1111799.8107500,5370,19381.30,553852.0625000,0
1770808800000,28.68400,28.71800,28.63800,28.68900,32061.07,1770809099999,919737.8643500,4884,17369.82,498364.3447000,0
1770809100000,28.68900,28.90500,28.62400,28.85400,104842.42,1770809399999,3018184.0190900,9053,62334.23,1794181.0581200,0
1770809400000,28.85200,28.87900,28.73500,28.85200,76310.58,1770809699999,2199264.2305600,7207,28978.13,835164.1183300,0
1770809700000,28.85400,28.86300,28.70000,28.74100,28316.50,1770809999999,814887.2898000,4923,11772.58,338764.4893100,0
1770810000000,28.74000,28.78600,28.71400,28.76000,13814.59,1770810299999,397100.7279400,3263,6763.49,194401.0265000,0
1770810300000,28.75900,29.05800,28.68300,28.99700,93327.63,1770810599999,2699519.1627200,11371,56000.41,1620054.9862100,0
1770810600000,28.99900,29.23400,28.89800,29.14800,133448.09,1770810899999,3874639.1510600,13472,63702.70,1851346.5766700,0
1770810900000,29.14600,29.29700,29.04900,29.09300,76281.75,1770811199999,2224854.8648100,9842,39131.77,1142073.8020600,0
1770811200000,29.09200,29.17500,29.04300,29.04400,35753.90,1770811499999,1040758.3352600,6551,17243.36,502054.4075100,0
1770811500000,29.04300,29.10500,28.99100,29.03400,34653.83,1770811799999,1006572.1344900,6529,18728.73,544097.6132100,0
1770811800000,29.03400,29.11200,28.99100,29.00300,22924.31,1770812099999,666274.4540600,3530,9525.58,276799.0481300,0
1770812100000,29.00300,29.06100,28.99000,29.04800,16453.51,1770812399999,477432.0432600,3207,11187.36,324581.8896500,0
1770812400000,29.04800,29.26600,29.04000,29.21100,62366.89,1770812699999,1821613.9081200,8166,32173.97,939842.0529100,0
1770812700000,29.21000,29.31700,29.16100,29.25400,43674.23,1770812999999,1278577.1159600,6371,17486.47,511931.5245800,0
1770813000000,29.25400,29.31900,29.23700,29.25500,15600.08,1770813299999,456804.7055900,3934,8943.71,261918.8660100,0
1770813300000,29.25600,29.33600,28.98200,29.04800,224185.52,1770813599999,6530650.3869500,10449,108890.20,3170720.8085700,0
1770813600000,29.04900,29.05200,28.94000,29.01500,47721.06,1770813899999,1383794.4647300,5901,22878.35,663500.8434600,0
1770813900000,29.01400,29.01400,28.93200,28.98100,18552.77,1770814199999,537438.4729200,3531,11448.76,331653.1893200,0
1770814200000,28.98200,28.98300,28.92700,28.97300,14962.33,1770814499999,433233.7423400,2543,4656.08,134846.1732200,0
1770814500000,28.97200,28.98600,28.92900,28.95200,11920.37,1770814799999,345145.3677300,2475,6868.11,198861.2371600,0
1770814800000,28.95100,29.00000,28.90400,28.91300,20095.43,1770815099999,581685.2082900,3605,10201.22,295335.4424200,0
1770815100000,28.91400,29.01200,28.83300,28.98000,44427.99,1770815399999,1284401.7201800,5995,20518.81,593686.1892100,0
1770815400000,28.98000,29.04500,28.92400,28.94400,33043.75,1770815699999,957698.9975000,4794,18687.18,541695.1212800,0
1770815700000,28.94200,28.99400,28.85500,28.98200,27136.13,1770815999999,784519.6504800,4574,10587.16,306267.6275100,0
1770816000000,28.98200,29.07300,28.96500,29.01000,23757.09,1770816299999,689446.2070600,4835,13096.45,380139.6456800,0
1770816300000,29.00900,29.03000,28.88400,28.99400,22257.20,1770816599999,644574.9729800,4457,13851.36,401284.5328800,0
1770816600000,28.99300,29.19100,28.94300,29.18500,116526.87,1770816899999,3390869.2236000,13160,82576.00,2403837.1380300,0
1770816900000,29.18400,29.19400,29.04200,29.11200,39256.30,1770817199999,1141869.9756400,6544,22002.26,640007.9740500,0
1770817200000,29.11100,29.11400,29.01000,29.05700,23766.83,1770817499999,690467.2819300,4239,10145.50,294765.0403700,0
1770817500000,29.05800,29.16700,29.04700,29.12700,25927.07,1770817799999,754737.9348100,4388,15240.74,443666.7092300,0
1770817800000,29.12800,29.13200,28.95500,29.01200,40789.97,1770818099999,1183665.0359500,6318,12463.07,361551.6308700,0
1770818100000,29.01200,29.15400,29.00100,29.15000,30269.50,1770818399999,880221.0533300,4821,15076.15,438418.4468600,0
1770818400000,29.15100,29.37800,29.14400,29.20200,120877.28,1770818699999,3537672.9095900,10738,75482.89,2209963.3239100,0
1770818700000,29.20000,29.20000,28.77700,28.94500,181657.30,1770818999999,5257616.3245800,14979,68365.88,1977733.5874400,0
1770819000000,28.94500,29.24900,28.92500,29.24900,147924.39,1770819299999,4302242.4168000,14666,88327.28,2568267.0296700,0
1770819300000,29.24900,29.25400,29.13800,29.24600,77401.85,1770819599999,2260375.6175400,8864,44100.44,1288001.5047500,0
1770819600000,29.24500,29.24500,28.95600,29.04600,98205.80,1770819899999,2853023.2654400,8780,40149.39,1165971.4542000,0
1770819900000,29.04600,29.10900,29.01000,29.05000,28543.60,1770820199999,829431.5184300,5267,16663.09,484253.4818300,0
1770820200000,29.05100,29.12700,28.94900,29.01700,55573.57,1770820499999,1614719.8750400,9836,27683.37,804598.7563800,0
1770820500000,29.01600,29.14000,28.97000,28.98900,53439.56,1770820799999,1552353.0817700,8868,29481.99,856593.6142300,0
1770820800000,28.98900,29.09200,28.94500,29.07500,37498.66,1770821099999,1087597.7929100,7704,16885.14,489805.6609300,0
1770821100000,29.07400,29.14500,28.89100,28.89700,69070.67,1770821399999,2002070.1460400,9162,22422.73,650091.8104200,0
1770821400000,28.90400,28.96400,28.72500,28.91700,89565.20,1770821699999,2581612.6904100,11233,30279.76,873570.3682200,0
1770821700000,28.91500,28.94000,28.69700,28.79400,107080.03,1770821999999,3079977.1708600,9718,46389.34,1334053.3718700,0
1770822000000,28.79500,28.93200,28.73800,28.83200,54036.31,1770822299999,1558510.4353500,8887,23545.85,679266.7028800,0
1770822300000,28.83300,28.87700,28.61000,28.64600,83073.92,1770822599999,2385589.5556900,12734,35881.09,1030519.4863000,0
1770822600000,28.64500,28.75100,28.27300,28.48100,274822.37,1770822899999,7810826.9042000,22590,112097.00,3187077.1655200,0
1770822900000,28.48200,28.80000,28.42800,28.70100,114226.10,1770823199999,3268225.4455900,12954,75048.89,2147680.8232700,0
1770823200000,28.70100,28.80900,28.63700,28.64800,62657.34,1770823499999,1800597.1385700,10458,31546.26,906806.7109900,0
1770823500000,28.64800,28.80100,28.61000,28.72200,52663.46,1770823799999,1510379.8620600,8267,30037.63,861532.2699900,0
1770823800000,28.72200,28.94700,28.70400,28.91600,64115.76,1770824099999,1850318.0850100,10649,33837.28,976544.1665200,0
1770824100000,28.91600,28.95900,28.80100,28.81200,38717.16,1770824399999,1117655.1041900,6912,17084.43,493126.9474700,0
1770824400000,28.81200,28.91000,28.77600,28.87300,38547.11,1770824699999,1112049.0805400,5947,20525.43,592220.1444500,0
1770824700000,28.87400,28.95700,28.77300,28.77800,44033.77,1770824999999,1272366.2166300,5808,22089.97,638462.0696400,0
1770825000000,28.77800,28.93800,28.71900,28.91700,57354.26,1770825299999,1654710.1741000,6924,37577.87,1084749.8908200,0
1770825300000,28.91300,28.96500,28.85300,28.90200,28553.55,1770825599999,825914.8281500,4760,13148.06,380266.1032200,0
1770825600000,28.90200,29.22700,28.89900,29.19700,88961.85,1770825899999,2586759.5760200,9874,57322.26,1667115.7401400,0
1770825900000,29.19800,29.33800,29.19700,29.24800,97024.85,1770826199999,2839647.2955100,10702,38540.17,1128111.2548000,0
1770826200000,29.24800,29.49700,29.22500,29.38000,154429.46,1770826499999,4541810.4758200,12449,94153.08,2768744.9212800,0
1770826500000,29.38000,29.40000,29.25100,29.31300,95692.42,1770826799999,2805533.2378100,8130,46968.40,1377048.0325800,0
1770826800000,29.31300,29.41300,29.21900,29.26400,60256.31,1770827099999,1765655.3041100,7315,21623.08,633496.0487600,0
1770827100000,29.26400,29.29400,29.12600,29.15600,43820.29,1770827399999,1279267.5856200,6214,14973.98,437171.3860400,0
1770827400000,29.15500,29.27500,29.08700,29.11200,52850.55,1770827699999,1541228.6697900,5863,21881.97,638594.5807200,0
1770827700000,29.11300,29.13700,29.00100,29.05700,62190.17,1770827999999,1807216.0316800,7546,30152.13,876391.1994900,0
1770828000000,29.05800,29.17500,29.02400,29.07400,51735.89,1770828299999,1505619.9814400,6771,28263.04,822812.3268500,0
1770828300000,29.07600,29.27100,29.06300,29.12400,60684.34,1770828599999,1771080.8251400,8433,36851.18,1075635.7686800,0
1770828600000,29.12300,29.31000,29.07600,29.30300,46980.13,1770828899999,1371907.8372900,6558,32058.00,936297.9727200,0
1770828900000,29.30200,29.32800,29.26400,29.29400,17028.26,1770829199999,498847.2904700,4041,8190.50,239982.0804900,0
1770829200000,29.29300,29.31700,29.14900,29.14900,71634.33,1770829499999,2093978.3405700,9810,34285.50,1002533.8495100,0
1770829500000,29.14900,29.22700,29.09700,29.17600,47315.15,1770829799999,1379892.4022200,8055,19418.59,566394.2124300,0
1770829800000,29.17800,29.45500,29.14300,29.43400,45895.43,1770830099999,1345511.6788800,7564,26651.06,781652.1634400,0
1770830100000,29.43300,29.80000,29.42100,29.64600,240518.57,1770830399999,7123782.7403800,16436,155680.55,4613902.3485800,0
1770830400000,29.64500,29.75300,29.55400,29.55400,119431.60,1770830699999,3540358.4790800,9966,48311.01,1432045.6869300,0
1770830700000,29.55400,29.65600,29.55400,29.60800,33287.90,1770830999999,985591.6220900,5402,15458.95,457663.9575300,0
1770831000000,29.60700,29.65100,29.53500,29.61300,30471.13,1770831299999,901714.9313600,5469,13432.91,397546.4567500,0
1770831300000,29.61400,29.64300,29.53900,29.59500,25557.40,1770831599999,756277.4774400,5171,12639.95,374101.8449700,0
1770831600000,29.59600,29.62800,29.45200,29.47300,37163.00,1770831899999,1097902.0760900,6138,13749.35,406347.2044700,0
1770831900000,29.47400,29.55800,29.37600,29.49100,58815.41,1770832199999,1732606.0448500,6316,35406.44,1043187.7806900,0
1770832200000,29.49000,29.53500,29.42600,29.49100,25556.43,1770832499999,753737.1355500,4652,9962.39,293880.3093400,0
1770832500000,29.49200,29.58100,29.43200,29.44800,35251.24,1770832799999,1040195.4811200,4488,19225.01,567315.6537500,0
1770832800000,29.44800,29.46200,29.31400,29.38800,43038.36,1770833099999,1264449.9208400,5909,21073.42,619313.6624400,0
1770833100000,29.38600,29.38900,29.27700,29.29100,22657.96,1770833399999,664348.1480600,4849,6446.80,189065.2058200,0
1770833400000,29.29000,29.37400,29.25200,29.36000,46380.01,1770833699999,1359118.6441400,4527,25751.89,754564.9600100,0
1770833700000,29.36000,29.64700,29.35300,29.64100,58107.22,1770833999999,1718243.0354800,7839,36886.66,1090431.7770200,0
1770834000000,29.64100,29.69000,29.56900,29.66400,25176.50,1770834299999,746409.6113800,4537,8956.19,265536.6259100,0
1770834300000,29.66300,29.73700,29.64300,29.72400,28327.84,1770834599999,841345.8081000,5124,13435.05,399080.3652400,0
1770834600000,29.72500,29.73200,29.57000,29.58000,21675.53,1770834899999,642259.0295200,4154,7609.09,225422.5755100,0
1770834900000,29.58000,29.64900,29.55700,29.63000,17371.94,1770835199999,514183.7844400,4266,9065.83,268371.8298800,0
1770835200000,29.62900,29.65600,29.54200,29.57700,13871.77,1770835499999,410483.4056100,2955,5402.97,159891.2094100,0
1770835500000,29.57900,29.63900,29.52400,29.63900,40412.41,1770835799999,1194972.9256400,5120,19592.53,579608.7384800,0
1770835800000,29.64000,29.68200,29.57400,29.67300,21141.00,1770836099999,626553.1550800,4631,10765.26,319111.9317900,0
1770836100000,29.67400,29.79000,29.66200,29.74700,19942.23,1770836399999,592844.7912100,4971,11133.76,331014.3171600,0
1770836400000,29.75000,29.76300,29.52500,29.61900,44169.95,1770836699999,1308842.5358400,6828,14930.00,442420.0256200,0
1770836700000,29.62000,29.66800,29.43200,29.44100,74382.43,1770836999999,2195545.5267000,10922,35232.93,1039832.0027700,0
1770837000000,29.44100,29.56900,29.39700,29.54400,24654.19,1770837299999,726493.4506100,5739,13965.08,411619.0419300,0
1770837300000,29.54400,29.59100,29.46300,29.51700,30318.16,1770837599999,895108.7947800,4666,8387.14,247782.6580200,0
1770837600000,29.51600,29.51600,29.44900,29.46000,19723.76,1770837899999,581518.8884200,4002,11225.83,331004.6639500,0
1770837900000,29.46100,29.50300,29.43800,29.45300,14973.03,1770838199999,441238.0442400,3320,7272.39,214319.3170700,0
1770838200000,29.45200,29.55300,29.40400,29.54700,22765.63,1770838499999,670820.4513400,3742,11005.60,324456.8674600,0
1770838500000,29.54700,29.57700,29.52100,29.55000,14234.30,1770838799999,420560.9179200,3517,6040.60,178483.0387200,0
1770838800000,29.54900,29.58700,29.51400,29.56500,18567.75,1770839099999,548686.3304100,3676,6224.04,183980.6371400,0
1770839100000,29.56500,29.59300,29.50100,29.57700,11162.43,1770839399999,329972.9727700,3883,6159.02,182072.7601200,0
1770839400000,29.57600,29.59300,29.50300,29.54600,15571.65,1770839699999,460123.8707800,3145,7739.59,228684.3617900,0
1770839700000,29.54500,29.55300,29.47000,29.51300,8262.10,1770839999999,243849.5571400,2529,3514.17,103719.2829800,0
1770840000000,29.51200,29.57700,29.48100,29.57600,15717.72,1770840299999,464072.6126500,4420,8231.90,243079.6578800,0
1770840300000,29.57600,29.58200,29.45500,29.51500,17144.68,1770840599999,506137.9209800,3802,5664.28,167260.5876800,0
1770840600000,29.51400,29.66500,29.49200,29.60700,25165.53,1770840899999,744472.2489300,4684,15455.88,457270.5500300,0
1770840900000,29.60600,29.76400,29.59200,29.72600,45684.49,1770841199999,1356883.2178800,6737,30528.02,906755.7653500,0
1770841200000,29.72700,29.85300,29.72700,29.83100,43228.84,1770841499999,1288811.2037600,6960,29861.47,890305.9720500,0
1770841500000,29.83200,29.88000,29.71400,29.80100,30410.95,1770841799999,906495.6724700,5397,13757.31,410225.9096300,0
1770841800000,29.80000,29.86400,29.77000,29.81700,19185.35,1770842099999,571902.8784600,4235,9196.49,274147.8389200,0
1770842100000,29.81700,29.97100,29.80700,29.94500,39356.00,1770842399999,1177222.1269800,5868,24943.49,746091.9250300,0
1770842400000,29.94400,30.02900,29.84800,29.97900,49976.06,1770842699999,1497190.3285800,6503,27041.32,810306.4336700,0
1770842700000,29.98000,30.02000,29.85100,29.97900,37119.84,1770842999999,1111106.9837500,6912,20797.03,622846.0773700,0
1770843000000,29.97800,30.12200,29.88800,30.04100,55165.60,1770843299999,1655214.5155900,7455,35878.96,1077208.3810300,0
1770843300000,30.04100,30.19800,29.97800,30.04600,78580.03,1770843599999,2363858.5244800,8943,49835.46,1499464.6003300,0
1770843600000,30.04500,30.07500,29.96100,30.07300,30425.54,1770843899999,913446.2896200,6045,18332.44,550457.8137400,0
1770843900000,30.07300,30.14600,30.01500,30.11500,33580.49,1770844199999,1010480.7749400,5406,21338.16,642109.1535800,0
1770844200000,30.11600,30.12000,29.91300,30.04100,45526.43,1770844499999,1365459.1671000,5624,14867.76,446244.1800600,0
1770844500000,30.04100,30.06600,29.92100,29.98900,32224.46,1770844799999,966077.1973800,4308,14147.07,424303.2505400,0
1770844800000,29.99000,30.11200,29.95700,30.10900,26019.98,1770845099999,781258.1127100,4936,14143.80,424814.1841700,0
1770845100000,30.10800,30.19200,30.10100,30.18100,27818.04,1770845399999,838516.6258300,5113,14378.71,433481.8306200,0
1770845400000,30.18000,30.19900,29.95400,30.06800,61942.50,1770845699999,1862625.6934600,7379,22782.78,685157.1461400,0
1770845700000,30.06900,30.11300,30.05100,30.09500,13527.08,1770845999999,406961.7716900,3845,6866.09,206571.7432300,0
1770846000000,30.09400,30.10200,29.92500,29.99800,24917.13,1770846299999,747348.4326500,4405,11303.57,338982.2260500,0
1770846300000,29.99800,30.01200,29.86200,29.91100,21763.61,1770846599999,651443.0349400,4168,10232.88,306358.6333500,0
1770846600000,29.91000,30.02000,29.86600,30.02000,26118.70,1770846899999,781818.6928400,4724,16044.04,480495.9941900,0
1770846900000,30.02000,30.04800,29.95000,29.95700,14130.40,1770847199999,424015.4179500,2951,8172.42,245309.4685800,0
1770847200000,29.95800,29.96800,29.80500,29.85800,24761.33,1770847499999,739789.6516200,4543,11454.19,342180.2690200,0
1770847500000,29.85900,29.89500,29.80000,29.80100,16862.58,1770847799999,503314.6309500,3729,4596.84,137231.4848100,0
1770847800000,29.80200,29.86000,29.76600,29.85200,26273.77,1770848099999,783250.1071800,3581,12624.73,376453.1888300,0
1770848100000,29.85300,29.87000,29.81200,29.82600,19232.31,1770848399999,573798.3023000,2139,11005.93,328297.2577900,0
1770848400000,29.82500,29.83800,29.77200,29.78100,16731.59,1770848699999,498491.5380600,2422,10914.21,325162.4098100,0
1770848700000,29.78100,29.80700,29.66800,29.76400,24708.54,1770848999999,734660.5408700,4461,6555.76,194987.9153000,0
1770849000000,29.76700,29.80400,29.62200,29.70800,42654.66,1770849299999,1267834.3513800,5089,24820.21,738006.0438300,0
1770849300000,29.70700,29.75600,29.62200,29.75300,19407.18,1770849599999,576051.4248300,3172,9907.81,294136.6649100,0
1770849600000,29.75300,29.86700,29.75300,29.83200,26325.46,1770849899999,784882.3651400,3034,17030.90,507649.4692600,0
1770849900000,29.83200,29.83200,29.76800,29.78900,14053.76,1770850199999,418758.0467000,2136,5464.41,162799.2495900,0
1770850200000,29.78800,29.78900,29.50700,29.57800,70059.49,1770850499999,2077056.2448100,8057,14986.19,444051.6388600,0
1770850500000,29.57900,29.59800,29.51600,29.53000,14388.81,1770850799999,425269.4849400,3259,6204.03,183313.9592300,0
1770850800000,29.53100,29.55200,29.38200,29.45300,52753.21,1770851099999,1553741.8740400,6050,15616.20,460111.8077300,0
1770851100000,29.45200,29.51300,29.30500,29.38300,80676.40,1770851399999,2372825.6565900,9981,37574.22,1106021.0655800,0
1770851400000,29.38400,29.39800,29.27000,29.36300,24706.61,1770851699999,724820.3955500,4940,8964.83,263104.3723300,0
1770851700000,29.36200,29.42800,29.29100,29.31000,31028.74,1770851999999,911265.2132500,5158,18750.77,550775.3026300,0
1770852000000,29.31000,29.37800,29.20900,29.31800,69934.28,1770852299999,2047533.3939100,9769,32360.27,947792.3891300,0
1770852300000,29.31900,29.43300,29.30900,29.37700,24054.30,1770852599999,706872.7312200,4749,11537.74,339066.0447400,0
1770852600000,29.37800,29.41100,29.30000,29.30100,18829.70,1770852899999,552679.0134400,3874,7695.90,225860.7098900,0
1770852900000,29.30100,29.46900,29.17300,29.46900,84121.91,1770853199999,2467742.2033400,8671,50914.92,1494050.0791100,0
1770853200000,29.47000,29.49100,29.42400,29.47400,31772.47,1770853499999,936111.6801700,3961,14253.29,419972.4756100,0
1770853500000,29.47400,29.55400,29.42800,29.43200,30678.69,1770853799999,905034.3112100,4592,14601.51,430766.7339200,0
1770853800000,29.43100,29.44100,29.26000,29.28600,37013.59,1770854099999,1085832.6454200,4684,12855.35,377171.0296600,0
1770854100000,29.28700,29.40100,29.27800,29.38000,20468.07,1770854399999,600711.8113300,3561,14177.71,416056.1928300,0
1770854400000,29.38000,29.46400,29.36600,29.46400,28575.77,1770854699999,840698.6516300,3919,17992.38,529369.4714600,0
1770854700000,29.46300,29.51500,29.45600,29.51100,28545.27,1770854999999,841628.9796700,3944,17061.27,503062.5760500,0
1770855000000,29.51100,29.53300,29.47400,29.53300,35056.84,1770855299999,1034129.5013400,2863,26422.96,779480.0485900,0
1770855300000,29.53300,29.68400,29.52900,29.68200,61364.15,1770855599999,1817941.5587400,4268,33342.18,987240.8064100,0
1770855600000,29.68300,29.68400,29.60300,29.67800,41908.65,1770855899999,1242743.4095200,3464,25020.19,741997.3404500,0
1770855900000,29.67800,29.74500,29.65700,29.71900,28871.35,1770856199999,857632.0448000,4011,13466.06,400058.7982000,0
1770856200000,29.72000,29.76000,29.62800,29.73600,57490.02,1770856499999,1707341.8156000,5926,23494.88,697909.2532100,0
1770856500000,29.73600,29.81100,29.72700,29.76500,26679.15,1770856799999,794399.4512100,4630,13933.12,414912.9069700,0
1770856800000,29.76500,29.86200,29.76500,29.84100,20020.58,1770857099999,597167.2226000,3413,11297.60,336968.7444200,0
1770857100000,29.84100,29.86400,29.81000,29.82800,27743.83,1770857399999,827899.9145500,3018,11726.06,350009.0126100,0
1770857400000,29.82900,29.92000,29.81200,29.84800,32458.62,1770857699999,969651.4646200,5193,17063.46,509743.6498400,0
1770857700000,29.84700,29.97100,29.83400,29.89600,39273.48,1770857999999,1175378.6133600,4466,14831.43,443802.6752000,0
1770858000000,29.89600,29.91400,29.85600,29.90300,16758.59,1770858299999,500827.9039600,3666,7767.01,232121.2041300,0
1770858300000,29.90300,30.02900,29.86900,30.00400,70558.10,1770858599999,2115238.6451700,6621,43763.63,1311720.9996300,0
1770858600000,30.00300,30.12400,29.98500,30.07100,40541.60,1770858899999,1218331.3285600,5906,24063.54,723213.7650400,0
1770858900000,30.07100,30.09400,29.95400,30.03300,52103.92,1770859199999,1564128.8790800,6820,28526.47,856242.8262000,0
1770859200000,30.03200,30.08200,29.95100,30.06800,13958.03,1770859499999,419093.8155100,3928,7241.71,217450.6576200,0
1770859500000,30.06700,30.25200,30.04600,30.07700,83721.20,1770859799999,2525393.2901500,8170,44392.07,1339821.8673800,0
1770859800000,30.07500,30.20400,30.07500,30.19500,18831.72,1770860099999,567801.3135400,4554,9660.59,291268.4127600,0
1770860100000,30.19400,30.25600,30.15200,30.23900,36590.64,1770860399999,1105505.8570000,5919,23461.17,708742.4266200,0
1770860400000,30.23800,30.25200,30.15600,30.19800,23379.43,1770860699999,706402.0847500,4741,9139.50,276179.7346000,0
1770860700000,30.19800,30.23100,30.11200,30.16600,20928.96,1770860999999,631369.9267700,4765,9052.23,273138.3703300,0
1770861000000,30.16500,30.21300,30.12100,30.21200,18764.12,1770861299999,565995.4003500,4223,8689.50,262154.7080900,0
1770861300000,30.21200,30.47000,30.18200,30.41100,113749.70,1770861599999,3452485.4418300,10296,83339.17,2529823.2857300,0
1770861600000,30.40900,30.51200,30.29600,30.33500,70473.65,1770861899999,2143357.9257900,8468,40586.63,1234945.5731700,0
1770861900000,30.33500,30.47900,30.29400,30.38700,58588.41,1770862199999,1781628.6649000,7246,26852.39,816642.7947000,0
1770862200000,30.38700,30.39500,30.26900,30.30000,34600.40,1770862499999,1049206.9465600,5790,16979.22,514930.9315100,0
1770862500000,30.30100,30.36200,30.27900,30.32800,22772.38,1770862799999,690531.5371300,4902,11630.27,352704.9188100,0
1770862800000,30.32700,30.62400,30.32400,30.55400,99172.18,1770863099999,3028131.9490900,10594,60592.80,1850307.6366400,0
1770863100000,30.55400,30.59800,30.49600,30.57400,30882.98,1770863399999,943567.2003300,5812,13228.40,404201.8784400,0
1770863400000,30.57300,30.75800,30.54400,30.75800,85081.94,1770863699999,2607649.8455500,9016,59610.57,1827314.2429100,0
1770863700000,30.75600,30.88800,30.68500,30.80000,110044.91,1770863999999,3387373.2697000,9609,72770.88,2240467.2269500,0
1770864000000,30.79900,30.92000,30.69000,30.88400,94045.21,1770864299999,2896326.6254000,10377,50491.70,1556615.7045400,0
1770864300000,30.88300,30.94900,30.67400,30.75200,86309.37,1770864599999,2661088.0044900,12092,40816.93,1259406.3612000,0
1770864600000,30.75100,30.84400,30.72100,30.81400,63724.40,1770864899999,1961372.7488000,8102,24188.89,744621.1657900,0
1770864900000,30.81400,30.83000,30.72600,30.81400,44026.59,1770865199999,1354606.4255700,5354,27457.12,844613.2479900,0
1770865200000,30.81400,30.83200,30.68800,30.70100,74110.65,1770865499999,2278271.2381800,8692,34932.61,1074128.8092600,0
1770865500000,30.70100,30.72800,30.64700,30.66800,27891.38,1770865799999,855910.6069600,4947,17741.64,544463.7371000,0
1770865800000,30.66800,30.83200,30.65500,30.79900,48934.43,1770866099999,1503979.4344900,6266,32481.11,998424.3428300,0
1770866100000,30.80200,30.89100,30.73700,30.75600,25873.62,1770866399999,797260.6473300,5381,10249.89,315888.0770100,0
1770866400000,30.75800,30.82100,30.67200,30.70000,19199.35,1770866699999,590344.4623300,4421,9483.42,291573.0589000,0
1770866700000,30.69400,30.73400,30.53100,30.57300,38169.65,1770866999999,1168724.7763700,6275,14827.53,454282.3913800,0
1770867000000,30.57300,30.71200,30.54000,30.68500,36515.91,1770867299999,1118452.5148900,5593,20300.37,621768.1709000,0
1770867300000,30.68600,30.74000,30.58500,30.60000,30915.87,1770867599999,947557.7505800,4253,20221.50,619723.0458800,0
1770867600000,30.59900,30.63000,30.53200,30.57100,27646.51,1770867899999,845468.3910000,3705,9647.09,295110.6231600,0
1770867900000,30.57100,30.67000,30.55400,30.58300,23465.27,1770868199999,718428.9723300,3877,13276.90,406528.0238300,0
1770868200000,30.58200,30.58200,30.51600,30.57500,30219.27,1770868499999,923098.0388500,3808,17377.85,530933.6063700,0
1770868500000,30.57400,30.61000,30.52900,30.54000,8876.05,1770868799999,271392.8320900,2243,4166.79,127426.3943200,0
1770868800000,30.53900,30.64300,30.44500,30.58300,35197.86,1770869099999,1074722.8820700,5545,16331.41,498955.6106300,0
1770869100000,30.58200,30.65000,30.57600,30.62400,17222.30,1770869399999,527388.6560200,3899,11195.68,342833.4232900,0
1770869400000,30.62300,30.70000,30.59200,30.66000,30532.20,1770869699999,935787.8480900,4320,21719.43,665722.9837900,0
1770869700000,30.66000,30.66700,30.52000,30.57800,22454.20,1770869999999,686741.0726200,4253,10750.63,328714.6322700,0
1770870000000,30.57800,30.60800,30.51500,30.51500,10314.66,1770870299999,315242.6678700,3157,3949.57,120742.6628100,0
1770870300000,30.51400,30.52700,30.38300,30.42100,60023.47,1770870599999,1828516.9180700,6066,14586.57,444610.0960500,0
1770870600000,30.42000,30.44400,30.32100,30.43400,54895.70,1770870899999,1667412.2440500,6973,21242.70,645199.7652000,0
1770870900000,30.43300,30.47700,30.35900,30.39000,29529.28,1770871199999,898400.5705800,4313,9432.62,287113.2733000,0
1770871200000,30.39100,30.43500,30.28400,30.33100,34281.47,1770871499999,1040906.4223000,4482,11280.85,342725.1060200,0
1770871500000,30.33000,30.39200,30.30000,30.35800,14533.64,1770871799999,441112.1001800,3060,6791.35,206173.3865600,0
1770871800000,30.35700,30.37900,30.22300,30.26300,32902.71,1770872099999,996409.3337700,4240,11299.01,342170.9345900,0
1770872100000,30.26400,30.32400,30.26400,30.31400,22244.04,1770872399999,673998.9763200,2689,15793.11,478525.4167400,0
1770872400000,30.31300,30.39700,30.30700,30.30700,18015.47,1770872699999,546773.1062100,3565,10663.25,323715.8146600,0
1770872700000,30.30600,30.41100,30.28200,30.31800,20521.05,1770872999999,623076.7500000,3607,9042.73,274573.7969400,0
1770873000000,30.31900,30.35600,30.08000,30.17300,93758.41,1770873299999,2828615.2501300,7709,26761.89,807414.0036400,0
1770873300000,30.17400,30.23600,30.15500,30.17700,16563.02,1770873599999,500116.1799800,4135,8193.16,247399.0607500,0
1770873600000,30.17700,30.26500,30.17700,30.21900,12462.23,1770873899999,376717.6995500,3277,6615.21,199968.1995100,0
1770873900000,30.21900,30.26800,30.10300,30.15500,49371.62,1770874199999,1489882.6179400,5668,15835.50,477983.3015200,0
1770874200000,30.15500,30.30300,30.15300,30.28300,37061.72,1770874499999,1121103.7388500,5022,26366.33,797592.4497400,0
1770874500000,30.28200,30.32600,30.24200,30.27100,22061.26,1770874799999,668117.9327500,4050,14887.51,450888.9654800,0
1770874800000,30.27000,30.36600,30.26700,30.35500,34839.75,1770875099999,1056499.0081900,3809,25231.33,764998.8632100,0
1770875100000,30.35500,30.37100,30.26700,30.28400,17020.92,1770875399999,516372.5243600,3289,8959.12,271812.3964400,0
1770875400000,30.28400,30.34400,30.27300,30.30400,11806.36,1770875699999,357920.3743800,2924,6878.01,208537.4722700,0
1770875700000,30.30600,30.36300,30.30600,30.33800,8239.17,1770875999999,249884.5444400,2266,5079.84,154059.6012500,0
1770876000000,30.33700,30.39700,30.28100,30.31700,29685.34,1770876299999,900893.5861100,4667,19819.75,601587.9307700,0
1770876300000,30.31800,30.33700,30.24000,30.26000,13041.09,1770876599999,395020.3754300,3254,4322.26,130960.8284400,0
1770876600000,30.26000,30.35400,30.21200,30.32200,24088.82,1770876899999,729148.8115900,3924,9942.76,301138.6174700,0
1770876900000,30.32200,30.38500,30.29400,30.31200,18446.18,1770877199999,559950.0600200,3120,11491.07,348853.5304900,0
1770877200000,30.31200,30.50800,30.24800,30.49800,62981.98,1770877499999,1914856.5577100,5684,48590.58,1477923.1593900,0
1770877500000,30.49800,30.65100,30.49200,30.54600,89032.07,1770877799999,2722366.9963900,8866,57606.28,1761681.7370600,0
1770877800000,30.54600,30.60400,30.50700,30.58400,25820.41,1770878099999,789101.5564300,4439,13471.29,411767.6259500,0
1770878100000,30.58300,30.60200,30.51500,30.53100,16724.50,1770878399999,511119.5140600,4031,5336.72,163075.1681000,0
1770878400000,30.53100,30.53400,30.39800,30.42300,31157.96,1770878699999,948852.7326600,4043,14282.36,434817.8059400,0
1770878700000,30.42300,30.48600,30.38600,30.43500,13528.47,1770878999999,411665.2676800,3042,6990.26,212747.0357400,0
1770879000000,30.43500,30.50800,30.42100,30.47300,10237.14,1770879299999,311784.7251800,2184,5849.57,178149.1320500,0
1770879300000,30.47300,30.49700,30.39400,30.48000,9993.05,1770879599999,304330.7395100,2515,3833.78,116773.5157700,0
1770879600000,30.47900,30.51000,30.42300,30.44400,12998.43,1770879899999,395944.8622300,2998,6280.57,191314.6575000,0
1770879900000,30.44300,30.44400,30.21100,30.21700,50182.71,1770880199999,1520850.2179800,5145,12229.71,370445.6870100,0
1770880200000,30.21600,30.21700,30.04900,30.06500,53978.29,1770880499999,1626252.1108700,7011,16887.21,508845.1887400,0
1770880500000,30.06600,30.20000,29.96500,30.19900,66409.56,1770880799999,1997777.6157800,6856,41053.25,1235718.5087400,0
1770880800000,30.19900,30.28900,30.18200,30.28900,24356.70,1770881099999,736619.3550900,3255,15058.88,455454.0844800,0
1770881100000,30.29000,30.39000,30.28600,30.37300,30999.71,1770881399999,940788.3880500,3887,19558.40,593541.0265300,0
1770881400000,30.37200,30.37700,30.32500,30.34200,22083.08,1770881699999,670253.4432200,2835,4715.52,143135.4499700,0
1770881700000,30.34200,30.44700,30.33700,30.43300,27827.82,1770881999999,846211.4375700,3174,19950.62,606715.0355700,0
1770882000000,30.43300,30.48100,30.32200,30.34600,26260.42,1770882299999,797955.9767200,3350,7170.15,218036.8152100,0
1770882300000,30.34600,30.36700,30.26100,30.28600,41675.12,1770882599999,1263162.5040600,4183,21637.33,656016.7722900,0
1770882600000,30.28600,30.30400,30.22200,30.22600,39470.95,1770882899999,1194591.4185500,2542,10059.66,304363.8161300,0
1770882900000,30.22700,30.28600,30.20500,30.22300,22548.61,1770883199999,681997.9921600,1999,13671.08,413503.1744600,0
1770883200000,30.22300,30.28500,30.20000,30.24400,19663.53,1770883499999,594459.3647100,2635,6497.52,196531.5140800,0
1770883500000,30.24400,30.36400,30.18400,30.35000,20894.15,1770883799999,632949.1647700,3166,14974.47,453672.2089800,0
1770883800000,30.35600,30.44100,30.33900,30.41000,31993.84,1770884099999,972823.4211300,4404,21456.45,652488.0898500,0
1770884100000,30.40900,30.42200,30.30800,30.31000,17773.75,1770884399999,539457.9030100,3105,5589.25,169684.8406500,0
1770884400000,30.30900,30.39400,30.30800,30.37400,11719.60,1770884699999,355705.6844100,3098,6472.33,196446.5184000,0
1770884700000,30.37500,30.37900,30.14700,30.15100,46441.89,1770884999999,1404197.8847800,5201,7452.86,225431.3130200,0
1770885000000,30.15200,30.25300,30.10800,30.24400,44948.51,1770885299999,1356068.9307000,6675,17900.03,540206.4305200,0
1770885300000,30.24400,30.28600,30.12100,30.16900,32344.04,1770885599999,977026.1344900,6356,10546.50,318683.4361400,0
1770885600000,30.17000,30.28000,30.14100,30.26400,19328.19,1770885899999,583742.1763200,4335,10742.68,324434.7688300,0
1770885900000,30.26300,30.39600,30.23100,30.24100,32577.50,1770886199999,987247.8169400,5556,15458.86,468642.6432300,0
1770886200000,30.24100,30.41300,30.24000,30.40800,63351.82,1770886499999,1921499.5237600,6617,40217.34,1220188.7873600,0
1770886500000,30.40900,30.42000,30.35400,30.41800,21722.42,1770886799999,660288.4098100,3107,8712.09,264866.1393800,0
1770886800000,30.41800,30.43300,30.38700,30.43000,10882.87,1770887099999,330923.1479800,3087,5653.29,171906.9859000,0
1770887100000,30.43000,30.44000,30.35500,30.42600,16517.01,1770887399999,502166.3496700,3227,8805.64,267682.5362500,0
1770887400000,30.42700,30.55500,30.42100,30.46800,42041.53,1770887699999,1281906.1347400,5845,21328.38,650430.7443900,0
1770887700000,30.46700,30.63300,30.45700,30.59800,47966.96,1770887999999,1465441.1858200,6088,34774.57,1062435.4262100,0
1770888000000,30.59800,30.76100,30.51100,30.63100,77306.45,1770888299999,2367871.1037700,9559,40163.32,1230540.0501600,0
1770888300000,30.63200,30.63600,30.59200,30.60300,12000.92,1770888599999,367414.8835300,3093,5532.43,169380.4198200,0
1770888600000,30.60400,30.78000,30.59200,30.70600,73665.84,1770888899999,2262314.7685400,8285,48287.60,1482934.9428900,0
1770888900000,30.70100,30.70100,30.45900,30.46500,205888.58,1770889199999,6285905.4286400,10722,101608.00,3101028.6088500,0
1770889200000,30.46400,30.51100,30.43000,30.49500,28943.31,1770889499999,881781.4968400,4150,13079.04,398486.2765300,0
1770889500000,30.49600,30.50000,30.40500,30.40800,19872.31,1770889799999,604942.3787200,3207,11631.31,354075.6683300,0
1770889800000,30.41400,30.79700,30.41400,30.79000,77972.41,1770890099999,2386385.5990400,8295,50973.52,1559919.6450000,0
1770890100000,30.79000,30.86900,30.71400,30.75500,89541.33,1770890399999,2756716.3011800,8355,41413.58,1275324.7748200,0
1770890400000,30.75500,30.79300,30.57000,30.71900,90483.57,1770890699999,2778632.3037600,8994,52375.39,1608761.9284100,0
1770890700000,30.71800,30.82000,30.70500,30.76800,34506.94,1770890999999,1061689.4875200,4699,23343.90,718292.2126800,0
1770891000000,30.76800,30.80400,30.71900,30.76700,15639.15,1770891299999,481212.7337200,3668,6598.72,203027.5245000,0
1770891300000,30.76600,30.80700,30.72500,30.77700,24741.08,1770891599999,761214.5546100,4579,12786.05,393412.8570800,0
1770891600000,30.77600,30.81900,30.62200,30.63300,33760.02,1770891899999,1036944.4313500,5652,13873.83,426246.4923200,0
1770891900000,30.63200,30.77600,30.62500,30.77600,14583.88,1770892199999,447788.6496200,2838,9023.47,277085.9880700,0
1770892200000,30.77700,30.88300,30.69300,30.69700,85255.16,1770892499999,2624208.9772100,6814,27832.30,856951.6178300,0
1770892500000,30.69800,30.71300,30.63500,30.67300,17394.64,1770892799999,533573.2946400,3479,9326.73,286090.5943200,0
1770892800000,30.67200,30.68700,30.62500,30.65500,13372.43,1770893099999,409986.2639900,2950,5922.24,181563.8593900,0
1770893100000,30.65500,30.75100,30.62800,30.73000,22115.01,1770893399999,678921.1269800,3638,14444.77,443450.7709300,0
1770893400000,30.72900,30.78300,30.65500,30.77300,44643.00,1770893699999,1371448.4950100,5556,31590.96,970478.1455800,0
1770893700000,30.77400,30.82700,30.75200,30.78700,23654.46,1770893999999,728317.7191600,3600,15794.75,486308.9557200,0
1770894000000,30.78600,30.95200,30.71500,30.89200,81840.89,1770894299999,2525043.4216100,8848,49619.57,1531433.8762300,0
1770894300000,30.89100,30.98000,30.82300,30.94900,89901.90,1770894599999,2778754.2870700,7195,59928.79,1853055.0006300,0
1770894600000,30.95000,31.25900,30.84300,31.17800,191935.30,1770894899999,5957195.6183200,16086,112992.10,3508049.7790600,0
1770894900000,31.17700,31.34600,31.01900,31.30200,168450.69,1770895199999,5256419.9556700,18127,87137.44,2719326.7574800,0
1770895200000,31.30300,31.55600,31.22000,31.38600,186169.90,1770895499999,5846806.6623300,17328,115215.56,3619239.5679200,0
1770895500000,31.38600,31.52000,31.34800,31.50000,68730.21,1770895799999,2159451.9097600,8652,39448.72,1239680.4683900,0
1770895800000,31.49900,31.79700,31.46500,31.63100,194194.20,1770896099999,6149633.8123400,20974,116093.94,3676087.1952400,0
1770896100000,31.63100,31.76600,31.59200,31.73200,62236.10,1770896399999,1969950.7750500,9186,32495.70,1028713.7828300,0
1770896400000,31.73100,31.73200,31.59400,31.65600,39740.44,1770896699999,1257797.2365600,6660,16007.04,506656.6631700,0
1770896700000,31.65600,31.68100,31.53400,31.64200,43753.57,1770896999999,1382800.0783800,6866,17225.36,544449.0147600,0
1770897000000,31.64300,31.66300,31.50900,31.56400,38089.29,1770897299999,1202673.8645500,5990,12188.27,384788.8764200,0
1770897300000,31.56400,31.64800,31.53000,31.62400,22758.08,1770897599999,718886.5566000,4572,12347.89,390072.0127500,0
1770897600000,31.62300,31.67300,31.47800,31.48700,79134.08,1770897899999,2495389.4955000,7522,28686.95,905049.3142100,0
1770897900000,31.48700,31.55200,31.44000,31.55200,62116.15,1770898199999,1955695.4236000,6865,19651.20,618837.2838600,0
1770898200000,31.55200,31.75800,31.51900,31.75700,90160.53,1770898499999,2855275.3611800,9911,54009.93,1710044.6978600,0
1770898500000,31.75800,31.82400,31.61800,31.61800,56615.63,1770898799999,1794782.3401400,7100,19518.72,619335.3860200,0
1770898800000,31.61700,31.64700,31.46800,31.46900,42673.22,1770899099999,1346531.3190600,5782,15749.58,496910.5873000,0
1770899100000,31.46900,31.52300,31.26700,31.28000,111002.31,1770899399999,3479256.4770000,9847,31993.49,1002852.5243000,0
1770899400000,31.27900,31.30100,31.14300,31.19600,51954.19,1770899699999,1621266.2379200,7567,19688.89,614637.0832900,0
1770899700000,31.19600,31.23100,31.08800,31.19800,71552.88,1770899999999,2227705.3146000,7655,30986.69,964939.4619300,0
1770900000000,31.19800,31.27900,31.13700,31.21400,44075.77,1770900299999,1376445.2904500,6336,30138.06,941203.1898600,0
1770900300000,31.21400,31.24200,30.94900,31.02200,118622.37,1770900599999,3680971.3079800,11429,44386.51,1377318.8148900,0
1770900600000,31.02100,31.07800,30.95100,30.98500,50992.32,1770900899999,1581476.2362300,5516,28943.74,897916.9538600,0
1770900900000,30.98400,31.05000,30.93900,30.99100,45084.51,1770901199999,1396723.5109600,4782,32531.69,1007846.0784100,0
1770901200000,30.99000,30.99000,30.71200,30.78900,157069.77,1770901499999,4840398.3497200,14951,63938.37,1969881.1898100,0
1770901500000,30.78900,30.93200,30.75800,30.89800,65960.34,1770901799999,2033665.7472800,6944,41804.55,1289194.5272300,0
1770901800000,30.89800,30.90400,30.78100,30.80500,37063.53,1770902099999,1142167.7840100,4401,19718.69,607633.6595600,0
1770902100000,30.80600,30.95400,30.77700,30.80400,95203.21,1770902399999,2937948.5509900,7752,52761.22,1628424.0617300,0
1770902400000,30.80400,30.81400,30.73300,30.77000,37449.63,1770902699999,1152456.9354600,4579,21176.91,651655.0357800,0
1770902700000,30.77100,30.77200,30.63100,30.73200,63362.18,1770902999999,1944524.5839100,6265,23909.32,733644.7907200,0
1770903000000,30.73100,30.90700,30.71900,30.86200,66195.31,1770903299999,2041387.0620400,8087,41422.38,1277374.0197500,0
1770903300000,30.86200,31.03600,30.84600,31.00300,72287.51,1770903599999,2236960.2564900,6992,38348.59,1187108.7929800,0
1770903600000,31.00400,31.15900,30.98100,31.09900,74880.17,1770903899999,2327536.7554400,7290,47300.07,1470110.6244600,0
1770903900000,31.09900,31.15800,31.00800,31.12600,41019.80,1770904199999,1275658.5202700,6282,19451.46,604831.0075600,0
1770904200000,31.12600,31.20300,31.10200,31.18500,38723.74,1770904499999,1206468.0382200,5977,21446.03,668204.0788400,0
1770904500000,31.18800,31.36100,31.17200,31.35900,63649.41,1770904799999,1991871.1996000,7703,40872.77,1279280.1314700,0
1770904800000,31.35800,31.39400,31.15400,31.21700,61740.14,1770905099999,1930257.4326300,9969,32326.87,1011032.0115700,0
1770905100000,31.21700,31.25200,30.86200,31.00100,120232.41,1770905399999,3732752.8677800,12107,53099.29,1647491.5325500,0
1770905400000,31.00000,31.12900,30.98900,31.10800,40833.83,1770905699999,1269015.8018000,5072,21451.69,666610.9028200,0
1770905700000,31.10700,31.11200,31.02000,31.05500,46775.28,1770905999999,1453488.0259200,4784,32747.70,1017701.3682100,0
1770906000000,31.05500,31.08900,30.92400,30.95500,27661.17,1770906299999,857884.8977800,4909,12256.04,380248.6671100,0
1770906300000,30.95500,31.18500,30.94600,31.15400,42098.00,1770906599999,1308566.0515000,6270,24475.55,760674.0517900,0
1770906600000,31.15400,31.32800,31.10600,31.28100,72201.07,1770906899999,2253381.2497300,11614,39839.08,1243630.2162900,0
1770906900000,31.28200,31.29100,30.97700,31.07100,131519.71,1770907199999,4091211.8994500,15274,56182.49,1748716.1370400,0
1770907200000,31.07200,31.18000,31.02000,31.02900,33894.39,1770907499999,1054158.1145900,7480,13805.80,429450.4774800,0
1770907500000,31.02800,31.26400,31.02500,31.22100,49527.08,1770907799999,1543929.9769800,8355,25891.37,807025.5226200,0
1770907800000,31.22100,31.42400,31.16300,31.29200,70691.32,1770908099999,2212684.2035400,10895,36595.88,1145778.4863200,0
1770908100000,31.29300,31.43700,31.22600,31.37200,77807.79,1770908399999,2439219.1526800,8305,45367.59,1422106.7806600,0
1770908400000,31.37200,31.52600,31.21300,31.23300,101156.99,1770908699999,3175593.0166600,13177,47616.71,1495673.5167000,0
1770908700000,31.23400,31.30300,31.03800,31.04500,134149.04,1770908999999,4181769.7362200,16668,57278.63,1786347.4476400,0
1770909000000,31.04500,31.20800,30.97700,31.08300,129907.62,1770909299999,4035583.9700100,14208,52215.66,1622347.3774200,0
1770909300000,31.08400,31.27800,31.08000,31.20400,51816.02,1770909599999,1617517.4555700,9000,27765.84,866571.9632600,0
1770909600000,31.20400,31.42000,31.20100,31.33200,68842.32,1770909899999,2156531.0076700,9529,41587.38,1302568.6013500,0
1770909900000,31.33300,31.38600,31.25200,31.34300,23266.98,1770910199999,728474.7588700,5271,10279.53,321874.2004200,0
1770910200000,31.34300,31.38600,31.05800,31.08400,60923.75,1770910499999,1903538.2485200,8257,29605.13,925235.9710100,0
1770910500000,31.08300,31.08300,30.81900,30.97100,154114.29,1770910799999,4769230.2629000,13640,66958.71,2072957.2100800,0
1770910800000,30.97200,31.01000,30.91200,30.96000,50017.24,1770911099999,1548466.6241400,6976,26411.83,817705.0888800,0
1770911100000,30.96100,31.06500,30.86100,31.01200,37774.92,1770911399999,1169359.3351000,7351,17537.97,543102.2846200,0
1770911400000,31.01200,31.14600,30.91500,30.92300,65645.51,1770911699999,2036149.0844600,8730,33487.66,1038866.4774800,0
1770911700000,30.92300,31.00600,30.72800,30.78000,94071.09,1770911999999,2902123.5963700,10620,27884.38,861560.3586600,0
1770912000000,30.78100,30.88000,30.65400,30.87700,86650.86,1770912299999,2665630.9016600,11815,35044.47,1078949.5357500,0
1770912300000,30.87600,30.90300,30.40500,30.45000,228572.53,1770912599999,6989014.0382000,21726,67820.56,2073686.2135200,0
1770912600000,30.45000,30.49800,30.29100,30.38100,130089.25,1770912899999,3955860.1194900,14467,48821.04,1485779.2218100,0
1770912900000,30.38100,30.59700,30.36900,30.50300,89724.93,1770913199999,2735358.0266000,12271,49689.28,1514908.9239800,0
1770913200000,30.50500,30.52000,30.23900,30.42700,114921.04,1770913499999,3489887.7226400,14358,46839.47,1422793.8005200,0
1770913500000,30.42700,30.49600,30.18800,30.28600,95276.77,1770913799999,2886914.6997300,10830,33615.66,1018812.6188700,0
1770913800000,30.28600,30.30900,30.13300,30.30300,105380.22,1770914099999,3182228.8161300,14174,45178.62,1364582.0114900,0
1770914100000,30.30200,30.45500,30.22900,30.27800,85419.09,1770914399999,2592916.4768500,13206,44147.46,1340477.6589400,0
1770914400000,30.27700,30.34900,30.12100,30.12300,68175.22,1770914699999,2061004.9839200,8421,25630.10,775056.6028500,0
1770914700000,30.12200,30.16000,29.80200,29.96900,255883.28,1770914999999,7655383.0468700,23652,76071.26,2276773.7574400,0
1770915000000,29.96800,30.01900,29.76400,29.79300,151877.28,1770915299999,4535817.4370200,14881,70701.90,2111080.9886400,0
1770915300000,29.79400,30.00200,29.75500,29.98400,57529.52,1770915599999,1719448.0416600,8916,32867.67,982332.9433500,0
1770915600000,29.98800,30.16900,29.92400,30.06800,104318.98,1770915899999,3136837.2311600,12925,60891.24,1831720.4566300,0
1770915900000,30.06900,30.08300,29.85200,29.94100,67093.51,1770916199999,2008631.8694500,10731,25240.20,755848.0349600,0
1770916200000,29.94000,29.95700,29.70600,29.74100,60994.31,1770916499999,1817151.4175700,9914,26289.45,783227.0381100,0
1770916500000,29.74200,29.80600,29.56600,29.67400,117360.98,1770916799999,3481124.5620900,12501,52786.06,1566612.9688100,0
1770916800000,29.67400,29.97000,29.67400,29.96400,81123.40,1770917099999,2420311.2798700,10529,53233.99,1587914.5476900,0
1770917100000,29.96500,29.98800,29.81300,29.84300,49312.95,1770917399999,1475715.6724600,7441,21591.79,646189.3905600,0
1770917400000,29.84300,29.90800,29.77800,29.88400,31899.31,1770917699999,951655.7440900,6356,14954.52,446269.3383400,0
1770917700000,29.88300,29.92900,29.68300,29.76900,104912.08,1770917999999,3123723.0918800,12447,30694.03,913737.7709200,0
1770918000000,29.76800,29.79000,29.68000,29.68900,22796.27,1770918299999,677633.2658500,5202,10164.33,302175.3406600,0
1770918300000,29.69000,29.72000,29.54000,29.57400,75006.86,1770918599999,2220088.0827300,9316,23105.32,683762.3179300,0
1770918600000,29.57400,29.67500,29.50100,29.52000,62410.96,1770918899999,1845602.5178100,8400,29920.70,885256.1675800,0
1770918900000,29.51900,29.53000,29.38100,29.52500,100208.59,1770919199999,2951207.0012000,8911,40680.60,1198576.6345100,0
1770919200000,29.52400,29.57000,29.41900,29.50700,63032.08,1770919499999,1858534.3466500,9631,26336.33,776558.3224000,0
1770919500000,29.50700,29.57100,29.45800,29.51300,36136.80,1770919799999,1066702.7623100,7509,19907.75,587721.7148300,0
1770919800000,29.51200,29.61900,29.47700,29.58300,37904.02,1770920099999,1120062.1132400,6946,15857.12,468652.6953200,0
1770920100000,29.58300,29.64800,29.28800,29.30600,114234.58,1770920399999,3361389.2427000,12697,40079.47,1180818.0418600,0
1770920400000,29.30700,29.45300,29.29800,29.41000,33887.35,1770920699999,995859.9981600,6449,17203.22,505642.2362200,0
1770920700000,29.41100,29.51900,29.32300,29.32600,53475.30,1770920999999,1572590.8456300,8508,30774.17,905210.4960300,0
1770921000000,29.32500,29.38900,29.28100,29.34800,65417.01,1770921299999,1917992.0517700,7888,23484.57,688849.2959000,0
1770921300000,29.34800,29.48900,29.34300,29.48900,30868.70,1770921599999,908694.2808800,5778,19765.68,581797.9631100,0
1770921600000,29.48900,29.50500,29.40700,29.44300,18527.16,1770921899999,545960.6829100,3597,10863.86,320201.6169900,0
1770921900000,29.44300,29.59900,29.35500,29.55000,43229.57,1770922199999,1275064.2289600,7004,24275.38,716432.5109800,0
1770922200000,29.54800,29.56400,29.46200,29.51200,30402.57,1770922499999,897270.6416500,5545,13838.47,408450.3079100,0
1770922500000,29.51300,29.66300,29.49300,29.56400,76705.90,1770922799999,2270200.5572300,7655,45627.37,1350395.9807900,0
1770922800000,29.56400,29.80000,29.54900,29.66900,87531.44,1770923099999,2601790.7791100,10816,41311.37,1227754.2911800,0
1770923100000,29.66900,29.77000,29.66400,29.67700,32749.20,1770923399999,972862.6853600,6740,18400.20,546636.8284400,0
1770923400000,29.67700,29.89300,29.60400,29.89200,71334.92,1770923699999,2123598.7427700,8485,40480.00,1205855.2850000,0
1770923700000,29.89300,29.98700,29.79600,29.87700,73060.02,1770923999999,2185003.9534300,8706,37912.52,1134156.5780800,0
1770924000000,29.87800,30.09100,29.87800,30.02200,71319.90,1770924299999,2139595.3980400,8034,44159.54,1324701.4259100,0
1770924300000,30.02100,30.03000,29.92800,29.98700,32346.78,1770924599999,969231.3533700,4500,9675.00,289967.7297400,0
1770924600000,29.98700,30.12700,29.94700,30.02000,65714.45,1770924899999,1975117.8433600,7262,42636.08,1281819.2253300,0
1770924900000,30.01800,30.09900,29.82400,29.91000,74423.20,1770925199999,2228805.4695600,8392,30640.01,917809.4645500,0
1770925200000,29.90900,29.91300,29.78000,29.84900,35593.11,1770925499999,1062462.7227400,4814,13696.50,408879.3597700,0
1770925500000,29.85000,29.89100,29.75000,29.76700,39010.39,1770925799999,1162741.4783500,5923,15982.88,476474.2009800,0
1770925800000,29.76700,29.79600,29.70100,29.72200,12130.28,1770926099999,360801.9109000,3463,6781.03,201706.3620900,0
1770926100000,29.72300,29.77900,29.70100,29.73500,15853.91,1770926399999,471578.5649300,3391,10274.80,305652.0812300,0
1770926400000,29.73600,29.81100,29.70300,29.75400,15627.95,1770926699999,465025.2772900,4227,10907.80,324579.8201500,0
1770926700000,29.75300,29.75300,29.61100,29.63900,30497.70,1770926999999,905054.5464500,4912,11098.95,329479.8682600,0
1770927000000,29.63900,29.63900,29.45700,29.51600,93065.19,1770927299999,2746741.6697800,8184,36089.09,1065217.7989800,0
1770927300000,29.51500,29.56700,29.43900,29.56100,33985.97,1770927599999,1002749.2207300,5129,20835.19,614759.8694600,0
1770927600000,29.56100,29.57800,29.44600,29.48500,25412.74,1770927899999,750124.6793900,4261,15418.83,455129.0052500,0
1770927900000,29.48600,29.54300,29.42200,29.42300,20142.86,1770928199999,593535.7125700,4400,10139.76,298806.2259500,0
1770928200000,29.42300,29.50700,29.37100,29.50000,41401.25,1770928499999,1218155.8744800,6184,20445.67,601742.4495100,0
1770928500000,29.50100,29.56400,29.49500,29.53600,22964.00,1770928799999,678054.1872000,4655,12191.22,360012.2641500,0
1770928800000,29.53600,29.56900,29.48200,29.50300,11780.36,1770929099999,347918.9016400,3136,6102.26,180230.7542200,0
1770929100000,29.50300,29.52300,29.43800,29.47100,10845.72,1770929399999,319705.4233800,3292,4157.01,122518.4791800,0
1770929400000,29.47000,29.47000,29.38100,29.42200,21940.79,1770929699999,645170.7291400,4317,9771.82,287363.6908000,0
1770929700000,29.42000,29.74400,29.41900,29.70700,55709.20,1770929999999,1647699.3177600,6388,38161.50,1128469.2356400,0
1770930000000,29.70600,29.80500,29.63400,29.75000,50850.88,1770930299999,1512334.6273100,8012,22657.21,673962.0931100,0
1770930300000,29.75100,29.89200,29.68700,29.86900,29426.15,1770930599999,877185.8058100,5034,19428.18,579496.5878900,0
1770930600000,29.87000,29.91000,29.77900,29.78500,25552.69,1770930899999,762926.1087300,4038,12677.14,378585.5618200,0
1770930900000,29.78500,29.89100,29.73700,29.88100,16360.56,1770931199999,487699.6173100,3508,10118.51,301689.8875500,0
1770931200000,29.88000,29.90400,29.74500,29.74800,22973.91,1770931499999,684980.3403300,3950,5587.50,166698.4209400,0
1770931500000,29.74800,29.75100,29.69100,29.73300,13850.43,1770931799999,411658.4428000,3063,7212.78,214382.3791500,0
1770931800000,29.73200,29.75300,29.53200,29.69000,66145.05,1770932099999,1959534.6647300,6688,32799.92,971930.5265000,0
1770932100000,29.69200,29.81100,29.64300,29.79600,25571.66,1770932399999,760688.1445000,4365,17211.81,511913.0280700,0
1770932400000,29.79700,29.87600,29.77800,29.84400,18566.96,1770932699999,553952.4517600,3008,6878.72,205206.0263000,0
1770932700000,29.84500,29.85800,29.79700,29.82300,10701.36,1770932999999,319204.3246200,2562,4362.75,130122.5920100,0
1770933000000,29.82400,29.89800,29.82400,29.85500,14971.86,1770933299999,447035.5846600,2545,5463.49,163161.9318000,0
1770933300000,29.85300,29.87700,29.79200,29.81800,25439.10,1770933599999,758871.9060800,2867,6221.89,185670.2804700,0
1770933600000,29.81700,29.90500,29.80600,29.90300,11239.48,1770933899999,335492.0283400,2928,6714.57,200419.4515900,0
1770933900000,29.90300,29.91300,29.85000,29.89400,10606.70,1770934199999,317012.9471600,2482,4160.79,124370.6512000,0
1770934200000,29.89400,30.03300,29.89400,30.01100,23941.03,1770934499999,717609.2692200,3287,13797.28,413527.9277600,0
1770934500000,30.01100,30.02500,29.92400,29.97000,10833.31,1770934799999,324704.5173500,2210,3715.99,111374.9077700,0
1770934800000,29.96900,29.97600,29.83300,29.91400,14646.54,1770935099999,437746.6460700,2295,5763.06,172228.4165400,0
1770935100000,29.91400,29.91400,29.83600,29.88800,11851.88,1770935399999,354032.9236400,1937,6357.35,189869.4942300,0
1770935400000,29.88900,29.92200,29.86300,29.87100,9498.65,1770935699999,283921.6155700,1693,5529.66,165276.3183600,0
1770935700000,29.87100,29.98500,29.86400,29.96400,11424.34,1770935999999,342114.5167700,1858,8117.60,243116.0854200,0
1770936000000,29.96500,30.11900,29.95500,30.08000,31489.39,1770936299999,946653.2234400,3204,18323.60,550704.7001200,0
1770936300000,30.07900,30.21800,30.07500,30.20100,41939.17,1770936599999,1265051.6403600,3650,27908.24,841572.0670500,0
1770936600000,30.20100,30.31100,30.19200,30.29400,20116.92,1770936899999,608465.8810000,2950,9499.20,287475.4718500,0
1770936900000,30.29800,30.48600,30.29400,30.44700,96638.93,1770937199999,2938571.9216700,7071,66268.35,2014994.1736300,0
1770937200000,30.44600,30.46100,30.33800,30.36200,51682.77,1770937499999,1570894.1124400,6211,18130.38,551148.9703900,0
1770937500000,30.36300,30.61300,30.36300,30.59500,142066.01,1770937799999,4335917.4694700,12449,97041.35,2961861.4971200,0
1770937800000,30.59400,30.69600,30.57100,30.67800,80934.79,1770938099999,2479908.8443400,7121,44731.30,1371161.8464100,0
1770938100000,30.67800,30.70800,30.59100,30.66300,57242.09,1770938399999,1755252.3448500,5215,13715.69,420705.8927900,0
1770938400000,30.66300,30.85200,30.63900,30.78700,110531.72,1770938699999,3401886.4722000,9595,62902.83,1935165.8001700,0
1770938700000,30.78800,30.81900,30.71000,30.74700,30380.41,1770938999999,934174.0191000,5296,12129.15,372958.6939100,0
1770939000000,30.74800,30.82900,30.72000,30.79000,59517.53,1770939299999,1831635.9661500,7851,36675.52,1128749.5941000,0
1770939300000,30.79100,30.79500,30.71800,30.76100,27024.47,1770939599999,831178.1999900,4875,10365.33,318811.0654900,0
1770939600000,30.76200,30.94200,30.76200,30.93100,40877.82,1770939899999,1261568.9935500,5656,26369.95,813748.0870200,0
1770939900000,30.93100,30.99600,30.85500,30.94200,42832.56,1770940199999,1324740.6220100,6285,26490.37,819414.0372400,0
1770940200000,30.94300,31.01500,30.88300,30.98000,51484.41,1770940499999,1593713.0987200,6844,25068.69,776005.5244500,0
1770940500000,30.98000,31.12700,30.97900,31.09000,70068.27,1770940799999,2176338.6183100,6864,40265.62,1250633.6870900,0
1770940800000,31.08900,31.20800,31.07000,31.15300,100167.19,1770941099999,3120310.8527100,9551,61650.31,1920684.8673200,0
1770941100000,31.15200,31.27000,31.08800,31.20800,56166.24,1770941399999,1751346.9949200,7188,30322.64,945884.5173900,0
1770941400000,31.20700,31.36000,31.20600,31.27300,74827.87,1770941699999,2341227.6026000,8890,37299.44,1167202.2006200,0
1770941700000,31.27200,31.27200,30.89900,30.91100,130824.22,1770941999999,4057517.2218100,11996,35647.73,1105302.4302900,0
1770942000000,30.91000,30.96900,30.88400,30.89700,52109.69,1770942299999,1610816.1932500,6852,22535.64,696752.5097600,0
1770942300000,30.89600,30.89800,30.80000,30.80000,45937.55,1770942599999,1417215.3629100,4445,20454.63,631117.3108200,0
1770942600000,30.80100,30.93100,30.70900,30.72200,98294.03,1770942899999,3026701.6025500,7586,34042.57,1048562.0402700,0
1770942900000,30.72300,30.88900,30.68000,30.83200,53102.18,1770943199999,1632959.6801600,5863,28097.66,864353.9656300,0
1770943200000,30.83200,30.91600,30.77700,30.84600,39003.27,1770943499999,1202889.8591200,6556,23743.23,732277.2967200,0
1770943500000,30.84400,30.93000,30.61500,30.65600,65405.58,1770943799999,2011695.6698700,8552,28669.94,882867.6916800,0
1770943800000,30.65500,30.71000,30.61400,30.67700,31561.72,1770944099999,967491.7163400,4776,17106.00,524392.6026800,0
1770944100000,30.67700,30.72500,30.54500,30.54600,32323.81,1770944399999,989642.7162300,4212,11044.58,338088.2275900,0
1770944400000,30.54600,30.57300,30.43200,30.47200,55406.47,1770944699999,1690486.5007500,5571,20792.61,634592.1708400,0
1770944700000,30.47100,30.57200,30.43400,30.49200,59298.29,1770944999999,1807965.6539500,8087,26867.60,819286.5070600,0
1770945000000,30.49200,30.59400,30.43900,30.55800,27632.23,1770945299999,843184.1018700,4888,16524.93,504358.6608000,0
1770945300000,30.55800,30.57100,30.49000,30.54500,12259.72,1770945599999,374398.6263900,3100,6739.75,205826.4957800,0
1770945600000,30.54400,30.59400,30.51900,30.53300,17984.84,1770945899999,549549.2954300,3280,11066.50,338182.0599000,0
1770945900000,30.53400,30.59800,30.41500,30.59000,29874.32,1770946199999,910771.0891000,4640,12812.91,390930.0867100,0
1770946200000,30.59100,30.73000,30.58600,30.62800,46149.63,1770946499999,1415645.4771200,5683,28434.83,872425.6822100,0
1770946500000,30.62800,30.82300,30.57400,30.78300,44287.82,1770946799999,1360769.1495100,5771,27803.78,854606.4548300,0
1770946800000,30.78400,30.82400,30.73200,30.75500,21992.27,1770947099999,676619.5725200,4234,7657.36,235639.8607200,0
1770947100000,30.75600,30.82900,30.73600,30.77500,48883.04,1770947399999,1504947.5761000,5080,33899.58,1043728.4250800,0
1770947400000,30.77600,30.85100,30.74000,30.77100,22648.15,1770947699999,697479.6562000,4391,10738.11,330791.8402200,0
1770947700000,30.77100,30.84900,30.73900,30.83700,32436.11,1770947999999,998428.0819800,3895,21239.28,653956.0252700,0
1770948000000,30.83600,30.87500,30.74600,30.77600,18667.90,1770948299999,575405.1360300,4297,9973.15,307455.2599700,0
1770948300000,30.77300,30.92400,30.75300,30.91900,26593.05,1770948599999,820780.5916900,3768,18658.46,576103.2084100,0
1770948600000,30.92100,31.01500,30.88200,30.92700,52340.07,1770948899999,1619595.4681800,6358,18937.55,586169.1492500,0
1770948900000,30.92700,31.16900,30.90400,31.12700,42294.29,1770949199999,1314187.6705300,6598,23152.91,719141.0071800,0
1770949200000,31.12800,31.18700,30.99600,31.18100,33344.54,1770949499999,1036484.4945100,6445,18256.55,567587.5722600,0
1770949500000,31.18200,31.40900,31.18200,31.37700,85959.01,1770949799999,2692034.5007200,9888,50001.14,1566158.1449800,0
1770949800000,31.37500,31.38600,31.20000,31.23300,60042.13,1770950099999,1879706.6698900,8290,28065.50,879035.6119100,0
1770950100000,31.23500,31.24900,31.06200,31.09100,46740.65,1770950399999,1455361.8805500,7781,16414.62,511136.4195400,0
1770950400000,31.09200,31.17000,31.06100,31.09300,16459.83,1770950699999,512140.2321900,4239,7914.64,246277.9112700,0
1770950700000,31.09200,31.30700,31.00800,31.07500,50133.53,1770950999999,1561632.0123400,8532,25246.61,786623.6430200,0
1770951000000,31.07600,31.25600,31.07600,31.16300,19557.73,1770951299999,610049.2176400,4904,11050.01,344633.4716200,0
1770951300000,31.16300,31.34700,31.12000,31.34500,35166.20,1770951599999,1098552.6806500,5449,23769.63,742870.7269500,0
1770951600000,31.34600,31.37400,31.22700,31.22800,35357.94,1770951899999,1107352.3053900,6323,11153.41,349388.2707900,0
1770951900000,31.22800,31.23300,30.96700,31.01700,47638.59,1770952199999,1480084.7475900,7140,15147.30,470390.7077000,0
1770952200000,31.01600,31.07000,30.98900,31.03100,14439.53,1770952499999,448087.4240500,3098,9734.04,302117.0805200,0
1770952500000,31.03100,31.08900,30.98100,31.03000,19320.98,1770952799999,599546.6047400,3799,11996.97,372314.5001500,0
1770952800000,31.02900,31.05700,30.97000,31.00900,15356.55,1770953099999,476082.7199800,2953,7953.58,246560.6143300,0
1770953100000,31.00900,31.21600,31.00600,31.20400,19532.66,1770953399999,607542.7094200,3583,12699.54,395006.2094800,0
1770953400000,31.20400,31.29900,31.15300,31.15600,42199.16,1770953699999,1317941.0077900,6378,19968.75,623869.9705600,0
1770953700000,31.15700,31.18600,30.89200,31.00800,40419.57,1770953999999,1253099.4634700,6280,15235.08,472579.1653500,0
1770954000000,31.00700,31.00700,30.89800,30.89800,19941.21,1770954299999,617171.2752500,3786,6582.39,203776.8868500,0
1770954300000,30.89800,30.90400,30.75800,30.76400,33310.20,1770954599999,1026879.8987200,5047,11891.45,366643.7182100,0
1770954600000,30.76400,30.83200,30.73600,30.83100,21726.26,1770954899999,668688.2495500,4067,10046.27,309278.2136200,0
1770954900000,30.82900,30.82900,30.69800,30.74900,21410.84,1770955199999,658413.5301800,3315,9353.43,287732.4569400,0
1770955200000,30.74800,30.77900,30.68900,30.71900,21104.82,1770955499999,648648.8637800,3820,8117.95,249454.2057500,0
1770955500000,30.71900,30.86300,30.69300,30.85500,21839.25,1770955799999,672314.3151700,4243,13303.68,409686.8310000,0
1770955800000,30.85500,30.88400,30.81000,30.86800,12425.59,1770956099999,383363.8768000,2745,6527.28,201399.9610400,0
1770956100000,30.86700,30.97000,30.84200,30.94800,28294.11,1770956399999,874695.8553600,4475,16095.50,497565.4051900,0
1770956400000,30.94600,30.95800,30.83900,30.87700,15143.45,1770956699999,467869.3901700,2819,6306.34,194762.9468100,0
1770956700000,30.87700,30.87800,30.70500,30.70500,30346.04,1770956999999,933872.6333100,4605,10594.38,325952.0715300,0
1770957000000,30.70600,30.79900,30.67200,30.73700,29251.24,1770957299999,899384.9882200,4800,19907.65,612208.3893300,0
1770957300000,30.74200,30.88400,30.74200,30.83300,17388.42,1770957599999,535785.8731100,3425,7794.94,240265.6691900,0
1770957600000,30.83400,30.84800,30.70500,30.71400,12563.92,1770957899999,386719.6955800,2978,5755.35,177127.7922800,0
1770957900000,30.71300,30.79800,30.62100,30.67600,28922.52,1770958199999,887719.8140200,4526,11757.86,360838.3597200,0
1770958200000,30.67700,30.79500,30.67100,30.77200,16042.40,1770958499999,493161.5918700,2533,11971.91,368025.7272600,0
1770958500000,30.77200,30.83500,30.73300,30.74200,18714.48,1770958799999,575963.5077200,3345,7875.27,242441.4745900,0
1770958800000,30.74200,30.88600,30.74200,30.80800,18329.74,1770959099999,565186.9493800,3678,9792.73,301980.0136100,0
1770959100000,30.80800,30.83800,30.58600,30.63600,40959.92,1770959399999,1256743.9934500,6047,15231.53,467268.2939400,0
1770959400000,30.63600,30.72800,30.62600,30.66800,15522.88,1770959699999,476398.4510000,3140,9730.34,298635.8133500,0
1770959700000,30.66700,30.73100,30.66000,30.70100,8992.84,1770959999999,276045.1365500,2461,4675.65,143532.1980000,0
1770960000000,30.70200,30.80400,30.69300,30.76500,12342.20,1770960299999,379518.6968700,2754,6606.25,203157.2107900,0
1770960300000,30.76400,30.82800,30.71700,30.82300,18287.59,1770960599999,563214.2735800,3607,11613.21,357690.7902200,0
1770960600000,30.82200,30.84200,30.72600,30.76600,11299.03,1770960899999,347828.9459000,3057,4784.51,147290.6700900,0
1770960900000,30.76600,30.78600,30.69500,30.70300,12775.67,1770961199999,392708.9723500,2845,6854.52,210708.4764200,0
1770961200000,30.70100,30.74600,30.59700,30.72900,16058.68,1770961499999,492580.5545600,3400,7374.44,226221.9825000,0
1770961500000,30.72900,30.80000,30.72000,30.79700,14260.97,1770961799999,438709.5862200,2724,8304.20,255470.5543800,0
1770961800000,30.79700,30.83100,30.73400,30.73400,14046.83,1770962099999,432394.7269500,2394,6097.60,187787.8074800,0
1770962100000,30.73300,30.76200,30.62200,30.63500,19299.99,1770962399999,592186.2874200,3491,9326.85,286151.0658600,0
1770962400000,30.63400,30.82200,30.63400,30.77400,23651.93,1770962699999,726768.3391300,4321,16068.65,493610.5040700,0
1770962700000,30.77300,30.79500,30.73500,30.74100,7162.00,1770962999999,220374.2212400,2025,2492.75,76693.9201400,0
1770963000000,30.74200,30.77200,30.70700,30.71200,6723.19,1770963299999,206704.9874300,1846,3306.43,101678.4079100,0
1770963300000,30.70900,30.79100,30.69500,30.73300,10575.13,1770963599999,325123.2752900,2916,6796.77,208949.0887500,0
1770963600000,30.73300,30.77900,30.63500,30.67900,14196.85,1770963899999,435819.1207000,3186,4337.34,133180.5936400,0
1770963900000,30.68000,30.72000,30.58300,30.61500,21738.66,1770964199999,666129.3725500,4409,10413.14,319042.9260800,0
1770964200000,30.61400,30.70200,30.56100,30.70100,20399.56,1770964499999,624789.0801200,4483,11742.93,359839.7628200,0
1770964500000,30.70100,30.70100,30.59300,30.59700,11072.33,1770964799999,339115.2740900,2722,5231.68,160209.8857600,0
1770964800000,30.59800,30.66400,30.59800,30.61300,13665.60,1770965099999,418539.0207800,2501,6547.19,200556.0393200,0
1770965100000,30.61400,30.61400,30.52700,30.52900,22361.31,1770965399999,683342.1399300,4149,7181.24,219462.4851100,0
1770965400000,30.53000,30.68100,30.52500,30.59000,25707.33,1770965699999,787062.9578500,4184,16975.15,519791.1191600,0
1770965700000,30.59000,30.68100,30.56500,30.64200,23679.29,1770965999999,725475.7961200,3529,17084.85,523488.3418000,0
1770966000000,30.64200,30.73200,30.62600,30.70600,22714.43,1770966299999,697056.2988400,4212,11940.20,366363.6257200,0
1770966300000,30.70500,30.72100,30.55800,30.61000,22062.61,1770966599999,675448.1505500,3743,11340.34,347186.6575900,0
1770966600000,30.61000,30.82400,30.60400,30.70900,38527.14,1770966899999,1184309.3060400,6415,21368.93,656893.2422600,0
1770966900000,30.71000,30.75000,30.63000,30.66200,25084.57,1770967199999,769750.5233800,4611,13952.34,428195.8647000,0
1770967200000,30.66300,30.78600,30.62600,30.77500,17517.06,1770967499999,537958.4324100,3845,8882.29,272836.4896000,0
1770967500000,30.77400,30.78600,30.62900,30.65700,19529.95,1770967799999,599249.9597700,3572,7727.66,237077.7094300,0
1770967800000,30.65600,30.70700,30.63200,30.70300,16943.89,1770968099999,519641.7999300,3827,7778.16,238555.0253900,0
1770968100000,30.70200,30.72100,30.53300,30.60100,28587.49,1770968399999,874301.1967100,4443,11299.59,345564.1424200,0
1770968400000,30.60000,30.66700,30.60000,30.61800,16011.36,1770968699999,490541.1583700,3698,8257.23,252980.4629200,0
1770968700000,30.61900,30.71200,30.46100,30.70800,59618.61,1770968999999,1822952.7962300,7211,30471.26,932238.5795700,0
1770969000000,30.70700,30.88500,30.69000,30.87600,41602.37,1770969299999,1280668.8929100,5618,20385.85,627766.5796700,0
1770969300000,30.87700,30.88800,30.68600,30.71500,31138.35,1770969599999,958615.4129200,4625,8703.73,267792.7722800,0
1770969600000,30.71500,30.75100,30.65500,30.73800,35933.41,1770969899999,1103816.4961200,5500,23006.53,706803.2320100,0
1770969900000,30.73600,30.75300,30.66500,30.68100,26701.58,1770970199999,820211.0701500,4543,14887.06,457294.4035000,0
1770970200000,30.68300,30.69900,30.56800,30.62900,24715.48,1770970499999,757008.2142000,3717,8420.34,258042.3092800,0
1770970500000,30.63000,30.70600,30.56900,30.70600,19713.42,1770970799999,603958.9705300,3725,11288.38,345882.5576300,0
1770970800000,30.70400,30.76600,30.66100,30.68200,22531.00,1770971099999,692075.1672300,3544,10462.53,321425.0226800,0
1770971100000,30.68200,30.77500,30.64800,30.66800,18403.41,1770971399999,564969.0239600,3948,8634.40,265104.6056200,0
1770971400000,30.66700,30.74700,30.62600,30.70000,23524.30,1770971699999,722229.6473200,3951,10629.10,326238.0470500,0
1770971700000,30.70300,30.70300,30.53600,30.57100,20101.07,1770971999999,615499.3757900,3760,8532.98,261313.3153800,0
1770972000000,30.57100,30.57800,30.42300,30.44300,44713.21,1770972299999,1363035.8569800,5421,20826.83,635023.9447000,0
1770972300000,30.44200,30.63000,30.44200,30.54400,55196.58,1770972599999,1683950.0228300,6017,29702.59,905585.2672600,0
1770972600000,30.54400,30.60500,30.45000,30.50500,37279.87,1770972899999,1137908.3364000,4794,19141.93,584468.5495900,0
1770972900000,30.50800,30.65600,30.47000,30.64300,42667.46,1770973199999,1304007.5725800,5467,27009.12,825422.8559600,0
1770973200000,30.64300,30.65500,30.51200,30.55100,31601.79,1770973499999,966385.6214200,4582,10768.12,329282.0509300,0
1770973500000,30.55100,30.64600,30.52800,30.57100,23217.65,1770973799999,710162.7786900,4233,13533.51,413954.1244400,0
1770973800000,30.57100,30.58800,30.29400,30.30200,65857.03,1770974099999,2003080.3483000,6168,17618.08,536552.5011000,0
1770974100000,30.30500,30.34000,30.18600,30.21700,138574.89,1770974399999,4192526.7193300,11919,55527.26,1680330.1010100,0
1770974400000,30.21800,30.38600,30.21800,30.37100,28660.22,1770974699999,868898.2161000,5370,17146.73,519810.9676800,0
1770974700000,30.37100,30.37800,30.28200,30.32600,35433.09,1770974999999,1074407.9495500,4601,19222.96,582783.7583200,0
1770975000000,30.32600,30.42000,30.24300,30.41800,36786.72,1770975299999,1115360.5112500,5661,20804.82,631022.7233500,0
1770975300000,30.41700,30.41800,30.32100,30.34600,17190.52,1770975599999,522046.6951500,3997,6717.26,203974.5894800,0
1770975600000,30.34700,30.35600,30.23700,30.24700,30483.22,1770975899999,922978.4798100,4191,9207.85,278821.4630000,0
1770975900000,30.24600,30.37200,30.24500,30.36700,27107.83,1770976199999,821750.1312600,4119,15046.26,456248.5210700,0
1770976200000,30.36600,30.41600,30.33100,30.41400,25431.19,1770976499999,772310.2473100,4284,13048.04,396279.4323800,0
1770976500000,30.41300,30.45700,30.35100,30.36900,16821.43,1770976799999,511369.4423900,3717,9023.42,274327.7091100,0
1770976800000,30.36900,30.37700,30.25000,30.29500,19296.61,1770977099999,584921.3079200,4187,9267.30,280875.9001800,0
1770977100000,30.29400,30.37800,30.27500,30.31800,18736.86,1770977399999,568265.7737100,3616,8808.39,267114.2711400,0
1770977400000,30.31900,30.42100,30.31800,30.39300,15039.81,1770977699999,456978.7329400,3231,9052.61,275061.5804700,0
1770977700000,30.39400,30.51400,30.38800,30.47900,52744.00,1770977999999,1606430.5674500,5854,33254.32,1012742.5881300,0
1770978000000,30.47900,30.47900,30.34500,30.39600,16143.32,1770978299999,490970.3424000,3499,5160.44,156925.3569900,0
1770978300000,30.39600,30.45200,30.38800,30.42600,8170.44,1770978599999,248572.9678700,1950,4477.40,136209.7248200,0
1770978600000,30.42600,30.62800,30.40700,30.60700,26345.00,1770978899999,804251.0417300,4358,20195.98,616622.3054800,0
1770978900000,30.60800,30.62800,30.45200,30.45300,22025.62,1770979199999,673225.9247100,3745,8218.75,251303.6757000,0
1770979200000,30.45200,30.61100,30.43600,30.53100,36476.10,1770979499999,1114085.1029300,4193,25013.14,764016.3773900,0
1770979500000,30.53100,30.64900,30.53100,30.59700,25639.59,1770979799999,784484.1641000,4086,12803.40,391797.5256500,0
1770979800000,30.59800,30.65600,30.55600,30.57200,16256.42,1770980099999,497686.4497500,3388,7421.59,227239.3412300,0
1770980100000,30.57300,30.58600,30.50500,30.55000,11406.71,1770980399999,348422.9177500,2570,4132.16,126250.0830000,0
1770980400000,30.55100,30.57300,30.49700,30.55900,14013.67,1770980699999,427853.3662000,2958,6960.82,212584.3666600,0
1770980700000,30.55900,30.61100,30.50300,30.50500,7797.18,1770980999999,238337.6716400,2196,3881.54,118680.0045400,0
1770981000000,30.50400,30.54700,30.43700,30.54600,18534.79,1770981299999,565029.1727600,3245,12012.28,366205.1740800,0
1770981300000,30.54600,30.62200,30.51000,30.53100,26704.20,1770981599999,816228.3892000,3559,10423.79,318625.9690000,0
1770981600000,30.53000,30.54400,30.28300,30.33000,34877.32,1770981899999,1059871.9943600,4762,9669.84,293934.9777700,0
1770981900000,30.33000,30.47600,30.33000,30.45800,33956.00,1770982199999,1032248.5452100,4801,24993.12,759676.5570900,0
1770982200000,30.45900,30.45900,30.20500,30.23900,68239.38,1770982499999,2066999.5817100,7976,28079.00,850594.9360800,0
1770982500000,30.23900,30.29100,30.20000,30.24700,26660.05,1770982799999,806257.2746300,4786,13995.76,423292.9321700,0
1770982800000,30.24700,30.32100,30.23300,30.29800,14437.19,1770983099999,437196.3773700,3944,8702.51,263538.2042800,0
1770983100000,30.29900,30.34900,30.22200,30.33600,30009.41,1770983399999,908767.0643900,4823,14805.07,448520.5065100,0
1770983400000,30.33500,30.52200,30.28900,30.49100,58508.87,1770983699999,1780442.4331400,6827,26345.43,801472.3231100,0
1770983700000,30.49300,30.60300,30.46500,30.52900,57772.25,1770983999999,1764980.2001800,6607,26252.10,802137.5608900,0
1770984000000,30.52800,30.52800,30.36000,30.40900,23108.89,1770984299999,703065.7484500,4952,8930.24,271618.1561400,0
1770984300000,30.40900,30.43100,30.18700,30.24700,108447.06,1770984599999,3285912.2510100,7225,36011.34,1091850.9724400,0
1770984600000,30.24700,30.28000,30.20700,30.24800,25795.86,1770984899999,780334.4952800,5068,13381.86,404816.6075000,0
1770984900000,30.24900,30.26300,30.04000,30.05000,77264.06,1770985199999,2326640.6098100,9313,24710.95,744056.1073700,0
1770985200000,30.05000,30.09700,29.95300,30.05700,49930.14,1770985499999,1499191.8948000,7329,21055.21,632310.6797000,0
1770985500000,30.05700,30.26900,30.05700,30.23000,64674.19,1770985799999,1952317.6626300,6896,49762.16,1501896.5079800,0
1770985800000,30.23100,30.27000,30.16600,30.20000,25093.11,1770986099999,758300.7371600,4721,11772.84,355873.7573600,0
1770986100000,30.20000,30.26000,30.15700,30.24200,15065.83,1770986399999,455113.9368500,3717,7917.51,239254.6902800,0
1770986400000,30.24300,30.28500,30.21100,30.27400,15824.28,1770986699999,478855.5319500,3422,10363.13,313617.4053900,0
1770986700000,30.27100,30.30000,30.24600,30.29900,9516.29,1770986999999,288051.4006100,1996,5401.64,163518.2644700,0
1770987000000,30.29900,30.36600,30.26200,30.33100,30242.57,1770987299999,916823.1426700,3418,16511.59,500780.2149100,0
1770987300000,30.33100,30.34800,30.24300,30.26200,20967.84,1770987599999,635167.5963300,4011,11205.27,339438.5909900,0
1770987600000,30.26200,30.37800,30.26200,30.33500,15090.90,1770987899999,457784.7362300,3368,9441.87,286399.1276100,0
1770987900000,30.33400,30.37500,30.22700,30.29900,20750.60,1770988199999,628544.9597800,4257,9567.03,289889.5397800,0
1770988200000,30.29900,30.36200,30.29800,30.35400,9893.92,1770988499999,300152.0083900,2096,6491.63,196914.2309600,0
1770988500000,30.35300,30.44300,30.34600,30.40600,18008.04,1770988799999,547313.1552600,3322,11425.19,347279.4597100,0
1770988800000,30.40700,30.66700,30.40700,30.65500,92393.21,1770989099999,2824327.2800400,6487,62746.67,1917559.8010700,0
1770989100000,30.65500,30.89400,30.63800,30.81800,144854.68,1770989399999,4459720.8099000,12412,94904.34,2922236.9799100,0
1770989400000,30.81800,31.00000,30.72700,30.78000,171480.53,1770989699999,5296769.2338700,19859,91867.23,2839544.5260700,0
1770989700000,30.78800,30.80500,30.56200,30.57500,148629.99,1770989999999,4552079.9469900,9292,30650.41,938999.1705600,0
1770990000000,30.57600,30.68000,30.55500,30.62200,42612.90,1770990299999,1304704.1671400,5996,23556.02,721263.5747700,0
1770990300000,30.62200,30.62200,30.40600,30.48200,124372.12,1770990599999,3790561.4822200,7299,64074.74,1951956.2243800,0
1770990600000,30.48300,30.70000,30.43400,30.64000,99499.67,1770990899999,3039894.5396500,8715,51574.15,1575823.9259800,0
1770990900000,30.63900,30.69100,30.57000,30.57000,16981.89,1770991199999,520454.7975200,4182,7911.09,242529.0534200,0
1770991200000,30.57000,30.63900,30.40700,30.44100,64192.62,1770991499999,1958942.6125600,8369,23399.06,714505.2843900,0
1770991500000,30.44000,30.48800,30.36000,30.37900,26898.58,1770991799999,818126.6114800,5159,14687.00,446739.5523200,0
1770991800000,30.37800,30.47700,30.25400,30.30000,70527.31,1770992099999,2141337.7762500,7123,37126.96,1127536.0577900,0
1770992100000,30.30000,30.43700,30.30000,30.41900,39455.02,1770992399999,1198199.1440700,3977,31204.62,947649.5199400,0
1770992400000,30.41900,30.46600,30.41000,30.45200,14572.60,1770992699999,443520.0738700,2611,8233.11,250580.8335300,0
1770992700000,30.45100,30.53600,30.42400,30.52200,15882.87,1770992999999,484353.2150200,3262,10013.21,305390.3050700,0
1770993000000,30.52100,30.78300,30.44100,30.77100,98872.69,1770993299999,3028089.9301500,13722,63856.16,1956234.7991900,0
1770993300000,30.76800,30.81800,30.62900,30.63800,68720.44,1770993599999,2111608.7703000,11520,24762.90,761149.7500800,0
1770993600000,30.63800,30.69600,30.40400,30.67200,122275.91,1770993899999,3733990.4613900,14810,64967.64,1984900.3581200,0
1770993900000,30.67300,31.14100,30.66700,31.00200,169450.59,1770994199999,5245998.0404300,19203,88901.56,2752222.6968400,0
1770994200000,31.00200,31.02600,30.82100,30.82700,72747.64,1770994499999,2248955.9692100,12328,26024.61,804722.6913500,0
1770994500000,30.82600,30.93400,30.78600,30.85000,29463.04,1770994799999,909182.8311500,7301,15077.91,465500.9768400,0
1770994800000,30.85100,31.01800,30.83600,30.91000,49974.30,1770995099999,1545852.8972800,9743,26703.37,826016.3440800,0
1770995100000,30.91100,31.36600,30.84600,31.35000,146385.99,1770995399999,4557833.7429000,15069,102388.38,3187443.3156300,0
1770995400000,31.35000,31.68400,31.29200,31.44700,290317.24,1770995699999,9143977.2684700,24954,175912.45,5541718.1034900,0
1770995700000,31.44700,31.63600,31.36700,31.40500,113741.52,1770995999999,3586120.6365900,16551,58175.45,1835103.9720000,0
1770996000000,31.40400,31.45800,31.27200,31.39900,105436.15,1770996299999,3306237.6483500,14159,56779.27,1780519.5165200,0
1770996300000,31.39900,31.90900,31.38500,31.88200,242513.05,1770996599999,7684543.7072800,24306,157099.68,4976277.0751900,0
1770996600000,31.88100,32.20000,31.79100,32.15000,218096.67,1770996899999,6985679.8044700,23319,127885.74,4096394.2383200,0
1770996900000,32.15100,32.34400,31.99300,32.03200,205112.09,1770997199999,6597521.0884700,21689,110233.09,3547901.1644700,0
1770997200000,32.03200,32.04600,31.70200,31.70300,133735.33,1770997499999,4260768.5180400,17095,41878.72,1334346.0337200,0
1770997500000,31.70300,31.77000,31.50000,31.52400,124398.20,1770997799999,3929529.3350300,17949,51574.87,1629593.9385500,0
1770997800000,31.52500,31.56500,31.42800,31.51200,84171.62,1770998099999,2651705.4894800,9852,48277.29,1521104.3322800,0
1770998100000,31.51200,31.55500,31.43500,31.54900,68820.43,1770998399999,2168400.5720200,8167,37363.77,1177307.2324900,0
1770998400000,31.53300,31.81600,31.52000,31.77800,104453.27,1770998699999,3307837.5324400,11876,60921.40,1929445.7498000,0
1770998700000,31.77800,31.93400,31.73000,31.76000,115227.15,1770998999999,3669853.1411800,14517,55289.32,1761331.4936400,0
1770999000000,31.76000,31.76300,31.59100,31.62900,61304.61,1770999299999,1942089.3306200,8348,27844.26,882028.4761900,0
1770999300000,31.63100,31.78300,31.59600,31.69300,36545.08,1770999599999,1158323.2737100,7886,18180.50,576395.9553600,0
1770999600000,31.69300,31.70300,31.37900,31.54200,108042.50,1770999899999,3402874.7056700,12482,55602.60,1751003.3744800,0
1770999900000,31.54400,31.82900,31.51800,31.82900,63448.63,1771000199999,2010502.9764100,10082,35276.27,1117881.0523100,0
1771000200000,31.82900,32.13200,31.79400,31.98800,132462.76,1771000499999,4236468.4910300,16388,79929.47,2556574.1218600,0
1771000500000,31.98800,32.10700,31.94300,32.01600,74423.31,1771000799999,2382892.8643600,11624,35685.47,1142779.3401600,0
1771000800000,32.01600,32.12400,31.95400,32.01400,53885.77,1771001099999,1726214.3389600,8919,19989.00,640598.3699800,0
1771001100000,32.01300,32.04200,31.80000,31.84400,41332.55,1771001399999,1318677.7105400,8208,15840.14,505306.4384600,0
1771001400000,31.84500,31.94500,31.81700,31.82100,40977.88,1771001699999,1306636.1277900,7496,17463.27,556787.9836400,0
1771001700000,31.82200,31.86500,31.57000,31.64000,81700.91,1771001999999,2590794.9199800,12067,29994.69,951911.9246300,0
1771002000000,31.64100,31.71300,31.49800,31.61800,73031.49,1771002299999,2307251.2761700,10650,34192.80,1080847.8542200,0
1771002300000,31.61700,31.75000,31.49300,31.54600,45465.05,1771002599999,1437560.8489900,7206,21965.83,694998.9296400,0
1771002600000,31.54100,31.90000,31.52400,31.88800,55456.22,1771002899999,1759491.4569900,8814,33863.71,1074573.3256700,0
1771002900000,31.88600,31.94100,31.82400,31.83700,34625.68,1771003199999,1103723.2865100,6772,15009.58,478606.7492900,0
1771003200000,31.83900,31.94100,31.82400,31.89400,29882.96,1771003499999,952597.0954900,5341,10645.80,339405.6271700,0
1771003500000,31.89500,31.92400,31.74500,31.82100,31890.79,1771003799999,1014491.5488900,5718,11859.79,377378.2051000,0
1771003800000,31.82200,31.94400,31.79900,31.85000,31498.90,1771004099999,1004124.7269100,5153,12890.64,411154.7929200,0
1771004100000,31.84900,31.87100,31.77000,31.87100,14184.67,1771004399999,451334.8548200,4030,7163.69,227947.1744800,0
1771004400000,31.87000,32.04900,31.84100,32.00500,33952.17,1771004699999,1085614.0475200,5921,19594.16,626349.1296800,0
1771004700000,32.00500,32.01000,31.81900,31.89000,30528.44,1771004999999,974593.3515700,5971,13966.79,445804.1715700,0
1771005000000,31.89100,31.97200,31.82100,31.89400,23757.79,1771005299999,757784.8709000,5553,10460.95,333724.2574100,0
1771005300000,31.89400,31.91200,31.81100,31.85200,26897.04,1771005599999,856979.6462100,4695,11806.56,376178.6971500,0
1771005600000,31.85300,31.89800,31.71700,31.80100,62207.36,1771005899999,1978005.6391100,8670,30657.76,975028.1314300,0
1771005900000,31.80100,31.84000,31.71800,31.80900,26495.03,1771006199999,841804.0669900,5261,14653.26,465551.5927500,0
1771006200000,31.80900,31.95400,31.80300,31.80300,42704.78,1771006499999,1361601.1286700,6613,19926.85,635499.4514800,0
1771006500000,31.80300,31.98400,31.79200,31.93600,46557.58,1771006799999,1485047.4840100,6324,22066.85,704062.2872900,0
1771006800000,31.93600,32.12200,31.78400,32.06500,111539.40,1771007099999,3561650.2570000,11679,52170.92,1667498.8356500,0
1771007100000,32.06800,32.10300,31.99200,32.00900,31926.65,1771007399999,1022874.0272300,6720,13105.26,419849.8763300,0
1771007400000,32.00800,32.06800,31.83700,31.87000,105624.90,1771007699999,3373557.5941400,11135,44690.60,1427477.4680500,0
1771007700000,31.87000,32.02500,31.84500,31.94200,47698.62,1771007999999,1524399.8530600,8215,23499.46,751026.9220700,0
1771008000000,31.94200,32.01900,31.86200,31.92600,37138.86,1771008299999,1185608.4762700,6832,17376.92,554763.3286500,0
1771008300000,31.92600,32.07800,31.90700,31.94300,40955.32,1771008599999,1310318.2979100,7497,19532.69,624958.6578200,0
1771008600000,31.94500,32.00300,31.87700,31.92100,22402.91,1771008899999,715413.5438400,5821,11485.26,366840.6899200,0
1771008900000,31.92200,31.98700,31.80400,31.94900,53167.56,1771009199999,1695268.4853800,7042,22916.71,730966.7361900,0
1771009200000,31.94800,31.96300,31.76000,31.78700,45237.39,1771009499999,1440491.1792000,7630,18582.23,591764.0989700,0
1771009500000,31.78700,31.90300,31.76700,31.86300,26545.83,1771009799999,845214.1879000,4652,15909.76,506514.7879100,0
1771009800000,31.86400,31.97800,31.76100,31.80100,38686.74,1771010099999,1231938.1304200,5844,17377.90,553713.0024600,0
1771010100000,31.80100,31.82600,31.73500,31.80900,19048.13,1771010399999,605187.1924500,4174,7194.18,228619.7445200,0
1771010400000,31.80900,31.89900,31.79500,31.83600,19120.41,1771010699999,608886.0106700,4006,12296.19,391566.1174800,0
1771010700000,31.83900,31.84400,31.59900,31.60600,55937.69,1771010999999,1773548.1555900,6511,21265.86,674120.7005300,0
1771011000000,31.60700,31.65600,31.46900,31.50600,56792.24,1771011299999,1792674.9853700,7587,18855.14,595320.1521500,0
1771011300000,31.50700,31.58800,31.50300,31.51600,30637.48,1771011599999,966231.7799900,4208,17216.83,542940.4027300,0
1771011600000,31.51700,31.55100,31.31200,31.33100,79819.64,1771011899999,2506252.1662300,8178,27407.88,860326.1897800,0
1771011900000,31.33300,31.46300,31.32400,31.45200,23838.98,1771012199999,748505.2771600,4645,13652.12,428670.0174200,0
1771012200000,31.45100,31.49400,31.41000,31.41400,16922.57,1771012499999,532282.9810800,3737,9566.65,300929.3375000,0
1771012500000,31.41400,31.47300,31.38500,31.39200,14145.99,1771012799999,444501.4675800,3220,5851.66,183887.0573000,0
1771012800000,31.39200,31.41000,31.30600,31.32900,34043.58,1771013099999,1067159.9692500,5584,14396.65,451317.5771400,0
1771013100000,31.32900,31.37900,31.26200,31.26200,17577.54,1771013399999,550536.6227000,4092,8661.87,271400.3984500,0
1771013400000,31.26300,31.31400,31.14400,31.17100,50476.69,1771013699999,1575019.9615100,6280,20265.22,632333.8647300,0
1771013700000,31.17200,31.18300,31.07200,31.16900,46015.19,1771013999999,1432774.6168500,5535,19801.98,616941.7691500,0
1771014000000,31.16800,31.23900,31.15100,31.19500,23270.51,1771014299999,725838.9728000,3705,14521.98,453045.7926000,0
1771014300000,31.19500,31.20300,31.06800,31.11900,18262.39,1771014599999,568451.4789600,3848,5909.72,183969.7331600,0
1771014600000,31.11700,31.21000,31.10900,31.15100,25031.05,1771014899999,780218.0866600,4514,14287.40,445307.0286300,0
1771014900000,31.15100,31.21100,31.07600,31.15400,21758.07,1771015199999,677688.6483700,4300,14126.84,440084.9856800,0
1771015200000,31.15200,31.19900,31.11100,31.12700,20275.61,1771015499999,631677.0591800,3632,9393.15,292647.9520100,0
1771015500000,31.12700,31.31000,31.10400,31.22800,121316.89,1771015799999,3787202.4539800,9966,79310.69,2476011.1656300,0
1771015800000,31.22600,31.24700,31.10800,31.14400,24854.20,1771016099999,774351.1356300,5538,12644.24,393960.6096900,0
1771016100000,31.14400,31.14400,31.00500,31.12100,68254.37,1771016399999,2120748.2296000,6606,31082.50,965651.2054700,0
1771016400000,31.12000,31.26500,31.11000,31.25700,53360.73,1771016699999,1665673.4060700,6347,33061.19,1032191.7888700,0
1771016700000,31.25700,31.38000,31.24600,31.31900,57475.25,1771016999999,1799692.9841200,4929,35824.78,1121811.0498800,0
1771017000000,31.31900,31.35400,31.29900,31.34800,17001.03,1771017299999,532528.5276800,3164,9629.23,301617.6333500,0
1771017300000,31.34900,31.39300,31.26900,31.29600,16846.07,1771017599999,527931.1090600,3721,9137.34,286369.2293500,0
1771017600000,31.29700,31.36800,31.25200,31.35300,28456.31,1771017899999,891008.0993500,4520,14869.08,465584.2281000,0
1771017900000,31.35400,31.37800,31.29300,31.30000,18096.25,1771018199999,567443.4199800,3561,6700.18,210098.5068200,0
1771018200000,31.30100,31.40900,31.24900,31.40900,19098.33,1771018499999,598256.3824300,4084,13670.70,428299.4691200,0
1771018500000,31.40900,31.42600,31.35500,31.41800,15576.69,1771018799999,489054.9604700,3049,9576.78,300660.6603400,0
1771018800000,31.41900,31.47500,31.40600,31.47500,23599.13,1771019099999,742001.8935400,3812,14506.18,456132.4097100,0
1771019100000,31.47600,31.51700,31.42800,31.51300,17424.85,1771019399999,548354.0903800,3651,13320.23,419205.4892200,0
1771019400000,31.51300,31.52000,31.44500,31.46600,21243.17,1771019699999,668788.0585800,4101,15937.75,501780.3391300,0
1771019700000,31.46500,31.54300,31.44200,31.48500,28661.04,1771019999999,902862.7068100,5097,17193.64,541678.2454600,0
1771020000000,31.48400,31.51800,31.43700,31.49600,18334.26,1771020299999,577043.7085200,3504,12786.08,402393.1442100,0
1771020300000,31.49200,31.57200,31.47900,31.54300,15547.15,1771020599999,490280.8273200,3114,9918.35,312764.5676600,0
1771020600000,31.54400,31.59900,31.45300,31.46000,18385.77,1771020899999,580064.4686100,3501,7526.42,237585.4838600,0
1771020900000,31.46100,31.57100,31.36700,31.36900,41318.94,1771021199999,1300716.8594500,5236,18677.97,588334.7178500,0
1771021200000,31.37000,31.57000,31.36800,31.53600,58069.22,1771021499999,1826871.0755100,4439,31304.51,984484.0121700,0
1771021500000,31.53600,31.59500,31.53600,31.54300,11365.11,1771021799999,358759.1550200,2273,6243.13,197060.3396400,0
1771021800000,31.54200,31.56000,31.41500,31.45800,10796.29,1771022099999,339959.9550800,2413,4363.23,137392.2573300,0
1771022100000,31.46000,31.47400,31.41000,31.41700,12604.84,1771022399999,396337.2396900,1710,4252.01,133646.3829700,0
1771022400000,31.41800,31.48800,31.41700,31.47700,6654.00,1771022699999,209253.8379100,1421,3908.36,122901.8549100,0
1771022700000,31.47700,31.53200,31.46000,31.50700,6832.77,1771022999999,215285.1508200,1714,4736.95,149240.4090300,0
1771023000000,31.50800,31.53600,31.50700,31.52800,3915.40,1771023299999,123410.8799200,914,2223.64,70087.7465000,0
1771023300000,31.52800,31.53300,31.42900,31.51700,24396.38,1771023599999,768005.6674500,2040,12942.38,407352.5212100,0
1771023600000,31.51600,31.62600,31.51100,31.58200,20022.46,1771023899999,632405.8138800,3122,12629.13,398921.7196500,0
1771023900000,31.58200,31.59600,31.52900,31.54800,15817.66,1771024199999,499314.2800200,3549,7154.74,225890.7784400,0
1771024200000,31.54700,31.57800,31.51100,31.56900,5869.29,1771024499999,185163.8280100,2196,2962.45,93472.5066200,0
1771024500000,31.57000,31.62000,31.53500,31.56400,10677.28,1771024799999,337218.0547700,2642,6031.78,190524.7899100,0
1771024800000,31.56300,31.72400,31.55800,31.65900,20935.50,1771025099999,662800.3452000,3569,15682.09,496472.2675400,0
1771025100000,31.65900,31.74800,31.65800,31.71500,11158.23,1771025399999,353819.1574300,2971,6231.19,197591.9996000,0
1771025400000,31.71400,31.75000,31.68400,31.73900,14004.43,1771025699999,444222.3267900,2576,8511.33,269999.3615700,0
1771025700000,31.73900,31.73900,31.58800,31.60900,23875.21,1771025999999,755189.7828800,4141,5368.66,169910.2182300,0
1771026000000,31.60900,31.64700,31.60000,31.62000,7664.27,1771026299999,242350.9338200,2492,3800.58,120172.4945900,0
1771026300000,31.62000,31.67400,31.60800,31.64900,11139.52,1771026599999,352542.7242900,2708,5444.95,172307.8891200,0
1771026600000,31.65000,31.65200,31.58200,31.60200,8985.72,1771026899999,284030.6583700,2686,3418.56,108055.0474600,0
1771026900000,31.60100,31.64200,31.56200,31.56300,6928.26,1771027199999,218956.5443300,2563,2483.74,78493.0922500,0
1771027200000,31.56400,31.61000,31.55000,31.60300,8694.71,1771027499999,274551.8450500,2783,4349.82,137347.7006600,0
1771027500000,31.60400,31.60400,31.50900,31.53300,13789.10,1771027799999,434881.2564800,2667,2995.13,94464.7330900,0
1771027800000,31.53400,31.54300,31.45800,31.51400,24763.37,1771028099999,779764.5078500,2853,8717.89,274447.6543300,0
1771028100000,31.51300,31.51900,31.46200,31.50800,13615.43,1771028399999,428816.2817300,2356,5912.01,186195.1406700,0
1771028400000,31.51200,31.53900,31.47000,31.52700,10249.10,1771028699999,322979.8604300,2551,6095.79,192103.4832400,0
1771028700000,31.52700,31.54700,31.51000,31.53900,7140.55,1771028999999,225150.2288300,1559,3911.84,123354.9303000,0
1771029000000,31.53900,31.72100,31.53800,31.70700,45334.46,1771029299999,1435180.0664100,4910,35307.57,1117779.8989200,0
1771029300000,31.70600,31.74900,31.66000,31.74500,18710.85,1771029599999,593308.0151700,2994,10270.78,325812.8317000,0
1771029600000,31.74400,31.79600,31.73600,31.79200,19644.86,1771029899999,624190.9084600,2701,13864.33,440492.9957200,0
1771029900000,31.79100,31.85600,31.78000,31.82600,37568.74,1771030199999,1195461.5158100,3789,27574.18,877412.6873800,0
1771030200000,31.82500,31.98400,31.81600,31.96500,43458.88,1771030499999,1386996.6441000,5105,30564.80,975696.4523300,0
1771030500000,31.96600,31.99400,31.90300,31.94000,54881.65,1771030799999,1753939.8760700,4908,40154.27,1283441.3566200,0
1771030800000,31.94000,31.94300,31.77500,31.82600,25527.71,1771031099999,813607.9199300,4748,7403.40,235937.6384300,0
1771031100000,31.82700,31.90100,31.81500,31.90100,9387.07,1771031399999,299064.4356500,3018,5026.66,160158.5613100,0
1771031400000,31.90200,31.96900,31.86800,31.96500,10072.57,1771031699999,321435.2996300,2795,5712.39,182318.1889900,0
1771031700000,31.96500,32.07400,31.93900,32.07000,33325.69,1771031999999,1066641.4398000,4261,24632.80,788556.4138800,0
1771032000000,32.07000,32.15700,32.01300,32.06000,52512.35,1771032299999,1685411.4380000,6383,31604.02,1014453.5122000,0
1771032300000,32.06000,32.08000,31.90500,32.07500,47339.16,1771032599999,1513618.7053400,5683,19647.61,628185.0836800,0
1771032600000,32.07600,32.09400,31.95000,32.01800,19819.20,1771032899999,634577.2912600,4222,8582.26,274806.4528900,0
1771032900000,32.01800,32.14200,32.01800,32.12600,17728.26,1771033199999,568487.8744400,3281,8537.07,273785.3531300,0
1771033200000,32.12600,32.21600,32.11000,32.19500,29522.20,1771033499999,949876.8443900,4040,18445.08,593492.7846900,0
1771033500000,32.19600,32.23600,32.07700,32.07700,31629.72,1771033799999,1017100.6791600,4784,11403.48,366704.4353900,0
1771033800000,32.07700,32.15500,32.07600,32.15500,13698.80,1771034099999,440064.0045700,2677,6893.18,221477.5801300,0
1771034100000,32.15500,32.15700,32.11000,32.13200,9372.47,1771034399999,301169.2547300,2074,4219.97,135611.4008600,0
1771034400000,32.13100,32.21400,32.09900,32.20400,21076.10,1771034699999,677754.4148100,3843,13750.21,442296.4402000,0
1771034700000,32.20400,32.23600,32.18200,32.22500,17616.01,1771034999999,567437.7992000,2604,11461.84,369194.2667000,0
1771035000000,32.22500,32.24900,32.07900,32.11700,43058.72,1771035299999,1383264.1179600,5631,19750.00,634372.5771400,0
1771035300000,32.11800,32.14400,31.98400,31.98400,21232.38,1771035599999,681119.4959700,4156,6195.46,198722.3299300,0
1771035600000,31.98400,32.02800,31.90700,31.95200,33121.44,1771035899999,1058811.2669200,4702,14918.65,477001.1288000,0
1771035900000,31.95300,31.96100,31.78400,31.79800,50965.76,1771036199999,1624155.5026400,6780,9661.84,307931.9257600,0
1771036200000,31.79900,31.81700,31.72000,31.79000,49493.47,1771036499999,1572001.2155400,8123,15235.80,483987.1442500,0
1771036500000,31.79000,31.83000,31.77500,31.81900,10691.28,1771036799999,339978.3224600,2684,6940.01,220688.2298300,0
1771036800000,31.82000,31.83300,31.76400,31.80400,10762.95,1771037099999,342265.0014300,2708,6827.47,217131.0605500,0
1771037100000,31.80300,31.80400,31.72800,31.73900,12769.00,1771037399999,405493.8297700,2972,3523.50,111907.0005100,0
1771037400000,31.73900,31.84600,31.70500,31.79200,26309.97,1771037699999,835684.9495300,3736,15152.02,481344.8077100,0
1771037700000,31.79200,31.83900,31.74500,31.75200,10696.13,1771037999999,340029.3542400,2272,6656.52,211610.5860300,0
1771038000000,31.75300,31.76800,31.69200,31.74400,15006.62,1771038299999,476143.0044400,2736,7582.77,240607.6269500,0
1771038300000,31.74300,31.80800,31.72600,31.76400,8766.48,1771038599999,278557.6216400,1958,6046.03,192120.9353900,0
1771038600000,31.76400,31.86000,31.76400,31.84300,10921.12,1771038899999,347631.6942000,1994,6795.82,216318.6118500,0
1771038900000,31.84300,31.89600,31.81200,31.87200,17443.41,1771039199999,555479.9189400,2529,12593.05,401046.2949200,0
1771039200000,31.87100,31.91400,31.83900,31.91200,12183.23,1771039499999,388386.4093800,1990,8337.22,265826.7759100,0
1771039500000,31.91200,31.92000,31.84900,31.85000,8611.93,1771039799999,274660.1132500,1859,4635.78,147843.9068800,0
1771039800000,31.85000,31.96100,31.84200,31.96100,24497.31,1771040099999,781603.2670600,3072,19401.70,619061.5207700,0
1771040100000,31.96000,32.06400,31.95300,32.05700,28564.58,1771040399999,914138.2917700,2999,15236.72,487609.6777700,0
1771040400000,32.05500,32.05500,31.97300,31.99700,13576.73,1771040699999,434566.8948400,2229,5827.88,186548.8313800,0
1771040700000,31.99800,31.99800,31.90200,31.90500,17662.62,1771040999999,564170.0042400,2692,5075.50,162105.3321800,0
1771041000000,31.90500,31.90500,31.82300,31.88300,38882.06,1771041299999,1239012.3141600,2856,20258.59,645387.7147700,0
1771041300000,31.88400,31.94800,31.88400,31.90100,11951.84,1771041599999,381583.5410600,2172,6100.56,194757.1299000,0
1771041600000,31.90000,31.91400,31.80000,31.87600,18388.96,1771041899999,585506.9281800,3746,5968.03,190084.2203900,0
1771041900000,31.87600,31.89900,31.84600,31.87100,6763.63,1771042199999,215577.3046000,1988,2863.19,91262.9290800,0
1771042200000,31.87100,31.87900,31.76000,31.77200,18243.65,1771042499999,579930.0813900,2050,7285.35,231556.0824600,0
1771042500000,31.77300,31.78500,31.50600,31.60300,137300.41,1771042799999,4341857.5281900,9563,47698.54,1507410.4879400,0
1771042800000,31.60400,31.61500,31.51000,31.59300,35773.53,1771043099999,1128783.6931400,5677,11106.75,350506.5613800,0
1771043100000,31.59300,31.72800,31.59300,31.68100,18772.28,1771043399999,594692.0807900,3174,13528.50,428509.2414300,0
1771043400000,31.68100,31.68100,31.56700,31.56700,19483.25,1771043699999,616066.9676400,3502,6082.92,192415.4487800,0
1771043700000,31.56700,31.56700,31.36000,31.43100,66137.86,1771043999999,2079735.2645500,5845,25929.13,815534.7991500,0
1771044000000,31.43200,31.44200,31.37900,31.42200,17866.58,1771044299999,561213.3774400,2862,6953.04,218461.9852500,0
1771044300000,31.42300,31.49400,31.38200,31.45900,16753.57,1771044599999,526789.8625600,2852,12122.33,381175.3209300,0
1771044600000,31.45900,31.51500,31.43700,31.46500,10445.67,1771044899999,328890.9904800,2028,4772.48,150262.8778700,0
1771044900000,31.46500,31.53000,31.46000,31.48000,16568.54,1771045199999,521965.4884300,2364,12186.98,383975.2576900,0
1771045200000,31.48100,31.49600,31.40000,31.40700,17941.26,1771045499999,564183.5000000,3375,9022.51,283780.6296600,0
1771045500000,31.40600,31.43200,31.35800,31.40200,20514.41,1771045799999,644083.1298000,3533,9422.87,295905.6290300,0
1771045800000,31.40200,31.47300,31.38500,31.43900,20081.62,1771046099999,631432.3344500,2643,11321.83,355955.0928600,0
1771046100000,31.43900,31.57400,31.43300,31.54100,23168.47,1771046399999,730407.6586000,3407,17258.52,544044.6460000,0
1771046400000,31.54000,31.62000,31.51100,31.59900,20056.62,1771046699999,633279.5767300,2894,9596.17,302952.1467000,0
1771046700000,31.59900,31.61400,31.55300,31.56000,9334.97,1771046999999,294875.5697500,2282,4911.94,155137.6033400,0
1771047000000,31.56000,31.62000,31.52600,31.58200,15295.66,1771047299999,483034.3375900,2951,6721.45,212310.3726200,0
1771047300000,31.58300,31.59600,31.46600,31.49900,28481.19,1771047599999,898083.0709600,4141,14503.00,457349.8914100,0
1771047600000,31.50000,31.54300,31.46800,31.49300,10166.06,1771047899999,320330.2508500,2209,5013.10,157964.7099100,0
1771047900000,31.49200,31.50800,31.43800,31.49800,13686.08,1771048199999,430735.5626300,2838,7299.02,229723.8055700,0
1771048200000,31.49900,31.50600,31.35400,31.37500,28414.08,1771048499999,892560.6490400,3337,6437.47,202199.4326600,0
1771048500000,31.37500,31.38200,31.28700,31.30800,41993.17,1771048799999,1315828.0701400,4327,16152.97,506236.5227700,0
1771048800000,31.30900,31.37000,31.29700,31.34200,18588.40,1771049099999,582145.8537900,3406,10831.63,339226.1710800,0
1771049100000,31.34300,31.40700,31.26000,31.27000,44296.63,1771049399999,1386964.1003900,5773,13586.57,425819.6423700,0
1771049400000,31.27100,31.40400,31.24000,31.37800,45448.39,1771049699999,1422832.4550100,7855,17934.79,561945.7766900,0
1771049700000,31.37900,31.41500,31.35100,31.38000,17135.71,1771049999999,537767.0409000,3560,6573.22,206301.9320700,0
1771050000000,31.38000,31.38000,31.27200,31.32400,19160.47,1771050299999,599948.5629800,3434,8423.70,263724.2315800,0
1771050300000,31.32400,31.36000,31.31100,31.36000,25472.82,1771050599999,798200.1191200,2921,17010.36,532940.6533400,0
1771050600000,31.36000,31.39000,31.28200,31.33000,44779.77,1771050899999,1402999.0024700,4052,26287.33,823402.6536400,0
1771050900000,31.33100,31.37400,31.29800,31.34300,16027.65,1771051199999,502278.0356700,2900,11182.02,350399.5241200,0
1771051200000,31.34200,31.38400,31.31300,31.35600,10201.59,1771051499999,319837.0543000,2079,7162.21,224570.1609000,0
1771051500000,31.35700,31.44500,31.34100,31.41700,16694.19,1771051799999,524261.9277800,2544,11804.06,370707.4562900,0
1771051800000,31.41700,31.58800,31.38800,31.52900,69029.00,1771052099999,2174239.9154900,6921,44313.65,1395777.9334700,0
1771052100000,31.52800,31.53000,31.49600,31.51100,18564.71,1771052399999,584956.7338800,2325,10143.21,319581.9035900,0
1771052400000,31.51000,31.60500,31.50300,31.58100,16886.87,1771052699999,532960.7490900,2974,10287.85,324718.2341600,0
1771052700000,31.58100,31.60800,31.55600,31.56700,9917.83,1771052999999,313219.7375300,1832,4765.17,150487.1447100,0
1771053000000,31.56800,31.68700,31.55300,31.67200,46419.34,1771053299999,1468557.8592600,4290,36256.15,1146931.6704200,0
1771053300000,31.67300,31.72600,31.64900,31.72500,23252.96,1771053599999,736954.3522200,2952,11928.90,378093.3930800,0
1771053600000,31.72500,31.72600,31.57300,31.61500,32172.81,1771053899999,1017557.2639400,4056,12263.76,387674.3250000,0
1771053900000,31.61500,31.70300,31.61500,31.67000,18994.75,1771054199999,601324.0730200,2587,8885.56,281220.7626100,0
1771054200000,31.67000,31.69000,31.60000,31.66300,14213.53,1771054499999,449828.0877900,2574,7262.99,229879.7629600,0
1771054500000,31.66400,31.73800,31.64900,31.67800,25984.17,1771054799999,823631.0933900,3139,16985.60,538555.0925000,0
1771054800000,31.67900,31.74200,31.67900,31.73000,14515.42,1771055099999,460267.9428700,2564,6199.10,196585.9978700,0
1771055100000,31.73100,31.75400,31.65900,31.70700,14867.34,1771055399999,471505.8752200,3096,7088.69,224848.8619900,0
1771055400000,31.70700,31.81800,31.69700,31.75300,45644.10,1771055699999,1449259.3167200,5064,27565.81,875227.2907400,0
1771055700000,31.74900,31.87200,31.70900,31.77500,57645.02,1771055999999,1833261.0633400,5604,40517.74,1288611.7979000,0
1771056000000,31.77500,31.93600,31.76400,31.87400,39320.71,1771056299999,1253414.1806100,5056,24033.23,766139.2419100,0
1771056300000,31.87400,31.94900,31.83800,31.86000,29923.45,1771056599999,954183.8586900,4485,14381.06,458645.2539700,0
1771056600000,31.86000,31.86200,31.78000,31.79700,14078.17,1771056899999,447823.5825600,3038,4604.20,146452.4873100,0
1771056900000,31.79800,31.83200,31.74700,31.75800,19628.55,1771057199999,624125.7772400,3143,10920.08,347292.2012100,0
1771057200000,31.75800,31.75800,31.68100,31.75400,32085.73,1771057499999,1017650.4015300,4549,11734.01,372176.0684400,0
1771057500000,31.75500,31.79700,31.68000,31.69200,17065.45,1771057799999,541751.1654900,3535,6606.83,209784.6077400,0
1771057800000,31.69300,31.69600,31.61500,31.62300,41262.98,1771058099999,1305840.3066400,4559,15622.54,494414.2278100,0
1771058100000,31.62200,31.69200,31.59900,31.60300,33792.25,1771058399999,1069223.6655100,4661,15472.02,489654.6568000,0
1771058400000,31.60300,31.60300,31.53000,31.59000,28256.00,1771058699999,891814.9086100,3841,16081.42,507557.6209000,0
1771058700000,31.59100,31.67500,31.58600,31.64200,23579.24,1771058999999,745776.2375300,4031,15617.40,493973.4805700,0
1771059000000,31.64100,31.67800,31.59800,31.66300,20398.41,1771059299999,645493.0886700,4006,13472.09,426368.6542800,0
1771059300000,31.66200,31.71700,31.63900,31.70400,23459.02,1771059599999,743217.0682500,3273,13697.81,433985.4081600,0
1771059600000,31.70300,31.75300,31.68500,31.73300,24977.45,1771059899999,792443.5869500,3515,7285.84,231185.5794100,0
1771059900000,31.73300,31.73300,31.65400,31.65900,18769.79,1771060199999,594673.3873100,2474,6871.98,217742.2174400,0
1771060200000,31.65800,31.67600,31.46900,31.52600,65928.18,1771060499999,2078805.3016700,4790,33114.05,1043946.8237100,0
1771060500000,31.52600,31.62100,31.50200,31.62100,18472.90,1771060799999,582508.0923200,2987,12815.21,404133.0199900,0
1771060800000,31.62100,31.62500,31.50800,31.50800,13480.78,1771061099999,425315.5301800,2781,7075.44,223244.6176300,0
1771061100000,31.50800,31.59100,31.50700,31.56600,28382.12,1771061399999,895671.7100000,2459,15192.52,479431.7244200,0
1771061400000,31.56500,31.58700,31.50300,31.52800,10487.97,1771061699999,330779.2784700,2230,3677.78,115966.1958600,0
1771061700000,31.52800,31.64400,31.52800,31.62400,11840.83,1771061999999,374268.8276100,2155,7906.03,249894.5296500,0
1771062000000,31.62300,31.64300,31.57200,31.62700,15927.72,1771062299999,503565.7152300,2363,7422.99,234688.4972500,0
1771062300000,31.62700,31.66100,31.61400,31.62900,15648.18,1771062599999,495093.8634100,2537,5195.67,164391.1581600,0
1771062600000,31.62800,31.66100,31.60600,31.64700,9226.23,1771062899999,291891.4936300,1691,6237.87,197396.7880700,0
1771062900000,31.64700,31.66700,31.59000,31.61600,18349.45,1771063199999,580460.9044400,2486,6189.56,195817.9820100,0
1771063200000,31.61600,31.62400,31.50000,31.54000,35826.03,1771063499999,1130455.7186600,3995,7840.74,247380.4816600,0
1771063500000,31.54100,31.60700,31.50300,31.60400,15377.40,1771063799999,484987.9392700,3085,7630.10,240725.0399200,0
1771063800000,31.60500,31.65500,31.58400,31.61800,10712.21,1771064099999,338797.7805800,2182,3983.40,125991.9856700,0
1771064100000,31.61700,31.65700,31.60100,31.63300,12000.63,1771064399999,379471.4303000,1655,4137.02,130830.7456900,0
1771064400000,31.63200,31.65400,31.58300,31.62200,7917.90,1771064699999,250297.3176400,1973,4023.08,127187.1101600,0
1771064700000,31.62300,31.65100,31.57400,31.64000,18661.85,1771064999999,590168.1407900,2669,9281.72,293566.7894700,0
1771065000000,31.64000,31.72800,31.63800,31.72200,14073.76,1771065299999,445783.3873300,2711,8394.81,265944.7194300,0
1771065300000,31.72200,31.84600,31.71700,31.79900,33897.21,1771065599999,1077447.3794200,4514,16622.18,528344.6511900,0
1771065600000,31.79900,31.80500,31.69300,31.74500,39307.31,1771065899999,1248043.4774600,4334,17008.87,540067.3672300,0
1771065900000,31.74500,31.88300,31.72800,31.87500,29325.52,1771066199999,933270.7465900,4454,18737.37,596230.0538500,0
1771066200000,31.87500,31.92400,31.81500,31.82500,19743.45,1771066499999,629476.1950500,3207,8120.14,259003.2414900,0
1771066500000,31.82600,31.83900,31.75400,31.79300,11692.31,1771066799999,371842.9846500,2593,4662.56,148267.1743700,0
1771066800000,31.79300,31.86100,31.78100,31.85300,8956.60,1771067099999,284950.5172700,2502,5842.38,185872.9715200,0
1771067100000,31.85300,31.90600,31.82000,31.89200,18854.87,1771067399999,600846.0837100,3199,8549.12,272425.5155700,0
1771067400000,31.88600,32.06000,31.88600,32.02200,60295.26,1771067699999,1928745.2020100,7784,38293.24,1225191.5433100,0
1771067700000,32.02200,32.07400,31.95900,32.00700,28935.70,1771067999999,926486.8044900,5311,13152.78,421282.5800200,0
1771068000000,32.00600,32.23400,32.00200,32.17100,87870.25,1771068299999,2825441.4607000,9894,52741.10,1696035.4216800,0
1771068300000,32.17100,32.19100,32.10500,32.17000,26803.16,1771068599999,861760.1077800,5090,12372.91,397831.3773400,0
1771068600000,32.16800,32.29500,32.15400,32.26500,39636.69,1771068899999,1277824.9645100,6188,20815.33,671064.1670600,0
1771068900000,32.26600,32.27800,32.00300,32.03500,79891.62,1771069199999,2564669.8148300,8215,22506.89,722428.2160000,0
1771069200000,32.03600,32.10200,31.94900,32.00500,42156.22,1771069499999,1349806.7091500,5862,15085.04,483222.3396600,0
1771069500000,32.00500,32.03000,31.93300,31.98200,28414.07,1771069799999,908553.3070400,4955,16314.21,521659.6952300,0
1771069800000,31.98200,32.22500,31.88000,32.13600,106001.21,1771070099999,3399614.3817300,8414,77952.81,2501647.2069700,0
1771070100000,32.13600,32.13900,32.07000,32.09500,43338.85,1771070399999,1391636.5007600,4928,25667.61,824253.6625900,0
1771070400000,32.09400,32.20900,32.06900,32.15000,39092.22,1771070699999,1256633.3953100,6687,23299.89,749013.8303000,0
1771070700000,32.15100,32.15100,31.97200,32.06300,63709.02,1771070999999,2041698.6930400,6861,24161.59,774241.2822500,0
1771071000000,32.06300,32.07100,31.98500,32.02700,24869.75,1771071299999,796565.3204000,3971,7949.34,254588.1612800,0
1771071300000,32.02600,32.02800,31.70200,31.71800,88831.01,1771071599999,2829306.0075100,9556,24410.33,778081.5830400,0
1771071600000,31.71800,31.86100,31.70600,31.72400,64826.23,1771071899999,2058729.5250900,6598,41947.75,1331822.7412700,0
1771071900000,31.72400,31.73500,31.65000,31.71800,48948.06,1771072199999,1551228.5422700,5694,18982.08,601670.8289900,0
1771072200000,31.71900,31.75200,31.65600,31.70100,24837.62,1771072499999,787421.4107400,4360,16152.47,512096.0656800,0
1771072500000,31.70100,31.71800,31.57200,31.59300,50631.35,1771072799999,1600918.5657100,6847,22729.26,718866.6309000,0
1771072800000,31.59400,31.66200,31.55500,31.60600,40891.81,1771073099999,1292391.0871600,5775,22526.46,712033.6792600,0
1771073100000,31.60600,31.60600,31.48500,31.51900,43256.55,1771073399999,1363765.2742200,5319,17469.76,550872.5282000,0
1771073400000,31.51900,31.52200,31.41900,31.43900,54624.83,1771073699999,1718662.6298100,6658,16603.99,522433.7624100,0
1771073700000,31.43900,31.51200,31.36000,31.39400,52131.61,1771073999999,1638817.0748000,5727,21130.92,664462.8169900,0
1771074000000,31.39400,31.46900,31.15000,31.25000,72107.22,1771074299999,2256446.7453400,9230,24930.68,780368.0447000,0
1771074300000,31.24900,31.42100,31.22900,31.39600,37648.64,1771074599999,1180304.3290200,6097,22197.76,695913.0798600,0
1771074600000,31.39600,31.42300,31.33800,31.37000,21866.11,1771074899999,686109.5103600,3603,13044.00,409325.4997500,0
1771074900000,31.37000,31.39300,31.18000,31.21900,42125.65,1771075199999,1316708.7764700,6219,16912.54,528607.5599300,0
1771075200000,31.21900,31.26600,30.95900,31.15300,124615.61,1771075499999,3875169.0425200,10635,38678.23,1202954.6022000,0
1771075500000,31.15300,31.17600,31.03300,31.05300,40122.61,1771075799999,1248481.6818700,5207,14208.65,442071.6657000,0
1771075800000,31.05300,31.16700,31.04200,31.12600,60159.94,1771076099999,1871281.5798400,6082,43339.28,1348113.0509900,0
1771076100000,31.12600,31.17100,31.02700,31.03100,42393.51,1771076399999,1319061.0012800,5155,20506.07,638326.5826300,0
1771076400000,31.03000,31.07200,30.96900,31.06600,42308.37,1771076699999,1312405.1492400,6754,15247.17,473073.3715900,0
1771076700000,31.06500,31.22000,31.02500,31.17400,49049.65,1771076999999,1527448.6596900,7331,30443.60,948613.6371800,0
1771077000000,31.17300,31.22100,31.08100,31.09700,41104.66,1771077299999,1280633.2320400,6754,16541.94,515534.2339700,0
1771077300000,31.09600,31.09700,30.98800,31.03800,48257.81,1771077599999,1497475.1154800,7534,12863.89,399203.1923100,0
1771077600000,31.03600,31.15200,31.02500,31.09200,35065.40,1771077899999,1090548.9184500,6461,18721.03,582253.7885500,0
1771077900000,31.09300,31.14000,31.03100,31.14000,34058.35,1771078199999,1058195.7859200,5425,18372.84,570950.0096500,0
1771078200000,31.13800,31.16300,31.09600,31.15600,19135.23,1771078499999,595843.1991000,3554,13159.29,409786.0385300,0
1771078500000,31.15600,31.27200,31.10600,31.23000,67773.32,1771078799999,2114720.7753600,7308,41451.40,1293515.6147800,0
1771078800000,31.23000,31.30400,31.15200,31.15200,46802.02,1771079099999,1462288.3947300,5631,23847.08,745250.7548200,0
1771079100000,31.15200,31.17000,31.04200,31.16400,46671.55,1771079399999,1452034.6951100,6665,19906.41,619370.9532000,0
1771079400000,31.16400,31.32100,31.16000,31.27600,31641.45,1771079699999,989368.1572800,4999,23422.79,732374.7504300,0
1771079700000,31.27600,31.35000,31.25300,31.33800,14665.82,1771079999999,459188.0388500,2859,7854.58,245905.8637400,0
1771080000000,31.33800,31.37100,31.31200,31.36100,16990.09,1771080299999,532504.3810000,3235,8226.96,257840.7575400,0
1771080300000,31.36000,31.45000,31.32600,31.35700,37270.64,1771080599999,1170230.5247700,4809,19949.79,626423.3661900,0
1771080600000,31.35700,31.47300,31.35500,31.46100,18839.61,1771080899999,592210.7527000,3741,9062.23,284820.8260400,0
1771080900000,31.46100,31.48600,31.31200,31.36200,35845.12,1771081199999,1125512.7686700,5459,11069.98,347673.9834600,0
1771081200000,31.36200,31.51800,31.34200,31.51300,32884.32,1771081499999,1034423.3464000,4659,23373.83,735259.5098200,0
1771081500000,31.51300,31.52000,31.42100,31.44600,36360.66,1771081799999,1144350.3824400,5070,18622.93,586202.9149900,0
1771081800000,31.44600,31.45800,31.36600,31.36700,13031.60,1771082099999,409116.9325000,3036,4556.69,143068.6127200,0
1771082100000,31.37000,31.41400,31.27200,31.40400,35520.35,1771082399999,1113041.0197200,5291,16077.24,504037.4335900,0
1771082400000,31.40400,31.43900,31.34100,31.37800,11653.22,1771082699999,365763.7968900,2639,5380.88,168910.5747900,0
1771082700000,31.38000,31.41300,31.32000,31.39500,18227.24,1771082999999,571761.2191600,3393,12289.44,385549.7224300,0
1771083000000,31.39600,31.50700,31.38800,31.50700,14502.67,1771083299999,456004.3881600,3012,9889.73,310985.9270100,0
1771083300000,31.50600,31.51800,31.35000,31.40100,34262.94,1771083599999,1076957.8403100,4483,14521.85,456708.4873200,0
1771083600000,31.40200,31.46700,31.34600,31.44600,12337.55,1771083899999,387550.2767200,2704,7559.71,237500.1717000,0
1771083900000,31.44700,31.49100,31.42200,31.45300,12622.27,1771084199999,397043.9798700,2418,7364.59,231660.6312600,0
1771084200000,31.45300,31.52500,31.42000,31.45300,15503.55,1771084499999,487881.5006400,2858,8105.38,255120.4211600,0
1771084500000,31.45700,31.52200,31.43500,31.45200,11901.94,1771084799999,374593.5983900,2758,5604.84,176404.9828900,0
1771084800000,31.45300,31.47500,31.36800,31.40100,26455.32,1771085099999,831042.9022600,4303,6248.12,196359.9471700,0
1771085100000,31.40100,31.45500,31.18400,31.20500,86507.59,1771085399999,2708328.0731900,8161,30166.60,944612.7548300,0
1771085400000,31.20600,31.20800,31.13600,31.16700,40156.09,1771085699999,1251554.2789900,3763,12348.54,384858.5104600,0
1771085700000,31.16600,31.24400,31.05400,31.08900,65784.32,1771085999999,2048609.8030300,6264,21722.49,676569.9538000,0
1771086000000,31.08900,31.14300,31.06700,31.11000,22790.50,1771086299999,708952.3838300,4263,14068.48,437677.1596200,0
1771086300000,31.11100,31.16500,31.09300,31.11400,22351.69,1771086599999,695760.2347700,2953,15078.21,469376.8754300,0
1771086600000,31.11400,31.15700,31.00300,31.15200,47358.10,1771086899999,1471893.3415800,5481,19626.55,610160.4634000,0
1771086900000,31.15200,31.20100,31.11500,31.16200,20914.96,1771087199999,651691.9182700,3541,10274.42,320181.0270800,0
1771087200000,31.16200,31.23300,31.09400,31.22200,19404.31,1771087499999,604744.7068900,3666,10938.43,340969.2943300,0
1771087500000,31.22200,31.26900,31.19300,31.25400,23317.50,1771087799999,728160.1736200,3430,14380.37,449078.3950900,0
1771087800000,31.25400,31.29400,31.20700,31.27100,13152.60,1771088099999,411059.7419500,3194,5872.29,183542.0029100,0
1771088100000,31.27200,31.31400,31.25300,31.30400,18890.72,1771088399999,591090.4958000,2818,10289.16,321973.9907300,0
1771088400000,31.30400,31.37400,31.27100,31.31600,23496.48,1771088699999,736321.6947400,4311,13747.52,430813.0784700,0
1771088700000,31.31700,31.34300,31.27200,31.33200,10527.54,1771088999999,329625.4861300,3019,4304.78,134781.3854500,0
1771089000000,31.33300,31.42100,31.31900,31.41500,14792.52,1771089299999,464149.1078700,3335,7809.11,245050.2924200,0
1771089300000,31.41400,31.48000,31.36100,31.46300,18463.59,1771089599999,580361.8681200,3465,12037.07,378454.5011500,0
1771089600000,31.46400,31.52900,31.45300,31.47200,23412.41,1771089899999,737212.4062500,3889,8303.72,261513.1141600,0
1771089900000,31.47300,31.47300,31.36900,31.40700,30067.51,1771090199999,944819.5863100,4035,9489.64,298430.9660300,0
1771090200000,31.40900,31.42900,31.32200,31.33400,29957.00,1771090499999,939480.6743700,4894,8806.48,276249.5271800,0
1771090500000,31.33400,31.34900,31.02300,31.15000,117885.64,1771090799999,3671320.1917000,10701,35834.21,1115758.6379000,0
1771090800000,31.15000,31.16700,31.07400,31.11000,30073.49,1771091099999,935772.4477800,3468,12523.85,389637.0067100,0
1771091100000,31.10900,31.13100,30.70300,30.79800,127595.89,1771091399999,3939836.8080200,13147,42992.26,1327105.2332300,0
1771091400000,30.79800,30.86200,30.75600,30.82700,57881.48,1771091699999,1783213.7593300,6693,31188.90,960959.3110500,0
1771091700000,30.82700,30.88400,30.77100,30.87200,22620.43,1771091999999,697394.5544500,3937,13869.17,427607.0802300,0
1771092000000,30.87200,30.87600,30.71700,30.79300,39139.06,1771092299999,1205581.5223100,6553,17374.17,535116.0549900,0
1771092300000,30.79300,30.87600,30.74100,30.83700,24027.74,1771092599999,740708.9124100,4795,13082.37,403369.3176400,0
1771092600000,30.83700,30.92000,30.83000,30.85900,31433.99,1771092899999,970665.8146300,4783,18681.43,576831.4498400,0
1771092900000,30.85900,30.90500,30.77400,30.89000,28507.28,1771093199999,879414.6315700,5032,15079.03,465207.1800600,0
1771093200000,30.89000,30.95000,30.88600,30.91700,15231.90,1771093499999,470937.0370000,4162,8126.68,251271.9327800,0
1771093500000,30.91600,31.04700,30.86300,30.99300,35786.79,1771093799999,1108431.6279700,5797,19747.90,611729.8197500,0
1771093800000,30.99200,31.06800,30.94900,31.05300,23338.97,1771094099999,723925.0313200,5194,14260.33,442425.4559500,0
1771094100000,31.05200,31.08200,31.01500,31.03900,29822.89,1771094399999,925931.0893900,4175,16515.18,512771.0975100,0
1771094400000,31.03800,31.07500,30.97600,31.01100,21990.68,1771094699999,681962.0563000,4616,11535.40,357717.4330500,0
1771094700000,31.01100,31.07000,31.00300,31.03600,16839.66,1771094999999,522550.2885800,3479,9876.53,306475.7131100,0
1771095000000,31.03700,31.07000,30.97900,30.97900,18767.40,1771095299999,582080.9659700,3260,6165.40,191240.8738900,0
1771095300000,30.98000,31.05900,30.96400,31.01900,15006.09,1771095599999,465357.0644900,2986,10113.15,313660.9690000,0
1771095600000,31.01800,31.08200,30.92500,31.07800,27338.22,1771095899999,847374.7735400,4216,10892.38,337872.9501200,0
1771095900000,31.07800,31.12300,31.05200,31.07700,17768.89,1771096199999,552519.1535000,3148,9233.70,287115.6592700,0
1771096200000,31.07700,31.12100,31.05800,31.10800,9730.59,1771096499999,302596.4326900,2414,3379.22,105089.7325800,0
1771096500000,31.10900,31.11400,30.98400,31.02700,14260.18,1771096799999,442522.5879500,3852,4621.15,143374.1872500,0
1771096800000,31.02800,31.10700,31.01400,31.10600,9735.64,1771097099999,302408.0027200,2551,4517.76,140355.2941700,0
1771097100000,31.10600,31.13300,31.04800,31.11700,11205.36,1771097399999,348616.6939900,2647,5417.43,168531.1209500,0
1771097400000,31.11800,31.29000,31.09900,31.28700,38250.16,1771097699999,1193750.1735500,5413,22348.12,697502.1712000,0
1771097700000,31.28700,31.34100,31.25000,31.34000,26119.58,1771097999999,817702.9110000,3621,11331.27,354791.4828300,0
1771098000000,31.34000,31.37800,31.32500,31.35400,20973.74,1771098299999,657632.0944600,2758,6692.79,209832.7950100,0
1771098300000,31.35400,31.37300,31.31900,31.35500,14479.97,1771098599999,453979.8500300,2994,6977.63,218774.4990900,0
1771098600000,31.35500,31.49400,31.34100,31.38600,61715.77,1771098899999,1940604.3684600,5634,38457.31,1209263.0297900,0
1771098900000,31.38700,31.47800,31.35700,31.45800,21593.60,1771099199999,678577.7562700,3300,11120.75,349502.6917800,0
1771099200000,31.45800,31.56000,31.38700,31.53800,67381.98,1771099499999,2121313.5294100,6888,39527.67,1244828.9479200,0
1771099500000,31.53800,31.57200,31.35800,31.39800,73615.92,1771099799999,2318528.3731300,6421,19296.83,607865.5883600,0
1771099800000,31.39800,31.47100,31.34800,31.42400,44349.98,1771100099999,1393061.9643400,4868,18518.79,581736.7900400,0
1771100100000,31.42400,31.51900,31.42000,31.49300,16087.19,1771100399999,506439.5495100,3532,8385.59,263967.7723900,0
1771100400000,31.49300,31.73300,31.44200,31.72400,67666.26,1771100699999,2140368.7722700,7557,37463.07,1185114.2734100,0
1771100700000,31.72400,31.73600,31.53900,31.60000,45997.75,1771100999999,1454139.5268400,6276,17054.44,539264.9339200,0
1771101000000,31.60000,31.69200,31.57800,31.69200,21593.13,1771101299999,683168.9608700,4289,11837.53,374550.9969000,0
1771101300000,31.69100,31.75500,31.66000,31.71200,28492.95,1771101599999,903642.2908700,4689,10543.22,334308.4764800,0
1771101600000,31.71300,31.73100,31.65900,31.68300,22917.82,1771101899999,726397.1565400,3461,7217.86,228759.4743100,0
1771101900000,31.68300,31.77600,31.65200,31.77100,18199.70,1771102199999,577634.9700700,3473,7456.29,236644.3813500,0
1771102200000,31.77100,31.80700,31.74000,31.75300,20024.01,1771102499999,636366.4096400,3411,9213.66,292803.9521400,0
1771102500000,31.75300,31.77300,31.69800,31.76700,17256.92,1771102799999,547626.6600200,3274,7626.87,242032.8908600,0
1771102800000,31.76800,31.88200,31.73700,31.83500,41705.70,1771103099999,1327274.3716100,5112,24813.31,789641.9692900,0
1771103100000,31.83400,31.86100,31.74800,31.80600,49591.14,1771103399999,1576863.5610800,5648,24663.02,784062.9733900,0
1771103400000,31.80700,31.84300,31.75500,31.78000,19425.41,1771103699999,617524.9575600,3388,6000.32,190760.7250900,0
1771103700000,31.78000,31.78600,31.62700,31.68300,47708.52,1771103999999,1512334.7939200,5402,9190.26,291391.1413800,0
1771104000000,31.68500,31.72100,31.62000,31.63400,32587.69,1771104299999,1031744.6471500,4669,12707.89,402408.1550800,0
1771104300000,31.63400,31.67400,31.60100,31.62000,13701.71,1771104599999,433352.3690400,2898,4346.55,137498.9729800,0
1771104600000,31.62000,31.67100,31.50000,31.52700,23742.15,1771104899999,749809.2670100,4506,5972.45,188674.4207500,0
1771104900000,31.52600,31.56400,31.40900,31.45400,27931.17,1771105199999,879334.9947300,4687,8524.21,268448.7860400,0
1771105200000,31.45500,31.65800,31.45300,31.63600,43032.93,1771105499999,1359124.5248500,4724,31621.41,998665.0502300,0
1771105500000,31.63600,31.69700,31.63600,31.64800,12801.34,1771105799999,405356.3621200,2729,6033.45,191056.7438300,0
1771105800000,31.64800,31.66000,31.58900,31.61300,9656.04,1771106099999,305343.9267900,2173,2413.27,76293.3176000,0
1771106100000,31.61300,31.67300,31.56800,31.60600,27712.91,1771106399999,876373.7722400,3667,11268.20,356276.8576800,0
1771106400000,31.60400,31.64700,31.52500,31.56000,33922.00,1771106699999,1071618.8653100,4184,12462.06,393642.3126200,0
1771106700000,31.55900,31.56900,31.48100,31.52100,20203.55,1771106999999,636953.4335500,3382,12194.23,384488.2442600,0
1771107000000,31.52000,31.65900,31.52000,31.63400,9434.82,1771107299999,298122.2285500,1960,6507.31,205606.5423800,0
1771107300000,31.63400,31.70200,31.59400,31.70200,10966.67,1771107599999,347025.0168200,2124,5564.92,176131.4714500,0
1771107600000,31.70200,31.74400,31.60000,31.64200,12247.81,1771107899999,387889.2139700,2441,5045.14,159841.9018800,0
1771107900000,31.64400,31.65100,31.55700,31.59300,11417.30,1771108199999,360713.0607400,2295,4369.15,138012.5169700,0
1771108200000,31.59300,31.61600,31.54700,31.54700,8366.89,1771108499999,264275.1988500,2187,3379.86,106778.7733800,0
1771108500000,31.54800,31.66100,31.53000,31.66100,14607.37,1771108799999,461529.5647700,2307,5371.69,169802.4717100,0
1771108800000,31.66200,31.74100,31.66200,31.68700,14915.43,1771109099999,472865.7391500,2081,5547.30,175858.4653500,0
1771109100000,31.68700,31.73200,31.65200,31.65200,9941.09,1771109399999,315037.3378400,1534,4820.81,152777.7872700,0
1771109400000,31.65200,31.69000,31.62100,31.63400,13533.68,1771109699999,428303.0615000,2470,8255.40,261233.2910900,0
1771109700000,31.63300,31.68200,31.59400,31.59700,6902.53,1771109999999,218414.0909900,1643,4369.77,138293.5583900,0
1771110000000,31.59700,31.66000,31.53200,31.56900,17478.84,1771110299999,552005.3548600,3406,6907.94,218207.7420300,0
1771110300000,31.57000,31.71300,31.56900,31.68900,10677.18,1771110599999,337893.1992300,3195,6380.17,201903.3555900,0
1771110600000,31.69100,31.79000,31.69100,31.79000,17527.36,1771110899999,556441.0828500,3834,8948.93,284086.0880100,0
1771110900000,31.79000,31.79500,31.68000,31.69900,8390.04,1771111199999,266399.3306800,3109,3478.31,110442.9792000,0
1771111200000,31.70000,31.71000,31.58400,31.60200,17227.38,1771111499999,545119.5382400,2641,4987.97,157805.5364000,0
1771111500000,31.60100,31.61500,31.56500,31.59500,18972.65,1771111799999,599284.7592100,2647,9236.36,291743.8118200,0
1771111800000,31.59400,31.64000,31.51900,31.64000,24318.24,1771112099999,768143.5589100,4479,13876.36,438472.8130400,0
1771112100000,31.64000,31.76300,31.60300,31.73000,28794.87,1771112399999,912677.3585700,3830,16184.45,512894.2505500,0
1771112400000,31.73000,31.82800,31.72500,31.79300,16176.53,1771112699999,514256.4822800,3252,8932.37,283959.1869900,0
1771112700000,31.79200,31.95200,31.78300,31.87800,70192.91,1771112999999,2237808.0076300,6988,41143.33,1311438.2034500,0
1771113000000,31.88000,31.92400,31.87300,31.91700,19308.69,1771113299999,616018.4365400,2624,9119.14,290928.3385900,0
1771113300000,31.91700,31.91800,31.74300,31.83500,67048.00,1771113599999,2134168.2468400,6498,27051.97,860996.5459500,0
1771113600000,31.83200,31.86300,31.76300,31.80000,26522.62,1771113899999,843717.1130600,4431,8949.99,284785.1612900,0
1771113900000,31.80100,31.85800,31.74100,31.78100,24940.21,1771114199999,792752.5636800,3823,11491.77,365377.5604900,0
1771114200000,31.78200,31.83900,31.70800,31.72200,28981.06,1771114499999,920383.4202900,3762,11371.20,361190.7133900,0
1771114500000,31.72300,31.86100,31.71900,31.85900,19828.68,1771114799999,630250.8467900,4036,10092.09,320831.9472400,0
1771114800000,31.85900,31.88100,31.68300,31.71400,43889.41,1771115099999,1395335.7552400,5248,13409.94,426401.6942100,0
1771115100000,31.71300,31.75200,31.66000,31.73900,31411.49,1771115399999,995596.8420400,3662,17154.40,543793.7452200,0
1771115400000,31.74000,31.88400,31.69100,31.86500,26595.98,1771115699999,846139.3629500,4040,12305.82,391397.1184400,0
1771115700000,31.86400,31.92000,31.82300,31.88200,34714.66,1771115999999,1106604.1166900,4593,23814.25,759210.9123500,0
1771116000000,31.88100,31.92500,31.85800,31.87900,16734.32,1771116299999,533768.0870500,3414,7951.26,253654.1453200,0
1771116300000,31.87800,31.95400,31.83100,31.93400,32700.27,1771116599999,1043576.7582600,3888,19562.32,624483.2634700,0
1771116600000,31.93500,31.94100,31.85800,31.86400,9334.97,1771116899999,297748.1073000,2658,3879.31,123748.3982200,0
1771116900000,31.86300,31.95400,31.86300,31.91400,16300.29,1771117199999,520194.6354300,2689,10155.86,324049.7760500,0
1771117200000,31.91400,31.99100,31.89100,31.96800,37308.73,1771117499999,1192536.3499000,4794,23713.32,758060.2744600,0
1771117500000,31.96900,32.00000,31.96200,31.99300,14262.93,1771117799999,456189.0354300,2273,6837.34,218711.1684300,0
1771117800000,31.99300,32.00500,31.95700,31.99900,25081.36,1771118099999,802379.9837900,2972,11318.56,362083.7687200,0
1771118100000,31.99700,31.99700,31.84200,31.84900,18901.53,1771118399999,603271.3159800,3842,7484.82,238990.2016600,0
1771118400000,31.85000,31.85700,31.59200,31.61900,77263.83,1771118699999,2447842.5949800,7704,19148.01,606953.6495300,0
1771118700000,31.62100,31.64400,31.47300,31.54400,63943.31,1771118999999,2017362.4190900,6852,23654.17,746423.6824100,0
1771119000000,31.54400,31.59600,31.44100,31.44200,29917.85,1771119299999,942612.3442800,5264,13571.04,427774.7835300,0
1771119300000,31.44200,31.45600,31.25300,31.26900,112792.96,1771119599999,3534253.8623200,11118,38052.23,1192018.3170900,0
1771119600000,31.27200,31.36800,31.17000,31.25000,70536.57,1771119899999,2204756.6079900,9465,27692.46,865955.7542600,0
1771119900000,31.25100,31.33000,31.17200,31.29000,52315.64,1771120199999,1634917.9116400,7795,27375.22,855977.3186400,0
1771120200000,31.28800,31.46000,31.28600,31.39100,35238.39,1771120499999,1106639.3932700,5923,22962.57,721157.0202200,0
1771120500000,31.39000,31.45500,31.38000,31.41300,13410.10,1771120799999,421180.9300300,2641,5505.73,172951.5710500,0
1771120800000,31.41300,31.47100,31.37100,31.42300,17903.40,1771121099999,562420.3191500,3932,7535.71,236746.3889800,0
1771121100000,31.42400,31.53100,31.35400,31.36800,33885.86,1771121399999,1065692.8866000,5379,12624.35,397103.6683500,0
1771121400000,31.36800,31.40100,31.25900,31.39300,28438.62,1771121699999,890686.8335600,5387,18811.40,589266.1927700,0
1771121700000,31.39300,31.42800,31.30700,31.30700,16276.87,1771121999999,510813.1660100,3464,7963.37,249992.2101700,0
1771122000000,31.30700,31.34000,31.18800,31.24400,26764.81,1771122299999,836076.2080500,4478,8413.80,262806.3155300,0
1771122300000,31.24500,31.34400,31.22100,31.30100,13570.21,1771122599999,424916.2643200,2692,9931.44,310966.7942300,0
1771122600000,31.30100,31.33800,31.21500,31.24900,15350.76,1771122899999,480147.1516300,3787,7891.61,246868.8589600,0
1771122900000,31.24900,31.40400,31.18100,31.40100,27035.55,1771123199999,845865.0084000,4665,19726.94,617501.9670100,0
1771123200000,31.40000,31.46600,31.37700,31.39400,15068.60,1771123499999,473479.5147400,3517,7743.25,243361.5037600,0
1771123500000,31.39400,31.47700,31.39200,31.45600,12095.43,1771123799999,380324.6015300,2837,6247.40,196420.3438700,0
1771123800000,31.45500,31.50800,31.42700,31.47400,17857.67,1771124099999,562255.7152800,2542,12251.08,385766.5761100,0
1771124100000,31.47400,31.53200,31.47000,31.48200,8928.13,1771124399999,281292.5522300,2537,4342.33,136808.2635700,0
1771124400000,31.48200,31.52900,31.47200,31.52200,8167.49,1771124699999,257370.0499200,2749,4065.09,128092.0509700,0
1771124700000,31.52200,31.61200,31.51800,31.60900,18603.63,1771124999999,587337.6227000,3021,12194.32,384987.2893700,0
1771125000000,31.60900,31.62400,31.53600,31.54300,10226.21,1771125299999,323050.5968300,2483,3795.56,119925.9055200,0
1771125300000,31.54400,31.63000,31.54400,31.61900,10631.83,1771125599999,335940.8445000,2247,5798.55,183197.4376200,0
1771125600000,31.61800,31.62900,31.56300,31.58500,5781.34,1771125899999,182723.8109700,1955,1974.46,62408.4642100,0
1771125900000,31.58400,31.59600,31.43700,31.46700,18558.03,1771126199999,584679.0328200,3579,7603.90,239644.0821200,0
1771126200000,31.46600,31.54000,31.38000,31.38400,26518.55,1771126499999,834212.0415300,4289,12557.91,395174.2657500,0
1771126500000,31.38500,31.39000,31.23300,31.24400,37939.03,1771126799999,1187456.1122100,6833,19271.04,603044.1808700,0
1771126800000,31.24500,31.26700,31.13500,31.17000,42400.23,1771127099999,1322696.6810700,5720,13488.39,420741.6151900,0
1771127100000,31.17100,31.40200,31.17000,31.34800,36034.90,1771127399999,1127403.1758400,7367,23547.42,736717.3517400,0
1771127400000,31.34700,31.40600,31.23800,31.39800,44145.98,1771127699999,1381807.2122900,4718,25223.59,789507.1663700,0
1771127700000,31.40200,31.46800,31.38300,31.42100,27793.98,1771127999999,873949.9405400,3686,12073.95,379568.6393400,0
1771128000000,31.42100,31.61000,31.40500,31.56800,42303.10,1771128299999,1333740.9600100,5878,19772.51,623162.4764200,0
1771128300000,31.56800,31.64500,31.45400,31.54400,91243.70,1771128599999,2879810.4193000,8299,29691.20,936866.0573000,0
1771128600000,31.54300,31.67700,31.48200,31.65300,96995.57,1771128899999,3063223.8391700,9778,58129.14,1836305.2718000,0
1771128900000,31.65300,31.73000,31.56000,31.58900,73570.33,1771129199999,2327550.1626500,7528,34115.11,1079810.9103800,0
1771129200000,31.58900,31.61700,31.49000,31.49100,34919.09,1771129499999,1102677.7654300,4621,21936.04,692973.1899100,0
1771129500000,31.49100,31.57800,31.44400,31.53100,22048.44,1771129799999,694716.1885100,3847,14870.63,468599.3398900,0
1771129800000,31.53100,31.79800,31.52300,31.71000,52929.84,1771130099999,1676560.0612000,6661,37655.40,1192824.0117500,0
1771130100000,31.71000,31.72200,31.56800,31.58700,28648.29,1771130399999,906705.4893800,4180,6733.77,213056.5355300,0
1771130400000,31.58700,31.68500,31.57800,31.59400,22263.49,1771130699999,704103.6644700,3383,10839.18,342816.5273400,0
1771130700000,31.59100,31.67200,31.57200,31.63100,13506.92,1771130999999,427015.3669900,3082,6235.85,197173.5376200,0
1771131000000,31.63100,31.64700,31.52400,31.53200,14001.05,1771131299999,442237.0677800,3006,3156.35,99760.1974600,0
1771131300000,31.53100,31.64100,31.47800,31.64000,16583.96,1771131599999,523151.3130500,2996,10759.18,339509.0784300,0
1771131600000,31.64000,31.69800,31.62500,31.66000,14124.72,1771131899999,447227.9858800,3380,7651.30,242261.2123900,0
1771131900000,31.66000,31.75700,31.63600,31.75000,17992.26,1771132199999,570335.0373800,2866,8365.65,265362.3840000,0
1771132200000,31.75100,31.77400,31.66900,31.67000,24490.34,1771132499999,777486.1604900,3033,13313.20,422787.6158100,0
1771132500000,31.66900,31.80600,31.65300,31.77100,21777.78,1771132799999,691364.6762100,3821,11271.90,357780.2523600,0
1771132800000,31.77100,31.77100,31.64500,31.71200,14975.13,1771133099999,474844.1616400,3045,6185.83,196135.5546500,0
1771133100000,31.71100,31.74500,31.67300,31.68600,7192.56,1771133399999,228055.8938500,2465,2290.90,72650.0074700,0
1771133400000,31.68600,31.75200,31.64600,31.68600,13576.62,1771133699999,430462.7047000,3160,6219.79,197258.1022900,0
1771133700000,31.68600,31.69500,31.62200,31.66000,18484.53,1771133999999,585109.8126100,2648,5940.30,188068.7038600,0
1771134000000,31.65900,31.72300,31.65600,31.68300,11495.08,1771134299999,364338.9586400,2501,5644.80,178908.7630200,0
1771134300000,31.68300,31.74500,31.63200,31.65900,11079.72,1771134599999,350998.4808300,3335,4663.69,147794.7818000,0
1771134600000,31.66000,31.76000,31.63800,31.70200,10110.50,1771134899999,320565.6228000,2491,4806.13,152382.0371000,0
1771134900000,31.70200,31.71300,31.64900,31.66200,5324.26,1771135199999,168717.9303200,1451,1959.26,62094.9829400,0
1771135200000,31.66200,31.66200,31.51900,31.52000,26428.45,1771135499999,834964.7668900,3978,7092.49,224155.4021500,0
1771135500000,31.52000,31.61000,31.52000,31.58800,8895.15,1771135799999,280886.2998500,2680,5678.64,179322.5910100,0
1771135800000,31.58900,31.60800,31.55100,31.58500,10200.47,1771136099999,322133.3879100,2863,6050.48,191093.7090000,0
1771136100000,31.58500,31.58800,31.36100,31.41700,41365.28,1771136399999,1301784.7250700,5798,10471.93,329374.5298900,0
1771136400000,31.41600,31.48800,31.40400,31.47900,16036.02,1771136699999,504520.9988300,2941,11264.38,354418.7414200,0
1771136700000,31.47900,31.53000,31.43400,31.44100,12930.56,1771136999999,407193.2054000,2853,6971.78,219561.7267800,0
1771137000000,31.44100,31.47700,31.36900,31.40600,31397.78,1771137299999,986258.5597200,4027,13206.25,414941.9491400,0
1771137300000,31.40700,31.50700,31.39000,31.42300,21609.99,1771137599999,679715.9009200,3933,13036.56,410128.4426100,0
1771137600000,31.42300,31.49400,31.38700,31.48700,20100.83,1771137899999,632022.8478700,3083,14314.17,450066.3050200,0
1771137900000,31.48500,31.48500,31.31700,31.32900,21003.21,1771138199999,659881.3624800,3496,9143.18,287294.8013600,0
1771138200000,31.33000,31.37300,31.22200,31.33800,47044.15,1771138499999,1472566.3192400,5464,23968.50,750480.3404200,0
1771138500000,31.33800,31.39900,31.28300,31.35200,20143.67,1771138799999,631408.3654500,3394,12791.47,400980.6529100,0
1771138800000,31.35200,31.38900,31.30200,31.37800,19609.83,1771139099999,614769.3681400,3200,12913.07,404843.5365700,0
1771139100000,31.37800,31.39600,31.22400,31.26000,23208.56,1771139399999,726514.8677500,3320,9620.11,301244.2557000,0
1771139400000,31.25900,31.33000,31.24900,31.26100,20312.62,1771139699999,635468.3867500,3630,9581.68,299811.9666700,0
1771139700000,31.26100,31.37800,31.21300,31.35200,49837.38,1771139999999,1559547.9181200,7441,19053.19,596420.6360100,0
1771140000000,31.35200,31.39000,31.30700,31.32400,21652.79,1771140299999,678704.0707300,4712,9640.52,302250.0518300,0
1771140300000,31.32300,31.34900,31.28600,31.33100,20204.57,1771140599999,632856.2621000,3342,14598.77,457306.3012900,0
1771140600000,31.33100,31.45300,31.29700,31.40600,22370.82,1771140899999,702362.7351200,5141,11446.54,359405.3210100,0
1771140900000,31.40600,31.46300,31.32000,31.32000,39710.08,1771141199999,1246858.6185600,7226,16255.39,510358.1050500,0
1771141200000,31.32000,31.35500,31.22600,31.24700,32858.19,1771141499999,1028195.5300800,5214,20103.30,629164.2358700,0
1771141500000,31.24700,31.29200,31.22900,31.28700,20538.28,1771141799999,641973.7086200,2889,10472.99,327374.0243100,0
1771141800000,31.28600,31.30400,31.24000,31.26400,18927.54,1771142099999,592005.9394200,3126,12090.99,378216.8628500,0
1771142100000,31.26400,31.38400,31.26400,31.33700,88777.91,1771142399999,2779963.6783600,4273,81457.03,2550505.4458800,0
1771142400000,31.33700,31.38300,31.26400,31.36600,23027.56,1771142699999,721583.6680000,4353,12646.11,396352.0949800,0
1771142700000,31.36500,31.41500,31.30300,31.38600,18714.34,1771142999999,587111.6040700,3762,10278.87,322575.4039000,0
1771143000000,31.38600,31.47300,31.32900,31.34000,31847.36,1771143299999,1000499.6143300,4683,17165.33,539401.1210700,0
1771143300000,31.34100,31.39400,31.33900,31.39400,9745.08,1771143599999,305631.0787700,2486,5158.15,161787.5841300,0
1771143600000,31.39400,31.42000,31.34900,31.41200,9584.38,1771143899999,300845.4988500,2497,3690.47,115854.2702200,0
1771143900000,31.41200,31.41300,31.08000,31.10600,66934.02,1771144199999,2089141.0556700,6748,14304.56,446588.6279800,0
1771144200000,31.10700,31.16200,30.77300,30.81500,191711.17,1771144499999,5928608.3488400,17047,65356.76,2022071.1491400,0
1771144500000,30.81400,30.88400,30.68000,30.83900,181067.51,1771144799999,5570803.5727300,15807,74612.30,2296776.3688700,0
1771144800000,30.83800,30.99400,30.73300,30.89900,140973.32,1771145099999,4351298.4211400,12360,67795.12,2093318.0706700,0
1771145100000,30.89700,30.94400,30.82100,30.92800,39993.28,1771145399999,1235045.4868200,6681,20180.93,623216.6612200,0
1771145400000,30.92700,30.94100,30.77600,30.92700,35186.45,1771145699999,1085798.5347500,4764,11775.85,363630.0102400,0
1771145700000,30.92600,30.99100,30.90500,30.91700,19740.31,1771145999999,610967.2296000,3651,11069.70,342646.5173900,0
1771146000000,30.91600,30.98500,30.85400,30.97600,23808.44,1771146299999,736436.8621400,5020,12860.25,397847.8926200,0
1771146300000,30.97600,31.09800,30.97200,31.08800,25397.41,1771146599999,788117.1614800,4696,14821.28,459954.5099900,0
1771146600000,31.08800,31.09700,30.97400,30.99500,18826.62,1771146899999,584012.2129600,2861,9363.10,290438.8830300,0
1771146900000,30.99500,31.06800,30.98600,31.02300,22762.97,1771147199999,706420.8560800,3967,11912.99,369694.5341300,0
1771147200000,31.02100,31.06800,31.00900,31.04700,10956.30,1771147499999,340075.7633000,2526,6939.82,215397.9045700,0
1771147500000,31.04800,31.07700,31.02600,31.07600,10692.43,1771147799999,331981.4796000,1856,8150.75,253068.4691500,0
1771147800000,31.07700,31.16500,31.05200,31.16200,23373.51,1771148099999,727185.2614900,3510,16382.52,509668.0616300,0
1771148100000,31.16100,31.18000,31.05500,31.17800,20405.46,1771148399999,635307.4527900,3905,9926.00,309073.9706900,0
1771148400000,31.17700,31.18400,31.05900,31.13200,23147.24,1771148699999,720388.5326900,4552,11395.80,354764.4426000,0
1771148700000,31.13200,31.16700,31.11300,31.14400,12971.50,1771148999999,403948.3184300,2194,6453.82,200974.8856800,0
1771149000000,31.14400,31.15200,31.03800,31.13100,18613.47,1771149299999,578672.9519600,3976,10271.06,319347.0037400,0
1771149300000,31.13000,31.16600,31.11400,31.13200,12218.32,1771149599999,380396.3051800,2283,6226.25,193854.1562200,0
1771149600000,31.13100,31.15800,31.04200,31.04600,16811.20,1771149899999,522951.6013000,3073,4848.05,150800.5802700,0
1771149900000,31.04600,31.09200,30.96000,31.08300,33223.89,1771150199999,1030390.4001400,4900,13373.94,414780.2208900,0
1771150200000,31.08400,31.10300,31.05100,31.09700,11107.49,1771150499999,345211.4725800,2554,4741.07,147346.2855200,0
1771150500000,31.09800,31.16700,31.06500,31.16700,21410.23,1771150799999,666090.9929400,3421,10772.68,335213.6660500,0
1771150800000,31.16600,31.28800,31.13900,31.28600,37490.02,1771151099999,1170439.2406200,4862,19649.93,613634.7649500,0
1771151100000,31.28600,31.33400,31.27600,31.32500,37180.04,1771151399999,1163745.0174300,4777,23407.91,732737.7429100,0
1771151400000,31.32800,31.35500,31.21400,31.23800,25495.02,1771151699999,797809.3022800,4655,10970.98,343484.7254700,0
1771151700000,31.23800,31.25900,31.17300,31.20700,16726.15,1771151999999,522132.1812500,3362,4396.17,137238.9720000,0
1771152000000,31.20700,31.27700,31.19200,31.22100,29370.72,1771152299999,917244.4323200,5052,9548.12,298242.5148300,0
1771152300000,31.22100,31.39200,31.19600,31.38000,32712.29,1771152599999,1024260.9201300,5384,17978.42,563272.0127700,0
1771152600000,31.38000,31.43600,31.35900,31.41100,32303.97,1771152899999,1014188.7102300,4716,11273.13,354006.7379200,0
1771152900000,31.41200,31.41300,31.33700,31.34100,10684.57,1771153199999,335065.4291000,1868,4653.80,145936.3394300,0
1771153200000,31.34100,31.41900,31.31200,31.41900,18378.48,1771153499999,576260.8255900,2701,8221.36,257814.0811800,0
1771153500000,31.42000,31.62800,31.40100,31.55600,89734.32,1771153799999,2830279.2527500,8352,42225.11,1331388.9836300,0
1771153800000,31.55600,31.65500,31.51600,31.51900,56029.63,1771154099999,1771053.2698100,5183,19788.46,625628.0747300,0
1771154100000,31.52000,31.55100,31.49600,31.49700,18957.39,1771154399999,597522.3164000,3006,8264.78,260470.4731800,0
1771154400000,31.49600,31.54900,31.44100,31.45800,38756.23,1771154699999,1220588.3238200,6396,11373.96,358302.8929600,0
1771154700000,31.45800,31.55200,31.44600,31.51300,17900.66,1771154999999,563860.5863300,2934,9899.42,311884.5626200,0
1771155000000,31.51200,31.51800,31.42500,31.44500,19141.39,1771155299999,602356.8874100,3359,3922.53,123489.1898000,0
1771155300000,31.44500,31.49300,31.41100,31.42500,22084.14,1771155599999,694665.2592900,4117,4928.21,155017.2835600,0
1771155600000,31.42500,31.56300,31.39600,31.53800,17141.85,1771155899999,539826.7623300,3276,6340.81,199805.7929400,0
1771155900000,31.53800,31.56800,31.48700,31.51000,13551.18,1771156199999,427214.3214000,2752,6931.26,218517.3746900,0
1771156200000,31.51000,31.52900,31.43400,31.44000,12514.07,1771156499999,393821.1986600,2816,4089.01,128700.8600200,0
1771156500000,31.44000,31.50500,31.42800,31.47200,18151.12,1771156799999,570936.8181600,3690,5206.42,163813.5483200,0
1771156800000,31.47400,31.51200,31.43100,31.48000,12284.64,1771157099999,386588.5812700,3301,6306.58,198472.4807800,0
1771157100000,31.48100,31.48500,31.37500,31.41200,25437.02,1771157399999,799588.7775600,4758,11502.01,361702.5526500,0
1771157400000,31.41200,31.45800,31.34700,31.40600,28601.28,1771157699999,897856.3576400,4691,10239.16,321491.8174900,0
1771157700000,31.40700,31.49100,31.39100,31.48800,30344.63,1771157999999,954108.7401300,3918,19536.21,614361.5511000,0
1771158000000,31.48900,31.57800,31.46800,31.57400,25610.29,1771158299999,807451.1373000,3697,17238.64,543529.0387900,0
1771158300000,31.57400,31.61700,31.53200,31.61300,18059.23,1771158599999,570430.7733800,3439,8433.64,266369.8930400,0
1771158600000,31.61300,31.66200,31.54800,31.65700,30840.40,1771158899999,975179.5234800,4983,17695.14,559627.5467100,0
1771158900000,31.65400,31.67000,31.52700,31.56600,26981.57,1771159199999,852619.3525800,5013,9548.71,301621.7276600,0
1771159200000,31.56600,31.66900,31.55500,31.63200,17402.14,1771159499999,550515.5877800,3658,8212.20,259782.8247600,0
1771159500000,31.63300,31.64400,31.48000,31.50100,28066.17,1771159799999,885680.7719600,5387,10809.37,341149.6808600,0
1771159800000,31.50100,31.51200,31.10200,31.21000,170954.72,1771160099999,5348556.0928000,18310,47946.84,1499605.3396700,0
1771160100000,31.21100,31.26700,31.07200,31.08200,68323.13,1771160399999,2127969.3381600,10888,27642.84,861366.8501400,0
1771160400000,31.08200,31.29900,31.08200,31.13300,59569.60,1771160699999,1858711.6753500,9050,29198.22,911030.8522500,0
1771160700000,31.13200,31.15300,31.01500,31.03600,45796.69,1771160999999,1422888.6150200,7666,19674.42,611369.4042800,0
1771161000000,31.03600,31.07300,30.97300,31.05000,27243.45,1771161299999,845176.4701800,5933,13389.69,415455.3518700,0
1771161300000,31.04900,31.12800,31.02200,31.05100,27254.57,1771161599999,846980.6254400,5346,17498.63,543883.4097100,0
1771161600000,31.05100,31.05100,30.90600,31.00700,73444.89,1771161899999,2274298.3125500,9477,24595.67,761701.9859700,0
1771161900000,31.00200,31.01100,30.90100,30.92700,35580.37,1771162199999,1101873.2503600,6015,19028.33,589363.0132500,0
1771162200000,30.92800,30.98200,30.83300,30.85900,78592.84,1771162499999,2428079.5199800,9164,34225.75,1057483.9713100,0
1771162500000,30.85900,31.00600,30.84500,30.98700,44547.88,1771162799999,1377356.4000500,7385,25463.59,787243.6074600,0
1771162800000,30.98600,30.98600,30.80300,30.86900,38623.58,1771163099999,1193088.4834500,6552,14922.18,461085.9976400,0
1771163100000,30.87000,30.95800,30.59200,30.67600,169884.84,1771163399999,5224821.4270000,15433,42693.84,1313416.6476600,0
1771163400000,30.67800,30.69600,30.47600,30.59600,116856.95,1771163699999,3574382.0669600,14565,43813.08,1340432.7135200,0
1771163700000,30.59700,30.77100,30.57900,30.67900,59552.56,1771163999999,1828307.8546800,7412,32299.10,991387.4221100,0
1771164000000,30.67900,30.76000,30.59200,30.64700,47118.30,1771164299999,1445388.9056100,8607,21670.51,664998.8651500,0
1771164300000,30.64700,30.83300,30.63400,30.78700,49752.82,1771164599999,1530495.1468900,7053,27676.44,851370.7535600,0
1771164600000,30.78600,30.83500,30.67500,30.78500,31381.12,1771164899999,965298.8285900,5950,11643.66,358247.2858600,0
1771164900000,30.78500,30.84200,30.77500,30.80300,22065.47,1771165199999,679840.2611300,4935,13686.60,421685.6435000,0
1771165200000,30.80200,30.81800,30.72400,30.77900,19411.41,1771165499999,597147.3343200,4110,10142.16,311957.2462300,0
1771165500000,30.78000,30.82500,30.71500,30.74200,17114.79,1771165799999,526321.8618200,3405,8392.77,258118.7152200,0
1771165800000,30.74300,30.89600,30.72600,30.84100,38684.25,1771166099999,1192478.4643200,5507,16512.49,509123.0598700,0
1771166100000,30.84000,30.93600,30.79200,30.90200,43068.74,1771166399999,1329046.9614900,4883,19286.63,595554.8460800,0
1771166400000,30.90200,31.01400,30.85600,30.86500,47219.45,1771166699999,1461257.2918700,5470,31769.72,983470.1330500,0
1771166700000,30.86700,30.96500,30.82700,30.93300,28807.12,1771166999999,890166.8244600,3988,18255.60,564208.6497300,0
1771167000000,30.93300,30.98100,30.90400,30.96700,13674.58,1771167299999,423212.2325500,2983,8074.16,249919.2457200,0
1771167300000,30.96600,30.98000,30.93100,30.95500,7315.20,1771167599999,226439.9329200,2019,2664.76,82492.3523100,0
1771167600000,30.95500,31.01100,30.87900,30.93500,17386.34,1771167899999,538093.3528900,3875,8304.25,257009.8053900,0
1771167900000,30.93500,31.04300,30.91900,31.00100,14895.07,1771168199999,461645.3826200,3154,8796.54,272619.3969100,0
1771168200000,31.00200,31.01100,30.93000,30.94400,13351.21,1771168499999,413402.1810200,2492,6236.83,193109.1608700,0
1771168500000,30.94300,30.95400,30.85400,30.88100,16660.81,1771168799999,514819.3091500,3884,5358.36,165608.4011000,0
1771168800000,30.88100,30.91100,30.82000,30.90100,18426.98,1771169099999,568689.1635600,3251,7171.59,221316.4772100,0
1771169100000,30.90200,30.99100,30.88400,30.89000,15301.54,1771169399999,473342.1377500,3754,7355.74,227599.0497000,0
1771169400000,30.88900,30.91100,30.85400,30.86900,8924.82,1771169699999,275573.1039500,2629,4654.54,143704.5929700,0
1771169700000,30.87000,30.90000,30.78500,30.86000,13139.03,1771169999999,405118.5156200,3075,5355.22,165180.4162800,0
1771170000000,30.86200,30.90600,30.82300,30.90400,6788.60,1771170299999,209528.8187600,2498,3782.09,116752.5839600,0
1771170300000,30.90300,30.93600,30.86600,30.89100,11138.02,1771170599999,344200.7404100,2599,6579.32,203335.7215500,0
1771170600000,30.89100,30.90500,30.82800,30.85500,11255.46,1771170899999,347397.9615900,2917,5066.47,156372.5969500,0
1771170900000,30.85600,30.95500,30.83700,30.94300,14620.32,1771171199999,451855.1312600,2525,7033.88,217431.3708400,0
1771171200000,30.94500,30.99900,30.93400,30.93900,19210.17,1771171499999,594847.8296800,3351,6899.06,213628.8159800,0
1771171500000,30.94000,30.94400,30.69100,30.74100,63745.48,1771171799999,1962610.8180700,7415,15989.79,492253.1380400,0
1771171800000,30.74000,30.83100,30.74000,30.82600,11998.64,1771172099999,369424.1340900,3151,6535.42,201209.0587800,0
1771172100000,30.82600,30.82600,30.72800,30.78000,13853.87,1771172399999,426375.6795400,3054,8413.89,258986.3706600,0
1771172400000,30.78100,30.89800,30.78100,30.82900,35291.70,1771172699999,1088876.8577700,6190,18393.79,567507.7916000,0
1771172700000,30.83200,30.93600,30.76700,30.92800,19894.09,1771172999999,613587.8649600,3994,9619.45,296947.1035700,0
1771173000000,30.92800,30.94500,30.86500,30.92900,10571.47,1771173299999,326764.9261500,2558,3588.64,110927.7898300,0
1771173300000,30.93000,31.00500,30.91400,30.96800,25833.10,1771173599999,800125.3812100,3918,11621.71,359982.2635900,0
1771173600000,30.96900,31.03200,30.96900,31.02500,12734.84,1771173899999,394935.0735900,2768,6141.40,190459.6664300,0
1771173900000,31.02400,31.10000,30.98100,31.00000,38349.06,1771174199999,1191031.5569300,4596,28031.27,870721.6805600,0
1771174200000,31.00000,31.01800,30.96000,30.99900,7929.12,1771174499999,245740.1300600,1997,2107.82,65322.4549900,0
1771174500000,30.99900,31.14600,30.99900,31.09200,44904.83,1771174799999,1396283.5467600,4585,29914.37,930024.9009500,0
1771174800000,31.09300,31.10600,31.00900,31.01200,38252.81,1771175099999,1187432.5396800,3559,16574.97,514583.4842900,0
1771175100000,31.01200,31.02900,30.96600,30.99900,17874.57,1771175399999,554033.5757900,2829,10042.26,311287.0218900,0
1771175400000,30.99900,31.03900,30.97000,31.03900,17208.08,1771175699999,533532.0409800,2930,10619.59,329268.9485700,0
1771175700000,31.03900,31.05900,30.94600,30.95200,8498.55,1771175999999,263518.3262400,2701,2738.48,84946.2000500,0
1771176000000,30.95000,31.00700,30.92600,30.98700,15731.32,1771176299999,487417.6892600,2159,11487.09,355961.8179400,0
1771176300000,30.98700,30.98900,30.91300,30.96000,18198.17,1771176599999,563279.7166800,3380,10451.75,323523.9643900,0
1771176600000,30.96100,30.96900,30.92300,30.92300,8438.50,1771176899999,261182.6622000,2360,3531.29,109288.1539400,0
1771176900000,30.92300,30.97800,30.91600,30.96400,15076.97,1771177199999,466673.4338400,2420,8725.67,270072.2175000,0
1771177200000,30.96400,30.97900,30.81400,30.82700,36907.69,1771177499999,1138697.3103000,5099,8723.81,269134.4331900,0
1771177500000,30.82600,30.82600,30.63400,30.68300,73234.83,1771177799999,2250063.1480400,12152,34001.24,1044761.1680700,0
1771177800000,30.68400,30.94600,30.66900,30.91300,43820.48,1771178099999,1350188.2434900,7030,26883.06,828225.4816600,0
1771178100000,30.91300,31.01900,30.82700,31.01600,31181.21,1771178399999,964556.4145400,6064,15968.27,494114.7710800,0
1771178400000,31.01400,31.03300,30.87400,30.88900,32386.30,1771178699999,1003016.5846300,6031,12061.36,373691.5277900,0
1771178700000,30.89000,31.01100,30.76900,30.95900,39938.54,1771178999999,1233618.0227800,7370,20219.11,624698.6210200,0
1771179000000,30.95900,31.05600,30.95900,31.00000,16774.37,1771179299999,520303.0128900,4139,7151.44,221815.1975100,0
1771179300000,31.00000,31.02400,30.90700,30.93500,11875.73,1771179599999,367807.4221700,3496,4461.26,138147.1114400,0
1771179600000,30.93500,31.03200,30.86700,30.87900,20773.55,1771179899999,642758.7332000,4354,9742.20,301542.3454300,0
1771179900000,30.87900,30.92200,30.82600,30.83100,9168.30,1771180199999,283006.7161900,2682,3323.90,102635.9868100,0
1771180200000,30.82900,30.84000,30.73000,30.76100,40819.74,1771180499999,1256379.0765500,6616,15890.63,489189.2888900,0
1771180500000,30.76000,30.81300,30.66200,30.78500,42593.71,1771180799999,1307950.3399200,5769,24367.70,748253.9217800,0
1771180800000,30.78600,30.89100,30.74100,30.85300,17407.74,1771181099999,536677.3920900,3648,9511.67,293221.8771500,0
1771181100000,30.85300,30.87400,30.74400,30.79300,18566.61,1771181399999,571929.6917400,4723,7793.26,240076.6437000,0
1771181400000,30.79400,30.85300,30.68300,30.69500,22288.15,1771181699999,685735.3306800,4673,5308.89,163410.9865500,0
1771181700000,30.69600,30.70500,30.51100,30.67100,63973.53,1771181999999,1957734.0082000,7576,17612.70,539188.7448500,0
1771182000000,30.67100,30.70500,30.57900,30.58100,23170.79,1771182299999,710382.6035600,4729,9754.56,299197.0542300,0
1771182300000,30.58100,30.62800,30.43700,30.47100,74227.25,1771182599999,2264343.7481200,11120,26768.20,817023.8558000,0
1771182600000,30.47000,30.60800,30.46700,30.60400,33196.31,1771182899999,1013484.1477200,6593,22352.22,682496.9469400,0
1771182900000,30.60400,30.66300,30.54000,30.59500,32675.45,1771183199999,1000081.6354000,6205,15707.05,480896.5037000,0
1771183200000,30.58700,30.70600,30.56000,30.68700,33134.42,1771183499999,1015090.0978400,5417,14662.43,449385.6500100,0
1771183500000,30.68700,30.71000,30.65900,30.69200,17217.77,1771183799999,528462.6585800,2900,6252.77,191888.5995500,0
1771183800000,30.69000,30.69000,30.60000,30.62600,16202.39,1771184099999,496540.5374100,3638,8828.49,270561.9349300,0
1771184100000,30.62600,30.62900,30.46700,30.48900,37198.45,1771184399999,1135700.6722100,5660,16240.12,495779.0717800,0
1771184400000,30.48900,30.58400,30.42100,30.55000,21174.76,1771184699999,645998.8461200,4412,11653.98,355752.9234400,0
1771184700000,30.55000,30.60000,30.52900,30.56000,12086.19,1771184999999,369508.6474000,3417,6127.31,187324.8823500,0
1771185000000,30.56000,30.62100,30.55800,30.58300,8285.83,1771185299999,253509.6159300,2772,4432.42,135605.0471600,0
1771185300000,30.58400,30.61500,30.53800,30.56200,5028.00,1771185599999,153751.8299300,1851,2416.49,73897.5688900,0
1771185600000,30.56200,30.56400,30.32700,30.41300,46856.07,1771185899999,1425006.5027300,7946,12662.36,385105.6527100,0
1771185900000,30.41400,30.57600,30.41100,30.53900,19760.36,1771186199999,602816.4807200,3989,9397.40,286632.2666700,0
1771186200000,30.54000,30.61500,30.53300,30.60400,12317.38,1771186499999,376618.1329300,2956,4380.05,133924.4208700,0
1771186500000,30.60400,30.64400,30.47300,30.51100,21381.16,1771186799999,653563.6906500,4541,9198.29,281345.5988200,0
1771186800000,30.51200,30.53100,30.47900,30.48900,6828.95,1771187099999,208335.1061000,2332,2816.29,85917.4847900,0
1771187100000,30.48800,30.55500,30.46300,30.51400,11463.03,1771187399999,349752.4921100,3227,8001.49,244156.4658000,0
1771187400000,30.51400,30.58100,30.46100,30.52000,17337.75,1771187699999,529017.4363100,3294,13309.61,406092.2877600,0
1771187700000,30.52000,30.63500,30.49000,30.56200,12551.68,1771187999999,383670.0320300,3632,6408.03,195897.7492400,0
1771188000000,30.56300,30.60600,30.54200,30.58500,7612.57,1771188299999,232773.8385800,2503,3679.93,112529.6888900,0
1771188300000,30.58400,30.63700,30.55900,30.57600,6928.25,1771188599999,212083.3439500,2253,3541.51,108415.3410000,0
1771188600000,30.57700,30.59600,30.51700,30.52700,9103.24,1771188899999,278141.9754600,2509,3287.38,100454.3528900,0
1771188900000,30.52700,30.57600,30.48100,30.49000,7943.31,1771189199999,242403.0432100,2218,3170.69,96774.9888900,0
1771189200000,30.49300,30.58900,30.45100,30.58900,24296.93,1771189499999,741222.2396700,5523,11346.63,346304.3936700,0
1771189500000,30.58900,30.69200,30.58100,30.67900,23062.41,1771189799999,706991.5127900,3826,11907.94,365085.0474600,0
1771189800000,30.67900,30.69400,30.62900,30.65000,8335.49,1771190099999,255511.8451600,2513,3822.92,117190.9553000,0
1771190100000,30.65100,30.66300,30.59600,30.60000,10565.94,1771190399999,323567.2582100,3044,4013.11,122930.4196600,0
1771190400000,30.60000,30.66600,30.59600,30.61000,11469.85,1771190699999,351433.2699600,2341,8452.02,258992.0725000,0
1771190700000,30.61000,30.62600,30.51600,30.53600,10487.18,1771190999999,320490.5107500,2933,3676.53,112360.7622700,0
1771191000000,30.53700,30.61000,30.51100,30.55200,16237.67,1771191299999,496060.7418800,3720,8621.09,263411.2996400,0
1771191300000,30.55100,30.56500,30.46200,30.47600,13482.88,1771191599999,411490.1877900,3086,5970.43,182242.8823300,0
1771191600000,30.47600,30.49400,30.32600,30.38500,25059.53,1771191899999,761970.4444400,3616,8230.30,250418.7515600,0
1771191900000,30.38500,30.54000,30.37600,30.49800,31038.25,1771192199999,945178.7322800,5071,22602.05,688240.0760800,0
1771192200000,30.49800,30.53700,30.48400,30.49300,6850.57,1771192499999,208996.4920500,2474,3753.16,114502.0409200,0
1771192500000,30.49400,30.53400,30.41100,30.41100,10165.07,1771192799999,309687.3364300,2616,5323.52,162212.4860900,0
1771192800000,30.41200,30.47700,30.35900,30.44000,16655.37,1771193099999,506502.5661100,3842,8124.95,247093.9085000,0
1771193100000,30.43900,30.59100,30.42200,30.56100,24897.20,1771193399999,759754.6883600,3752,13521.69,412610.9762900,0
1771193400000,30.56200,30.57700,30.51200,30.52000,6936.38,1771193699999,211905.0400900,1903,2686.82,82093.4436300,0
1771193700000,30.52000,30.57300,30.48900,30.50100,9220.99,1771193999999,281504.1108700,2357,4276.23,130589.3117500,0
1771194000000,30.50100,30.52800,30.46100,30.51200,8474.77,1771194299999,258463.8344000,1979,2981.10,90936.8156800,0
1771194300000,30.51200,30.58300,30.51200,30.54900,4912.74,1771194599999,150083.0128900,1652,2947.74,90044.9748200,0
1771194600000,30.54900,30.61200,30.51300,30.57100,8856.66,1771194899999,270769.6428200,2157,3992.71,122048.0663800,0
1771194900000,30.57100,30.60800,30.54700,30.59200,11827.83,1771195199999,361677.1898200,1804,3240.73,99096.6324800,0
1771195200000,30.59300,30.60200,30.56400,30.60200,5137.69,1771195499999,157115.4441900,1433,1554.26,47527.6748900,0
1771195500000,30.60000,30.63300,30.56800,30.60400,10007.63,1771195799999,306236.1702500,1914,4013.50,122835.8965800,0
1771195800000,30.60500,30.61200,30.58400,30.60300,5594.33,1771196099999,171164.2704200,1373,1961.17,60001.8333600,0
1771196100000,30.60300,30.60400,30.54700,30.55900,5304.27,1771196399999,162115.5747700,1285,1015.27,31026.7822000,0
1771196400000,30.55900,30.57300,30.36400,30.41900,24165.85,1771196699999,735845.2898200,4478,8850.61,269374.4085600,0
1771196700000,30.42000,30.42700,30.23500,30.29800,52953.94,1771196999999,1605960.0481300,7182,17586.02,533608.0922900,0
1771197000000,30.29900,30.40900,30.29900,30.37600,14116.31,1771197299999,428703.0527900,3965,9163.11,278264.1403000,0
1771197300000,30.37700,30.39400,30.29200,30.33900,14061.11,1771197599999,426832.8577900,4045,5653.32,171670.2664300,0
1771197600000,30.34000,30.46400,30.32100,30.45300,15546.08,1771197899999,472491.3208500,3446,12328.01,374726.4782100,0
1771197900000,30.45400,30.48100,30.40500,30.42700,17241.50,1771198199999,525006.0907900,3179,8056.60,245409.6562900,0
1771198200000,30.42600,30.58500,30.42600,30.46600,29527.48,1771198499999,901226.0219800,4313,20279.15,619142.0192900,0
1771198500000,30.46700,30.47100,30.39800,30.41700,10885.79,1771198799999,331230.6083500,2791,3571.48,108659.5468900,0
1771198800000,30.41800,30.49700,30.40300,30.48400,7398.33,1771199099999,225299.8748400,2031,4704.27,143249.2691200,0
1771199100000,30.48400,30.61900,30.48400,30.59700,34127.84,1771199399999,1043478.8574500,3770,24618.07,752530.9681300,0
1771199400000,30.59800,30.70100,30.59800,30.63000,39322.14,1771199699999,1205667.1994600,4867,23633.22,724629.2491700,0
1771199700000,30.63100,30.71200,30.62500,30.69900,25257.64,1771199999999,774589.7495800,3328,16895.05,518089.5173100,0
1771200000000,30.69800,30.74800,30.61800,30.64200,43189.92,1771200299999,1325752.6295200,6200,24847.55,763004.5976700,0
1771200300000,30.64200,30.84500,30.62400,30.83100,31467.82,1771200599999,968130.8626700,5089,20141.69,619718.3413600,0
1771200600000,30.83100,30.87200,30.80200,30.85400,24678.85,1771200899999,760981.8237500,3518,8545.02,263517.3557200,0
1771200900000,30.85300,30.95900,30.83200,30.83600,51073.25,1771201199999,1578540.4321000,5939,22492.65,695330.0977700,0
1771201200000,30.83500,30.84400,30.65400,30.69500,61203.91,1771201499999,1882096.4261500,6270,14590.30,448647.3579200,0
1771201500000,30.69500,30.70900,30.59300,30.67200,45145.76,1771201799999,1383776.9133600,6862,15098.62,462926.2110000,0
1771201800000,30.67200,30.70900,30.62600,30.66400,14351.24,1771202099999,440068.3708800,2634,6162.77,188968.5946700,0
1771202100000,30.66400,30.70300,30.60000,30.61300,11828.92,1771202399999,362620.8672300,2464,5808.33,178098.5114500,0
1771202400000,30.61300,30.64700,30.59700,30.59900,6873.19,1771202699999,210477.6600600,1896,3692.54,113076.3988800,0
1771202700000,30.60000,30.67100,30.57200,30.57300,15082.09,1771202999999,461823.6515900,3154,9195.46,281648.7958100,0
1771203000000,30.57300,30.61800,30.53200,30.54300,10963.18,1771203299999,335178.9467800,3022,5188.10,158616.6495300,0
1771203300000,30.54300,30.55300,30.45000,30.46100,22769.72,1771203599999,694064.4856600,3644,9861.49,300578.2629600,0
1771203600000,30.46200,30.47500,30.40300,30.45400,22337.61,1771203899999,679936.4683000,5031,9492.27,288989.4354400,0
1771203900000,30.45400,30.50500,30.39200,30.40200,18578.58,1771204199999,565785.6074000,3926,10053.85,306308.4539000,0
1771204200000,30.40100,30.48800,30.33000,30.40500,21586.87,1771204499999,656173.3590800,4477,9744.39,296302.7939000,0
1771204500000,30.40400,30.44200,30.31700,30.31700,20322.93,1771204799999,617600.0725300,4030,10526.50,319999.9526100,0
1771204800000,30.31700,30.33600,30.17100,30.19500,96653.61,1771205099999,2921593.5911000,8008,36963.69,1117651.9575700,0
1771205100000,30.19500,30.28700,30.18800,30.26900,24663.25,1771205399999,745961.7859100,4042,13282.59,401753.0158800,0
1771205400000,30.26400,30.27500,30.17900,30.21900,56079.20,1771205699999,1694983.8139500,5302,13485.33,407587.8509300,0
1771205700000,30.21800,30.28300,30.14300,30.14900,39155.39,1771205999999,1182813.1804600,4625,10512.98,317898.7028400,0
1771206000000,30.14800,30.20500,30.08600,30.20500,43990.01,1771206299999,1325756.8541800,7435,17694.95,533511.5960000,0
1771206300000,30.20600,30.25400,30.16700,30.21600,17916.32,1771206599999,541225.2864100,4380,11515.99,347935.0610900,0
1771206600000,30.21600,30.21800,30.16100,30.18900,7259.24,1771206899999,219136.4597600,2640,3661.75,110534.2798500,0
1771206900000,30.18900,30.31800,30.17600,30.27200,21868.61,1771207199999,661740.8596300,4172,15944.66,482466.3605700,0
1771207200000,30.27200,30.38300,30.23500,30.36900,32002.15,1771207499999,969815.6887300,4326,15113.64,458005.9363900,0
1771207500000,30.36900,30.39700,30.29300,30.30100,13612.31,1771207799999,413157.0736800,2966,6139.07,186357.0288100,0
1771207800000,30.29900,30.34500,30.22400,30.34000,12305.38,1771208099999,372537.1264200,3002,6505.10,197017.5953200,0
1771208100000,30.34000,30.41300,30.30700,30.31800,16396.95,1771208399999,497875.9874300,3461,9822.72,298341.7733700,0
1771208400000,30.31900,30.33600,30.27100,30.33300,6545.32,1771208699999,198367.3641400,2868,3279.64,99399.0114700,0
1771208700000,30.33400,30.35600,30.22300,30.24100,8438.02,1771208999999,255678.5676700,2729,3184.20,96521.2616800,0
1771209000000,30.24200,30.28800,30.14300,30.20000,24796.26,1771209299999,749001.9935800,3991,13149.30,396968.7691600,0
1771209300000,30.20000,30.23900,30.11500,30.21500,17545.05,1771209599999,529467.5054600,4128,7456.11,225092.4103900,0
1771209600000,30.21400,30.23900,30.16900,30.17600,11243.15,1771209899999,339604.8273600,2718,6374.41,192573.8685700,0
1771209900000,30.17500,30.18100,30.08700,30.10400,30842.36,1771210199999,928663.4221700,3469,11699.13,352280.2020500,0
1771210200000,30.10500,30.14700,30.08100,30.08600,14746.53,1771210499999,444093.3745200,3646,6565.66,197734.7996200,0
1771210500000,30.08700,30.09100,30.00000,30.05500,105257.93,1771210799999,3160881.7153900,10206,24621.24,739689.3844600,0
1771210800000,30.05600,30.18200,30.05200,30.11000,30168.92,1771211099999,909185.3680400,4324,11470.05,345592.4610100,0
1771211100000,30.11000,30.17400,30.10700,30.10700,17746.97,1771211399999,535018.8869100,2804,8263.74,249134.3457500,0
1771211400000,30.10600,30.18600,30.10400,30.11800,8620.68,1771211699999,259830.9221000,2544,4139.70,124760.2633000,0
1771211700000,30.11800,30.14700,30.07800,30.10800,20472.32,1771211999999,616359.6340100,3169,6224.18,187392.5285800,0
1771212000000,30.10700,30.12400,30.08300,30.09800,7530.13,1771212299999,226668.8761000,1967,3596.31,108251.4070900,0
1771212300000,30.09800,30.12000,30.04800,30.05700,17161.49,1771212599999,516037.3030500,3303,7375.52,221746.3120300,0
1771212600000,30.05800,30.09900,30.01400,30.03300,36609.64,1771212899999,1099967.2209100,4897,19755.31,593595.7472500,0
1771212900000,30.03300,30.13200,30.02300,30.13000,18721.49,1771213199999,563009.6169500,2676,13911.52,418372.6460600,0
1771213200000,30.13000,30.14100,30.08800,30.12700,14573.58,1771213499999,438908.4514500,2511,4704.25,141660.1416400,0
1771213500000,30.12800,30.14100,30.09000,30.13500,5708.29,1771213799999,171905.1699400,1786,3304.79,99524.5961500,0
1771213800000,30.13600,30.25200,30.11700,30.19900,30233.35,1771214099999,913017.6578100,5393,22821.09,689232.8990800,0
1771214100000,30.20000,30.31000,30.19000,30.30100,31385.15,1771214399999,949796.5824600,5485,24176.21,731706.0503000,0
1771214400000,30.30100,30.33400,30.26500,30.28700,34779.98,1771214699999,1053903.0708800,4852,18971.01,574915.8117500,0
1771214700000,30.28800,30.35000,30.25400,30.33400,10151.59,1771214999999,307699.5390500,3205,4631.56,140391.9907900,0
1771215000000,30.33300,30.33800,30.28000,30.30500,6679.07,1771215299999,202481.4445400,1839,2471.06,74902.7529000,0
1771215300000,30.30600,30.35400,30.26900,30.27300,9688.87,1771215599999,293626.6525000,2497,4836.16,146555.1860000,0
1771215600000,30.27300,30.34300,30.26500,30.28600,4469.10,1771215899999,135434.8915900,2000,2493.98,75583.8388800,0
1771215900000,30.28600,30.32300,30.23500,30.26600,13118.55,1771216199999,397110.2318500,2738,4418.02,133736.1520500,0
1771216200000,30.26700,30.28900,30.22100,30.25500,8300.02,1771216499999,251127.7033000,1962,4247.97,128520.2340500,0
1771216500000,30.25600,30.27600,30.22600,30.23000,5742.93,1771216799999,173719.4083600,1550,2288.41,69223.3716800,0
1771216800000,30.23100,30.24900,30.19100,30.19200,8580.10,1771217099999,259307.9862600,1559,2548.26,77026.7644800,0
1771217100000,30.19100,30.19100,30.14000,30.14200,12929.10,1771217399999,389893.2184900,2744,5352.42,161410.9390000,0
1771217400000,30.14100,30.14100,30.09300,30.10500,19965.06,1771217699999,601259.1420200,3058,8777.39,264343.2556200,0
1771217700000,30.10300,30.15500,30.02900,30.03600,20618.00,1771217999999,620242.3565500,3701,10051.26,302442.1696800,0
1771218000000,30.03600,30.07000,29.83200,29.88600,168331.50,1771218299999,5039971.1925000,11250,41551.47,1243237.3860900,0
1771218300000,29.88600,29.88800,29.72600,29.80100,132758.16,1771218599999,3958554.6732600,9599,28809.33,858516.5513200,0
1771218600000,29.80200,29.82800,29.58700,29.62900,127386.32,1771218899999,3780999.8239600,7912,48523.70,1440852.3870200,0
1771218900000,29.62900,29.75000,29.62300,29.74800,59903.44,1771219199999,1778024.2889600,7675,29667.66,880711.5147100,0
1771219200000,29.74800,29.77600,29.67300,29.70800,24232.31,1771219499999,720593.8972400,4310,10315.99,306810.0322700,0
1771219500000,29.70800,29.76600,29.69200,29.73100,17459.95,1771219799999,518993.5027300,3831,8259.71,245512.4035300,0
1771219800000,29.73200,29.77900,29.66000,29.66400,20119.63,1771220099999,598032.2682400,4821,7264.83,215947.8276000,0
1771220100000,29.66500,29.67900,29.58400,29.59600,25934.12,1771220399999,768053.7266900,5612,11253.68,333289.6042900,0
1771220400000,29.59600,29.72800,29.56400,29.72200,36688.08,1771220699999,1087381.5726000,5614,13988.92,414826.5352500,0
1771220700000,29.72100,29.77600,29.71000,29.76900,16731.77,1771220999999,497752.5438700,3226,11015.28,327681.7823200,0
1771221000000,29.76900,29.83300,29.75500,29.79200,24521.25,1771221299999,730604.6909300,3964,19522.20,581684.1942800,0
1771221300000,29.79300,29.84700,29.79300,29.79700,8517.03,1771221599999,254016.7102300,2617,5188.89,154775.3752000,0
1771221600000,29.79700,29.88800,29.79700,29.88400,31187.88,1771221899999,930927.2041700,3354,15126.05,451467.7035400,0
1771221900000,29.88300,29.88600,29.84900,29.88000,7115.30,1771222199999,212553.9770400,1881,4372.53,130622.5509300,0
1771222200000,29.88000,29.88000,29.75700,29.77400,21332.03,1771222499999,636247.2255800,2560,3106.08,92650.6581400,0
1771222500000,29.77400,29.86800,29.77300,29.84100,9870.74,1771222799999,294464.9975800,2326,5949.13,177440.5846700,0
1771222800000,29.84100,29.86100,29.76200,29.84500,11225.41,1771223099999,334703.1411400,3010,6900.21,205761.3157600,0
1771223100000,29.84600,29.85600,29.80300,29.81500,15227.84,1771223399999,454103.1959500,2236,3529.64,105282.3244600,0
1771223400000,29.81500,29.92300,29.80400,29.88700,28205.20,1771223699999,843089.8750000,3813,22231.49,664558.0440500,0
1771223700000,29.88600,29.88600,29.84400,29.88200,8291.82,1771223999999,247601.2285300,2663,3347.11,99955.8804100,0
1771224000000,29.88100,29.89300,29.84600,29.85700,5179.34,1771224299999,154688.1610400,2055,2067.41,61749.9303700,0
1771224300000,29.85700,29.88500,29.79200,29.79200,16292.67,1771224599999,486334.6439700,2902,9476.20,282968.0674800,0
1771224600000,29.79100,29.83600,29.75100,29.83100,14502.41,1771224899999,432123.5347900,3034,7976.90,237729.1882200,0
1771224900000,29.83200,29.85200,29.80800,29.84200,7841.42,1771225199999,233910.0570400,1853,3726.38,111165.0137800,0
1771225200000,29.84300,29.84800,29.79600,29.83500,12558.98,1771225499999,374509.8199900,2584,6669.24,198892.1687700,0
1771225500000,29.83600,29.90400,29.82700,29.88100,11258.12,1771225799999,336286.1015100,3310,7851.65,234521.3652700,0
1771225800000,29.88000,29.94900,29.84100,29.94200,36114.84,1771226099999,1079422.8546100,2991,22576.16,674937.5839900,0
1771226100000,29.94200,29.98700,29.90200,29.91800,25506.40,1771226399999,763965.1842400,3061,9522.95,285106.6482900,0
1771226400000,29.91800,29.93300,29.83500,29.89300,16929.37,1771226699999,505911.3190800,3037,6788.35,202910.7872400,0
1771226700000,29.89300,29.96000,29.86500,29.88700,8652.05,1771226999999,258845.9465700,2248,3805.01,113870.4266700,0
1771227000000,29.88800,29.88800,29.76300,29.81100,15186.72,1771227299999,452827.4628600,3142,5503.68,164049.1072700,0
1771227300000,29.81200,29.82100,29.64100,29.68600,24174.54,1771227599999,718237.5946900,3601,6809.57,202433.0400000,0
1771227600000,29.68300,29.69600,29.52800,29.56400,77747.96,1771227899999,2300869.8259500,8650,28871.98,854480.0473800,0
1771227900000,29.56400,29.66800,29.56200,29.63100,20858.51,1771228199999,617681.2780700,3609,13231.59,391790.7470900,0
1771228200000,29.63000,29.66000,29.58800,29.65200,21410.55,1771228499999,634194.3207800,2983,5070.91,150269.2076700,0
1771228500000,29.65200,29.67000,29.63100,29.66200,17770.92,1771228799999,526941.0569600,2029,5408.83,160387.1169100,0
1771228800000,29.66300,29.77600,29.63400,29.73800,47697.65,1771229099999,1417482.4798500,6172,29378.37,873042.6826900,0
1771229100000,29.73800,29.85000,29.73800,29.84300,38015.44,1771229399999,1132689.9763000,4612,23672.37,705477.7738800,0
1771229400000,29.84300,29.87000,29.75800,29.80600,16828.41,1771229699999,501598.8634000,3793,9755.82,290825.6407600,0
1771229700000,29.80500,29.84000,29.77000,29.83200,19709.91,1771229999999,587386.4809900,2804,6046.13,180205.5176800,0
1771230000000,29.83200,29.86900,29.81400,29.85900,13978.65,1771230299999,417202.4983200,2511,6380.95,190476.0276000,0
1771230300000,29.85800,29.89800,29.82200,29.86700,28933.69,1771230599999,863985.0469300,4287,19370.27,578522.3202300,0
1771230600000,29.86700,29.86700,29.71200,29.73700,18001.51,1771230899999,535994.6470900,3722,5548.92,165174.1782600,0
1771230900000,29.73700,29.83100,29.66500,29.82900,19456.61,1771231199999,578364.7817400,3972,7013.21,208653.7602100,0
1771231200000,29.82900,29.87200,29.72700,29.76100,25728.64,1771231499999,767195.2718300,4287,10352.36,308844.5696200,0
1771231500000,29.76100,29.78300,29.74000,29.74000,4787.52,1771231799999,142479.2548700,1806,2267.79,67492.2799900,0
1771231800000,29.74100,29.77400,29.71100,29.74100,15002.03,1771232099999,446029.4854200,2058,3755.57,111671.9120500,0
1771232100000,29.74200,29.78800,29.73200,29.74100,13779.38,1771232399999,409987.3056600,2538,5328.74,158564.1953700,0
1771232400000,29.74200,29.89900,29.74100,29.88600,17705.80,1771232699999,528341.2028500,4253,10715.36,319780.6488900,0
1771232700000,29.88600,29.89900,29.78400,29.81500,13875.52,1771232999999,414198.1947600,3821,5539.48,165364.4794500,0
1771233000000,29.81500,29.84000,29.79800,29.82700,9130.04,1771233299999,272300.6684300,2603,4785.44,142722.7619100,0
1771233300000,29.82700,29.83500,29.77500,29.78700,13430.01,1771233599999,400154.8137100,1719,2745.56,81785.6793900,0
1771233600000,29.78600,29.85000,29.78600,29.81200,15070.49,1771233899999,449293.5305900,2471,5558.14,165735.5093200,0
1771233900000,29.81300,29.94300,29.80900,29.93800,18682.86,1771234199999,558585.1707100,3797,12201.36,364822.6472300,0
1771234200000,29.93700,29.99300,29.84100,29.98000,42976.42,1771234499999,1285706.4330000,4937,22308.16,667841.6312600,0
1771234500000,29.97900,30.07300,29.96400,30.01400,67306.24,1771234799999,2020376.5137900,6734,46135.68,1384960.0983000,0
1771234800000,30.01300,30.07300,29.98500,29.99900,48588.66,1771235099999,1458946.4645600,5576,19280.73,579067.5462600,0
1771235100000,29.99800,30.04700,29.93900,29.93900,34553.38,1771235399999,1036143.6717800,4855,12403.12,372106.9969500,0
1771235400000,29.94000,30.05300,29.86200,29.88300,31025.96,1771235699999,929366.8805200,4149,9342.59,279888.8545600,0
1771235700000,29.88200,29.88200,29.80200,29.82500,21576.02,1771235999999,643593.8496900,4440,8937.40,266574.5771900,0
1771236000000,29.82300,29.84500,29.77300,29.80400,13669.75,1771236299999,407484.3177100,3280,6423.66,191513.2902800,0
1771236300000,29.80500,29.91100,29.80000,29.89100,10275.68,1771236599999,306647.6728000,3019,7205.17,215031.5216400,0
1771236600000,29.89100,29.90900,29.84700,29.88500,20543.28,1771236899999,613991.3239500,2442,6064.41,181214.2411000,0
1771236900000,29.88600,29.93100,29.84700,29.92700,17044.66,1771237199999,509661.2737500,2605,12304.12,367921.9995000,0
1771237200000,29.92600,29.95300,29.84900,29.87100,12223.41,1771237499999,365456.9888900,2915,7268.07,217352.4373600,0
1771237500000,29.87200,29.91500,29.85300,29.90100,6754.28,1771237799999,201844.8797900,1965,2718.66,81250.1733800,0
1771237800000,29.90000,30.00900,29.89300,29.99500,17232.38,1771238099999,516137.2877500,3775,12692.65,380180.8634300,0
1771238100000,29.99600,30.16300,29.99100,30.10100,81863.54,1771238399999,2463685.8665400,9012,55084.68,1658044.8737900,0
1771238400000,30.10100,30.11800,30.00500,30.03100,25688.42,1771238699999,772072.0295600,4232,12625.15,379502.4642200,0
1771238700000,30.03000,30.06400,29.93300,29.93300,26878.25,1771238999999,806690.3686400,4819,7849.91,235545.2708600,0
1771239000000,29.93400,29.96100,29.90500,29.93000,8349.33,1771239299999,249880.6449500,2669,3948.97,118185.3689800,0
1771239300000,29.93000,29.94800,29.90700,29.94600,5557.22,1771239599999,166320.6705000,1643,3213.41,96174.9596600,0
1771239600000,29.94600,29.99900,29.93400,29.94200,10399.23,1771239899999,311647.8185100,2475,6196.61,185732.6335100,0
1771239900000,29.94200,29.98900,29.79800,29.81400,59076.34,1771240199999,1764846.1317500,6223,24652.53,736636.0337300,0
1771240200000,29.81500,29.83400,29.73000,29.79600,35363.57,1771240499999,1053073.9495100,5696,16421.77,489086.8048300,0
1771240500000,29.79600,29.81500,29.75500,29.77300,18145.96,1771240799999,540453.0740700,4399,8139.93,242514.0366400,0
1771240800000,29.77200,29.77200,29.59700,29.62900,52899.29,1771241099999,1568743.7841600,6169,25006.47,741249.2385300,0
1771241100000,29.63000,29.82100,29.63000,29.78400,40074.32,1771241399999,1191497.8641800,4042,25401.92,755306.1199500,0
1771241400000,29.78400,29.93500,29.71600,29.91500,58025.30,1771241699999,1731109.3284500,6464,40753.54,1215555.3987500,0
1771241700000,29.92000,29.99700,29.82600,29.96000,70097.76,1771241999999,2095963.3728900,7800,27431.76,820667.3061500,0
1771242000000,29.95800,29.99600,29.90400,29.92700,14017.30,1771242299999,419848.2237800,3420,5353.72,160359.2674200,0
1771242300000,29.92700,29.97000,29.90700,29.95200,7651.93,1771242599999,229094.1882100,2844,2739.24,82015.2181700,0
1771242600000,29.95200,30.00100,29.89900,29.99800,13229.97,1771242899999,396137.8916900,3024,5679.76,170146.3103800,0
1771242900000,29.99900,30.04000,29.92600,29.92600,10992.10,1771243199999,329615.0385600,2778,5920.02,177536.1653900,0
1771243200000,29.92600,30.07200,29.89000,30.06200,27521.12,1771243499999,824820.2735100,4410,15538.91,466115.4474000,0
1771243500000,30.06200,30.06800,29.97300,29.97600,13058.61,1771243799999,391882.4294600,3100,5843.97,175365.0872800,0
1771243800000,29.97500,30.06600,29.94200,30.01200,26591.83,1771244099999,798111.3100400,3938,18902.80,567375.0465400,0
1771244100000,30.01200,30.02900,29.94900,30.00700,16120.40,1771244399999,483381.8331600,2466,7750.33,232408.5766400,0
1771244400000,30.00700,30.07000,30.00500,30.04600,14791.94,1771244699999,444287.5543600,2526,8499.59,255306.2208400,0
1771244700000,30.04600,30.50000,30.04600,30.43500,197623.86,1771244999999,5991629.3382900,18797,131058.73,3974460.9418400,0
1771245000000,30.43400,30.49400,30.32400,30.48100,63811.78,1771245299999,1938990.0063900,8230,27670.77,841327.2153500,0
1771245300000,30.48000,30.53300,30.36500,30.52500,44675.64,1771245599999,1360768.6500600,7359,22743.46,692819.6742600,0
1771245600000,30.52400,30.53600,30.37500,30.42400,35309.92,1771245899999,1075425.2073800,5430,10623.60,323670.1290800,0
1771245900000,30.42300,30.44800,30.32900,30.41700,23051.12,1771246199999,700489.4541800,5244,12068.32,366753.1211700,0
1771246200000,30.41800,30.59600,30.40900,30.43500,43963.67,1771246499999,1340526.3766200,8793,26382.13,804603.1158800,0
1771246500000,30.43500,30.52100,30.40200,30.41200,24441.62,1771246799999,744615.1164400,4662,6128.78,186678.1514500,0
1771246800000,30.41200,30.61200,30.39800,30.57600,55460.24,1771247099999,1693943.0189100,7390,33235.27,1014641.3931400,0
1771247100000,30.57700,30.61300,30.54100,30.56400,56065.27,1771247399999,1714383.8570500,5490,23095.44,706569.4338600,0
1771247400000,30.56400,30.58700,30.41400,30.46300,145782.91,1771247699999,4449838.3595200,7603,28096.12,857853.5817900,0
1771247700000,30.46400,30.55700,30.45100,30.55700,21138.94,1771247999999,645000.6826200,4233,11697.77,356904.4125600,0
1771248000000,30.55600,30.57000,30.35900,30.44500,76370.48,1771248299999,2326420.9612200,8715,25369.48,773525.6812600,0
1771248300000,30.44500,30.46000,30.24600,30.35700,100136.73,1771248599999,3036387.4838700,12632,36310.71,1101190.2267700,0
1771248600000,30.35700,30.49100,30.32300,30.36800,39233.94,1771248899999,1193056.5566000,8588,15333.64,466449.5496800,0
1771248900000,30.36700,30.49700,30.30100,30.30600,72683.51,1771249199999,2209510.6224800,10065,46789.10,1423093.2518600,0
1771249200000,30.30600,30.36600,30.24000,30.27700,41819.40,1771249499999,1267207.1269900,7049,15327.08,464560.0190000,0
1771249500000,30.27800,30.29900,30.15000,30.19300,53264.09,1771249799999,1609201.0345500,6917,18415.34,557009.4014900,0
1771249800000,30.19300,30.26400,30.14200,30.21500,34261.67,1771250099999,1034327.2573700,6409,14229.45,429653.7794500,0
1771250100000,30.21600,30.31300,30.17600,30.29000,36832.71,1771250399999,1113986.5382500,5144,13408.41,405649.2047000,0
1771250400000,30.28900,30.34400,30.16100,30.22200,26495.46,1771250699999,801271.9843200,6314,10255.57,310120.4184100,0
1771250700000,30.22200,30.30300,30.19600,30.21200,23679.44,1771250999999,716243.0161700,5210,10693.22,323489.4766200,0
1771251000000,30.21200,30.24900,30.14000,30.23600,19870.65,1771251299999,600160.6605200,4242,8022.09,242307.2747200,0
1771251300000,30.23700,30.35500,30.22500,30.32200,35112.92,1771251599999,1063479.1597600,6273,25016.36,757735.3611900,0
1771251600000,30.32100,30.41100,30.31600,30.33900,25345.67,1771251899999,769521.5284600,6045,15931.70,483746.5849900,0
1771251900000,30.34000,30.34700,30.17800,30.19200,23037.92,1771252199999,696877.9987400,5534,6852.62,207276.2890600,0
1771252200000,30.19200,30.47100,30.19200,30.42700,84373.51,1771252499999,2562273.8208200,9459,58751.56,1783281.1664700,0
1771252500000,30.42700,30.54000,30.31400,30.39600,115908.08,1771252799999,3525070.1789500,9936,40401.15,1229048.9205900,0
1771252800000,30.39600,30.48200,30.34600,30.38500,19477.76,1771253099999,592365.1651700,4659,8848.31,269191.5968300,0
1771253100000,30.38500,30.40900,30.32100,30.36100,22991.74,1771253399999,698203.0801100,5123,15272.05,463807.7200900,0
1771253400000,30.36200,30.43100,30.32100,30.34800,37106.39,1771253699999,1127396.2760700,6002,22550.21,685204.2069000,0
1771253700000,30.34700,30.40700,30.32600,30.32900,13080.44,1771253999999,397244.3672600,3164,6817.49,207057.9725400,0
1771254000000,30.33000,30.44800,30.32100,30.39200,19895.06,1771254299999,604635.9332700,5156,9747.22,296208.9876200,0
1771254300000,30.39300,30.50200,30.37100,30.46200,27102.09,1771254599999,825044.9414400,5853,15583.97,474488.9154000,0
1771254600000,30.46200,30.49700,30.31300,30.32700,25989.04,1771254899999,790111.3917100,4986,7948.84,241735.2423700,0
1771254900000,30.32500,30.32700,30.07900,30.15600,102330.20,1771255199999,3089080.8412600,10971,38289.62,1155643.1947800,0
1771255200000,30.15600,30.16200,30.04600,30.05900,49129.70,1771255499999,1478286.3518100,5426,19656.34,591661.3786000,0
1771255500000,30.05900,30.05900,29.92000,29.92000,71100.85,1771255799999,2131616.8053300,7102,25425.29,762368.0348100,0
1771255800000,29.91900,29.93100,29.56000,29.69900,229504.06,1771256099999,6825318.2182900,20436,115855.66,3445701.7872800,0
1771256100000,29.69900,29.81500,29.60100,29.79900,102091.16,1771256399999,3035387.9593400,13394,43888.80,1305200.2837900,0
1771256400000,29.79900,29.90800,29.74200,29.86200,61126.99,1771256699999,1823874.1481300,8849,27111.46,809112.3485200,0
1771256700000,29.86200,29.97500,29.78400,29.89700,47109.65,1771256999999,1407645.3282200,7385,19619.60,586583.9652800,0
1771257000000,29.89600,30.00700,29.82300,29.82800,50407.61,1771257299999,1507071.8572300,6308,16721.36,500424.1031800,0
1771257300000,29.82800,29.90600,29.75900,29.81500,27814.61,1771257599999,829546.7591700,4912,13012.54,388168.0878600,0
1771257600000,29.81500,29.89100,29.75600,29.89100,33067.97,1771257899999,985883.0043200,7316,15276.81,455673.6250500,0
1771257900000,29.89100,30.06300,29.89100,29.98200,59207.84,1771258199999,1775008.6445900,8234,36005.74,1079704.9680800,0
1771258200000,29.98100,30.01600,29.94000,29.97300,15620.26,1771258499999,468279.6695000,3707,7818.86,234428.9556900,0
1771258500000,29.97400,29.98300,29.71100,29.75600,58914.61,1771258799999,1758326.1838300,7023,13284.56,396114.4733400,0
1771258800000,29.75700,29.88300,29.73500,29.86900,27506.77,1771259099999,820236.0738800,5246,17916.29,534209.4538200,0
1771259100000,29.86900,29.93600,29.77800,29.90500,32313.97,1771259399999,964867.4836500,6296,16728.49,499640.3316000,0
1771259400000,29.90500,29.94000,29.78200,29.78900,31613.95,1771259699999,943539.5059400,6443,13077.91,390439.4876300,0
1771259700000,29.78900,29.83800,29.73100,29.74800,17265.20,1771259999999,514196.0838100,4594,9732.51,289912.5372000,0
1771260000000,29.74700,29.91600,29.73900,29.90700,23613.66,1771260299999,704559.2785700,5677,16715.37,498724.6134900,0
1771260300000,29.90800,29.93600,29.86000,29.89900,18486.24,1771260599999,552859.6256900,4642,10523.54,314779.4188800,0
1771260600000,29.89900,29.92300,29.85700,29.88700,11758.24,1771260899999,351452.9945200,3468,6864.01,205188.5244400,0
1771260900000,29.88700,29.93800,29.85100,29.92000,12258.39,1771261199999,366542.8096700,2772,9263.99,277034.1478400,0
1771261200000,29.91900,30.01200,29.87100,29.96500,21790.67,1771261499999,652940.7332600,4586,14093.41,422307.9276700,0
1771261500000,29.96500,29.99100,29.86800,29.86900,10082.09,1771261799999,301824.4483400,2909,4414.99,132196.6069600,0
1771261800000,29.86900,29.87700,29.69700,29.80200,70635.94,1771262099999,2100735.3304600,6642,15812.97,470584.2496000,0
1771262100000,29.80300,29.81300,29.67300,29.75900,28964.22,1771262399999,861131.8642900,4920,18560.55,551882.1030100,0
1771262400000,29.75800,29.87900,29.75700,29.86200,27390.55,1771262699999,816451.6923400,4010,21084.14,628386.7422100,0
1771262700000,29.86200,29.92400,29.85400,29.89800,10462.70,1771262999999,312739.2669100,2960,6699.73,200262.3527400,0
1771263000000,29.89800,29.92100,29.79400,29.89100,27700.26,1771263299999,827028.5096400,5411,14333.37,427886.8108800,0
1771263300000,29.89100,29.92000,29.85600,29.87300,8552.93,1771263599999,255670.8193400,2212,4533.42,135539.5197800,0
1771263600000,29.87300,29.91600,29.84500,29.86000,12300.01,1771263899999,367419.4671700,2972,6674.32,199389.0127000,0
1771263900000,29.86000,29.89300,29.80400,29.87700,13186.60,1771264199999,393568.0229100,2857,7137.50,213068.2609000,0
1771264200000,29.87700,29.90800,29.82800,29.89700,12620.71,1771264499999,376852.7213400,2507,8158.06,243580.4539800,0
1771264500000,29.89800,29.91200,29.84400,29.84400,9302.94,1771264799999,277938.0527000,2646,4089.34,122200.4486200,0
1771264800000,29.84300,29.97300,29.80300,29.85800,69544.60,1771265099999,2078878.6114100,7384,30569.25,913916.2163800,0
1771265100000,29.85900,29.90200,29.79700,29.86800,47435.64,1771265399999,1416005.8985300,6851,23030.88,687622.2766100,0
1771265400000,29.86500,29.90300,29.80500,29.86700,12832.73,1771265699999,383146.8375900,3377,6498.23,194023.2352100,0
1771265700000,29.86500,29.93200,29.82600,29.89700,15390.14,1771265999999,459973.9228400,3360,8923.50,266734.4608000,0
1771266000000,29.89600,29.96100,29.89000,29.95900,11145.07,1771266299999,333531.5245400,3117,6823.80,204229.0026800,0
1771266300000,29.95900,30.01300,29.88100,29.92000,24110.26,1771266599999,721964.4905400,4030,15816.08,473545.3703200,0
1771266600000,29.91900,30.02100,29.89600,29.99200,19677.54,1771266899999,589380.3437100,3641,15255.08,456924.4837000,0
1771266900000,29.99100,30.02600,29.87500,29.89400,23255.68,1771267199999,696228.0053600,4079,8285.53,248216.7467600,0
1771267200000,29.89500,29.93400,29.86700,29.88800,7638.93,1771267499999,228436.1263300,1988,4511.07,134913.1122300,0
1771267500000,29.88800,29.96200,29.83300,29.85300,12341.68,1771267799999,368725.5711600,3236,6031.24,180226.4161000,0
1771267800000,29.85100,29.89700,29.82400,29.87400,11635.78,1771268099999,347426.5000200,3080,7738.98,231081.5461700,0
1771268100000,29.87400,29.88800,29.75300,29.86200,25378.39,1771268399999,756185.4078900,3512,9117.95,271953.3360000,0
1771268400000,29.86500,29.92000,29.84300,29.87700,28124.12,1771268699999,840301.4925100,4395,18592.07,555479.7875700,0
1771268700000,29.87800,29.98600,29.85500,29.93100,17296.31,1771268999999,517680.3437800,4026,9275.46,277737.9573200,0
1771269000000,29.93100,29.93400,29.88500,29.90900,5390.41,1771269299999,161236.5238500,1593,2855.64,85418.3479200,0
1771269300000,29.90900,29.93400,29.84700,29.85500,7133.33,1771269599999,213249.0129500,2140,3344.67,100009.7111400,0
1771269600000,29.85600,29.97300,29.82800,29.96400,25563.63,1771269899999,763618.2553400,3447,10979.73,328108.3736900,0
1771269900000,29.96600,30.00400,29.92400,29.94100,15109.45,1771270199999,452732.2608000,2754,8196.40,245624.2093400,0
1771270200000,29.94100,29.96600,29.90200,29.92100,8805.07,1771270499999,263518.0651800,2009,5187.61,155263.5772000,0
1771270500000,29.92000,30.03500,29.92000,30.00900,15461.25,1771270799999,463672.9364400,3368,11558.58,346658.3358700,0
1771270800000,30.00900,30.00900,29.88900,29.92500,12014.87,1771271099999,359731.2431200,2772,5011.87,150092.1571700,0
1771271100000,29.92400,29.92400,29.82700,29.85900,12599.24,1771271399999,376250.2657400,2157,3721.71,111134.9582200,0
1771271400000,29.86000,29.93800,29.86000,29.93800,6125.43,1771271699999,183155.8838100,1624,4711.14,140867.2890600,0
1771271700000,29.93400,29.95600,29.84700,29.87000,7205.28,1771271999999,215440.4970400,1810,2087.79,62462.7003500,0
1771272000000,29.86900,29.92400,29.82900,29.92300,12275.60,1771272299999,366788.1313500,2953,7560.51,225965.2433400,0
1771272300000,29.92300,29.92600,29.84400,29.92300,6830.53,1771272599999,204088.7727800,2214,3480.04,103996.1684100,0
1771272600000,29.92300,29.92300,29.86000,29.90400,7394.00,1771272899999,220969.7004100,2057,4103.93,122642.2722700,0
1771272900000,29.90200,29.95200,29.84700,29.84700,10792.98,1771273199999,322738.6197700,2500,6112.61,182761.9215100,0
1771273200000,29.84700,29.93500,29.83900,29.91300,12283.62,1771273499999,367100.2346500,2944,8216.18,245549.7892800,0
1771273500000,29.91300,30.02700,29.91100,30.02400,12655.64,1771273799999,379406.8198100,3266,8579.78,257217.6926300,0
1771273800000,30.02400,30.07400,30.00900,30.06700,12864.05,1771274099999,386481.4675400,3154,7744.01,232661.2418500,0
1771274100000,30.06500,30.06500,29.99200,30.00700,5993.02,1771274399999,179937.4376800,1637,1959.81,58830.3384300,0
1771274400000,30.00800,30.09800,30.00300,30.02700,15943.78,1771274699999,479237.6824200,3229,9910.28,297901.2080800,0
1771274700000,30.02700,30.04200,30.00000,30.02800,4518.62,1771274999999,135630.1630200,1416,2579.60,77433.2452500,0
1771275000000,30.02700,30.41100,30.00500,30.32400,113254.08,1771275299999,3427114.0279200,11543,82145.35,2485421.0729500,0
1771275300000,30.32400,30.37500,30.20700,30.28600,59836.33,1771275599999,1812636.4887400,5294,14412.80,436737.2846600,0
1771275600000,30.28600,30.28600,30.17200,30.21500,28262.47,1771275899999,853939.4179300,5111,7681.88,232052.9578500,0
1771275900000,30.21600,30.25900,30.19300,30.22600,9162.89,1771276199999,276956.2382200,3129,5637.07,170390.2851900,0
1771276200000,30.22700,30.25600,30.10200,30.24800,40243.48,1771276499999,1213489.6098900,5000,14776.20,445676.3333900,0
1771276500000,30.24800,30.35400,30.24400,30.29100,19307.77,1771276799999,585100.3093700,4085,11056.10,335073.0360400,0
1771276800000,30.29200,30.40000,30.25500,30.38000,60385.37,1771277099999,1831516.3221200,5110,35968.88,1091131.3186100,0
1771277100000,30.38000,30.41700,30.35000,30.38000,49389.80,1771277399999,1499643.2198800,3839,24043.05,730087.3410500,0
1771277400000,30.38000,30.42300,30.33500,30.38000,22369.74,1771277699999,679787.6601800,4010,11264.68,342360.8369000,0
1771277700000,30.37400,30.47200,30.35800,30.45900,80062.52,1771277999999,2433605.4650700,4862,63889.30,1941985.1407400,0
1771278000000,30.45900,30.51600,30.39100,30.42700,47463.35,1771278299999,1445878.5298600,7743,27448.24,836217.0131900,0
1771278300000,30.42600,30.59200,30.41200,30.50400,104290.17,1771278599999,3184425.6042800,8523,52761.72,1611281.1143900,0
1771278600000,30.50500,30.54700,30.47600,30.49600,10743.97,1771278899999,327822.9990800,3054,3439.77,104949.9210000,0
1771278900000,30.49600,30.61800,30.46400,30.60200,27471.27,1771279199999,839531.7398700,5772,15572.54,476008.7040400,0
1771279200000,30.60200,30.62900,30.53100,30.55600,21898.29,1771279499999,669656.3869000,5019,6822.49,208670.2355000,0
1771279500000,30.55600,30.65000,30.52000,30.65000,13692.21,1771279799999,418651.0049500,4025,7397.31,226260.1135700,0
1771279800000,30.65100,30.87700,30.65100,30.81400,138602.47,1771280099999,4266825.5407600,11571,86391.09,2659511.3916100,0
1771280100000,30.81300,30.85700,30.75400,30.76500,24923.87,1771280399999,767754.0255300,4050,7182.57,221236.3402800,0
1771280400000,30.76500,30.82200,30.73700,30.78400,13330.09,1771280699999,410276.6568900,2878,5647.75,173841.0251900,0
1771280700000,30.78400,30.83500,30.76700,30.80100,13705.95,1771280999999,422169.3354100,2620,6443.05,198429.1319300,0
1771281000000,30.80100,30.80100,30.70900,30.71100,27198.29,1771281299999,836700.7019700,3823,11004.20,338558.1869700,0
1771281300000,30.71100,30.81300,30.64000,30.79400,42415.69,1771281599999,1302464.6066200,4399,17809.79,547210.7451000,0
1771281600000,30.79400,30.80300,30.64400,30.65800,28157.46,1771281899999,864490.7615600,2905,2413.91,74106.8478500,0
1771281900000,30.65700,30.72900,30.65100,30.72400,18009.85,1771282199999,552564.9887700,1857,12219.76,374980.4377000,0
1771282200000,30.72600,30.74700,30.63500,30.70700,14302.42,1771282499999,438929.3192000,2586,7753.78,237982.9543700,0
1771282500000,30.70600,30.74800,30.70100,30.72600,4902.45,1771282799999,150614.9879400,1355,2563.40,78753.1545800,0
1771282800000,30.72600,30.77000,30.65400,30.74400,18386.04,1771283099999,564882.0245800,4008,8928.71,274333.0177600,0
1771283100000,30.74400,30.81100,30.70400,30.73100,19944.16,1771283399999,613516.0313400,3911,12105.40,372357.2989600,0
1771283400000,30.73000,30.74900,30.67900,30.72100,18469.67,1771283699999,567182.4358000,3581,9229.44,283429.4874600,0
1771283700000,30.72000,30.82100,30.72000,30.82000,29651.88,1771283999999,912909.4679200,4612,17708.62,545161.7932700,0
1771284000000,30.82000,30.95900,30.77700,30.95600,86861.58,1771284299999,2680720.5196700,8759,65877.02,2033188.8642200,0
1771284300000,30.95500,31.01900,30.94000,30.99000,61685.43,1771284599999,1911104.8753300,7117,47665.38,1476786.8253400,0
1771284600000,30.98900,30.99700,30.87900,30.90800,24682.42,1771284899999,763173.2715300,5272,11459.74,354273.5579600,0
1771284900000,30.90800,31.00400,30.80700,31.00400,35680.98,1771285199999,1102261.1791800,5427,14940.85,461972.5226200,0
1771285200000,31.00300,31.01800,30.88700,30.89800,25456.66,1771285499999,788436.8264800,5529,15152.89,469317.9256900,0
1771285500000,30.90000,31.04600,30.85200,31.00800,42846.81,1771285799999,1326941.8552100,6967,19325.18,598877.8712900,0
1771285800000,31.00700,31.19100,30.98800,31.17300,63366.72,1771286099999,1971497.7323200,9127,44976.84,1399371.3024400,0
1771286100000,31.17200,31.27400,31.12400,31.24600,66051.09,1771286399999,2060554.7931500,10071,49705.12,1550734.5965700,0
1771286400000,31.24700,31.39000,31.21100,31.35600,140993.18,1771286699999,4413145.6052800,17351,85378.53,2672922.9339200,0
1771286700000,31.35800,31.40100,31.14600,31.21300,68156.02,1771286999999,2130236.7008800,10523,24749.29,773895.1076200,0
1771287000000,31.21400,31.23100,31.13600,31.17000,24277.67,1771287299999,756821.3670000,4597,11237.90,350365.7091100,0
1771287300000,31.17100,31.26800,31.12100,31.22400,53565.51,1771287599999,1670701.4189900,5671,35631.74,1111664.3865500,0
1771287600000,31.22400,31.33900,31.16700,31.25400,31972.67,1771287899999,999622.4944200,5318,12465.70,389737.0795800,0
1771287900000,31.25400,31.27700,31.20600,31.24900,19129.07,1771288199999,597575.6520400,3623,11181.88,349282.5448500,0
1771288200000,31.24900,31.28300,31.16900,31.22000,15644.07,1771288499999,488063.0411100,3867,5775.03,180165.3642400,0
1771288500000,31.22100,31.27400,31.18700,31.18800,13206.12,1771288799999,412347.2005500,3479,5886.48,183827.1085100,0
1771288800000,31.18800,31.23800,31.07200,31.09600,27370.05,1771289099999,852051.8312600,4921,8980.68,279626.8550400,0
1771289100000,31.09600,31.32900,31.09400,31.30300,64188.90,1771289399999,2004375.8192100,7514,46173.56,1441533.3614700,0
1771289400000,31.30300,31.41500,31.27800,31.27800,29214.34,1771289699999,915840.9215700,5452,18830.22,590395.8787600,0
1771289700000,31.27900,31.29900,31.20100,31.27700,16964.92,1771289999999,530179.2279900,4931,8955.29,279895.3018700,0
1771290000000,31.27700,31.39800,31.23300,31.24500,36416.28,1771290299999,1140455.3977800,8146,19133.96,599393.5997900,0
1771290300000,31.24500,31.29500,31.15800,31.29500,34103.65,1771290599999,1064445.7265700,6258,18150.48,566630.0524700,0
1771290600000,31.29600,31.35000,31.25100,31.34300,21885.20,1771290899999,685176.1413200,4937,13376.88,418859.8345300,0
1771290900000,31.34200,31.34200,31.17000,31.24600,16118.39,1771291199999,503390.4145900,4082,7272.75,227137.4512100,0
1771291200000,31.24500,31.29300,31.21800,31.29200,8457.38,1771291499999,264315.5049300,2431,4935.89,154275.8924400,0
1771291500000,31.29200,31.33200,31.11800,31.16200,26482.81,1771291799999,825998.1798000,3983,8799.38,274630.8526700,0
1771291800000,31.16200,31.26700,31.13300,31.26600,34928.62,1771292099999,1089267.2820600,3569,27523.49,858423.8464000,0
1771292100000,31.26500,31.26600,31.13800,31.21100,14055.10,1771292399999,438370.2671200,3445,5504.48,171687.3357000,0
1771292400000,31.21100,31.22800,31.07600,31.11400,15681.76,1771292699999,488470.3850700,3748,4746.45,147966.7733600,0
1771292700000,31.11300,31.15800,31.05300,31.05400,17327.55,1771292999999,539026.4392600,4366,6334.03,197089.8338500,0
1771293000000,31.05300,31.10200,31.01500,31.05600,47580.80,1771293299999,1477718.8839300,6567,20976.06,651553.7806600,0
1771293300000,31.05600,31.10000,30.93700,31.03000,57449.26,1771293599999,1781718.5338800,7535,18335.98,568882.6775900,0
1771293600000,31.03000,31.06800,30.91800,30.98200,30668.48,1771293899999,950224.2698500,6202,12602.03,390542.5126800,0
1771293900000,30.98200,31.07800,30.94500,31.06400,44705.51,1771294199999,1386487.4231400,8045,24703.56,766173.3907900,0
1771294200000,31.06300,31.20600,31.04600,31.16000,34274.03,1771294499999,1066883.2244900,5776,25261.71,786314.1275500,0
1771294500000,31.16000,31.24800,31.16000,31.20400,21456.01,1771294799999,669554.0607200,4457,15117.91,471794.0002500,0
1771294800000,31.20300,31.24400,31.12200,31.24400,11269.26,1771295099999,351288.7578600,3173,6420.46,200171.1083800,0
1771295100000,31.24400,31.27300,31.16800,31.18200,18139.06,1771295399999,566049.8181700,3355,11609.00,362333.5807800,0
1771295400000,31.18200,31.23300,31.16200,31.20400,9165.83,1771295699999,285896.7534700,3031,6085.05,189818.7078200,0
1771295700000,31.20300,31.20400,31.01300,31.03900,36711.89,1771295999999,1141013.6398100,5025,9270.80,288040.8989200,0
1771296000000,31.03700,31.11100,30.99400,31.04200,18481.28,1771296299999,573770.5840800,4010,9512.46,295397.2718900,0
1771296300000,31.04200,31.11400,31.02300,31.02700,17786.90,1771296599999,552397.1040400,3668,9562.24,296996.7158900,0
1771296600000,31.02800,31.03900,30.97300,31.03300,22620.30,1771296899999,701337.5963500,4008,7172.11,222368.9617900,0
1771296900000,31.03300,31.07200,30.98000,31.01000,14337.83,1771297199999,444868.8781600,3073,5754.52,178547.5276500,0
1771297200000,31.00800,31.05400,30.97100,30.98200,12661.51,1771297499999,392719.3366300,3808,6494.81,201469.8392000,0
1771297500000,30.98300,30.99300,30.79600,30.84100,68828.86,1771297799999,2124498.2717100,7869,21556.40,665269.3281900,0
1771297800000,30.84100,30.85900,30.81100,30.84600,12880.49,1771298099999,397185.4607100,3133,6571.24,202643.1709300,0
1771298100000,30.84600,30.84600,30.76500,30.77000,15846.30,1771298399999,488106.2313800,3304,8132.65,250540.0920100,0
1771298400000,30.77200,30.89600,30.77200,30.82400,17178.74,1771298699999,529902.6126600,3651,9702.77,299289.6075200,0
1771298700000,30.82400,30.91000,30.79600,30.87700,14051.46,1771298999999,433591.6046800,2742,7394.84,228280.6433700,0
1771299000000,30.87600,30.88400,30.78200,30.85200,14736.84,1771299299999,454404.0286700,3648,8331.47,256887.0834300,0
1771299300000,30.85100,30.85100,30.76100,30.83600,17841.05,1771299599999,549623.0129400,3871,6648.09,204854.9666800,0
1771299600000,30.83600,30.92100,30.82900,30.90800,10616.72,1771299899999,327905.7677100,2715,6006.18,185495.0676300,0
1771299900000,30.90800,30.91600,30.83400,30.86900,9821.51,1771300199999,303243.7653600,2644,4389.62,135529.5698300,0
1771300200000,30.87000,30.87700,30.84200,30.85700,9391.48,1771300499999,289818.8702600,2146,5538.80,170930.9249800,0
1771300500000,30.86000,30.88100,30.81600,30.86000,9628.79,1771300799999,297067.4693900,2285,5395.45,166458.8213600,0
1771300800000,30.86000,30.92700,30.86000,30.89100,8714.26,1771301099999,269229.9786900,2883,6010.68,185682.3430900,0
1771301100000,30.89100,30.92700,30.83300,30.90700,8269.60,1771301399999,255405.3943300,2372,4285.89,132382.5605700,0
1771301400000,30.90700,30.94300,30.86400,30.89400,10589.67,1771301699999,327278.2673500,2445,5918.02,182920.3435900,0
1771301700000,30.89400,30.99500,30.83000,30.99500,21879.55,1771301999999,676035.3556200,3930,14778.97,456694.9893100,0
1771302000000,30.99500,31.06700,30.99100,31.02600,28363.77,1771302299999,880103.4351400,3640,20661.02,641134.7773500,0
1771302300000,31.02500,31.04000,30.97900,31.00700,9407.41,1771302599999,291711.2561800,1714,4357.80,135127.5568800,0
1771302600000,31.00800,31.00800,30.70900,30.82400,121751.77,1771302899999,3752597.2911000,9301,38871.26,1197395.2695600,0
1771302900000,30.82300,30.85100,30.77900,30.78600,19308.26,1771303199999,595130.3313300,2749,12486.75,384874.4577500,0
1771303200000,30.78600,30.79900,30.77100,30.79600,4717.81,1771303499999,145257.4121200,1586,2805.68,86383.6091600,0
1771303500000,30.79400,30.87000,30.79000,30.84500,7701.50,1771303799999,237465.5874300,2099,5067.85,156283.6759500,0
1771303800000,30.84700,30.86600,30.66600,30.69500,43350.96,1771304099999,1333361.4196600,4524,11615.98,357377.9620700,0
1771304100000,30.69500,30.72800,30.66300,30.68100,27338.54,1771304399999,839056.6533800,4112,15164.76,465428.2038400,0
1771304400000,30.68200,30.70400,30.57300,30.62800,55647.11,1771304699999,1704858.4067200,5032,14502.16,444220.1660500,0
1771304700000,30.62800,30.67600,30.55800,30.57200,19817.18,1771304999999,606601.9107000,3716,7726.11,236520.8187800,0
1771305000000,30.57200,30.59800,30.41300,30.46800,66523.07,1771305299999,2028324.7829600,5835,20255.55,618153.4666600,0
1771305300000,30.46900,30.50000,30.30000,30.30800,80859.68,1771305599999,2459670.9096600,9235,41300.28,1257664.6893300,0
1771305600000,30.31700,30.41500,30.27000,30.34800,61908.13,1771305899999,1877634.0386800,8776,33139.03,1005404.7724800,0
1771305900000,30.34900,30.37300,30.28700,30.29000,25831.39,1771306199999,783435.9317000,4574,14750.63,447485.7094200,0
1771306200000,30.29000,30.32900,30.25100,30.27500,40577.20,1771306499999,1228773.0097300,4964,11640.38,352553.1750800,0
1771306500000,30.27800,30.29300,30.12800,30.20300,55016.35,1771306799999,1661850.7592300,7186,18351.05,554573.6534800,0
1771306800000,30.20200,30.32200,30.18200,30.26000,47565.07,1771307099999,1439431.7894800,6096,36944.16,1118065.5122800,0
1771307100000,30.26000,30.29800,30.21300,30.27600,12578.17,1771307399999,380580.5388300,3736,8371.31,253317.7555000,0
1771307400000,30.27500,30.30400,30.21000,30.28100,29312.70,1771307699999,887106.5361300,5166,20103.22,608431.2370400,0
1771307700000,30.28100,30.29700,30.21000,30.21400,10001.79,1771307999999,302647.1610300,3074,5971.97,180718.1152800,0
1771308000000,30.21500,30.28700,30.15500,30.16100,28129.26,1771308299999,850369.7644600,4163,11394.22,344458.4119300,0
1771308300000,30.16000,30.24600,30.15600,30.21900,15324.67,1771308599999,462984.7434300,3479,9843.78,297410.5581500,0
1771308600000,30.21800,30.27500,30.17600,30.25600,22261.74,1771308899999,672761.2506500,4994,11776.00,355967.1074700,0
1771308900000,30.25600,30.26500,30.17100,30.19600,11037.41,1771309199999,333654.1175200,2666,5795.26,175177.8387700,0
1771309200000,30.19600,30.26800,30.17500,30.26300,14630.16,1771309499999,441912.5396500,2678,10449.95,315661.3179300,0
1771309500000,30.26300,30.40900,30.25200,30.34500,54701.94,1771309799999,1659138.4352000,6105,42789.19,1297766.9690800,0
1771309800000,30.34300,30.35600,30.23100,30.24600,19442.15,1771310099999,589126.5432200,4247,9919.68,300619.1324100,0
1771310100000,30.24500,30.34800,30.23300,30.32200,19431.63,1771310399999,588832.2054000,3704,11054.59,334947.1043400,0
1771310400000,30.32300,30.33900,30.25900,30.30400,15963.27,1771310699999,483579.7764500,3214,6177.75,187150.9749600,0
1771310700000,30.30200,30.33500,30.27700,30.29200,13281.61,1771310999999,402512.8560400,3302,8876.52,269041.6190500,0
1771311000000,30.29200,30.37900,30.29200,30.35600,10970.26,1771311299999,332880.6408900,2664,7296.82,221402.5174300,0
1771311300000,30.35500,30.35500,30.26000,30.26000,9976.41,1771311599999,302378.6991200,2265,3024.80,91669.4623700,0
1771311600000,30.26000,30.29000,30.21800,30.26400,21627.82,1771311899999,654279.5337300,3044,8929.20,270201.9198800,0
1771311900000,30.26500,30.28500,30.21600,30.22000,8032.81,1771312199999,243070.4238900,2306,4463.16,135061.8078200,0
1771312200000,30.22000,30.28300,30.21500,30.27500,8788.01,1771312499999,265814.7634800,2951,5357.93,162056.9686600,0
1771312500000,30.27500,30.31700,30.22800,30.23500,11370.92,1771312799999,344142.9529500,2682,5054.32,153007.3791000,0
1771312800000,30.23600,30.26700,30.21500,30.26700,14661.87,1771313099999,443338.4061000,2813,6228.36,188349.0365000,0
1771313100000,30.26700,30.27500,30.15200,30.16000,35251.40,1771313399999,1064503.3643800,4406,8464.14,255608.3797400,0
1771313400000,30.16000,30.17700,30.10900,30.14600,25970.83,1771313699999,782825.2048800,5513,10068.91,303589.2596600,0
1771313700000,30.14000,30.23400,30.12000,30.21400,13402.77,1771313999999,404437.2556800,2814,7240.72,218517.3947800,0
1771314000000,30.21100,30.25300,30.12200,30.16900,19315.70,1771314299999,582913.8419400,3641,9846.65,297222.8571100,0
1771314300000,30.16800,30.17500,30.02000,30.09100,48056.29,1771314599999,1445394.5425600,6864,20959.62,630356.8393800,0
1771314600000,30.09100,30.13100,30.07600,30.13100,20521.01,1771314899999,617665.6898900,4408,10685.34,321669.6577600,0
1771314900000,30.13200,30.15900,30.10900,30.12800,10548.52,1771315199999,317900.6925900,2549,6614.32,199349.4391800,0
1771315200000,30.12800,30.23400,30.10800,30.22200,20698.74,1771315499999,624794.8189700,3942,13143.63,396723.8535200,0
1771315500000,30.22200,30.23300,30.17100,30.18600,15445.77,1771315799999,466349.7307800,2854,7196.26,217280.7472800,0
1771315800000,30.18600,30.22400,30.13500,30.15100,13929.57,1771316099999,420424.3537600,2677,7086.38,213978.0008400,0
1771316100000,30.15000,30.21200,29.92700,30.05500,151661.26,1771316399999,4561337.2950800,11748,73276.75,2205127.0593900,0
1771316400000,30.05600,30.11700,30.02000,30.02900,37274.31,1771316699999,1120610.0808800,6286,19298.14,580272.1340900,0
1771316700000,30.02900,30.14100,29.97600,30.10100,27337.98,1771316999999,822189.9641300,4650,17619.62,529898.8507900,0
1771317000000,30.10000,30.14400,30.06800,30.07800,12422.14,1771317299999,373989.8344900,3427,5980.19,180078.0935400,0
1771317300000,30.07800,30.09100,29.84800,29.87600,80073.89,1771317599999,2396433.4843400,12041,26155.53,782782.4658200,0
1771317600000,29.87700,29.90000,29.80000,29.82500,44242.34,1771317899999,1320065.7335900,7036,22593.09,674342.9173000,0
1771317900000,29.82600,29.86100,29.77600,29.85500,37348.70,1771318199999,1113323.6127300,5203,21108.61,629273.3537900,0
1771318200000,29.85300,29.86000,29.75400,29.81700,38929.17,1771318499999,1159934.7378500,5681,17294.90,515376.4902500,0
1771318500000,29.81700,29.83000,29.76800,29.76800,12588.87,1771318799999,375018.7491700,2847,5817.00,173279.6993000,0
1771318800000,29.76900,29.83300,29.73600,29.81900,20237.05,1771319099999,602523.9720300,4321,11406.79,339638.9434900,0
1771319100000,29.82000,29.87700,29.79300,29.85800,22514.04,1771319399999,671997.8623200,4028,14227.07,424646.8033800,0
1771319400000,29.85800,29.86900,29.75500,29.78200,58888.86,1771319699999,1755794.4764800,8481,40735.73,1214729.4170200,0
1771319700000,29.78300,29.88500,29.77500,29.86900,41414.53,1771319999999,1235686.6324300,7229,31194.97,930761.7306700,0
1771320000000,29.87100,30.14900,29.87100,29.91300,125294.52,1771320299999,3756648.5676400,10452,88534.83,2655189.6645200,0
1771320300000,29.91400,29.93900,29.88200,29.89400,11133.05,1771320599999,332990.1624600,2863,6831.12,204329.0350000,0
1771320600000,29.89300,30.02300,29.87500,29.87600,28698.50,1771320899999,859628.9541000,4847,15036.42,450395.1991900,0
1771320900000,29.87600,29.88300,29.82900,29.83500,16494.82,1771321199999,492528.8461300,3443,9724.81,290401.1613500,0
1771321200000,29.83600,29.86000,29.78400,29.79500,12871.64,1771321499999,383670.5478500,2773,5564.96,165866.8935100,0
1771321500000,29.79600,29.83300,29.74000,29.80500,32818.31,1771321799999,977594.4369400,4507,18838.12,561195.1928900,0
1771321800000,29.80500,29.87600,29.80500,29.87400,16742.54,1771322099999,499521.4471000,3433,11664.45,348011.7518000,0
1771322100000,29.87300,29.88700,29.84100,29.87100,9915.28,1771322399999,296070.8675700,1827,6973.42,208215.0904700,0
1771322400000,29.87100,29.92400,29.84100,29.85900,12564.76,1771322699999,375481.9916800,3124,7250.27,216637.9604600,0
1771322700000,29.85900,29.88400,29.81100,29.87900,23638.84,1771322999999,705238.8227600,2831,14662.85,437404.2598300,0
1771323000000,29.88000,29.90300,29.84000,29.85700,8309.98,1771323299999,248261.6252200,1988,4759.43,142205.0591400,0
1771323300000,29.85700,29.85800,29.70100,29.73400,32584.37,1771323599999,969269.9009700,4277,7809.79,232391.4291100,0
1771323600000,29.73200,29.80000,29.70900,29.71700,22665.74,1771323899999,674387.7039100,3128,8788.24,261528.3399600,0
1771323900000,29.71800,29.71800,29.63300,29.64500,40965.10,1771324199999,1215223.5534500,4330,11950.76,354578.6039100,0
1771324200000,29.64500,29.69400,29.59300,29.61200,30482.38,1771324499999,903572.1422800,4599,11438.24,339147.9525800,0
1771324500000,29.61200,29.71100,29.58500,29.63300,20936.17,1771324799999,620323.4477000,4432,10106.36,299572.3371400,0
1771324800000,29.63300,29.64400,29.57800,29.59900,16385.62,1771325099999,485094.6324900,3188,7514.68,222490.6591600,0
1771325100000,29.60000,29.63700,29.58500,29.58900,8758.55,1771325399999,259313.4075000,2412,4816.50,142611.0291700,0
1771325400000,29.58900,29.62500,29.58200,29.59900,6496.10,1771325699999,192303.2914000,2089,4277.15,126616.5266300,0
1771325700000,29.59900,29.65500,29.59900,29.64600,11222.48,1771325999999,332550.9971700,2549,8007.68,237278.6329700,0
1771326000000,29.64800,29.77700,29.64600,29.67600,30961.47,1771326299999,920126.9653800,4391,23482.79,697945.8214700,0
1771326300000,29.67600,29.68900,29.61500,29.65400,8619.83,1771326599999,255580.4406100,2389,3819.93,113288.5060700,0
1771326600000,29.65400,29.68200,29.64000,29.66400,9327.92,1771326899999,276695.7048100,2349,6326.96,187692.2144000,0
1771326900000,29.66300,29.67300,29.57000,29.60800,14776.63,1771327199999,437508.4564700,2772,7157.18,211876.6785800,0
1771327200000,29.60800,29.63300,29.56100,29.56500,14022.24,1771327499999,414952.3793400,2424,6784.89,200832.8898800,0
1771327500000,29.56600,29.58800,29.45100,29.52600,73512.17,1771327799999,2170177.2055300,7667,20617.10,608698.7061900,0
1771327800000,29.52700,29.53500,29.46600,29.47800,27903.88,1771328099999,823026.0790500,4693,13796.65,406961.2765500,0
1771328100000,29.47800,29.49700,29.35700,29.37500,72423.56,1771328399999,2130886.5554500,6581,18101.82,532732.4497600,0
1771328400000,29.37600,29.39200,29.25000,29.29700,53032.87,1771328699999,1555127.7289400,6957,20770.91,609185.9438000,0
1771328700000,29.29700,29.33300,29.23300,29.31500,39063.60,1771328999999,1143601.2506500,4658,21461.96,628373.1005100,0
1771329000000,29.31500,29.34900,29.28300,29.32300,19070.65,1771329299999,559057.3261000,3192,12390.61,363237.3069300,0
1771329300000,29.32400,29.37100,29.30600,29.35600,24806.96,1771329599999,727507.9452600,3219,10290.01,301899.8255100,0
1771329600000,29.35500,29.39500,29.29100,29.38300,28619.65,1771329899999,839815.4430400,5221,13396.94,393247.5484100,0
1771329900000,29.38200,29.47200,29.33500,29.38500,36281.01,1771330199999,1066999.5350700,4966,23780.56,699424.4041800,0
1771330200000,29.38400,29.42100,29.37200,29.42100,12435.32,1771330499999,365505.3994300,2818,6206.23,182444.5560800,0
1771330500000,29.42000,29.46700,29.37400,29.45200,20989.27,1771330799999,617925.7538000,3811,15096.49,444456.2355400,0
1771330800000,29.45200,29.51200,29.40800,29.43100,27136.99,1771331099999,799822.6599300,4081,18172.49,535733.0931300,0
1771331100000,29.43200,29.55400,29.42500,29.53900,17216.97,1771331399999,507990.1816800,3623,12816.49,378196.7450500,0
1771331400000,29.54000,29.54200,29.40800,29.41300,16989.32,1771331699999,500845.8184500,3340,10043.11,296182.9446400,0
1771331700000,29.41200,29.57800,29.39700,29.56300,46781.34,1771331999999,1380635.2386100,6498,35552.81,1049244.4762600,0
1771332000000,29.56200,29.62600,29.53300,29.54300,35462.27,1771332299999,1049376.7457300,6588,24538.76,726203.8047900,0
1771332300000,29.54300,29.55000,29.49500,29.53800,16935.72,1771332599999,499957.1763800,3528,7178.77,211922.1613900,0
1771332600000,29.53700,29.54700,29.42900,29.46300,24636.30,1771332899999,726033.9812400,4248,7684.27,226518.1661200,0
1771332900000,29.46300,29.49600,29.42000,29.47600,11579.70,1771333199999,341051.7541700,2740,5999.80,176721.8065700,0
1771333200000,29.47600,29.49000,29.34500,29.36200,32293.34,1771333499999,949742.7732900,5674,8046.15,236861.3759900,0
1771333500000,29.37000,29.51300,29.35500,29.48200,40705.73,1771333799999,1197423.8259300,5636,22257.83,654915.7339400,0
1771333800000,29.48200,29.59200,29.47900,29.51300,24945.40,1771334099999,736849.4145200,4051,15238.41,450236.5396900,0
1771334100000,29.51400,29.59500,29.48400,29.56200,21204.65,1771334399999,626174.4009700,4057,12910.48,381376.3433200,0
1771334400000,29.56000,29.64700,29.55000,29.64000,30060.25,1771334699999,889868.1383800,4686,20183.61,597478.1797400,0
1771334700000,29.63900,29.65900,29.52100,29.54800,14407.26,1771334999999,425990.4427000,3220,5819.88,172071.0682600,0
1771335000000,29.54900,29.56600,29.51100,29.52800,9996.45,1771335299999,295217.0259500,2523,5599.41,165357.6875800,0
1771335300000,29.53000,29.56900,29.50500,29.53800,11884.04,1771335599999,351094.2623300,2880,8631.06,255029.1309900,0
1771335600000,29.53800,29.55500,29.49700,29.54000,14080.82,1771335899999,415872.6304200,2407,6896.22,203711.0931900,0
1771335900000,29.53900,29.56200,29.51300,29.54100,8997.35,1771336199999,265801.6930800,2321,4458.74,131722.3801600,0
1771336200000,29.54100,29.76300,29.53500,29.72800,53648.22,1771336499999,1592081.0974900,8100,37085.67,1100591.5986100,0
1771336500000,29.72900,29.77300,29.67600,29.68400,31093.67,1771336799999,924423.3541000,5001,18411.85,547480.7395700,0
1771336800000,29.68500,29.73700,29.62500,29.73700,18985.00,1771337099999,563263.4924800,4083,8262.27,245186.2407900,0
1771337100000,29.73600,29.82100,29.68100,29.69900,29496.37,1771337399999,877965.7600500,4656,17958.17,534625.5067800,0
1771337400000,29.70000,29.72700,29.68600,29.70400,16323.54,1771337699999,485014.7173000,2067,6156.31,182955.3427100,0
1771337700000,29.70400,29.75800,29.68400,29.72000,22093.09,1771337999999,656756.1966100,2933,10214.26,303648.3140700,0
1771338000000,29.72100,29.75500,29.67000,29.68800,13614.08,1771338299999,404568.6814100,2396,6743.56,200487.1015700,0
1771338300000,29.68700,29.72700,29.68400,29.69000,5603.83,1771338599999,166433.5935700,2028,3250.15,96531.0374200,0
1771338600000,29.69100,29.84100,29.66400,29.79400,33242.63,1771338899999,989199.4857500,7579,17010.92,506196.6158100,0
1771338900000,29.79300,29.81700,29.58100,29.71000,52360.33,1771339199999,1554477.5193300,8733,25294.05,751307.6864200,0
1771339200000,29.70900,29.72100,29.32400,29.39800,139834.02,1771339499999,4121306.8824700,15230,43067.04,1269981.6304000,0
1771339500000,29.39800,29.39800,29.09400,29.29200,209153.73,1771339799999,6114733.8857400,19792,80637.85,2357413.8919100,0
1771339800000,29.29000,29.31000,29.02400,29.13100,108504.82,1771340099999,3162926.4685400,13031,43059.52,1255812.4322800,0
1771340100000,29.13300,29.20600,29.06200,29.18000,56321.50,1771340399999,1641126.3217100,7904,28038.09,816970.6586800,0
1771340400000,29.18000,29.28400,29.09500,29.23900,80058.32,1771340699999,2336747.9602500,9700,37993.18,1109585.1128600,0
1771340700000,29.24100,29.39400,29.19000,29.30900,41544.33,1771340999999,1216702.5382900,7757,24351.98,713326.1528900,0
1771341000000,29.30900,29.37200,29.15100,29.16000,65857.21,1771341299999,1924553.1268100,9429,18037.33,527476.5080100,0
1771341300000,29.16300,29.36100,29.16200,29.35200,49783.27,1771341599999,1458148.4547900,7474,31084.82,910244.4906800,0
1771341600000,29.35400,29.36800,29.21900,29.25900,25250.40,1771341899999,739770.4636900,5009,10910.18,319706.8440000,0
1771341900000,29.25800,29.27100,29.14800,29.18600,48290.72,1771342199999,1409578.4266500,7283,26101.52,762058.6219400,0
1771342200000,29.18600,29.21000,29.01100,29.11700,63397.36,1771342499999,1844816.6634900,8482,20387.80,593502.9721600,0
1771342500000,29.11800,29.30000,29.11800,29.28800,48690.89,1771342799999,1423490.9237800,8419,20232.27,591621.1985100,0
1771342800000,29.28900,29.42100,29.27500,29.41800,80240.13,1771343099999,2355217.4087000,7641,50488.37,1482171.5168700,0
1771343100000,29.41800,29.56600,29.39000,29.53100,90288.70,1771343399999,2663990.5005500,10536,59970.81,1769739.6916600,0
1771343400000,29.53000,29.61600,29.50500,29.58000,48580.25,1771343699999,1436550.4678000,7108,28548.87,844407.2503500,0
1771343700000,29.57900,29.70000,29.54700,29.56700,40969.69,1771343999999,1213332.3778600,6292,25730.58,762117.9166900,0
1771344000000,29.56800,29.84500,29.55600,29.82000,96314.36,1771344299999,2866194.8396700,12079,66201.95,1970113.6830300,0
1771344300000,29.82000,30.01500,29.80100,29.97100,143538.84,1771344599999,4298068.0708800,16628,86953.97,2603995.2701500,0
1771344600000,29.97000,29.99100,29.84900,29.86700,67651.67,1771344899999,2022592.7057500,9193,35146.95,1051053.4058200,0
1771344900000,29.86700,30.07600,29.84200,30.02500,56007.34,1771345199999,1678280.8275800,7852,31461.73,943266.5394100,0
1771345200000,30.02500,30.07000,29.89000,29.94600,36595.64,1771345499999,1097064.1585100,5475,14306.48,429100.8620300,0
1771345500000,29.94800,29.99800,29.80600,29.81700,28595.69,1771345799999,855035.7750900,5482,12456.45,372630.9963200,0
1771345800000,29.81500,29.98300,29.79200,29.97700,60204.30,1771346099999,1798658.3645400,7502,27007.19,806850.5811500,0
1771346100000,29.97700,30.13300,29.95000,30.08400,52924.39,1771346399999,1591194.4844200,7637,37122.32,1116399.7844200,0
1771346400000,30.08400,30.13900,30.00000,30.02900,41145.39,1771346699999,1236491.4772500,5749,16500.52,496037.1313800,0
1771346700000,30.02800,30.03400,29.87000,29.90700,34913.12,1771346999999,1045221.9741800,6567,14969.40,448137.7217000,0
1771347000000,29.90800,29.97700,29.87200,29.94900,15142.57,1771347299999,452982.7737500,4327,5704.89,170698.0101800,0
1771347300000,29.95000,30.00100,29.85900,29.86800,21520.17,1771347599999,644054.0292100,4647,10078.14,301746.8293000,0
1771347600000,29.86800,30.07900,29.83300,29.97100,83279.48,1771347899999,2496643.8779000,8627,50253.77,1506431.1474400,0
1771347900000,29.97000,30.00600,29.85700,29.85800,22082.89,1771348199999,661206.7613000,4347,7708.90,230941.2838700,0
1771348200000,29.85900,29.87000,29.58500,29.66400,84701.83,1771348499999,2513634.5176400,12849,18163.88,539232.0317600,0
1771348500000,29.66600,29.74100,29.64600,29.68400,29751.45,1771348799999,883616.1697700,5228,12366.63,367440.9865500,0
1771348800000,29.68300,29.70600,29.54800,29.64100,34155.59,1771349099999,1011443.4199100,6044,14625.73,432962.2374200,0
1771349100000,29.64100,29.67900,29.60400,29.67100,23061.92,1771349399999,683397.2507000,5427,8001.47,237192.4013200,0
1771349400000,29.67000,29.67600,29.43200,29.47100,45017.37,1771349699999,1328369.7375100,6649,17145.34,505821.1609100,0
1771349700000,29.47000,29.54400,29.41500,29.42000,35589.46,1771349999999,1049399.5054400,4766,10444.24,307989.3886300,0
1771350000000,29.42100,29.42300,29.24900,29.30800,75382.78,1771350299999,2210621.1671600,9315,18136.41,531919.7100400,0
1771350300000,29.30800,29.39200,29.26600,29.32200,50864.28,1771350599999,1491082.4819000,6881,24426.84,716301.9594700,0
1771350600000,29.32200,29.42600,29.28000,29.32100,31635.80,1771350899999,927837.9619600,5504,10481.11,307629.0239200,0
1771350900000,29.32000,29.41700,29.30000,29.35900,27854.00,1771351199999,817512.7895300,4682,11538.43,338711.8674500,0
1771351200000,29.35900,29.38800,29.28500,29.28500,31321.39,1771351499999,919029.6145200,5637,14038.90,412049.5539900,0
1771351500000,29.28400,29.48100,29.26100,29.45100,66894.56,1771351799999,1966351.1150000,8619,44735.07,1314912.7093000,0
1771351800000,29.45000,29.51300,29.38200,29.47800,43057.07,1771352099999,1268087.5142500,5963,21628.64,637212.6270800,0
1771352100000,29.47700,29.51900,29.31800,29.36800,27790.56,1771352399999,818139.6869200,5622,12508.66,368417.7353200,0
1771352400000,29.36900,29.67700,29.36900,29.60400,52788.90,1771352699999,1561260.6278300,8831,30079.00,889332.8427500,0
1771352700000,29.60300,29.68000,29.55400,29.64000,14481.78,1771352999999,428946.0188800,3503,7447.51,220720.2258800,0
1771353000000,29.64100,29.67700,29.59200,29.61200,18648.12,1771353299999,552552.8807200,3915,6706.53,198749.1862000,0
1771353300000,29.61100,29.65300,29.55000,29.64300,19369.61,1771353599999,573259.3748400,4172,9915.31,293516.0278600,0
1771353600000,29.64300,29.74800,29.58600,29.61300,50589.19,1771353899999,1501230.2692300,5830,17758.44,526956.8843700,0
1771353900000,29.61300,29.68400,29.56500,29.59700,18916.95,1771354199999,560646.8225200,4791,7902.71,234178.4383300,0
1771354200000,29.59800,29.72000,29.59800,29.69000,14878.86,1771354499999,441485.2518200,3898,8310.65,246553.3332100,0
1771354500000,29.69100,29.73600,29.63100,29.63800,14795.94,1771354799999,439271.8830400,3552,7420.27,220373.9521500,0
1771354800000,29.63900,29.71500,29.62200,29.68900,11805.38,1771355099999,350314.6069100,3610,4731.72,140438.7978200,0
1771355100000,29.69000,29.74200,29.59800,29.63800,16449.72,1771355399999,487800.6876100,3963,4739.14,140559.4191900,0
1771355400000,29.63900,29.73300,29.59600,29.71400,10306.01,1771355699999,305615.4857700,3529,5902.80,175106.5427600,0
1771355700000,29.71300,29.73200,29.57300,29.58900,18472.41,1771355999999,547710.7173500,4599,6871.26,203901.8352800,0
1771356000000,29.58800,29.68300,29.56200,29.64800,15811.33,1771356299999,468426.7794300,3603,6967.78,206485.1720500,0
1771356300000,29.64700,29.64700,29.52300,29.57900,18273.38,1771356599999,540551.5295600,3870,12021.98,355628.2649200,0
1771356600000,29.57900,29.63200,29.53200,29.58000,13782.15,1771356899999,407832.2132700,3805,7552.29,223529.8198800,0
1771356900000,29.58100,29.64600,29.51100,29.64600,14940.25,1771357199999,441994.0720500,3904,8522.12,252196.2717000,0
1771357200000,29.64700,29.66000,29.56200,29.62400,10972.29,1771357499999,324740.3373600,3124,5144.62,152246.5353500,0
1771357500000,29.62400,29.66100,29.56400,29.57000,10909.62,1771357799999,322994.4647500,2781,2979.48,88231.8374800,0
1771357800000,29.56900,29.58400,29.47700,29.56700,22619.05,1771358099999,667811.3745000,3890,7816.37,230821.7131100,0
1771358100000,29.56700,29.59400,29.51600,29.53500,7660.32,1771358399999,226411.0608500,2363,4007.07,118439.5665300,0
1771358400000,29.53500,29.59000,29.44500,29.48900,17696.86,1771358699999,522216.0149200,3617,6178.97,182496.8169400,0
1771358700000,29.49000,29.52900,29.46600,29.48200,10373.60,1771358999999,306009.5360800,3074,4883.43,144054.6336900,0
1771359000000,29.48300,29.51400,29.39800,29.43500,23926.58,1771359299999,704070.6639500,3686,6785.96,199733.9672000,0
1771359300000,29.43600,29.45100,29.36900,29.37100,16286.37,1771359599999,479013.2815100,2577,4796.21,140989.2080700,0
1771359600000,29.37200,29.45600,29.33800,29.43500,51117.38,1771359899999,1503307.8084200,5079,19568.39,575398.5107900,0
1771359900000,29.43400,29.58200,29.43400,29.56200,13420.27,1771360199999,396141.6136000,3464,8697.59,256755.3633000,0
1771360200000,29.56100,29.56500,29.45900,29.55500,19518.56,1771360499999,576388.0113600,3584,7185.56,212166.3974000,0
1771360500000,29.55400,29.61600,29.52800,29.61300,12097.68,1771360799999,357742.7643800,2830,7447.82,220260.5233600,0
1771360800000,29.61300,29.70000,29.61200,29.63700,20439.22,1771361099999,606355.6442800,3744,13853.67,410986.5809000,0
1771361100000,29.63500,29.66400,29.58400,29.60700,9837.56,1771361399999,291373.9913900,2534,3257.44,96487.6574800,0
1771361400000,29.60700,29.64100,29.58700,29.63900,5668.41,1771361699999,167898.4511200,2189,2777.84,82282.9264100,0
1771361700000,29.63800,29.69900,29.62200,29.68200,10867.97,1771361999999,322418.3644200,2699,6615.67,196253.4428100,0
1771362000000,29.67800,29.80000,29.65900,29.77700,24011.74,1771362299999,714186.9160800,4471,14769.60,439314.3170400,0
1771362300000,29.77700,29.84000,29.71100,29.74400,20467.17,1771362599999,609461.6974500,4086,8506.10,253415.2784000,0
1771362600000,29.74300,29.82800,29.70900,29.81300,10320.71,1771362899999,307141.7471300,2805,4150.75,123583.8587100,0
1771362900000,29.81200,29.83200,29.73900,29.76100,17838.12,1771363199999,531578.2588400,3269,4109.85,122452.5412300,0
1771363200000,29.76100,29.77600,29.64200,29.69100,10853.16,1771363499999,322359.3012300,3016,4436.80,131758.3291300,0
1771363500000,29.69200,29.71100,29.67700,29.69100,5059.80,1771363799999,150259.3367700,1671,3138.93,93220.8052200,0
1771363800000,29.69200,29.69500,29.64400,29.69200,5068.37,1771364099999,150379.3984600,1299,2290.07,67966.8906600,0
1771364100000,29.69100,29.73800,29.67500,29.73800,6862.81,1771364399999,203858.0985100,1753,4631.45,137596.3085900,0
1771364400000,29.73800,29.88500,29.73700,29.88100,23601.94,1771364699999,703903.6054500,4012,19580.85,583990.7340600,0
1771364700000,29.88100,29.91300,29.79300,29.80500,24526.12,1771364999999,732080.4685200,3593,8562.73,255675.8507800,0
1771365000000,29.80500,29.84500,29.78200,29.81900,4718.41,1771365299999,140661.2679600,1372,2407.00,71758.9770200,0
1771365300000,29.81900,29.87900,29.81900,29.86400,4437.69,1771365599999,132508.5536500,1306,2614.63,78072.8273800,0
1771365600000,29.86300,29.87100,29.82700,29.86100,6864.54,1771365899999,204929.1211100,1816,3714.58,110883.6718400,0
1771365900000,29.86000,29.88900,29.83800,29.84500,4660.64,1771366199999,139200.4939500,1482,1428.33,42655.6035900,0
1771366200000,29.84500,29.91100,29.83700,29.86500,9511.33,1771366499999,284126.9851200,1809,3093.71,92452.2612800,0
1771366500000,29.86500,29.90400,29.82300,29.89600,6398.47,1771366799999,191053.5336800,1619,2854.75,85276.4972700,0
1771366800000,29.89500,29.90900,29.88400,29.89800,5360.32,1771367099999,160256.4614100,1211,1727.03,51634.7737200,0
1771367100000,29.89800,29.89800,29.80700,29.87500,5719.69,1771367399999,170720.0873900,1410,1945.90,58076.4025900,0
1771367400000,29.87500,29.88900,29.80900,29.80900,4461.07,1771367699999,133126.2928700,1434,1151.28,34367.6832900,0
1771367700000,29.80900,29.81900,29.73700,29.73900,16310.43,1771367999999,485784.7214400,2038,2791.06,83148.9062100,0
1771368000000,29.73900,29.76800,29.67600,29.67800,10715.21,1771368299999,318309.9467800,2276,5736.02,170395.1075900,0
1771368300000,29.67800,29.71500,29.65000,29.65100,12734.38,1771368599999,377881.3867700,1962,3414.77,101323.8920200,0
1771368600000,29.65200,29.65200,29.54500,29.60800,21584.39,1771368899999,638638.5667600,2660,9410.88,278513.0041000,0
1771368900000,29.60800,29.60900,29.55200,29.56500,4753.88,1771369199999,140584.1619700,1209,2185.17,64615.9561600,0
1771369200000,29.56400,29.56400,29.46000,29.47300,24569.65,1771369499999,724946.5054700,3722,9946.84,293387.1655700,0
1771369500000,29.47300,29.52700,29.44500,29.49000,9968.30,1771369799999,293980.0145600,2045,6591.21,194401.1426100,0
1771369800000,29.49100,29.51700,29.45800,29.51500,10781.48,1771370099999,317990.5701500,2480,6577.66,193999.3845500,0
1771370100000,29.51500,29.58000,29.49400,29.56400,12582.80,1771370399999,371754.0336500,2125,8911.44,263259.7716500,0
1771370400000,29.56400,29.63400,29.54600,29.60500,16311.67,1771370699999,482754.4384900,2815,11070.27,327567.1823700,0
1771370700000,29.60500,29.64500,29.55500,29.55700,8726.55,1771370999999,258250.1155300,1874,1939.46,57426.7997100,0
1771371000000,29.55800,29.58400,29.52900,29.55600,6794.07,1771371299999,200816.5578300,1798,3661.98,108231.2704300,0
1771371300000,29.55600,29.59700,29.50900,29.54600,7050.91,1771371599999,208358.2292200,2096,3206.81,94774.8433500,0
1771371600000,29.54100,29.59900,29.54000,29.59700,9881.47,1771371899999,292310.9492600,1328,2893.23,85574.3338500,0
1771371900000,29.59800,29.62800,29.56400,29.57000,7120.07,1771372199999,210733.4285300,1757,3387.07,100260.3182600,0
1771372200000,29.57000,29.62700,29.55700,29.59600,4142.25,1771372499999,122602.6626200,1550,2835.24,83916.4337200,0
1771372500000,29.59600,29.62500,29.48000,29.50200,18542.31,1771372799999,547501.3109500,2844,4484.93,132454.0398100,0
1771372800000,29.50300,29.58500,29.40900,29.57500,67418.09,1771373099999,1987687.9655800,8750,18875.01,556970.6038300,0
1771373100000,29.57600,29.60500,29.43900,29.47300,27010.95,1771373399999,797210.8209300,4653,8392.70,247818.4190900,0
1771373400000,29.47300,29.52500,29.43400,29.43400,26628.01,1771373699999,784731.7181900,3602,17581.44,518153.9958900,0
1771373700000,29.43400,29.45000,29.36200,29.37400,26667.57,1771373999999,783966.7425200,3799,4690.34,137921.5595300,0
1771374000000,29.37400,29.38800,29.29200,29.29500,28476.41,1771374299999,835442.0946100,3501,12398.37,363839.9049500,0
1771374300000,29.29500,29.35500,29.26200,29.33200,24758.39,1771374599999,725312.7717600,3879,9809.64,287466.9863200,0
1771374600000,29.33300,29.42800,29.30900,29.38200,14723.08,1771374899999,432502.0302800,3025,9333.78,274179.4481200,0
1771374900000,29.38300,29.39000,29.31800,29.34700,9137.59,1771375199999,268150.2310000,2307,3198.65,93870.4545900,0
1771375200000,29.34600,29.34700,29.28400,29.29600,12908.74,1771375499999,378295.5797100,2038,6390.17,187202.3005600,0
1771375500000,29.29700,29.29800,29.20100,29.20900,24996.61,1771375799999,730983.5851900,3773,10920.42,319473.6016100,0
1771375800000,29.21000,29.23400,29.10000,29.11400,57375.62,1771376099999,1672629.2413800,6292,14429.26,420741.5830600,0
1771376100000,29.11300,29.12600,29.03600,29.08800,39733.45,1771376399999,1155470.7480600,6130,10516.27,305887.1648700,0
1771376400000,29.08800,29.13600,29.03000,29.04800,38114.84,1771376699999,1108517.1933800,6357,12466.56,362619.8382900,0
1771376700000,29.04900,29.11900,29.02900,29.04000,32169.91,1771376999999,934811.2664200,5430,10159.11,295312.1995100,0
1771377000000,29.04000,29.04800,28.92500,29.02000,96633.53,1771377299999,2801893.9172800,7596,25534.28,740328.0013200,0
1771377300000,29.02000,29.07400,29.01800,29.03000,16086.80,1771377599999,467205.6590000,2985,8763.50,254533.3773100,0
1771377600000,29.03100,29.05300,29.00700,29.01000,17481.69,1771377899999,507593.2471400,2280,8653.79,251290.2859400,0
1771377900000,29.00900,29.03400,28.99000,29.02300,15452.52,1771378199999,448306.8486800,2040,9552.89,277182.8066200,0
1771378200000,29.02200,29.02200,28.81700,28.92300,80948.37,1771378499999,2339142.9661400,9684,28857.47,833974.5892600,0
1771378500000,28.92300,29.04500,28.92100,29.00500,33018.95,1771378799999,957226.7960800,4725,23444.18,679744.1214700,0
1771378800000,29.00600,29.10300,28.97300,29.08700,18536.19,1771379099999,538478.4507800,3883,10423.79,302815.7473900,0
1771379100000,29.08500,29.08500,29.01300,29.01400,12455.14,1771379399999,361879.2573600,2590,4321.79,125563.6545200,0
1771379400000,29.01400,29.10800,29.01400,29.05600,17336.89,1771379699999,504059.0323000,3328,10406.92,302554.8711200,0
1771379700000,29.05600,29.11300,29.04200,29.06300,11013.93,1771379999999,320230.5898800,2636,6206.81,180463.5948900,0
1771380000000,29.06300,29.12500,29.06000,29.06900,29523.90,1771380299999,858649.9645200,3549,20942.04,609048.8099200,0
1771380300000,29.06900,29.15100,29.03700,29.14900,14210.48,1771380599999,413518.8213500,3567,7073.17,205850.4558200,0
1771380600000,29.14700,29.15500,29.06400,29.07000,11562.71,1771380899999,336651.8997400,2886,4298.99,125180.2599900,0
1771380900000,29.07000,29.11700,29.04600,29.04600,12373.02,1771381199999,359877.6737100,2373,6300.66,183306.8122500,0
1771381200000,29.04600,29.10900,29.03100,29.06000,17199.32,1771381499999,500318.5894200,2090,4798.28,139519.4353600,0
1771381500000,29.06100,29.11500,29.05900,29.10100,7052.03,1771381799999,205160.4881400,1577,4165.39,121176.0552000,0
1771381800000,29.10100,29.16500,29.08100,29.15100,10595.06,1771382099999,308477.8513800,1950,5450.68,158736.9419800,0
1771382100000,29.15100,29.21100,29.14300,29.14400,17856.75,1771382399999,520969.4655800,3222,9196.50,268274.9292600,0
1771382400000,29.14400,29.17300,29.13400,29.17300,5990.39,1771382699999,174612.1170700,1439,3569.83,104053.9819400,0
1771382700000,29.17300,29.20000,29.13100,29.16800,16174.76,1771382999999,471756.9447500,2356,9941.76,289947.1241200,0
1771383000000,29.16900,29.17300,29.12700,29.14100,5530.14,1771383299999,161217.9545300,1726,2556.04,74510.0238300,0
1771383300000,29.14100,29.18200,29.10500,29.16900,5629.53,1771383599999,164031.1856600,1609,2703.85,78804.1611000,0
1771383600000,29.16800,29.23800,29.15500,29.20400,15680.31,1771383899999,457980.6170800,2613,11113.67,324633.6192800,0
1771383900000,29.20300,29.22200,29.11600,29.13000,16741.16,1771384199999,488135.4035300,2852,5915.07,172490.5915300,0
1771384200000,29.13000,29.22300,29.12000,29.20600,8866.81,1771384499999,258729.6117000,2177,6338.64,184953.5730000,0
1771384500000,29.20700,29.26200,29.20100,29.25900,24322.46,1771384799999,711234.4196900,3093,13851.43,405010.5700600,0
1771384800000,29.25900,29.34400,29.25300,29.33600,31412.79,1771385099999,920809.0649200,3986,22734.61,666411.2207900,0
1771385100000,29.33500,29.36000,29.31100,29.33000,19495.32,1771385399999,571916.0818900,3486,12173.68,357178.3926900,0
1771385400000,29.33000,29.39200,29.32100,29.38200,17546.81,1771385699999,515262.3799600,3562,9495.57,278860.9400100,0
1771385700000,29.37600,29.44900,29.36600,29.43200,23909.97,1771385999999,703202.1436400,4140,18569.67,546141.1335900,0
1771386000000,29.43200,29.43200,29.35000,29.36500,20936.66,1771386299999,615084.0020400,2244,3758.06,110477.6512700,0
1771386300000,29.36400,29.39000,29.28600,29.32000,17455.21,1771386599999,511824.9627700,2711,4624.70,135679.3319700,0
1771386600000,29.32100,29.34300,29.31800,29.32000,6031.84,1771386899999,176937.3271900,1175,2542.74,74580.4282200,0
1771386900000,29.31900,29.33200,29.26600,29.26700,11575.49,1771387199999,339038.7926800,2343,3488.42,102209.8462200,0
1771387200000,29.26800,29.34000,29.25400,29.28800,16196.07,1771387499999,474529.9705300,3386,8583.28,251463.5859800,0
1771387500000,29.28800,29.39600,29.28800,29.38200,12228.08,1771387799999,358972.8043900,2969,7470.83,219294.4115600,0
1771387800000,29.38100,29.41300,29.30700,29.33100,10251.44,1771388099999,300972.5335700,2423,3928.27,115343.3145200,0
1771388100000,29.33200,29.39100,29.31500,29.38700,7112.77,1771388399999,208782.8506000,1941,4188.68,122974.4332100,0
1771388400000,29.38400,29.39800,29.33300,29.36600,8083.10,1771388699999,237397.2370600,1950,2129.09,62514.4102500,0
1771388700000,29.36600,29.39300,29.32000,29.32900,10832.23,1771388999999,317922.3652200,2103,2768.38,81289.0272500,0
1771389000000,29.32800,29.34900,29.30700,29.32000,5829.09,1771389299999,170964.4995500,1912,3449.04,101154.7561300,0
1771389300000,29.32000,29.32600,29.19800,29.23100,28244.93,1771389599999,826168.3904900,3771,7627.51,223121.0933000,0
1771389600000,29.23100,29.24900,29.21500,29.24100,8449.15,1771389899999,246965.5840200,1727,3068.89,89704.5286800,0
1771389900000,29.24000,29.26700,29.20600,29.23600,15868.43,1771390199999,463902.8268200,2537,6795.26,198719.1176100,0
1771390200000,29.23500,29.32200,29.20400,29.30800,11203.45,1771390499999,327914.5464100,2120,7468.29,218589.3226500,0
1771390500000,29.30800,29.34800,29.29200,29.32800,18961.94,1771390799999,556035.2705200,2347,9664.95,283395.4531100,0
1771390800000,29.32700,29.41200,29.32200,29.39200,26626.40,1771391099999,781677.7389100,3122,20763.04,609514.3016400,0
1771391100000,29.39200,29.42000,29.36700,29.36900,7362.17,1771391399999,216430.7375400,1864,3347.67,98410.2876500,0
1771391400000,29.36800,29.39600,29.33600,29.35000,9186.87,1771391699999,269774.9474600,1856,3075.39,90329.0927500,0
1771391700000,29.35100,29.38000,29.30800,29.37400,13944.77,1771391999999,408977.0008900,2152,3878.42,113778.7851300,0
1771392000000,29.37300,29.40200,29.34000,29.37100,6770.17,1771392299999,198858.6635400,1755,3480.96,102266.8871100,0
1771392300000,29.37300,29.38900,29.31000,29.31200,18142.30,1771392599999,532478.2630500,2565,8280.62,243023.9764000,0
1771392600000,29.31100,29.33100,29.26300,29.30000,11365.00,1771392899999,332913.5759400,2445,5857.79,171590.6772800,0
1771392900000,29.30100,29.35800,29.30100,29.32500,8553.46,1771393199999,250867.9988500,1903,6112.52,179273.3390700,0
1771393200000,29.32500,29.35000,29.31100,29.34100,5793.39,1771393499999,169944.7094600,1638,2865.61,84066.7243600,0
1771393500000,29.34200,29.41500,29.34100,29.40700,10023.04,1771393799999,294549.1924600,2060,5789.26,170122.5847900,0
1771393800000,29.40700,29.40700,29.33100,29.37500,10577.14,1771394099999,310563.5743800,1908,3775.55,110869.3772500,0
1771394100000,29.37400,29.38800,29.33100,29.34700,7723.83,1771394399999,226741.6244600,1607,3608.05,105912.1479300,0
1771394400000,29.34700,29.38600,29.33400,29.37500,8478.92,1771394699999,248900.5980600,1857,4207.49,123506.5141000,0
1771394700000,29.37400,29.45700,29.37000,29.40000,13154.71,1771394999999,386936.8013600,2508,8888.39,261433.8499300,0
1771395000000,29.40000,29.44000,29.37900,29.44000,12026.20,1771395299999,353637.5144000,2247,7010.07,206156.4135400,0
1771395300000,29.44000,29.49900,29.37500,29.40800,17709.53,1771395599999,521397.9996500,3051,10546.46,310643.9206600,0
1771395600000,29.40800,29.41700,29.33700,29.38800,12695.40,1771395899999,372990.3839200,2227,6376.91,187349.2976100,0
1771395900000,29.38800,29.41300,29.37100,29.37700,5928.30,1771396199999,174231.9841400,1589,3819.61,112265.3635500,0
1771396200000,29.37600,29.46600,29.36800,29.44100,23205.39,1771396499999,682934.0189500,2851,6377.00,187635.0786800,0
1771396500000,29.43900,29.48200,29.42500,29.47200,8645.36,1771396799999,254630.3336300,1749,5069.37,149337.4416000,0
1771396800000,29.47300,29.48200,29.44200,29.45200,7516.69,1771397099999,221478.6247500,1647,3805.85,112135.7162500,0
1771397100000,29.45200,29.48200,29.42700,29.47800,7679.23,1771397399999,226222.6432600,2042,4055.04,119455.1316400,0
1771397400000,29.47800,29.49400,29.46800,29.47800,12240.37,1771397699999,360847.2628400,2311,7364.47,217114.6833000,0
1771397700000,29.47800,29.49500,29.44700,29.47000,30736.53,1771397999999,905748.8225500,4054,12871.44,379413.4149500,0
1771398000000,29.47000,29.60900,29.47000,29.52100,56020.78,1771398299999,1655173.8099300,9526,37864.19,1118726.8831200,0
1771398300000,29.52000,29.53300,29.47700,29.49500,8771.21,1771398599999,258809.7198700,1962,5026.32,148306.1543300,0
1771398600000,29.49500,29.50300,29.48000,29.48400,5467.44,1771398899999,161228.0568900,1333,3101.41,91461.6386100,0
1771398900000,29.48300,29.49400,29.46600,29.48600,13287.38,1771399199999,391778.7428600,1361,3339.90,98469.6510600,0
1771399200000,29.48600,29.51800,29.45500,29.46400,42305.64,1771399499999,1247237.3503400,2823,13437.08,396210.8784700,0
1771399500000,29.46400,29.51400,29.46300,29.48800,9338.23,1771399799999,275350.9310200,1708,6498.44,191628.3764800,0
1771399800000,29.48700,29.49200,29.40100,29.44400,16528.89,1771400099999,486527.2981700,2397,4691.32,138112.1311500,0
1771400100000,29.44400,29.57100,29.43900,29.57100,32913.51,1771400399999,970898.7037400,3259,28365.73,836647.7268600,0
1771400400000,29.57000,29.66000,29.57000,29.65000,49651.67,1771400699999,1470085.0333400,6032,27945.54,827646.6626400,0
1771400700000,29.64900,29.71400,29.61100,29.69800,35201.71,1771400999999,1044420.2160700,6809,20701.76,614274.9124500,0
1771401000000,29.69700,29.70500,29.55000,29.68200,31688.43,1771401299999,939389.2886300,5847,16682.85,494605.8880200,0
1771401300000,29.68100,29.71500,29.62800,29.65300,23522.54,1771401599999,698090.8711400,4363,16905.83,501765.8078900,0
1771401600000,29.65300,29.70700,29.50600,29.51500,39234.90,1771401899999,1161862.4584900,7367,21199.50,628063.3167000,0
1771401900000,29.51500,29.61600,29.50400,29.56600,34107.69,1771402199999,1008228.7929500,4252,25808.74,762831.1622100,0
1771402200000,29.56600,29.65800,29.56600,29.65300,17766.30,1771402499999,526192.8165800,3282,9928.03,294080.1841600,0
1771402500000,29.65300,29.77100,29.59700,29.69000,49916.85,1771402799999,1482641.3014600,6891,31489.97,935413.3104100,0
1771402800000,29.69100,29.71800,29.66100,29.70800,10003.98,1771403099999,296936.3348800,2894,4145.68,123057.5155700,0
1771403100000,29.70800,29.77900,29.67100,29.70600,19687.64,1771403399999,585000.8403500,4115,7915.68,235353.6936900,0
1771403400000,29.70700,29.73600,29.65200,29.68900,15496.27,1771403699999,460227.2961700,3768,7920.48,235298.4196500,0
1771403700000,29.68800,29.69600,29.60500,29.62200,14208.40,1771403999999,421246.4817900,3024,4397.60,130410.7810400,0
1771404000000,29.62300,29.68200,29.60100,29.60500,10270.73,1771404299999,304438.1569500,2707,4559.04,135169.6607600,0
1771404300000,29.60400,29.67900,29.60000,29.66900,17486.47,1771404599999,518416.7076800,3192,9726.16,288308.1203000,0
1771404600000,29.66900,29.69700,29.40900,29.44700,111107.52,1771404899999,3279956.8448500,7817,25607.16,755807.4149400,0
1771404900000,29.44800,29.51200,29.42100,29.46700,28941.16,1771405199999,852859.9952100,4005,18332.78,540233.8760400,0
1771405200000,29.46800,29.48900,29.40500,29.46200,25737.32,1771405499999,757770.1678700,3706,13039.05,383938.5276900,0
1771405500000,29.46200,29.53600,29.46000,29.49600,12847.16,1771405799999,378967.9598200,2671,6964.80,205435.6813000,0
1771405800000,29.49700,29.51800,29.45000,29.51700,9854.13,1771406099999,290507.4582200,2593,4632.09,136555.8452200,0
1771406100000,29.51800,29.58000,29.50700,29.55100,25054.15,1771406399999,740361.7390400,4834,13381.11,395417.7124200,0
1771406400000,29.55100,29.56600,29.52600,29.53900,9262.72,1771406699999,273702.5638500,2071,3889.09,114925.7945300,0
1771406700000,29.54000,29.56600,29.48700,29.48700,12797.87,1771406999999,377963.2012000,2257,4918.90,145296.2031000,0
1771407000000,29.48700,29.49000,29.35600,29.44300,37389.73,1771407299999,1099596.9819200,4693,13365.14,393048.0392900,0
1771407300000,29.44200,29.45600,29.37300,29.38500,10392.85,1771407599999,305621.4943000,2261,5209.33,153191.1159400,0
1771407600000,29.38600,29.48100,29.38200,29.41900,28919.84,1771407899999,851279.4411100,4834,18350.92,540121.4794900,0
1771407900000,29.41700,29.44200,29.36300,29.40300,25561.49,1771408199999,751392.1213000,3822,12996.52,382038.2955300,0
1771408200000,29.40300,29.41600,29.35600,29.38800,11177.12,1771408499999,328472.9413300,2241,5140.30,151067.3586700,0
1771408500000,29.38800,29.39400,29.29300,29.34300,22328.44,1771408799999,655119.0103200,2741,8848.98,259712.6955600,0
1771408800000,29.34300,29.38000,29.32000,29.36200,16091.82,1771409099999,472258.2185700,2769,9044.38,265480.1526900,0
1771409100000,29.36000,29.38400,29.28800,29.29200,20634.80,1771409399999,605087.4548500,3102,5327.16,156245.4502500,0
1771409400000,29.29100,29.43900,29.27000,29.38500,22632.69,1771409699999,664689.3810300,3649,12058.86,354248.9039700,0
1771409700000,29.38400,29.40000,29.20000,29.20100,42778.42,1771409999999,1252292.3377200,5254,13922.22,407805.4821400,0
1771410000000,29.20200,29.27200,29.20000,29.23700,132571.40,1771410299999,3875722.0538200,6656,101181.78,2958132.7270400,0
1771410300000,29.23600,29.24000,29.12800,29.13900,62324.31,1771410599999,1817864.4517200,7961,19221.71,560658.5879300,0
1771410600000,29.13700,29.18600,29.08900,29.12100,33515.17,1771410899999,976565.0099400,5981,20031.63,583802.1605900,0
1771410900000,29.11900,29.19600,29.07800,29.12300,29685.28,1771411199999,864773.1261900,4490,14209.75,414075.7739300,0
1771411200000,29.12300,29.12300,28.92000,28.98600,89980.42,1771411499999,2609383.9509600,10294,20065.57,581950.6676500,0
1771411500000,28.98600,29.07400,28.97200,28.99900,53359.28,1771411799999,1548530.8741400,6055,30201.61,876560.5908200,0
1771411800000,28.99800,29.05400,28.97400,29.04600,19661.07,1771412099999,570459.9223300,3593,9430.96,273692.5677200,0
1771412100000,29.04600,29.08200,29.01500,29.08200,18251.04,1771412399999,530347.9185300,2685,12170.31,353709.5354400,0
1771412400000,29.08100,29.12200,29.04000,29.09500,27797.33,1771412699999,808507.5580400,4159,14420.27,419438.5242200,0
1771412700000,29.09400,29.09500,28.80100,28.84000,99463.48,1771412999999,2874325.5389400,13456,35534.38,1026620.1182900,0
1771413000000,28.83800,28.94300,28.80000,28.93100,75862.67,1771413299999,2189319.3450800,7822,40523.32,1169942.3523300,0
1771413300000,28.93100,29.01000,28.90400,28.96900,36245.59,1771413599999,1049216.4498000,5514,14293.92,413827.2998200,0
1771413600000,28.97000,29.02400,28.89900,28.99200,110698.09,1771413899999,3207313.2911700,5526,22694.23,657672.3646500,0
1771413900000,28.99200,29.04500,28.97200,28.99000,19913.83,1771414199999,577701.7971100,3432,11202.46,325001.1352100,0
1771414200000,28.99000,29.02200,28.94700,28.99800,13793.36,1771414499999,399805.6739900,2946,6839.59,198225.8019800,0
1771414500000,28.99800,29.00700,28.94600,28.95500,18974.23,1771414799999,549914.4294900,3528,11394.81,330284.4030800,0
1771414800000,28.95500,28.97200,28.92500,28.96900,16704.76,1771415099999,483597.3297200,3016,10513.35,304365.4632300,0
1771415100000,28.96900,29.00000,28.92700,28.94700,15052.30,1771415399999,435769.3851200,3051,8251.77,238907.2324700,0
1771415400000,28.94800,28.99600,28.91300,28.98900,14235.98,1771415699999,412247.0097200,2358,9201.79,266466.6620500,0
1771415700000,28.98900,29.00600,28.88300,28.88900,13026.67,1771415999999,376956.8823300,2578,5633.49,163032.9423400,0
1771416000000,28.88900,28.99000,28.83400,28.98700,29245.50,1771416299999,846084.3118900,5248,17860.56,516866.2154600,0
1771416300000,28.98700,29.16000,28.97800,29.07300,71121.83,1771416599999,2068812.4452000,7399,53519.37,1557033.9652000,0
1771416600000,29.07300,29.10800,29.02100,29.07000,13350.66,1771416899999,387984.5846700,2773,6417.75,186519.6680200,0
1771416900000,29.07000,29.12800,29.05400,29.06700,14221.45,1771417199999,413658.8255300,2603,6552.80,190594.3857600,0
1771417200000,29.06600,29.09800,29.02200,29.05600,15990.80,1771417499999,464787.7925500,2506,8366.08,243216.0778600,0
1771417500000,29.05600,29.09600,29.04600,29.08800,7233.62,1771417799999,210308.2845900,1821,4040.03,117461.9035100,0
1771417800000,29.08800,29.10700,29.00300,29.01100,20444.48,1771418099999,594092.2470400,3884,7209.22,209488.9807000,0
1771418100000,29.01300,29.07600,29.00000,29.05600,12331.03,1771418399999,357931.7139600,2690,5990.26,173891.0750100,0
1771418400000,29.05500,29.15800,29.05300,29.14400,16242.35,1771418699999,472798.1920400,3311,9569.04,278537.2809800,0
1771418700000,29.14400,29.17100,29.10500,29.15600,31711.20,1771418999999,923498.9110600,2616,11414.64,332547.4699900,0
1771419000000,29.15600,29.19400,29.13100,29.14700,19899.24,1771419299999,580346.1940400,3210,13823.19,403203.8355000,0
1771419300000,29.14600,29.16000,29.11300,29.12800,6149.09,1771419599999,179160.0423200,1388,2369.52,69026.4904100,0
1771419600000,29.12900,29.16500,29.01500,29.03800,17278.42,1771419899999,502878.4632100,3383,6420.13,187013.0515500,0
1771419900000,29.03800,29.07400,28.93000,29.05500,50105.43,1771420199999,1453427.4235900,6035,17165.38,498022.8751400,0
1771420200000,29.05500,29.08400,29.03000,29.05800,11047.83,1771420499999,321044.5419400,2081,7451.49,216554.3576300,0
1771420500000,29.05800,29.08500,28.98000,29.00600,12204.04,1771420799999,354284.9645800,2425,3817.03,110828.5730600,0
1771420800000,29.00700,29.00700,28.91300,28.99100,24894.19,1771421099999,721089.0649200,3352,11060.59,320362.5050200,0
1771421100000,28.99200,29.39400,28.99100,29.32800,156311.14,1771421399999,4572919.6349100,15090,84397.02,2467503.2492400,0
1771421400000,29.32700,29.36000,29.21000,29.34300,118710.76,1771421699999,3474394.6723100,12494,63144.48,1848395.6159700,0
1771421700000,29.34300,29.37900,29.18700,29.22500,55433.37,1771421999999,1622432.4448900,7588,22652.72,663247.1577000,0
1771422000000,29.22500,29.26900,29.08000,29.23500,72149.06,1771422299999,2105563.5824900,9563,40388.29,1178782.1067000,0
1771422300000,29.23600,29.25400,28.99000,29.08100,66288.64,1771422599999,1927175.8304900,7411,20145.39,585880.7320600,0
1771422600000,29.08200,29.21400,29.01200,29.01400,83995.62,1771422899999,2446037.7797100,8988,40325.86,1175058.5358600,0
1771422900000,29.01500,29.14500,28.98400,29.11600,46481.98,1771423199999,1350770.4938400,6725,23533.56,684434.9729500,0
1771423200000,29.11800,29.23400,29.11200,29.17800,51839.90,1771423499999,1512898.0520800,7137,35341.96,1031474.8017300,0
1771423500000,29.17800,29.23100,29.11500,29.20400,25638.21,1771423799999,748510.9084700,4124,15970.02,466280.2988200,0
1771423800000,29.20300,29.20300,29.09300,29.13300,20456.89,1771424099999,596095.2415000,3538,9045.41,263499.4774100,0
1771424100000,29.13300,29.18300,29.04000,29.05100,21387.34,1771424399999,622394.2267600,4175,8911.59,259391.0343300,0
1771424400000,29.05100,29.10200,28.97500,28.98400,44774.96,1771424699999,1299754.2569200,5406,17603.96,511109.9709100,0
1771424700000,28.97800,29.04100,28.85300,28.87000,75223.43,1771424999999,2177053.5375500,8026,24955.15,722971.7881700,0
1771425000000,28.87000,29.00000,28.82900,28.85700,96306.65,1771425299999,2784766.2779600,11422,35720.26,1033373.3624500,0
1771425300000,28.85800,28.86100,28.61300,28.79500,228524.19,1771425599999,6562361.8170400,23288,89518.76,2571459.9481800,0
1771425600000,28.79300,28.82600,28.71600,28.78100,60022.29,1771425899999,1727240.0486600,8076,36329.56,1045655.8799500,0
1771425900000,28.78100,28.89000,28.52800,28.58900,130540.45,1771426199999,3739965.6439700,14799,43262.83,1241219.1977600,0
1771426200000,28.59000,28.87400,28.58100,28.82600,65673.69,1771426499999,1887669.2479100,8995,36852.56,1059009.8343200,0
1771426500000,28.82600,28.89000,28.80400,28.85800,33015.06,1771426799999,952650.8905100,5445,19293.69,556777.5860300,0
1771426800000,28.85700,28.94300,28.85300,28.92700,49485.74,1771427099999,1430279.2391500,7526,21907.65,633123.2327500,0
1771427100000,28.92600,28.97100,28.90900,28.94500,56190.39,1771427399999,1626582.7326000,6770,36714.69,1062831.8729100,0
1771427400000,28.94500,28.96800,28.87000,28.95500,25319.32,1771427699999,732219.3694900,4084,12660.38,366123.3254500,0
1771427700000,28.95600,29.07400,28.92800,29.03500,64956.75,1771427999999,1883658.6338700,8802,34327.84,995886.8786700,0
1771428000000,29.03200,29.13500,29.02500,29.12300,43842.33,1771428299999,1275200.2742900,8004,28931.35,841592.6824000,0
1771428300000,29.12600,29.23500,29.07000,29.22800,48386.51,1771428599999,1411481.3816200,6553,30009.75,875534.2253800,0
1771428600000,29.22800,29.30800,29.15400,29.25400,37875.81,1771428899999,1107896.4614200,5782,16232.15,474859.4564800,0
1771428900000,29.25400,29.55600,29.25400,29.55600,114878.16,1771429199999,3384076.2014800,12027,71284.84,2099451.3452700,0
1771429200000,29.55600,29.59100,29.42000,29.46700,82095.63,1771429499999,2421993.4353500,8947,31987.54,944052.9927100,0
1771429500000,29.46800,29.47000,29.31200,29.35000,57981.06,1771429799999,1704445.0063600,6851,20470.41,601724.2650900,0
1771429800000,29.35000,29.39500,29.28100,29.35700,62942.68,1771430099999,1846889.0741600,6744,17246.58,506115.7408500,0
1771430100000,29.35700,29.36600,29.17300,29.20100,89179.41,1771430399999,2608547.5049400,7475,27030.40,790754.3969200,0
1771430400000,29.20100,29.28300,29.10200,29.19100,67718.95,1771430699999,1977863.8525400,6725,23485.24,685757.5480600,0
1771430700000,29.19000,29.22200,29.05900,29.10300,100018.39,1771430999999,2915542.3852600,8701,32927.48,959707.8279700,0
1771431000000,29.10400,29.16100,28.94200,28.97600,66464.79,1771431299999,1929489.1152500,8811,32803.68,952396.6636300,0
1771431300000,28.97500,29.03300,28.87200,29.01000,65617.50,1771431599999,1900000.8599700,8324,36418.34,1054977.6266800,0
1771431600000,29.01000,29.12300,29.00900,29.11300,25104.22,1771431899999,729770.2532600,4421,13343.02,387876.8355300,0
1771431900000,29.11300,29.14400,29.02400,29.10900,16073.81,1771432199999,467643.1674800,3389,6686.87,194554.1627100,0
1771432200000,29.10900,29.14100,28.95900,28.97300,33923.79,1771432499999,985561.4483000,5431,11969.26,347639.7105500,0
1771432500000,28.97300,29.05700,28.94700,29.04300,23094.41,1771432799999,669722.0166900,4344,15987.05,463634.4058800,0
1771432800000,29.04400,29.08300,28.99200,28.99200,13164.81,1771433099999,382424.6320700,2852,7511.39,218201.0705800,0
1771433100000,28.99200,29.03800,28.95500,28.95700,15087.43,1771433399999,437402.2252500,3423,7280.51,211086.2122700,0
1771433400000,28.95800,28.99300,28.87500,28.88500,19996.73,1771433699999,578403.5328100,4098,7534.29,217924.6167200,0
1771433700000,28.88500,28.88800,28.76800,28.82700,26550.35,1771433999999,765060.9736900,4522,13363.89,385081.8498500,0
1771434000000,28.82700,28.91400,28.80200,28.89100,19534.73,1771434299999,564015.0187200,3797,12572.22,362961.3506900,0
1771434300000,28.89100,29.01000,28.89100,28.93900,24905.22,1771434599999,721276.4024400,4619,13068.04,378412.2043800,0
1771434600000,28.93900,29.00800,28.76500,28.78900,41766.60,1771434899999,1206294.7277100,6283,17877.24,515886.2543800,0
1771434900000,28.78800,28.80600,28.73100,28.79300,21201.81,1771435199999,609802.8236800,4238,9801.88,281956.1162400,0
1771435200000,28.79200,28.82700,28.70500,28.72100,16185.81,1771435499999,465705.9939200,3379,7351.70,211566.3507600,0
1771435500000,28.72200,28.72200,28.59400,28.59400,40772.99,1771435799999,1167963.7921600,5516,16939.94,485239.6392000,0
1771435800000,28.59500,28.71900,28.59400,28.66400,29763.68,1771436099999,853118.4931400,4367,20196.59,578871.3144600,0
1771436100000,28.66600,28.72500,28.65600,28.69000,27056.12,1771436399999,776256.1141200,3905,13803.57,396078.4731000,0
1771436400000,28.68900,28.69200,28.55700,28.56600,17637.81,1771436699999,504554.7800800,3448,7782.10,222620.4122400,0
1771436700000,28.56600,28.69300,28.56600,28.68600,19741.15,1771436999999,564977.5506600,3064,12603.86,360628.2348300,0
1771437000000,28.68400,28.75800,28.66900,28.71400,33633.06,1771437299999,966106.8639100,4053,11755.82,337716.3257400,0
1771437300000,28.71400,28.82100,28.71000,28.79400,30560.46,1771437599999,879336.9700100,3421,13992.79,402717.9380800,0
1771437600000,28.79400,28.88000,28.75600,28.76600,27885.18,1771437899999,803884.4108500,4478,14876.76,428922.1709200,0
1771437900000,28.76600,28.81500,28.71700,28.72300,17026.54,1771438199999,489652.6394100,3582,7214.89,207502.4267300,0
1771438200000,28.72300,28.77100,28.68100,28.77100,23866.75,1771438499999,685350.2078500,2875,8478.94,243542.9963000,0
1771438500000,28.77100,28.81300,28.66200,28.69200,27429.43,1771438799999,788202.1891000,3834,9144.02,262849.4080000,0
1771438800000,28.69200,28.84800,28.59200,28.81500,118047.76,1771439099999,3387393.5826700,7825,57321.81,1645681.4056500,0
1771439100000,28.81600,28.87500,28.79600,28.82600,17149.66,1771439399999,494602.3331300,3931,9598.37,276840.2058600,0
1771439400000,28.82700,28.89100,28.74800,28.89100,17483.51,1771439699999,503925.1082400,3578,8934.76,257574.1320800,0
1771439700000,28.89100,28.90400,28.82100,28.83000,33882.39,1771439999999,977864.7642000,3067,8383.18,241989.1820400,0
1771440000000,28.83000,28.83000,28.62100,28.64800,53094.67,1771440299999,1524094.4211300,6108,15382.12,441335.4611000,0
1771440300000,28.64900,28.72000,28.61300,28.67700,29003.86,1771440599999,831275.5710200,4817,14866.40,426123.7717100,0
1771440600000,28.67800,28.74100,28.62200,28.65700,36245.26,1771440899999,1039266.9736900,5187,12788.70,366676.4803000,0
1771440900000,28.65600,28.70300,28.56500,28.59200,38880.56,1771441199999,1112342.6335300,4612,14005.69,400843.1790300,0
1771441200000,28.59100,28.68200,28.57800,28.68000,24426.39,1771441499999,699320.9012100,4898,13231.49,378852.1641200,0
1771441500000,28.68000,28.68000,28.54200,28.63100,59724.59,1771441799999,1708341.9963200,4529,10678.64,305352.1146400,0
1771441800000,28.63100,28.68300,28.53900,28.55100,13567.93,1771442099999,387968.2645600,3552,6673.13,190802.6404500,0
1771442100000,28.55000,28.60600,28.53300,28.58100,11577.99,1771442399999,330689.0525200,3032,6611.79,188841.3361500,0
1771442400000,28.58200,28.63500,28.53600,28.56400,10599.12,1771442699999,302887.2214600,3427,5586.84,159670.0941200,0
1771442700000,28.56400,28.58100,28.40000,28.55000,116642.75,1771442999999,3319578.2459600,10177,37561.84,1069326.7403800,0
1771443000000,28.55100,28.58900,28.45300,28.52400,53661.80,1771443299999,1530733.7547600,5500,17826.50,508678.8112300,0
1771443300000,28.52300,28.59600,28.48000,28.55400,45281.69,1771443599999,1292720.0165600,5923,17505.06,499908.0191100,0
1771443600000,28.55400,28.82600,28.54500,28.72400,89221.27,1771443899999,2563238.6656700,8895,43354.27,1244496.5669900,0
1771443900000,28.72600,28.75400,28.64500,28.66200,46033.16,1771444199999,1320730.9705700,5798,18399.84,528153.0906200,0
1771444200000,28.66300,28.74000,28.66000,28.67800,29851.20,1771444499999,856834.4155900,3565,12427.60,356637.4105100,0
1771444500000,28.67700,28.74400,28.62600,28.74000,18150.92,1771444799999,520617.2652600,3343,12541.86,359755.5003500,0
1771444800000,28.74100,28.82200,28.70100,28.77500,21750.81,1771445099999,626090.6626500,5215,9258.67,266466.3218300,0
1771445100000,28.77600,28.83700,28.74500,28.82300,23727.36,1771445399999,682893.4452400,3123,11043.26,317954.2317100,0
1771445400000,28.82300,28.87700,28.81500,28.85000,16492.11,1771445699999,475739.4230100,3225,10558.45,304586.4949800,0
1771445700000,28.85100,28.96200,28.79700,28.89600,39474.08,1771445999999,1139397.9253300,4867,16565.36,478613.5329300,0
1771446000000,28.89700,28.91600,28.84300,28.87900,12721.27,1771446299999,367413.8583300,3450,6442.38,186088.6772000,0
1771446300000,28.87900,28.90600,28.71200,28.74700,27724.73,1771446599999,797811.4247900,4612,7788.51,224048.5928100,0
1771446600000,28.74700,28.79000,28.71400,28.76800,14541.28,1771446899999,418113.4085000,3921,8085.13,232485.6182100,0
1771446900000,28.76900,28.80000,28.72400,28.76400,9552.32,1771447199999,274730.0795800,3434,6000.64,172570.8451000,0
1771447200000,28.76400,28.78600,28.66700,28.67400,13754.43,1771447499999,394915.9179100,3827,4892.30,140543.7090700,0
1771447500000,28.67400,28.74400,28.67000,28.70900,7648.23,1771447799999,219585.1661800,2711,4001.00,114869.3011500,0
1771447800000,28.71000,28.74000,28.60000,28.71000,33871.70,1771448099999,970867.3301200,5730,19177.70,549697.0031100,0
1771448100000,28.71000,28.80400,28.70900,28.73100,20948.99,1771448399999,602338.7838900,3580,11758.37,338091.3796200,0
1771448400000,28.73300,28.79900,28.67300,28.70300,17245.92,1771448699999,495517.6402200,3808,8411.22,241669.3529800,0
1771448700000,28.70300,28.71500,28.49700,28.53100,74897.60,1771448999999,2140153.3917200,7079,32255.44,921153.8353500,0
1771449000000,28.53000,28.67500,28.50500,28.65500,29617.23,1771449299999,846293.2863800,3243,14475.13,414000.0184200,0
1771449300000,28.65400,28.67700,28.61900,28.67400,17473.04,1771449599999,500512.6528000,2180,4565.63,130793.0616200,0
1771449600000,28.67500,28.72000,28.63200,28.68200,15433.50,1771449899999,442728.0611200,2301,11425.58,327800.0694000,0
1771449900000,28.68300,28.70200,28.61900,28.70100,8444.00,1771450199999,241932.4547700,2017,4905.13,140563.9545400,0
1771450200000,28.70100,28.72200,28.66900,28.71400,12242.45,1771450499999,351253.6187400,2011,6600.34,189434.8610400,0
1771450500000,28.71500,28.75100,28.65500,28.74600,13800.93,1771450799999,395948.5105200,2061,4637.81,133148.2525000,0
1771450800000,28.74700,28.76600,28.70800,28.70800,7291.19,1771451099999,209552.5146500,1913,3978.13,114342.1250600,0
1771451100000,28.70700,28.72200,28.66700,28.66700,4402.67,1771451399999,126346.4217300,1480,2199.11,63110.6383200,0
1771451400000,28.66600,28.66600,28.56800,28.57400,17550.77,1771451699999,501991.7832800,3200,5629.12,161037.3227600,0
1771451700000,28.57400,28.61300,28.47200,28.47600,55128.23,1771451999999,1573299.7477400,4792,15042.80,429362.2150500,0
1771452000000,28.47600,28.53600,28.46900,28.47900,21662.71,1771452299999,617328.6757100,3467,11756.26,335043.4260400,0
1771452300000,28.47800,28.55600,28.47800,28.49900,10554.17,1771452599999,301092.7220500,2355,5667.77,161682.8231600,0
1771452600000,28.49800,28.53500,28.40600,28.42200,28707.53,1771452899999,816601.0817400,3712,13356.64,379958.0615100,0
1771452900000,28.42200,28.44600,28.40500,28.44600,11358.60,1771453199999,322869.4786500,2385,5305.94,150842.4558300,0
1771453200000,28.44600,28.44800,28.31500,28.32100,45167.46,1771453499999,1281630.8091100,4721,9746.86,276504.4378600,0
1771453500000,28.32300,28.38700,28.21000,28.33600,87670.46,1771453799999,2479872.6138900,7572,30583.85,865579.4003700,0
1771453800000,28.33700,28.40300,28.28000,28.39300,48932.74,1771454099999,1386697.0443000,5042,23225.59,658234.1636200,0
1771454100000,28.39400,28.40600,28.36400,28.39900,17653.84,1771454399999,501077.7582100,2745,8593.82,243934.5841100,0
1771454400000,28.39900,28.42900,28.39100,28.41800,12975.65,1771454699999,368709.6002100,1987,7822.17,222256.8207000,0
1771454700000,28.41800,28.46600,28.41700,28.44600,9110.18,1771454999999,259092.3123500,2027,5372.51,152817.2138400,0
1771455000000,28.45300,28.54800,28.45300,28.54700,11806.50,1771455299999,336508.9929000,2406,6537.25,186344.0631600,0
1771455300000,28.54700,28.61700,28.53100,28.54400,16049.86,1771455599999,458601.6094100,2760,5818.79,166284.1609300,0
1771455600000,28.54500,28.63500,28.54500,28.60300,11545.35,1771455899999,330313.1948000,2552,5931.47,169680.2285700,0
1771455900000,28.60300,28.69100,28.59500,28.62900,25905.16,1771456199999,742176.9660400,3725,16650.12,476977.3085700,0
1771456200000,28.62800,28.68200,28.61000,28.65900,11334.15,1771456499999,324679.7546200,1979,6131.78,175644.1291100,0
1771456500000,28.65800,28.67200,28.55000,28.66700,43192.30,1771456799999,1234941.2371300,3535,12432.79,355647.1156100,0
1771456800000,28.66700,28.67300,28.59800,28.61000,6868.61,1771457099999,196738.3567100,1693,2451.75,70211.3502800,0
1771457100000,28.61100,28.65200,28.53500,28.54100,25128.42,1771457399999,717842.9563800,3362,7784.27,222404.9604800,0
1771457400000,28.54100,28.56900,28.49800,28.51200,16864.03,1771457699999,481051.6528500,3787,8757.29,249831.5211500,0
1771457700000,28.51200,28.54900,28.48900,28.49800,10208.52,1771457999999,291150.5420800,3445,4292.05,122425.9876800,0
1771458000000,28.50000,28.51400,28.46400,28.48600,9173.59,1771458299999,261312.5118600,2865,4032.07,114863.6518700,0
1771458300000,28.48600,28.57600,28.47500,28.54900,16061.71,1771458599999,458145.0501700,4477,7645.30,218087.4352000,0
1771458600000,28.54900,28.71900,28.51700,28.70400,21695.07,1771458899999,621514.8615100,4595,13528.71,387669.7352500,0
1771458900000,28.70600,28.71800,28.62000,28.67200,13350.13,1771459199999,382636.4368500,3679,4773.35,136847.6303300,0
1771459200000,28.67500,28.69100,28.51900,28.53400,37148.27,1771459499999,1062001.4444800,5559,11801.98,337357.2607000,0
1771459500000,28.53400,28.58100,28.48900,28.55500,14598.38,1771459799999,416571.3661000,2685,9996.57,285260.0959100,0
1771459800000,28.55600,28.56900,28.45100,28.49100,34394.59,1771460099999,980032.9852100,3592,10582.98,301552.8726600,0
1771460100000,28.49100,28.56900,28.49100,28.55000,7592.49,1771460399999,216636.2554100,2157,3748.18,106935.6354900,0
1771460400000,28.55000,28.55300,28.46100,28.47200,21742.87,1771460699999,619622.6305600,2530,4704.36,134056.6576000,0
1771460700000,28.47200,28.47200,28.30300,28.33600,52039.24,1771460999999,1476167.5163300,6475,21112.23,598682.4962900,0
1771461000000,28.33600,28.38000,28.28500,28.30600,20242.50,1771461299999,573387.7117400,4188,9024.54,255668.0246800,0
1771461300000,28.30600,28.42400,28.28000,28.36100,31571.44,1771461599999,895224.2078600,5584,14920.40,423046.3435700,0
1771461600000,28.36100,28.40200,28.31800,28.35200,18786.78,1771461899999,532785.4870000,4329,8089.78,229421.1572000,0
1771461900000,28.35200,28.35400,28.22700,28.24400,50230.56,1771462199999,1420829.7808000,5337,15023.81,425110.2195200,0
1771462200000,28.24400,28.35000,28.24400,28.29800,16425.43,1771462499999,465042.9969600,3875,8284.49,234527.1636000,0
1771462500000,28.29800,28.35000,28.29600,28.33900,12656.29,1771462799999,358481.6241300,2416,7327.18,207568.4412800,0
1771462800000,28.33900,28.43900,28.33900,28.35800,19630.62,1771463099999,557209.7865300,4300,10264.46,291354.2987600,0
1771463100000,28.35900,28.43200,28.32200,28.34100,23476.75,1771463399999,666007.3090700,4494,8221.21,233245.3111800,0
1771463400000,28.34100,28.54400,28.32500,28.53200,38804.12,1771463699999,1104024.1085800,6060,27517.23,782877.6026900,0
1771463700000,28.53200,28.55700,28.50600,28.52900,19740.15,1771463999999,563147.5297400,4239,9986.20,284906.8036100,0
1771464000000,28.53000,28.60000,28.45600,28.55100,24420.57,1771464299999,696740.1915700,4734,11186.30,319123.2218000,0
1771464300000,28.55100,28.63200,28.55100,28.60300,14261.78,1771464599999,407935.1635100,3806,8594.49,245819.6184900,0
1771464600000,28.60500,28.63600,28.56000,28.57400,19100.79,1771464899999,546201.9623100,3937,11785.24,337016.3919200,0
1771464900000,28.57300,28.58800,28.47300,28.49900,21744.61,1771465199999,620507.1269800,4568,11446.37,326686.0449500,0
1771465200000,28.49900,28.56500,28.47700,28.50000,14653.69,1771465499999,417977.0354200,3448,7290.62,208004.6198400,0
1771465500000,28.50100,28.51300,28.46300,28.47600,8163.98,1771465799999,232552.2789700,2790,5049.41,143831.6356000,0
1771465800000,28.47600,28.48200,28.42900,28.45800,15678.13,1771466099999,446147.2149900,2655,8595.41,244626.8282200,0
1771466100000,28.45900,28.49700,28.43900,28.48800,5458.67,1771466399999,155362.4628100,1900,2880.72,81982.2704200,0
1771466400000,28.48800,28.50600,28.39900,28.50000,15850.05,1771466699999,450983.1023800,3596,9165.07,260799.5201000,0
1771466700000,28.50000,28.59400,28.48700,28.57500,14382.56,1771466999999,410455.0176200,3047,8421.48,240279.5151800,0
1771467000000,28.57400,28.58800,28.52500,28.56500,6958.14,1771467299999,198747.3966000,1796,3114.79,88981.5767000,0
1771467300000,28.56600,28.58500,28.52800,28.55400,8289.81,1771467599999,236730.3790800,2026,2773.81,79217.2715600,0
1771467600000,28.55400,28.60200,28.53800,28.58100,9464.31,1771467899999,270452.8514700,1999,5330.69,152331.9238900,0
1771467900000,28.58200,28.63700,28.50400,28.52400,14286.26,1771468199999,408149.9494100,3026,7477.89,213670.5674000,0
1771468200000,28.52600,28.54400,28.47900,28.48800,22337.25,1771468499999,636893.1626100,2798,15151.34,432013.5628700,0
1771468500000,28.48800,28.50100,28.43700,28.49300,16489.22,1771468799999,469463.0773500,3257,8842.63,251767.8485500,0
1771468800000,28.49400,28.51100,28.43100,28.48900,8036.60,1771469099999,228845.8741100,2429,3545.23,100958.4793300,0
1771469100000,28.48900,28.53200,28.47500,28.50800,6099.18,1771469399999,173828.6191200,2288,4068.92,115970.9269900,0
1771469400000,28.50800,28.58100,28.47200,28.47800,19532.67,1771469699999,557415.8433600,3202,12475.55,356106.7080600,0
1771469700000,28.47800,28.55000,28.47000,28.53600,5197.31,1771469999999,148141.8951000,1575,2775.09,79112.4155300,0
1771470000000,28.53700,28.56500,28.49400,28.54800,5454.97,1771470299999,155604.7436300,1949,2493.95,71134.1355500,0
1771470300000,28.54800,28.56200,28.48800,28.48900,7745.34,1771470599999,220986.4014100,1832,1964.02,56026.5200600,0
1771470600000,28.48800,28.54500,28.48000,28.52000,7138.79,1771470899999,203573.5240000,1762,3109.02,88643.7553200,0
1771470900000,28.51900,28.58200,28.51900,28.53000,12253.05,1771471199999,349830.4627500,2512,2948.41,84186.4659500,0
1771471200000,28.53100,28.62800,28.50800,28.59700,18377.56,1771471499999,524987.5816000,2683,12963.58,370335.4780700,0
1771471500000,28.59800,28.62700,28.56400,28.62200,9877.40,1771471799999,282492.3674700,2210,6013.42,171990.8316700,0
1771471800000,28.62300,28.66400,28.56100,28.56900,21615.35,1771472099999,618696.2560100,2999,15209.40,435501.3140800,0
1771472100000,28.57000,28.64400,28.56500,28.62700,9646.59,1771472399999,276063.0417100,1919,5116.56,146421.9528900,0
1771472400000,28.62700,28.68600,28.62000,28.66500,12108.99,1771472699999,347037.5525600,2449,6686.06,191632.2979600,0
1771472700000,28.66500,28.78100,28.66100,28.76900,34058.16,1771472999999,978239.4030300,5473,27470.33,788962.7541100,0
1771473000000,28.76900,28.78500,28.70800,28.73800,27965.51,1771473299999,803796.4325000,3184,12063.28,346722.5523500,0
1771473300000,28.73800,28.78100,28.73100,28.73700,18582.32,1771473599999,534378.9830400,2890,13010.86,374156.0462300,0
1771473600000,28.73700,28.89000,28.73700,28.82400,46747.92,1771473899999,1347773.6099900,5364,31241.35,900884.8833800,0
1771473900000,28.82300,28.82400,28.76100,28.80000,15219.97,1771474199999,438123.9174700,2465,4196.19,120814.2714100,0
1771474200000,28.80000,28.84500,28.77900,28.83200,10443.10,1771474499999,300920.3741900,2307,5157.66,148605.3496300,0
1771474500000,28.83200,28.85900,28.81800,28.85100,10791.95,1771474799999,311251.1201100,1829,7244.51,208958.1003700,0
1771474800000,28.85200,28.86200,28.74800,28.76200,15000.32,1771475099999,431902.9125400,2280,4475.04,128870.6213200,0
1771475100000,28.76200,28.79800,28.71400,28.72600,19658.43,1771475399999,565317.8705000,2581,7843.04,225571.0110200,0
1771475400000,28.72600,28.73400,28.70100,28.71300,11940.94,1771475699999,342912.3121600,2935,5382.36,154577.6309700,0
1771475700000,28.71400,28.72600,28.63000,28.66400,32074.51,1771475999999,919897.2663400,2931,8935.40,256093.2922200,0
1771476000000,28.66400,28.71900,28.58200,28.59500,22115.12,1771476299999,633597.1193100,3973,9666.33,277133.2943500,0
1771476300000,28.59500,28.69700,28.59500,28.66900,10159.43,1771476599999,291099.1184500,2460,5718.04,163818.4775600,0
1771476600000,28.66900,28.69400,28.64100,28.67300,6218.20,1771476899999,178290.5382400,1526,4831.94,138547.9939600,0
1771476900000,28.67300,28.68800,28.65500,28.67100,3827.36,1771477199999,109741.0835700,1265,884.55,25365.2125600,0
1771477200000,28.67200,28.72300,28.65800,28.66600,7784.69,1771477499999,223388.9472000,2129,3981.60,114255.5127100,0
1771477500000,28.66600,28.66600,28.60900,28.66400,7199.39,1771477799999,206173.1974200,1788,4157.86,119070.1996900,0
1771477800000,28.66300,28.74300,28.65800,28.72900,6210.06,1771478099999,178222.0832500,1670,3281.17,94159.6914600,0
1771478100000,28.72900,28.73000,28.64400,28.68300,16077.11,1771478399999,461377.7270400,2497,4313.87,123765.0515100,0
1771478400000,28.68200,28.68200,28.57000,28.58200,9307.56,1771478699999,266243.7390500,2516,4087.77,116922.9601900,0
1771478700000,28.58200,28.62600,28.53100,28.60200,11812.04,1771478999999,337446.6400500,1980,5884.59,168121.3734600,0
1771479000000,28.60200,28.63900,28.58100,28.58400,6907.90,1771479299999,197611.1860500,2074,3365.13,96264.7538700,0
1771479300000,28.58500,28.62100,28.56900,28.57000,8238.39,1771479599999,235591.0798300,2248,3815.14,109109.2095700,0
1771479600000,28.57100,28.58200,28.54500,28.54500,5606.77,1771479899999,160147.8167000,1503,1963.30,56078.5490300,0
1771479900000,28.54600,28.59600,28.51200,28.58700,9834.13,1771480199999,280650.3704200,2709,4119.94,117589.2733300,0
1771480200000,28.58700,28.61700,28.55400,28.56900,8580.72,1771480499999,245282.3705500,2232,2321.90,66367.5478700,0
1771480500000,28.56800,28.62200,28.55600,28.61200,5427.73,1771480799999,155133.4966200,1604,2378.68,68000.2082200,0
1771480800000,28.61200,28.69000,28.60700,28.68900,20929.69,1771481099999,599535.1575000,2814,17345.77,496867.4630900,0
1771481100000,28.69100,28.73500,28.69100,28.70400,11601.99,1771481399999,333109.3320300,2806,7594.73,218071.9750400,0
1771481400000,28.70300,28.70300,28.64300,28.70300,9674.24,1771481699999,277311.2285400,1928,3030.24,86853.0269700,0
1771481700000,28.70400,28.77700,28.66200,28.72300,28671.03,1771481999999,823344.2546900,3802,14076.64,404339.3624600,0
1771482000000,28.72100,28.76200,28.64900,28.75100,11884.60,1771482299999,341185.7670700,2792,5765.90,165560.2160000,0
1771482300000,28.75200,28.77500,28.73100,28.75000,8803.81,1771482599999,253124.4906400,1966,4314.92,124067.1535600,0
1771482600000,28.75100,28.76300,28.66600,28.68200,11730.18,1771482899999,336674.9989700,2934,4283.77,122966.0286200,0
1771482900000,28.68200,28.72500,28.67900,28.70600,5128.23,1771483199999,147168.0000400,2076,1877.80,53881.5791100,0
1771483200000,28.70700,28.71400,28.65500,28.66700,10851.61,1771483499999,311214.3786800,2696,4513.43,129427.3704000,0
1771483500000,28.66800,28.73600,28.66600,28.70900,4246.23,1771483799999,121872.0619300,1768,2541.74,72948.7940000,0
1771483800000,28.71000,28.75600,28.67600,28.75500,6547.10,1771484099999,187977.2058500,1929,1315.74,37780.3434500,0
1771484100000,28.75400,28.80400,28.73600,28.78200,9143.01,1771484399999,263054.3268200,2174,4806.07,138311.5016900,0
1771484400000,28.78300,28.83800,28.78100,28.82900,13390.65,1771484699999,385856.2630100,2935,7302.50,210423.6738300,0
1771484700000,28.82900,28.83100,28.74700,28.80900,15620.77,1771484999999,449724.3047500,2326,8331.70,239880.0122700,0
1771485000000,28.80700,29.12000,28.79100,29.00400,167706.18,1771485299999,4858856.9825900,17066,127169.63,3683630.5545200,0
1771485300000,29.00500,29.01600,28.93900,28.94800,23761.90,1771485599999,688455.4926700,3642,10846.32,314255.0962600,0
1771485600000,28.94700,28.96900,28.90800,28.92200,14228.31,1771485899999,411693.2398800,2987,7009.94,202860.9522600,0
1771485900000,28.92200,28.93900,28.85600,28.88900,19248.96,1771486199999,556162.7294600,2671,6718.62,194194.7301800,0
1771486200000,28.88900,28.90900,28.83300,28.84500,19471.87,1771486499999,562073.1016400,3734,7516.40,216995.3571000,0
1771486500000,28.84500,28.98400,28.84500,28.87000,22687.20,1771486799999,656295.3321600,4214,13650.57,394982.1388100,0
1771486800000,28.87000,28.92100,28.82200,28.89400,23172.85,1771487099999,669119.0662300,3893,13983.40,403727.1146300,0
1771487100000,28.89400,29.08100,28.89300,29.05500,44815.25,1771487399999,1300022.8110900,5859,28931.88,839361.2224900,0
1771487400000,29.05500,29.19800,29.04700,29.17700,95212.31,1771487699999,2774960.7561300,11561,55646.11,1621637.5950600,0
1771487700000,29.17600,29.19200,29.11700,29.18400,24048.07,1771487999999,701159.1728700,4042,13554.11,395205.2202300,0
1771488000000,29.18400,29.20900,29.10100,29.15200,35660.45,1771488299999,1039903.0123100,6387,16199.66,472476.2803800,0
1771488300000,29.15300,29.16300,29.05400,29.05400,29901.03,1771488599999,870464.9415800,5103,10064.19,293035.2171800,0
1771488600000,29.05400,29.07000,28.99600,29.00000,19961.85,1771488899999,579477.1069800,3640,8229.93,238922.2391800,0
1771488900000,29.00000,29.02200,28.98300,28.99900,13700.88,1771489199999,397300.1367700,2786,5708.42,165539.9811700,0
1771489200000,29.00000,29.02300,28.98000,28.98900,15773.50,1771489499999,457473.3620300,3083,9112.69,264291.4147200,0
1771489500000,28.98900,29.04600,28.98900,29.04500,10265.65,1771489799999,297957.6912600,2269,6737.92,195577.2408100,0
1771489800000,29.04600,29.06400,28.92100,28.98900,32841.31,1771490099999,951867.8362800,4855,8192.62,237459.9368000,0
1771490100000,28.98900,29.00000,28.88400,28.95200,21940.07,1771490399999,634935.4637100,4435,8270.14,239349.7787200,0
1771490400000,28.95200,29.00200,28.91700,28.97800,18708.59,1771490699999,541933.4909100,3948,9352.07,270874.2684000,0
1771490700000,28.97800,28.97800,28.87300,28.94000,11106.40,1771490999999,321137.4626200,2882,6079.52,175775.8475900,0
1771491000000,28.94000,28.96300,28.89900,28.94500,11433.48,1771491299999,330868.3142400,2553,4909.11,142076.1701800,0
1771491300000,28.94600,28.99300,28.90800,28.92900,16021.84,1771491599999,463799.9160700,2691,5855.16,169538.4010800,0
1771491600000,28.93000,28.95900,28.84700,28.85400,26233.32,1771491899999,758489.9639600,4102,13909.44,402301.5301400,0
1771491900000,28.85500,29.00500,28.85500,28.99200,41798.61,1771492199999,1210194.1024200,8350,28670.04,830044.3921100,0
1771492200000,28.99300,29.01200,28.97200,29.00600,6194.41,1771492499999,179606.2380100,2029,3183.42,92309.2201700,0
1771492500000,29.00500,29.00900,28.95900,28.98300,5989.37,1771492799999,173584.1996900,1962,2615.21,75790.9465900,0
1771492800000,28.98400,29.05500,28.93400,29.03700,13339.76,1771493099999,386810.2028500,3010,8987.90,260660.7094100,0
1771493100000,29.03600,29.06500,29.00400,29.02700,11117.87,1771493399999,322748.2570000,2477,6624.10,192310.4211300,0
1771493400000,29.02600,29.02700,28.95800,29.00000,10222.56,1771493699999,296332.8690600,2215,4715.99,136704.6933500,0
1771493700000,29.00000,29.00000,28.80500,28.80600,46315.15,1771493999999,1338147.4532500,5346,14717.69,425137.8570600,0
1771494000000,28.80600,28.83300,28.67000,28.78700,79641.51,1771494299999,2289305.4473600,7150,36910.39,1060932.6900600,0
1771494300000,28.78800,28.82500,28.63300,28.64200,35682.49,1771494599999,1024064.5795600,4784,15115.27,433878.3350300,0
1771494600000,28.64100,28.77100,28.62300,28.66100,52664.10,1771494899999,1511216.2329600,6103,27945.25,801929.4689300,0
1771494900000,28.66100,28.67400,28.64500,28.66500,8349.85,1771495199999,239330.5205300,2130,3954.41,113344.5929800,0
1771495200000,28.66600,28.72800,28.56900,28.59000,31795.75,1771495499999,910569.6755100,5575,14424.34,413154.0181500,0
1771495500000,28.59100,28.65100,28.53700,28.63700,29483.61,1771495799999,842932.0630300,4811,15604.76,446278.5073600,0
1771495800000,28.63700,28.74500,28.62300,28.69200,27936.68,1771496099999,801636.5145300,4443,14871.85,426644.1274300,0
1771496100000,28.69200,28.72200,28.66800,28.72200,13322.41,1771496399999,382317.1717300,2216,7593.10,217926.3939000,0
1771496400000,28.72200,28.72200,28.62700,28.63000,8350.59,1771496699999,239468.9687500,2278,4421.56,126800.9876300,0
1771496700000,28.62900,28.67600,28.62100,28.63100,4910.91,1771496999999,140679.3075500,1919,3172.11,90875.3168600,0
1771497000000,28.63100,28.63900,28.54400,28.57700,15760.18,1771497299999,450404.5729900,3372,8103.59,231590.8027200,0
1771497300000,28.57800,28.58100,28.45400,28.55700,31216.23,1771497599999,889975.7926800,5336,12743.78,363430.1610700,0
1771497600000,28.55700,28.59400,28.52600,28.58500,7835.57,1771497899999,223855.2511000,2447,3190.33,91149.2490800,0
1771497900000,28.58500,28.58900,28.52800,28.54500,17855.66,1771498199999,509826.8275600,3099,5832.47,166526.9329900,0
1771498200000,28.54400,28.54400,28.41200,28.44800,47613.95,1771498499999,1354986.1157800,6294,15007.43,427070.9240600,0
1771498500000,28.44700,28.47900,28.41800,28.47100,16387.09,1771498799999,466261.8046600,2582,4908.08,139679.5720200,0
1771498800000,28.47000,28.49100,28.42200,28.44000,18830.66,1771499099999,535752.9079000,3149,12436.77,353876.7739100,0
1771499100000,28.44000,28.51400,28.34200,28.34300,87692.39,1771499399999,2492885.7958800,8785,42929.70,1220949.4481800,0
1771499400000,28.34200,28.42100,28.28100,28.41800,64066.03,1771499699999,1814879.9826300,6609,23646.30,670318.4120900,0
1771499700000,28.41800,28.47100,28.38200,28.40500,43242.47,1771499999999,1228933.9996000,3586,12973.42,368728.2097100,0
1771500000000,28.40500,28.42300,28.35400,28.41500,13261.48,1771500299999,376423.3836000,2309,8671.77,246183.7492900,0
1771500300000,28.41500,28.43900,28.34600,28.37200,46193.68,1771500599999,1311293.0877800,3061,10771.42,305885.8036300,0
1771500600000,28.36700,28.45000,28.36100,28.43200,15781.39,1771500899999,448400.2784700,2602,10645.28,302439.5716900,0
1771500900000,28.43200,28.43200,28.37900,28.42300,23289.88,1771501199999,661607.3144000,2732,7118.03,202178.4236300,0
1771501200000,28.42200,28.46300,28.41600,28.43300,7581.24,1771501499999,215623.1593600,1689,4807.40,136734.5469400,0
1771501500000,28.43400,28.50500,28.42300,28.44400,20629.46,1771501799999,587306.4699500,3322,15360.46,437334.4943100,0
1771501800000,28.44300,28.45700,28.30700,28.30700,49599.51,1771502099999,1407624.5118200,7086,23143.35,657200.6535000,0
1771502100000,28.31700,28.39900,28.30800,28.38800,15792.69,1771502399999,447907.1456000,2609,9989.22,283311.2751100,0
1771502400000,28.38700,28.39800,28.22300,28.28100,40609.36,1771502699999,1148356.1295900,6411,12241.77,346388.7417600,0
1771502700000,28.28000,28.34100,28.25300,28.32900,30959.66,1771502999999,875380.9247000,4324,16450.80,465187.3561100,0
1771503000000,28.33000,28.33300,28.25800,28.29100,19233.36,1771503299999,544128.3022900,2632,9130.91,258275.2909600,0
1771503300000,28.29000,28.32500,28.25400,28.26300,19177.27,1771503599999,542541.2303600,3642,11024.95,311942.6406000,0
1771503600000,28.26300,28.36400,28.24000,28.32300,21734.69,1771503899999,615013.4740600,3916,12465.02,352867.5842200,0
1771503900000,28.32300,28.33900,28.27000,28.31000,20529.06,1771504199999,581039.6447900,3014,7140.01,202093.5701300,0
1771504200000,28.30900,28.37000,28.29200,28.36200,15033.67,1771504499999,426072.2755700,2373,10995.21,311631.4228400,0
1771504500000,28.36200,28.36600,28.26800,28.33700,18848.79,1771504799999,533721.7834800,3468,6859.20,194171.4623300,0
1771504800000,28.33700,28.35800,28.29100,28.29200,7106.25,1771505099999,201313.5625600,1876,3585.88,101603.4089900,0
1771505100000,28.29100,28.30400,28.14100,28.24100,83248.98,1771505399999,2347437.6814000,7451,16209.69,457438.1886400,0
1771505400000,28.24200,28.26300,28.19100,28.22500,13751.11,1771505699999,388293.5807600,2936,8928.43,252144.7597500,0
1771505700000,28.22600,28.22600,28.05000,28.14200,115466.34,1771505999999,3245948.5693600,8927,49845.87,1401947.2191600,0
1771506000000,28.14300,28.19600,28.12600,28.18400,38282.46,1771506299999,1078100.0002300,4080,27425.35,772279.6674200,0
1771506300000,28.18400,28.18400,28.05000,28.13100,51467.32,1771506599999,1446187.0109400,5849,17938.04,504132.8266300,0
1771506600000,28.13200,28.24100,28.12500,28.22100,15685.84,1771506899999,442245.0506000,3005,9420.17,265590.9237500,0
1771506900000,28.22100,28.26500,28.19800,28.23200,17873.30,1771507199999,504616.4184000,3304,7618.17,215080.3006700,0
1771507200000,28.23300,28.30000,28.20800,28.24500,26386.43,1771507499999,745734.5600600,4396,17348.30,490388.9808500,0
1771507500000,28.24400,28.26700,28.15700,28.17400,20492.29,1771507799999,578189.4873100,3539,7755.26,218884.4826800,0
1771507800000,28.17500,28.29200,28.17300,28.27900,25653.35,1771508099999,724288.3592400,5017,13248.44,373930.1568400,0
1771508100000,28.27900,28.29500,28.12200,28.13100,18556.06,1771508399999,523179.7185200,4100,6480.70,182802.0131100,0
1771508400000,28.13100,28.14800,28.05000,28.10500,61465.59,1771508699999,1727192.5618200,6593,31166.87,875948.5289200,0
1771508700000,28.10300,28.14200,27.91900,27.94900,195224.18,1771508999999,5468566.1924900,11749,55350.15,1551028.3134800,0
1771509000000,27.95000,28.04800,27.91200,28.01100,122594.83,1771509299999,3430361.0764600,8918,44911.21,1256752.6085300,0
1771509300000,28.00800,28.06900,27.96200,27.98200,36558.93,1771509599999,1024260.2904400,4552,15704.02,440031.3721100,0
1771509600000,27.98200,28.13100,27.98000,28.05000,48020.82,1771509899999,1348164.1774500,5416,29607.67,831095.7230500,0
1771509900000,28.05000,28.09000,27.95800,27.97500,39829.08,1771510199999,1115859.9885300,5640,18550.88,519819.4999500,0
1771510200000,27.97400,27.98000,27.73400,27.85400,162780.41,1771510499999,4530369.5441600,13665,62610.81,1742188.9200800,0
1771510500000,27.85400,27.93700,27.69000,27.84600,149109.99,1771510799999,4150160.2513900,11096,66078.67,1841250.9888200,0
1771510800000,27.84600,28.01000,27.84200,27.98100,73906.20,1771511099999,2064980.6008800,9525,40409.30,1129199.7210700,0
1771511100000,27.98000,28.23200,27.97600,28.11800,103800.85,1771511399999,2917812.0536300,10969,64556.76,1815496.3922000,0
1771511400000,28.11800,28.27800,28.09300,28.20100,107881.17,1771511699999,3042632.7164700,12260,61280.61,1728377.2934300,0
1771511700000,28.19600,28.27300,28.09200,28.19400,83664.00,1771511999999,2357208.3216900,12555,42394.09,1194428.3479600,0
1771512000000,28.19500,28.32100,28.15600,28.25200,53600.78,1771512299999,1514087.5815700,9704,31640.63,893982.3859500,0
1771512300000,28.25100,28.30600,28.12700,28.13400,32548.25,1771512599999,918231.8898500,6895,13839.60,390565.3168500,0
1771512600000,28.13500,28.25600,28.13500,28.17300,28238.50,1771512899999,796150.6881200,6133,15430.49,435047.9276700,0
1771512900000,28.17400,28.21300,28.02400,28.05500,107644.11,1771513199999,3025967.2389500,9413,34082.94,958078.1485200,0
1771513200000,28.04900,28.31100,28.02600,28.30500,51355.24,1771513499999,1449256.0555700,7845,30370.84,856929.7717900,0
1771513500000,28.30400,28.45400,28.28700,28.32300,98415.88,1771513799999,2792888.1809200,8381,53897.84,1530012.3383000,0
1771513800000,28.32400,28.35800,28.09600,28.15600,47769.76,1771514099999,1348151.7863300,7009,17443.31,491835.4299700,0
1771514100000,28.15600,28.37400,28.14800,28.31300,36120.52,1771514399999,1021663.2013000,6578,18240.51,515808.2237900,0
1771514400000,28.31400,28.36900,28.21700,28.36300,28016.50,1771514699999,792382.6521500,5592,12112.77,342586.3787100,0
1771514700000,28.36400,28.37600,28.15700,28.18700,22385.67,1771514999999,632294.4453400,4654,9943.30,280958.7080700,0
1771515000000,28.18800,28.32600,28.16700,28.31200,19943.56,1771515299999,563690.2442100,4741,11031.87,311858.3840800,0
1771515300000,28.31300,28.37600,28.25600,28.31900,18291.12,1771515599999,518010.6581700,4779,9718.87,275301.8757300,0
1771515600000,28.31900,28.39000,28.30100,28.35600,20102.20,1771515899999,569927.5477100,4358,9331.94,264609.9736100,0
1771515900000,28.35500,28.41800,28.31200,28.32900,24250.64,1771516199999,687938.8465000,5016,11065.85,314009.8211300,0
1771516200000,28.33000,28.38900,28.28500,28.37400,20652.02,1771516499999,585213.8063300,4293,11987.51,339703.0557000,0
1771516500000,28.37400,28.39500,28.30100,28.35300,10631.50,1771516799999,301415.4586700,3106,4819.43,136642.4484200,0
1771516800000,28.35300,28.35800,28.16800,28.23400,60470.67,1771517099999,1707933.3393800,6772,19612.64,553811.3864600,0
1771517100000,28.23400,28.33700,28.14300,28.33100,34191.51,1771517399999,965364.3924600,5292,19374.03,547130.7462400,0
1771517400000,28.33200,28.38000,28.29700,28.37400,21978.15,1771517699999,622976.3051900,4413,11139.01,315746.5760400,0
1771517700000,28.37500,28.48500,28.36100,28.45300,25308.87,1771517999999,719564.7319400,5390,14760.18,419636.3960100,0
1771518000000,28.45300,28.48200,28.38900,28.43000,18913.11,1771518299999,537990.2737100,4406,9810.94,279104.0643800,0
1771518300000,28.43000,28.44700,28.34300,28.38200,14112.17,1771518599999,400636.7971900,3782,7089.86,201290.1626300,0
1771518600000,28.38200,28.48100,28.38200,28.47900,13325.45,1771518899999,378925.2572300,3403,7929.06,225446.1890000,0
1771518900000,28.47900,28.48100,28.39100,28.44900,20684.31,1771519199999,588289.3539000,3807,11101.95,315804.7829500,0
1771519200000,28.44800,28.45400,28.39300,28.42500,13024.65,1771519499999,370226.1023600,3216,4678.55,132986.6349700,0
1771519500000,28.42400,28.42600,28.31600,28.33000,13017.04,1771519799999,369166.7104600,3701,5584.39,158418.0549500,0
1771519800000,28.33100,28.37800,28.27300,28.36700,19609.04,1771520099999,555257.0304600,4185,8970.90,254097.0235100,0
1771520100000,28.36600,28.45300,28.29000,28.33600,34399.75,1771520399999,976334.6155400,5760,19532.72,554256.4264600,0
1771520400000,28.33700,28.36900,28.24300,28.32600,23086.70,1771520699999,653590.0318300,5116,9557.27,270562.4871400,0
1771520700000,28.32500,28.35000,28.23200,28.23200,18758.02,1771520999999,531030.4855300,4364,7018.65,198706.9365100,0
1771521000000,28.23200,28.43200,28.23200,28.40800,17967.10,1771521299999,509371.9256000,4526,9439.04,267528.2667800,0
1771521300000,28.40800,28.58400,28.34200,28.53500,54721.48,1771521599999,1558635.5574500,8969,25570.03,728529.2598100,0
1771521600000,28.53500,28.60000,28.49100,28.56500,32494.27,1771521899999,927680.5730900,5778,17846.00,509581.8795200,0
1771521900000,28.56500,28.56500,28.46600,28.52900,21258.29,1771522199999,606183.7235300,5206,10251.24,292330.8965800,0
1771522200000,28.52800,28.55600,28.43700,28.47600,14809.22,1771522499999,421822.7573200,4187,6189.74,176344.8781800,0
1771522500000,28.47600,28.49100,28.36400,28.42700,15578.39,1771522799999,442628.4783800,4227,8731.64,248087.4118500,0
1771522800000,28.42500,28.54600,28.42500,28.46900,16222.51,1771523099999,462225.0911100,3782,9009.66,256661.8957900,0
1771523100000,28.46900,28.49000,28.38700,28.39200,10817.38,1771523399999,307726.6707400,3232,5919.70,168420.2672800,0
1771523400000,28.39100,28.39900,28.30600,28.36200,19326.34,1771523699999,547998.1113700,4595,9524.96,270101.3638200,0
1771523700000,28.36300,28.41500,28.32800,28.38100,17549.58,1771523999999,497943.1287800,3887,9265.92,262916.5670200,0
1771524000000,28.38100,28.41500,28.30900,28.37500,13968.98,1771524299999,396031.3255900,4081,5300.64,150313.4764500,0
1771524300000,28.37600,28.45800,28.35900,28.41800,10745.17,1771524599999,305362.9854900,3284,6578.44,186951.6366400,0
1771524600000,28.41800,28.53400,28.38500,28.52600,21636.99,1771524899999,615654.8288700,4713,9991.93,284452.8934900,0
1771524900000,28.52400,28.53700,28.48500,28.52000,9858.46,1771525199999,281091.9595100,3192,3403.75,97058.6053000,0
1771525200000,28.52000,28.57100,28.45400,28.55400,14142.09,1771525499999,403191.0401100,4327,7154.77,204012.5127400,0
1771525500000,28.55300,28.59800,28.52000,28.59700,11299.53,1771525799999,322781.2971700,3830,6079.21,173657.3546800,0
1771525800000,28.59700,28.63800,28.56300,28.57200,26359.14,1771526099999,753732.0439900,5560,8861.74,253397.4333400,0
1771526100000,28.57300,28.65000,28.57200,28.64300,23514.49,1771526399999,673071.6814000,5005,12106.85,346550.1021100,0
1771526400000,28.64400,28.72600,28.62200,28.72600,41361.03,1771526699999,1186500.4925500,6637,26502.46,760319.6403100,0
1771526700000,28.72500,28.88900,28.71400,28.85500,105819.64,1771526999999,3046805.3920000,10074,79165.84,2278707.6896400,0
1771527000000,28.85500,28.93400,28.76900,28.83700,39349.04,1771527299999,1135760.5938300,7960,20088.97,579988.8541700,0
1771527300000,28.83600,28.87700,28.76000,28.78400,19769.41,1771527599999,569369.0325700,5266,7598.69,218868.3456600,0
1771527600000,28.78300,28.78500,28.68600,28.73000,25074.00,1771527899999,720399.4542600,5795,9158.67,263100.9445900,0
1771527900000,28.72900,28.78500,28.69200,28.77800,15812.91,1771528199999,454489.2968200,4742,9249.87,265879.1519800,0
1771528200000,28.77800,28.79600,28.68900,28.74600,26217.45,1771528499999,753447.8665600,5200,13971.11,401574.2995700,0
1771528500000,28.74600,28.75000,28.65700,28.68500,17907.96,1771528799999,514057.6042300,4341,7090.47,203579.3577100,0
1771528800000,28.68400,28.74200,28.64500,28.70800,16940.71,1771529099999,485823.6604100,3931,9748.97,279540.1239900,0
1771529100000,28.70700,28.71300,28.57200,28.60200,32549.74,1771529399999,931410.6402300,5235,11670.82,333939.4032700,0
1771529400000,28.60300,28.65500,28.57200,28.61300,23009.32,1771529699999,658128.5779500,4410,11623.42,332432.7615200,0
1771529700000,28.61200,28.62300,28.54600,28.56100,16867.03,1771529999999,482014.6688300,3078,7014.47,200491.2484800,0
1771530000000,28.56000,28.64100,28.56000,28.63000,11184.04,1771530299999,319862.2460400,3312,8048.62,230199.1690900,0
1771530300000,28.62900,28.66600,28.60200,28.62000,10153.98,1771530599999,290749.1767500,2440,5499.31,157476.6317300,0
1771530600000,28.62000,28.75200,28.62000,28.68300,39741.98,1771530899999,1139971.9870800,4981,23056.26,661213.9465000,0
1771530900000,28.68200,28.70400,28.64600,28.67400,11584.21,1771531199999,332155.8926500,2239,6191.75,177521.5651400,0
1771531200000,28.67300,28.73400,28.63000,28.73400,15978.19,1771531499999,458426.2492800,3872,8619.76,247339.1887000,0
1771531500000,28.73300,28.86400,28.72800,28.82600,54126.38,1771531799999,1558908.5164600,6785,36552.16,1052749.0803300,0
1771531800000,28.82700,28.87300,28.76200,28.76400,34970.42,1771532099999,1008193.6623000,5366,10736.92,309569.7270000,0
1771532100000,28.76300,28.77600,28.69700,28.72000,16825.32,1771532399999,483417.7789300,3708,5877.11,168848.1330600,0
1771532400000,28.72000,28.74900,28.70600,28.70600,5158.30,1771532699999,148190.3292000,2097,2648.90,76099.4146500,0
1771532700000,28.70600,28.74600,28.69000,28.70900,6404.50,1771532999999,183899.7985200,2230,2807.98,80644.8859600,0
1771533000000,28.70900,28.75000,28.68400,28.71100,13660.32,1771533299999,392283.9242100,3160,5734.38,164680.4823300,0
1771533300000,28.71200,28.78800,28.68400,28.70800,10046.67,1771533599999,288737.3293300,3107,5256.31,151073.4179200,0
1771533600000,28.70800,28.77900,28.70800,28.74800,10825.70,1771533899999,311329.3154500,2209,6276.63,180485.9010400,0
1771533900000,28.74900,29.02600,28.74800,28.97400,81391.99,1771534199999,2354476.4692000,10217,46659.26,1350003.0237500,0
1771534200000,28.97400,29.11400,28.96600,29.04200,61885.43,1771534499999,1798173.6169300,10293,35353.02,1027279.7099600,0
1771534500000,29.04200,29.04600,28.95800,29.03500,18582.72,1771534799999,538934.1931600,3944,8520.36,247130.0381700,0
1771534800000,29.03300,29.10200,28.95700,29.06400,23842.50,1771535099999,692352.1995300,5386,10862.25,315385.7003900,0
1771535100000,29.06600,29.09300,29.02900,29.08600,15470.97,1771535399999,449794.0306800,3406,5601.62,162838.9446000,0
1771535400000,29.08700,29.11900,29.04400,29.07200,19060.30,1771535699999,554323.1269600,3513,9743.99,283385.2725900,0
1771535700000,29.07100,29.14000,29.02800,29.13800,18580.72,1771535999999,540494.6568900,4060,9882.40,287512.7029500,0
1771536000000,29.13800,29.41000,29.12700,29.23800,126778.19,1771536299999,3713020.4372000,14432,66550.23,1947946.9105500,0
1771536300000,29.23800,29.25900,29.18300,29.21500,25009.71,1771536599999,730708.1797700,4002,14459.43,422489.4823800,0
1771536600000,29.21400,29.21400,29.16500,29.19500,16654.45,1771536899999,486012.7933000,3600,5999.48,175073.8261100,0
1771536900000,29.19600,29.20000,29.14300,29.17500,20173.04,1771537199999,588492.0452300,3608,5478.20,159802.9953900,0
1771537200000,29.17500,29.19400,29.13600,29.14900,13314.50,1771537499999,388272.6330000,2486,5884.23,171615.3557200,0
1771537500000,29.14900,29.17500,29.11300,29.15800,9604.80,1771537799999,279994.3423500,2455,4736.66,138078.0686100,0
1771537800000,29.15700,29.15700,29.10000,29.11400,13795.82,1771538099999,401780.7565000,2276,4229.52,123194.0181500,0
1771538100000,29.11500,29.15000,29.11500,29.14000,18633.91,1771538399999,542856.2983500,2175,13611.69,396537.8275200,0
1771538400000,29.14000,29.14600,29.03800,29.06600,22873.31,1771538699999,665590.8813800,3271,5780.39,168179.2655800,0
1771538700000,29.06600,29.12200,29.06100,29.12100,14459.03,1771538999999,420694.4735700,2411,9531.64,277316.9984000,0
1771539000000,29.12000,29.16900,29.08000,29.12200,13343.48,1771539299999,388724.3550800,2448,7052.14,205486.1931800,0
1771539300000,29.12100,29.12100,28.93800,28.94100,31617.84,1771539599999,916709.3207500,3954,7853.30,227670.6879300,0
1771539600000,28.94100,29.01700,28.94100,28.94300,34031.65,1771539899999,986305.7411500,4925,20724.75,600697.1350500,0
1771539900000,28.94400,28.95900,28.83600,28.88800,31895.90,1771540199999,921501.1310100,3473,12668.60,366117.4676600,0
1771540200000,28.88800,28.93000,28.87400,28.90200,23384.13,1771540499999,675927.7125500,2148,16388.05,473705.9589100,0
1771540500000,28.90200,28.91400,28.83900,28.84600,9533.45,1771540799999,275218.7538400,1675,5008.79,144618.5356200,0
1771540800000,28.84600,28.86300,28.81300,28.83700,11343.46,1771541099999,327062.3380000,1726,4393.20,126677.7693800,0
1771541100000,28.83700,28.89700,28.82600,28.89500,10199.27,1771541399999,294343.2267100,1146,8182.35,236141.7976300,0
1771541400000,28.89500,28.93100,28.87000,28.93100,8777.24,1771541699999,253581.8308400,1274,6077.50,175583.2005100,0
1771541700000,28.93100,28.95700,28.92600,28.94000,6894.94,1771541999999,199551.4434500,1386,3141.15,90909.4975400,0
1771542000000,28.93900,28.97900,28.92700,28.94400,12094.00,1771542299999,350203.0696100,2349,5764.31,166914.1490300,0
1771542300000,28.94600,28.97400,28.87500,28.89100,11777.78,1771542599999,340623.3259100,2133,4747.01,137267.3582700,0
1771542600000,28.89100,28.92600,28.85900,28.91300,11659.15,1771542899999,336916.4517400,2372,7345.10,212264.1046000,0
1771542900000,28.91300,28.96100,28.89800,28.95800,6046.67,1771543199999,174917.4188500,1727,4360.67,126150.7764900,0
1771543200000,28.95700,29.00400,28.95200,28.98200,6695.55,1771543499999,194025.7768200,1545,3819.31,110685.1421200,0
1771543500000,28.98200,29.05500,28.97300,29.02500,15459.57,1771543799999,448641.6028000,2378,10629.70,308450.8710900,0
1771543800000,29.02400,29.02400,28.93300,28.95800,19426.60,1771544099999,563072.8639600,3148,6281.55,182058.8670700,0
1771544100000,28.95800,29.00700,28.94800,28.98200,9321.07,1771544399999,270109.6763900,2122,6299.32,182557.3957400,0
1771544400000,28.98100,29.01600,28.94300,29.01500,5282.33,1771544699999,153086.6886200,1225,3296.52,95547.4484200,0
1771544700000,29.01600,29.05300,29.00900,29.04900,8462.19,1771544999999,245711.3215900,1907,5313.49,154286.6091300,0
1771545000000,29.04900,29.06000,29.02400,29.05600,7237.23,1771545299999,210187.3209100,1795,3233.81,93927.8200000,0
1771545300000,29.05500,29.09700,28.99400,29.00000,12323.37,1771545599999,358060.6212600,2185,5635.06,163833.3404900,0
1771545600000,28.99900,29.04600,28.96800,29.02500,24903.98,1771545899999,722816.5565800,2844,18357.24,532902.1564700,0
1771545900000,29.02500,29.07100,28.97700,29.00200,18159.14,1771546199999,527200.5028400,2378,6840.71,198580.8169500,0
1771546200000,29.00100,29.05400,28.96900,29.05200,15351.63,1771546499999,445231.3810900,3078,10335.29,299729.8195300,0
1771546500000,29.05200,29.32100,29.05200,29.24100,107428.01,1771546799999,3140394.3683900,9845,83337.74,2436172.5606900,0
1771546800000,29.24100,29.28300,29.18700,29.20200,28956.76,1771547099999,846272.1535600,4940,14660.39,428526.3038400,0
1771547100000,29.20300,29.28100,29.17200,29.23900,23430.43,1771547399999,684883.1754500,4484,13011.15,380400.2148300,0
1771547400000,29.23800,29.25300,29.16700,29.17400,15252.34,1771547699999,445694.5880200,3731,5548.99,162184.9132400,0
1771547700000,29.17400,29.24900,29.16800,29.19900,15212.83,1771547999999,444429.7775700,2959,5210.21,152190.7484700,0
1771548000000,29.19800,29.21300,29.14900,29.19100,11996.77,1771548299999,350056.9680700,2721,6575.32,191873.6530900,0
1771548300000,29.19100,29.22600,29.14200,29.21100,13531.52,1771548599999,394999.7726600,2807,7049.52,205781.8003600,0
1771548600000,29.21000,29.21100,29.11700,29.20200,11056.72,1771548899999,322463.2186100,2612,4708.23,137299.1992200,0
1771548900000,29.20200,29.27900,29.18300,29.26100,31842.50,1771549199999,931533.0319000,3355,12610.53,368780.5500200,0
1771549200000,29.26000,29.34700,29.22400,29.34500,26521.31,1771549499999,777247.9864400,4029,19381.32,568032.5788300,0
1771549500000,29.34400,29.43100,29.30400,29.40400,46989.10,1771549799999,1380600.8855100,6362,21878.30,642767.7002500,0
1771549800000,29.40600,29.59100,29.39500,29.45200,77542.14,1771550099999,2287562.5313100,6861,43980.10,1297746.2163700,0
1771550100000,29.45200,29.45200,29.29900,29.31800,62474.67,1771550399999,1834765.5212400,6398,16784.55,492706.2603400,0
1771550400000,29.31800,29.40200,29.31800,29.32400,16294.55,1771550699999,478353.2579200,3215,8017.49,235340.7312500,0
1771550700000,29.32500,29.42800,29.27300,29.41100,22495.67,1771550999999,660386.8525500,3636,12709.78,373221.4644100,0
1771551000000,29.41100,29.57700,29.39800,29.50700,60896.80,1771551299999,1796346.6584700,6511,33442.76,986418.2918700,0
1771551300000,29.50600,29.56200,29.48800,29.49600,15208.78,1771551599999,448911.2864000,3122,6289.09,185649.1935600,0
1771551600000,29.49600,29.54500,29.47000,29.49200,14567.64,1771551899999,429862.0560900,3028,7281.08,214882.3334100,0
1771551900000,29.49200,29.51200,29.40500,29.46600,33490.98,1771552199999,986814.8874900,5289,17169.87,505907.2032700,0
1771552200000,29.46500,29.47800,29.37700,29.45500,31348.08,1771552499999,922355.4909800,4585,13658.14,401972.5077900,0
1771552500000,29.45500,29.49600,29.43300,29.47800,16331.18,1771552799999,481219.6525700,2911,9362.47,275916.4248300,0
1771552800000,29.47800,29.49200,29.37500,29.41600,23778.97,1771553099999,699674.8117800,4039,8162.13,240248.2213900,0
1771553100000,29.41700,29.43800,29.37300,29.37600,14461.68,1771553399999,425186.0363300,2753,7748.79,227807.1574500,0
1771553400000,29.37700,29.38700,29.33900,29.37900,13585.07,1771553699999,398938.2979000,2552,4380.23,128631.3003000,0
1771553700000,29.37900,29.38300,29.32500,29.35500,13962.99,1771553999999,409876.2223200,2393,4098.85,120325.7348500,0
1771554000000,29.35500,29.37600,29.28800,29.33000,13241.88,1771554299999,388244.6987700,2772,6569.43,192646.2749000,0
1771554300000,29.33000,29.33300,29.30400,29.33100,4421.78,1771554599999,129651.8573500,1473,2215.53,64963.3848900,0
1771554600000,29.33100,29.36400,29.31000,29.33600,7903.61,1771554899999,231855.8594900,1779,3442.41,100991.2246100,0
1771554900000,29.33500,29.36100,29.32700,29.35700,7084.77,1771555199999,207884.0720800,1994,3520.29,103299.5916700,0
1771555200000,29.35700,29.44000,29.34100,29.40100,16289.58,1771555499999,478856.6079100,2877,11163.87,328170.9541200,0
1771555500000,29.40100,29.42400,29.38500,29.39100,6004.38,1771555799999,176558.8510900,1701,2852.12,83865.1734600,0
1771555800000,29.39100,29.41400,29.34800,29.41200,10469.44,1771556099999,307686.8486600,2351,4659.72,136958.2534700,0
1771556100000,29.41300,29.44400,29.40100,29.40400,6551.00,1771556399999,192738.8784800,1713,3140.83,92406.4148900,0
1771556400000,29.40300,29.46900,29.38300,29.46800,9714.23,1771556699999,285831.9930100,2640,5063.78,149012.8400400,0
1771556700000,29.46800,29.47400,29.42500,29.42500,7623.03,1771556999999,224511.8095000,2501,4445.61,130928.7783900,0
1771557000000,29.42500,29.46300,29.29100,29.29100,38892.47,1771557299999,1142526.8799400,4169,10082.72,296102.5120600,0
1771557300000,29.29200,29.33100,29.22400,29.27500,39088.20,1771557599999,1143918.2489000,5614,15007.92,439308.9814400,0
1771557600000,29.27500,29.51700,29.27500,29.46000,72525.58,1771557899999,2133817.4815900,6570,56243.94,1654812.7157800,0
1771557900000,29.45300,29.52400,29.45000,29.49000,14177.92,1771558199999,418100.5333200,3742,6535.27,192713.3106900,0
1771558200000,29.49000,29.49200,29.41300,29.45200,15609.66,1771558499999,459620.3274700,3651,5135.72,151237.7490200,0
1771558500000,29.45200,29.49500,29.43400,29.47300,10412.61,1771558799999,306799.7733000,2445,6777.91,199714.4911200,0
1771558800000,29.47300,29.48100,29.41100,29.42600,13420.39,1771559099999,395083.9380500,2985,4034.02,118760.5451200,0
1771559100000,29.42700,29.45000,29.40000,29.43000,10189.56,1771559399999,299853.0370200,2512,5686.66,167352.3928300,0
1771559400000,29.43000,29.50500,29.40000,29.50400,13886.97,1771559699999,408997.5276500,2614,8244.52,242884.0046500,0
1771559700000,29.50400,29.50400,29.47300,29.48800,5629.75,1771559999999,165997.3758400,1383,3064.42,90352.7431600,0
1771560000000,29.48800,29.50300,29.36800,29.38000,24464.93,1771560299999,719638.1341300,4035,7616.64,224165.1512600,0
1771560300000,29.38000,29.42300,29.35000,29.36600,8488.77,1771560599999,249420.1427000,2314,5356.38,157393.5303600,0
1771560600000,29.36600,29.38000,29.32500,29.33600,8903.64,1771560899999,261276.3504500,2037,3676.50,107889.8041400,0
1771560900000,29.33700,29.36500,29.27600,29.27800,26967.37,1771561199999,790404.4525400,4022,10801.69,316607.5684500,0
1771561200000,29.27800,29.36800,29.25900,29.36200,35282.95,1771561499999,1034362.1913100,4064,24628.58,721996.9313900,0
1771561500000,29.36100,29.49700,29.35000,29.46800,37637.47,1771561799999,1108014.1136100,4800,26554.82,781753.6054100,0
1771561800000,29.46700,29.50900,29.44800,29.45800,18570.40,1771562099999,547287.1022800,3663,9030.20,266148.6578200,0
1771562100000,29.45900,29.50800,29.40900,29.42500,11894.92,1771562399999,350379.6206000,2918,3582.32,105515.5516100,0
1771562400000,29.42500,29.45300,29.39500,29.41600,9930.41,1771562699999,292157.9980300,2237,3026.97,89059.3118500,0
1771562700000,29.41500,29.44400,29.38200,29.39500,11938.72,1771562999999,351066.8928500,3001,5751.98,169160.2324600,0
1771563000000,29.39500,29.42200,29.33500,29.36300,16503.29,1771563299999,484782.2538900,3190,6781.61,199195.2451000,0
1771563300000,29.36500,29.36800,29.27500,29.34400,29180.73,1771563599999,855300.8294600,3797,14430.40,422962.5694800,0
1771563600000,29.34500,29.38500,29.29100,29.35400,12557.92,1771563899999,368523.3731300,3254,6787.19,199205.1921500,0
1771563900000,29.35400,29.37200,29.27400,29.31100,16868.04,1771564199999,494571.3448800,3345,7010.02,205530.6446100,0
1771564200000,29.31200,29.34300,29.27800,29.30700,9579.27,1771564499999,280807.6923800,2531,5593.65,163965.6005100,0
1771564500000,29.30700,29.33500,29.17400,29.22100,46154.81,1771564799999,1349103.7522800,6247,12079.27,353041.6106600,0
1771564800000,29.22000,29.33200,29.17500,29.30600,51149.79,1771565099999,1495294.8032400,7275,20559.26,601298.6859900,0
1771565100000,29.30600,29.34400,29.29100,29.32700,11078.58,1771565399999,324759.9906900,2755,4906.41,143823.4235600,0
1771565400000,29.32700,29.46600,29.32700,29.44900,30224.43,1771565699999,888933.7990700,5588,17455.48,513290.9948100,0
1771565700000,29.45100,29.50700,29.37300,29.45200,54520.32,1771565999999,1604823.1091400,6912,33980.93,1000593.5531000,0
1771566000000,29.45200,29.51900,29.41200,29.47800,29811.47,1771566299999,878661.4791000,5383,16064.62,473485.8004800,0
1771566300000,29.47800,29.48600,29.43500,29.48400,11806.55,1771566599999,347907.3668300,3111,5931.62,174803.3159800,0
1771566600000,29.48300,29.51200,29.45300,29.48600,15631.42,1771566899999,460892.0353600,3156,6189.57,182513.0639300,0
1771566900000,29.48600,29.52300,29.44100,29.48000,13813.98,1771567199999,407238.2515000,3022,6856.74,202199.2385600,0
1771567200000,29.48000,29.50000,29.19800,29.28900,93044.53,1771567499999,2729909.8983800,7469,20081.30,589437.1147000,0
1771567500000,29.29000,29.33700,29.27600,29.32400,28332.48,1771567799999,830387.8031200,3697,12038.18,352805.5734300,0
1771567800000,29.32500,29.35300,29.25400,29.34100,23941.35,1771568099999,701559.1933000,3019,8719.74,255657.4399600,0
1771568100000,29.34100,29.37400,29.31900,29.35800,7630.45,1771568399999,223904.2286400,2169,3339.33,97990.2351600,0
1771568400000,29.35800,29.39600,29.27400,29.28600,22813.60,1771568699999,669538.1919200,3390,13738.07,403202.8931500,0
1771568700000,29.28700,29.33700,29.24700,29.25400,9746.63,1771568999999,285481.8278800,2266,4906.09,143727.5712400,0
1771569000000,29.25300,29.31600,29.21000,29.30600,32446.14,1771569299999,949457.9483000,4464,10753.96,314786.0014600,0
1771569300000,29.30600,29.31600,29.25300,29.30800,10027.46,1771569599999,293645.2155700,2255,3870.63,113375.1160600,0
1771569600000,29.30800,29.32300,29.23900,29.25200,13296.71,1771569899999,389249.7356600,2481,6611.14,193532.3652100,0
1771569900000,29.25200,29.35600,29.24500,29.31600,12898.48,1771570199999,377828.8792600,2762,7869.53,230527.3259300,0
1771570200000,29.31500,29.34700,29.30400,29.34400,5067.78,1771570499999,148594.0812900,1154,3625.84,106313.6890100,0
1771570500000,29.34400,29.34600,29.30600,29.31800,4792.59,1771570799999,140540.7738300,1196,2144.33,62881.6595900,0
1771570800000,29.31800,29.32900,29.23800,29.25400,16671.20,1771571099999,487960.2521000,2831,5701.62,166870.7028900,0
1771571100000,29.25400,29.28900,29.22100,29.23000,9170.88,1771571399999,268331.0533400,2090,3982.16,116530.7644800,0
1771571400000,29.23000,29.26800,29.17200,29.20200,106480.03,1771571699999,3110499.4644600,5071,85801.77,2506409.1134200,0
1771571700000,29.20100,29.25200,29.19000,29.19700,17564.18,1771571999999,513158.9642700,2328,10472.71,305956.0975500,0
1771572000000,29.19800,29.23800,29.17200,29.23700,23114.41,1771572299999,675069.5975000,2063,17424.63,508928.7911200,0
1771572300000,29.23700,29.28300,29.21700,29.24900,10829.64,1771572599999,316741.1688000,1935,4285.36,125354.4231900,0
1771572600000,29.24900,29.29100,29.24000,29.27500,10448.00,1771572899999,305769.0778200,2199,5695.20,166667.7652500,0
1771572900000,29.27500,29.27800,29.13700,29.17300,28360.66,1771573199999,827988.9972500,4650,6017.47,175671.0918700,0
1771573200000,29.17300,29.17900,29.08400,29.12300,56116.71,1771573499999,1634199.8110800,5110,30661.62,892756.2724400,0
1771573500000,29.12300,29.13400,29.00300,29.06700,86567.39,1771573799999,2514870.8885900,6993,40687.80,1181915.9651400,0
1771573800000,29.06800,29.13300,29.06200,29.12600,18799.67,1771574099999,547106.6344800,3495,7845.54,228334.0137000,0
1771574100000,29.12500,29.12500,29.02100,29.05800,30502.31,1771574399999,886152.9662500,3716,13386.53,388828.3891300,0
1771574400000,29.05800,29.07600,28.92700,28.99600,50870.23,1771574699999,1475191.5678800,6741,18690.94,542115.5101900,0
1771574700000,28.99600,29.09000,28.99500,29.05900,23917.85,1771574999999,695112.7856300,3705,13714.18,398517.6335400,0
1771575000000,29.05900,29.17000,29.05900,29.13400,27055.39,1771575299999,788339.8463300,3782,17371.28,506134.8245300,0
1771575300000,29.13300,29.15900,29.11300,29.11700,14129.27,1771575599999,411598.2857800,2776,6738.30,196291.7363200,0
1771575600000,29.11700,29.14500,29.09100,29.13800,14255.94,1771575899999,415194.5316200,2123,7104.60,206901.7279900,0
1771575900000,29.13800,29.17800,29.11900,29.15100,16289.63,1771576199999,474909.8865000,2157,7943.20,231588.1310400,0
1771576200000,29.15100,29.18300,29.07000,29.07400,20190.85,1771576499999,588263.0301400,3175,6419.47,187076.9782600,0
1771576500000,29.07400,29.12200,29.00000,29.03600,50358.23,1771576799999,1463535.5438900,4372,9681.78,281348.0566200,0
1771576800000,29.03600,29.04500,28.94500,28.97700,20578.12,1771577099999,596409.9067800,3128,5909.48,171235.3487500,0
1771577100000,28.97700,29.00800,28.94300,28.97900,14906.13,1771577399999,431825.1391800,2602,6403.73,185560.8612200,0
1771577400000,28.97900,29.04900,28.97800,28.99100,13210.88,1771577699999,383323.3415800,2650,6419.69,186263.4354000,0
1771577700000,28.99100,29.04200,28.99100,29.03200,8404.22,1771577999999,243868.2140300,1949,4912.28,142530.6670500,0
1771578000000,29.03200,29.20900,29.03200,29.19000,36048.31,1771578299999,1050234.9841900,5593,23533.89,685616.1017400,0
1771578300000,29.19000,29.27800,29.16200,29.19100,32163.65,1771578599999,939536.0521700,4554,22232.50,649575.3858700,0
1771578600000,29.19100,29.29600,29.18400,29.25600,55391.67,1771578899999,1619832.2768100,5850,31761.35,928883.0215300,0
1771578900000,29.25600,29.36700,29.24400,29.34700,33307.77,1771579199999,976537.4691800,5396,21828.94,640028.6933600,0
1771579200000,29.34800,29.38600,29.30000,29.34700,24093.34,1771579499999,707126.6892000,4239,10414.99,305710.3732800,0
1771579500000,29.34700,29.35200,29.30600,29.33500,8478.75,1771579799999,248660.1975400,2279,2339.01,68603.9872600,0
1771579800000,29.33500,29.35000,29.30400,29.32500,10202.10,1771580099999,299240.1486800,2723,4871.67,142898.4878500,0
1771580100000,29.32500,29.36700,29.30700,29.33400,15625.65,1771580399999,458495.6018800,2598,11479.46,336861.4214100,0
1771580400000,29.33300,29.38500,29.31600,29.33700,7249.11,1771580699999,212792.3571000,1982,3978.44,116797.7147000,0
1771580700000,29.33700,29.37100,29.30600,29.34400,9114.39,1771580999999,267342.9202400,2040,3795.86,111344.3723200,0
1771581000000,29.34600,29.36700,29.33700,29.36200,4854.06,1771581299999,142473.6145200,1510,1758.97,51626.8429500,0
1771581300000,29.36300,29.38500,29.32700,29.33500,9830.86,1771581599999,288526.0067000,2038,3139.32,92154.7359500,0
1771581600000,29.33500,29.42700,29.32900,29.40300,25384.77,1771581899999,745793.7975000,4492,16887.91,496129.8170700,0
1771581900000,29.40200,29.49400,29.35300,29.44500,86612.52,1771582199999,2548559.1191800,8053,49393.69,1454014.5696200,0
1771582200000,29.44600,29.46300,29.33900,29.38500,28560.94,1771582499999,839531.5444700,5350,14858.71,436750.1198400,0
1771582500000,29.38500,29.48000,29.35100,29.46200,21321.92,1771582799999,626994.5922000,3935,10041.32,295410.5723200,0
1771582800000,29.46300,29.49500,29.44200,29.46500,30246.06,1771583099999,891443.3361500,4106,16069.05,473600.6463300,0
1771583100000,29.46400,29.72400,29.45900,29.70200,81404.01,1771583399999,2410356.9247900,9936,55198.89,1634375.1717800,0
1771583400000,29.70300,29.74300,29.66200,29.68500,67310.73,1771583699999,1999482.3527300,10521,39820.51,1183122.8309100,0
1771583700000,29.68500,29.68600,29.54200,29.56600,28001.47,1771583999999,828809.5817200,5000,9902.56,293088.3894800,0
1771584000000,29.56700,29.62900,29.55300,29.55900,18423.30,1771584299999,545082.8000700,3864,10344.75,306112.4475300,0
1771584300000,29.55800,29.56600,29.45000,29.49700,68252.81,1771584599999,2014000.2862400,7512,19664.08,580254.8584700,0
1771584600000,29.49700,29.51600,29.45900,29.50500,18696.53,1771584899999,551168.6531900,3644,6943.59,204703.2065700,0
1771584900000,29.50400,29.58500,29.45300,29.55000,26185.45,1771585199999,772896.0926500,4633,11879.48,350781.0943200,0
1771585200000,29.55100,29.61000,29.51600,29.59400,21990.38,1771585499999,650296.8269500,4627,10785.79,318926.2039600,0
1771585500000,29.59500,29.64900,29.55900,29.64400,13060.78,1771585799999,386738.8821300,3655,6531.94,193438.1417600,0
1771585800000,29.64300,29.64900,29.47700,29.55700,22552.02,1771586099999,666390.6146700,4147,10878.26,321469.1474400,0
1771586100000,29.55600,29.60500,29.52300,29.56500,14798.94,1771586399999,437505.4368200,4037,10326.50,305306.4175000,0
1771586400000,29.56400,29.60400,29.54500,29.57300,11132.38,1771586699999,329238.9163500,2905,6113.06,180786.9236700,0
1771586700000,29.57400,29.62900,29.56700,29.60100,11971.81,1771586999999,354311.1457900,3083,7547.92,223372.8717700,0
1771587000000,29.60100,29.63600,29.56700,29.59100,22740.09,1771587299999,673118.5741700,4034,7810.46,231229.0269600,0
1771587300000,29.58900,29.60400,29.47800,29.48500,25343.21,1771587599999,748284.0398400,5139,10641.93,314318.2032100,0
1771587600000,29.48500,29.53600,29.40300,29.41900,39161.64,1771587899999,1153949.1061800,6333,16702.89,492286.1602400,0
1771587900000,29.41600,29.48200,29.33100,29.42700,59452.35,1771588199999,1747570.5876900,6872,24763.16,728221.4249200,0
1771588200000,29.42600,29.48900,29.42100,29.46100,14001.77,1771588499999,412577.4251300,3119,9256.96,272761.6134100,0
1771588500000,29.46300,29.46800,29.37500,29.39800,26837.63,1771588799999,789519.1413900,4870,15347.95,451492.5866100,0
1771588800000,29.39800,29.42700,29.34500,29.39200,25532.31,1771589099999,750401.5984300,5568,14344.82,421607.8841200,0
1771589100000,29.39200,29.42500,29.37500,29.41900,14317.58,1771589399999,420932.3866200,3042,10676.29,313881.5661300,0
1771589400000,29.41900,29.47400,29.41800,29.44100,15344.82,1771589699999,451856.9451200,3462,9810.45,288892.3077100,0
1771589700000,29.44000,29.48300,29.30400,29.31700,26921.05,1771589999999,791042.9327200,5675,12659.18,372167.4922900,0
1771590000000,29.31800,29.34000,29.25800,29.29700,26954.84,1771590299999,789752.1771300,4939,13591.12,398238.4590900,0
1771590300000,29.29800,29.36400,29.16800,29.19800,50941.15,1771590599999,1489070.0619100,5947,13023.01,380887.8981500,0
1771590600000,29.19900,29.30900,29.18100,29.29600,30448.83,1771590899999,890557.6705800,6021,13629.09,398678.6861000,0
1771590900000,29.29500,29.32300,29.25400,29.26900,8923.49,1771591199999,261377.2943400,2156,4482.49,131322.3598800,0
1771591200000,29.26800,29.27700,29.16600,29.25200,21754.63,1771591499999,635670.4262700,3718,9181.91,268297.4495400,0
1771591500000,29.25200,29.29200,29.22800,29.28900,10867.35,1771591799999,318099.1752700,2471,7398.40,216555.5241400,0
1771591800000,29.29100,29.38100,29.28500,29.30800,26547.08,1771592099999,778763.8061400,3722,16235.18,476227.1351800,0
1771592100000,29.30900,29.39600,29.30000,29.39500,11089.93,1771592399999,325509.2532700,2665,7769.61,228057.0152800,0
1771592400000,29.39500,29.40500,29.17800,29.26200,42220.55,1771592699999,1235281.3930100,6538,17868.69,522695.0081300,0
1771592700000,29.26300,29.30800,29.18700,29.30800,13000.62,1771592999999,380262.1406700,3190,5895.29,172469.1948800,0
1771593000000,29.30900,29.32400,29.24700,29.25400,8988.13,1771593299999,263171.4821500,2184,2754.13,80642.7148800,0
1771593300000,29.25400,29.33700,29.21600,29.31300,20113.81,1771593599999,588745.8045400,3540,13831.49,404836.9953800,0
1771593600000,29.31200,29.33600,29.17200,29.19800,17871.70,1771593899999,522946.6639900,3595,6278.83,183727.7911500,0
1771593900000,29.19800,29.25500,29.13000,29.24300,22775.83,1771594199999,664676.3240200,3965,14631.40,427080.8050400,0
1771594200000,29.24300,29.25700,28.83000,28.88700,171228.62,1771594499999,4964545.0917400,16809,60170.02,1745111.9295600,0
1771594500000,28.88800,28.89000,28.68400,28.68800,113734.07,1771594799999,3272367.5146800,13089,52820.40,1520230.4195000,0
1771594800000,28.68900,28.76900,28.61200,28.72500,90711.30,1771595099999,2601546.9865900,8950,51726.09,1483821.3267200,0
1771595100000,28.72600,28.77300,28.66200,28.72400,42666.18,1771595399999,1225886.0566900,5506,25208.72,724409.9819600,0
1771595400000,28.72400,28.79900,28.68200,28.79000,44135.33,1771595699999,1268401.6906500,4538,19399.19,557795.3597700,0
1771595700000,28.78900,28.83300,28.71500,28.78300,29968.32,1771595999999,862396.6775800,5429,12602.57,362700.1744300,0
1771596000000,28.78300,28.85200,28.73900,28.80600,34406.07,1771596299999,991169.2693100,4560,21230.68,611722.1326100,0
1771596300000,28.80500,28.83600,28.75400,28.80700,20025.12,1771596599999,576603.3594100,3609,8294.61,238802.7990700,0
1771596600000,28.80600,28.80600,28.65400,28.71400,30853.52,1771596899999,885907.8655200,4627,10263.78,294695.8540700,0
1771596900000,28.71400,28.74600,28.60800,28.64000,39394.63,1771597199999,1128878.5798600,5702,22062.69,632262.4357500,0
1771597200000,28.64000,28.78600,28.62500,28.73800,33387.06,1771597499999,958319.9502300,4623,22363.31,641827.7013000,0
1771597500000,28.73800,28.81400,28.72100,28.79400,20091.21,1771597799999,578301.2818600,3465,10856.30,312461.8456400,0
1771597800000,28.79300,29.05000,28.75500,28.94600,118549.63,1771598099999,3430741.1275200,11830,65522.56,1895997.6626400,0
1771598100000,28.94700,29.00200,28.87700,28.92100,71074.77,1771598399999,2055448.5808900,7714,21858.60,632223.0688200,0
1771598400000,28.92100,28.98100,28.88300,28.88600,39107.29,1771598699999,1131039.0583800,6138,19746.33,571056.1230600,0
1771598700000,28.88700,28.90500,28.78400,28.87300,26843.41,1771598999999,774242.9936400,5461,10293.24,296909.5666000,0
1771599000000,28.87300,28.91700,28.84900,28.91000,53219.43,1771599299999,1536834.2185100,6019,14154.67,408867.5108000,0
1771599300000,28.91100,28.93400,28.86100,28.88800,28938.05,1771599599999,836106.0936900,3986,10514.27,303883.4317800,0
1771599600000,28.88900,29.37000,28.87800,29.15100,243540.10,1771599899999,7114589.2967900,21012,137530.99,4018241.1990700,0
1771599900000,29.15100,29.34900,29.09500,29.32900,101055.62,1771600199999,2951937.0403700,12051,53598.43,1567049.3864800,0
1771600200000,29.32900,29.43100,29.19500,29.23100,119349.46,1771600499999,3503005.5661300,12493,66405.01,1949644.1806500,0
1771600500000,29.23200,29.42000,29.14800,29.38900,128499.52,1771600799999,3763110.4178700,12186,83220.74,2437514.4175100,0
1771600800000,29.39000,29.47700,29.34400,29.36300,59421.50,1771601099999,1747243.1242700,8245,18825.37,553913.5535100,0
1771601100000,29.36400,29.62700,29.36400,29.55000,74650.80,1771601399999,2203398.7188500,10922,46874.41,1383733.0002400,0
1771601400000,29.55000,29.55900,29.26000,29.31800,80677.76,1771601699999,2372609.6533400,10089,26700.38,784137.9059800,0
1771601700000,29.31700,29.44800,29.28000,29.44000,67478.45,1771601999999,1981156.4687000,7675,33099.41,972141.4240400,0
1771602000000,29.43900,29.47100,29.34100,29.45600,31708.34,1771602299999,932511.0978900,6510,13492.92,396938.5325500,0
1771602300000,29.45800,29.51000,29.43100,29.46600,20607.65,1771602599999,607223.1387800,4297,8718.98,256958.6865700,0
1771602600000,29.46500,29.52000,29.38700,29.51200,19749.17,1771602899999,581862.3894800,4091,12393.37,365269.5908300,0
1771602900000,29.51300,29.90700,29.51200,29.83100,222179.75,1771603199999,6615858.4876800,19594,123400.13,3673209.4875000,0
1771603200000,29.83100,30.08200,29.74500,30.00400,131909.77,1771603499999,3950286.4300200,15055,68612.30,2054925.8865400,0
1771603500000,30.00300,30.23900,29.88500,30.11900,135707.12,1771603799999,4082634.5418300,15347,91941.86,2767003.7729100,0
1771603800000,30.11900,30.36100,29.96400,30.26600,182206.30,1771604099999,5501960.8547900,18382,102376.74,3091414.9007600,0
1771604100000,30.26500,30.30000,30.09600,30.13400,101505.27,1771604399999,3064064.7280100,15127,53210.86,1606420.4785300,0
1771604400000,30.13500,30.23000,29.98500,30.15800,80263.47,1771604699999,2415656.2300500,11964,33833.65,1018910.9419400,0
1771604700000,30.15700,30.15700,29.87400,29.88500,59752.01,1771604999999,1792520.4561500,10151,23016.00,690432.9628200,0
1771605000000,29.88500,29.97800,29.78400,29.91500,65225.85,1771605299999,1948832.8688700,9591,36918.87,1103432.5949100,0
1771605300000,29.91500,29.93200,29.79600,29.85600,32230.80,1771605599999,961995.0750500,6722,14982.84,447152.7984100,0
1771605600000,29.85600,29.86600,29.68900,29.79800,69376.04,1771605899999,2064958.9938200,8644,27166.09,808638.7630600,0
1771605900000,29.79800,29.96900,29.78000,29.94200,44214.40,1771606199999,1322063.6948400,6301,29858.81,893018.7417900,0
1771606200000,29.94100,30.12400,29.91300,30.08800,40456.42,1771606499999,1214425.1026900,6249,24973.59,749809.5297800,0
1771606500000,30.08900,30.15800,30.04500,30.10400,33368.13,1771606799999,1004085.1597400,5508,16408.20,493882.1910900,0
1771606800000,30.10300,30.13300,30.01900,30.09100,54333.75,1771607099999,1634070.1062200,8474,22034.52,662752.8879900,0
1771607100000,30.09100,30.11300,29.80000,29.82900,54577.61,1771607399999,1633141.1572400,8632,29553.79,884070.9345200,0
1771607400000,29.82900,29.84300,29.69200,29.69400,50171.50,1771607699999,1493198.3390900,6758,20239.54,602533.7821600,0
1771607700000,29.69400,29.71500,29.58400,29.62400,60064.47,1771607999999,1781142.5807600,9653,23231.70,689031.1666300,0
1771608000000,29.62300,29.62400,29.52800,29.55300,47327.95,1771608299999,1399628.9830200,7301,30761.61,909781.8404300,0
1771608300000,29.55400,29.66500,29.51600,29.64000,57836.14,1771608599999,1711293.9566900,8920,23675.18,700773.4115600,0
1771608600000,29.64000,29.72500,29.56700,29.58000,48419.45,1771608899999,1434951.0412300,7508,25491.58,755420.8100200,0
1771608900000,29.58000,29.77200,29.51700,29.73700,47754.21,1771609199999,1415346.6431200,7308,32152.20,952872.7008600,0
1771609200000,29.73700,29.74300,29.64400,29.73500,46632.33,1771609499999,1385036.2091200,6421,24352.85,723390.8724800,0
1771609500000,29.73400,29.94100,29.72900,29.92000,99753.01,1771609799999,2975167.3361300,11683,67149.02,2002985.8014200,0
1771609800000,29.92100,30.00600,29.88400,29.91100,34459.21,1771610099999,1031935.7832000,6409,15981.77,478655.8818000,0
1771610100000,29.91100,29.96100,29.85700,29.93700,41543.53,1771610399999,1242578.8745500,6506,17997.99,538463.2451900,0
1771610400000,29.93700,29.95300,29.74600,29.85300,44526.90,1771610699999,1328380.7967600,7430,20095.00,599559.4556700,0
1771610700000,29.85200,29.89800,29.72900,29.74300,27911.64,1771610999999,831802.0232600,6655,12770.90,380602.4731400,0
1771611000000,29.74300,29.78100,29.64300,29.65900,51301.31,1771611299999,1523633.1763300,7765,14905.18,442810.1569300,0
1771611300000,29.66100,29.69300,29.51500,29.59100,54609.81,1771611599999,1617075.8685300,8644,20701.22,612872.9219600,0
1771611600000,29.59200,29.68000,29.51800,29.63500,55513.23,1771611899999,1642734.6004100,7761,27354.40,809516.0962700,0
1771611900000,29.63100,29.75400,29.61300,29.72200,24451.92,1771612199999,725840.9457600,5250,13331.28,395788.4698000,0
1771612200000,29.72200,29.93000,29.66200,29.86700,46966.44,1771612499999,1400818.2736400,8521,23126.59,689779.4281700,0
1771612500000,29.86900,29.86900,29.70200,29.80400,52224.03,1771612799999,1555987.0593300,7765,21155.12,630262.0661500,0
1771612800000,29.80400,29.90400,29.77200,29.83500,27404.67,1771613099999,817711.4154700,5612,9943.50,296750.0999000,0
1771613100000,29.83800,29.98100,29.80400,29.98100,35635.21,1771613399999,1065910.9955600,6375,21846.27,653534.2498100,0
1771613400000,29.98000,29.99300,29.88100,29.95800,24079.32,1771613699999,721001.9231300,5013,10391.90,311171.2818100,0
1771613700000,29.95800,30.08600,29.95600,30.07700,23648.82,1771613999999,710064.0407800,5230,10494.28,315138.7597100,0
1771614000000,30.07700,30.14200,29.98000,29.98800,35942.79,1771614299999,1081140.0934000,5850,14338.18,431411.7689400,0
1771614300000,29.98800,30.05700,29.89900,29.97800,41659.64,1771614599999,1248615.9645800,6986,13395.49,401573.5470900,0
1771614600000,29.97800,30.00900,29.87000,29.89300,29324.21,1771614899999,877665.5000800,5513,11405.48,341397.9668000,0
1771614900000,29.89300,29.99600,29.89300,29.93300,14707.28,1771615199999,440560.8176000,4060,7459.02,223441.1120400,0
1771615200000,29.93400,30.03000,29.92000,30.00200,19838.39,1771615499999,594806.6688700,3733,7903.11,237014.6062300,0
1771615500000,30.00200,30.00700,29.82700,29.85300,26263.24,1771615799999,785476.5465500,4364,9550.70,285632.8667200,0
1771615800000,29.85300,30.02100,29.84900,29.99300,22688.78,1771616099999,679677.5577200,4397,13908.62,416573.5652100,0
1771616100000,29.99600,30.02000,29.94200,30.00500,16407.68,1771616399999,491928.9529900,3242,5767.88,172930.0138500,0
1771616400000,30.00600,30.03300,29.91300,29.92500,22075.88,1771616699999,661606.0017400,3972,10590.60,317323.3562900,0
1771616700000,29.92600,29.96400,29.88500,29.95200,32297.90,1771616999999,966475.4566400,4227,22551.08,674774.7181200,0
1771617000000,29.95100,30.04100,29.93300,30.03500,16832.12,1771617299999,504855.2263800,3384,8754.80,262563.0956600,0
1771617300000,30.03300,30.11100,30.00700,30.07500,21240.29,1771617599999,638785.7248500,3686,10095.22,303587.7718000,0
1771617600000,30.07600,30.17600,30.06700,30.10800,24383.85,1771617899999,734491.5538300,4891,10613.22,319700.7748300,0
1771617900000,30.10800,30.19900,30.09700,30.16300,28058.37,1771618199999,846314.7925300,4699,15583.29,470135.4019200,0
1771618200000,30.16300,30.18700,30.10800,30.14600,15339.69,1771618499999,462547.9277900,3563,7142.88,215361.3861800,0
1771618500000,30.14500,30.15800,30.09000,30.09100,12918.12,1771618799999,389094.8093700,3157,5339.63,160828.7654100,0
1771618800000,30.09100,30.11300,30.00100,30.01300,21504.15,1771619099999,646060.6748700,3864,9902.47,297538.3268600,0
1771619100000,30.01500,30.02300,29.94200,30.00900,16082.57,1771619399999,482166.9271800,4103,5832.01,174860.8699300,0
1771619400000,30.00900,30.07300,29.91800,29.97200,37199.93,1771619699999,1115096.5063600,4421,14862.08,445823.0366400,0
1771619700000,29.97200,30.04100,29.97200,30.04100,5201.73,1771619999999,156066.5473200,2013,3571.13,107142.2345700,0
1771620000000,30.04100,30.11000,30.02700,30.08600,24193.62,1771620299999,727757.4052300,3008,18134.94,545560.3804400,0
1771620300000,30.08500,30.10100,30.02200,30.02300,6888.86,1771620599999,207076.8825500,2266,1563.93,47019.5985600,0
1771620600000,30.02300,30.14000,29.98000,30.12400,16579.56,1771620899999,498233.7357300,3314,10254.36,308170.1101500,0
1771620900000,30.12300,30.16100,30.09300,30.14700,21780.33,1771621199999,656407.6205600,3288,7217.77,217527.2652400,0
1771621200000,30.14500,30.18700,30.10800,30.11200,15024.01,1771621499999,452954.3959400,3941,8665.87,261300.7468900,0
1771621500000,30.11200,30.15400,30.09000,30.14400,8006.63,1771621799999,241134.4105800,2891,3967.02,119477.0056000,0
1771621800000,30.14400,30.16100,30.07000,30.08000,6616.07,1771622099999,199158.9045600,2087,1522.03,45821.4633500,0
1771622100000,30.08000,30.09900,30.03900,30.08000,6274.85,1771622399999,188657.5193100,2029,2476.69,74468.5660900,0
1771622400000,30.08000,30.08000,29.99000,30.01200,10036.15,1771622699999,301366.6136300,2245,4373.31,131337.4926200,0
1771622700000,30.01200,30.06000,30.00200,30.00300,3845.19,1771622999999,115462.4961300,1506,2350.28,70581.6502100,0
1771623000000,30.00200,30.00200,29.94200,29.95000,10703.15,1771623299999,320732.9349200,2723,5184.86,155364.8774100,0
1771623300000,29.95100,30.01000,29.94100,29.97600,7797.19,1771623599999,233683.4777300,2193,4717.51,141394.3272600,0
1771623600000,29.97600,30.05100,29.94000,29.98100,19212.90,1771623899999,576348.5790200,3105,6857.15,205742.3141500,0
1771623900000,29.98100,29.98600,29.89500,29.96500,10248.57,1771624199999,306796.1927600,2512,4527.37,135530.1854200,0
1771624200000,29.96500,30.00800,29.94000,29.98200,6953.57,1771624499999,208428.8368900,2078,4334.47,129909.0762200,0
1771624500000,29.98200,30.04100,29.97700,30.02300,7755.36,1771624799999,232771.9857800,1923,4036.68,121161.3160900,0
1771624800000,30.02200,30.02600,29.95700,30.00700,7737.02,1771625099999,232021.4664800,2346,2637.72,79091.4843400,0
1771625100000,30.00600,30.01400,29.93700,29.94100,9280.51,1771625399999,278133.4135100,2336,2102.23,63014.0282600,0
1771625400000,29.94100,29.99900,29.91500,29.99000,11885.60,1771625699999,356173.8564800,2502,7230.21,216696.9945200,0
1771625700000,29.98900,30.05900,29.95600,30.05200,10719.71,1771625999999,321774.8547400,2493,6612.16,198499.8196500,0
1771626000000,30.05300,30.14500,30.03300,30.13900,17000.35,1771626299999,511571.9283300,3120,12698.63,382161.6149000,0
1771626300000,30.13800,30.18100,30.09400,30.13500,14852.78,1771626599999,447686.7682100,3245,7425.80,223874.4527500,0
1771626600000,30.13600,30.19200,30.09900,30.12900,11354.90,1771626899999,342379.0837200,2568,7150.05,215615.2181600,0
1771626900000,30.13000,30.15500,30.02700,30.06300,10199.05,1771627199999,306884.2944200,2450,3282.01,98714.5277900,0
1771627200000,30.06300,30.11000,30.06000,30.10100,8073.65,1771627499999,242832.4095000,1863,3828.82,115178.3239200,0
1771627500000,30.10200,30.13800,30.06900,30.13400,8413.78,1771627799999,253351.5722000,2008,5167.58,155611.3248600,0
1771627800000,30.13400,30.25100,30.13300,30.24000,14780.09,1771628099999,446419.0923400,3001,10633.50,321229.0207800,0
1771628100000,30.24100,30.43000,30.23400,30.33400,55417.75,1771628399999,1682464.7274600,7127,38465.24,1167717.1927700,0
1771628400000,30.33300,30.39200,30.28400,30.28600,19231.91,1771628699999,583522.7340300,4272,9752.58,295935.7941300,0
1771628700000,30.28800,30.34300,30.28400,30.30700,15301.68,1771628999999,463897.3884700,3838,5576.00,169048.6719300,0
1771629000000,30.30700,30.31100,30.23500,30.27500,11902.83,1771629299999,360350.2995500,3572,6465.93,195752.9189400,0
1771629300000,30.27500,30.27600,30.18600,30.19500,12166.66,1771629599999,367938.4004000,3102,5054.95,152877.3248300,0
1771629600000,30.19500,30.25500,30.19400,30.21500,13627.24,1771629899999,412027.4747800,3502,8946.24,270484.8564700,0
1771629900000,30.21600,30.26100,30.19500,30.24000,6923.62,1771630199999,209306.2939900,2358,3257.01,98451.2950800,0
1771630200000,30.24000,30.24400,30.17800,30.18400,17844.55,1771630499999,539122.0304700,4034,9447.24,285436.3240000,0
1771630500000,30.18400,30.24300,30.17400,30.20400,8817.10,1771630799999,266348.0121500,2284,4878.56,147359.0371500,0
1771630800000,30.20400,30.23900,30.18000,30.18700,11696.22,1771631099999,353284.9885100,2818,4143.33,125153.1279800,0
1771631100000,30.18800,30.37400,30.18800,30.34000,24658.06,1771631399999,746916.3746800,4124,16683.77,505198.3177800,0
1771631400000,30.34000,30.39300,30.31600,30.36000,17057.01,1771631699999,517864.2767800,3872,7524.86,228452.4973000,0
1771631700000,30.36000,30.40000,30.33300,30.36400,16494.31,1771631999999,500862.4180800,3466,6393.02,194146.5661100,0
1771632000000,30.36400,30.42700,30.30400,30.32200,20389.01,1771632299999,619188.9569400,3793,12242.59,371862.6475100,0
1771632300000,30.32000,30.39600,30.31600,30.38800,13541.37,1771632599999,411261.4339200,3037,8125.85,246767.2351300,0
1771632600000,30.38700,30.44100,30.38200,30.42400,11838.56,1771632899999,360111.0032100,2675,6929.70,210775.2674200,0
1771632900000,30.42400,30.46500,30.40000,30.41200,28414.26,1771633199999,864740.6796100,2913,7419.24,225825.1328600,0
1771633200000,30.41300,30.58000,30.38100,30.43500,54688.71,1771633499999,1667444.9692400,5762,34292.39,1046169.6532100,0
1771633500000,30.43500,30.43500,30.34800,30.37100,23170.63,1771633799999,704056.8342000,3629,9145.72,277920.0793300,0
1771633800000,30.37200,30.37400,30.31800,30.34100,8884.74,1771634099999,269666.5635500,2550,3410.60,103525.4774500,0
1771634100000,30.34200,30.35600,30.23800,30.26000,23199.88,1771634399999,702600.8285200,3812,6178.29,187121.7432100,0
1771634400000,30.26000,30.26000,30.15600,30.16100,28382.87,1771634699999,857008.4510200,3537,5980.88,180584.0758100,0
1771634700000,30.16200,30.19500,30.15800,30.17400,10561.16,1771634999999,318706.1766900,2500,4460.90,134617.0423600,0
1771635000000,30.17400,30.21200,30.12200,30.18100,18376.36,1771635299999,554157.1249400,3151,9433.61,284523.1592600,0
1771635300000,30.18000,30.20300,30.16600,30.18700,7921.35,1771635599999,239114.9513600,1738,3275.96,98886.4498100,0
1771635600000,30.18600,30.21200,30.14600,30.16500,13953.56,1771635899999,421152.2282800,2804,3741.76,112920.5654800,0
1771635900000,30.16500,30.17500,30.13700,30.15600,8503.59,1771636199999,256462.8248100,1879,3819.70,115200.7317000,0
1771636200000,30.15500,30.21100,30.12900,30.21100,12397.90,1771636499999,373834.6950000,2252,5853.64,176541.5505000,0
1771636500000,30.21000,30.28300,30.18400,30.28300,33800.90,1771636799999,1021792.6106900,2764,28368.95,857591.1740200,0
1771636800000,30.28300,30.28600,30.19200,30.19900,16192.47,1771637099999,489663.6098800,2634,3641.77,110120.1485000,0
1771637100000,30.19900,30.24000,30.19400,30.19400,7172.49,1771637399999,216686.8054300,1495,2861.48,86449.5109500,0
1771637400000,30.19400,30.24100,30.19400,30.21400,5253.86,1771637699999,158769.9006600,1385,2360.64,71337.0309500,0
1771637700000,30.21500,30.28300,30.20600,30.28200,11819.52,1771637999999,357635.9243500,2246,7011.52,212127.6137900,0
1771638000000,30.28300,30.34300,30.24600,30.32500,16599.98,1771638299999,503137.9648400,2790,11453.57,347162.8609800,0
1771638300000,30.32600,30.46600,30.32200,30.45100,29761.89,1771638599999,904585.9707700,5209,19699.19,598800.2904400,0
1771638600000,30.45000,30.46900,30.33200,30.33200,19795.38,1771638899999,601713.0130700,3107,5021.09,152624.3662400,0
1771638900000,30.33200,30.36800,30.31900,30.34100,11724.25,1771639199999,355739.2663900,2318,4806.39,145834.4081000,0
1771639200000,30.34200,30.36900,30.33000,30.34800,5414.27,1771639499999,164309.2739100,1808,2149.59,65232.8763500,0
1771639500000,30.34700,30.36900,30.33900,30.36600,5728.84,1771639799999,173894.2706600,1985,2702.58,82034.1154900,0
1771639800000,30.36600,30.43300,30.32900,30.39600,13867.60,1771640099999,421306.9488600,3551,7092.05,215495.4992200,0
1771640100000,30.39600,30.41600,30.34900,30.38200,7934.20,1771640399999,241083.3831600,2562,4589.24,139433.2921700,0
1771640400000,30.38200,30.41000,30.36000,30.37200,6270.73,1771640699999,190506.2236400,2248,2971.45,90275.0833400,0
1771640700000,30.37200,30.41000,30.33700,30.37600,11679.27,1771640999999,354721.2459700,3214,5215.33,158403.7201300,0
1771641000000,30.37700,30.48300,30.37600,30.42500,26027.52,1771641299999,792323.4614700,4797,14087.22,428806.4797500,0
1771641300000,30.42500,30.49000,30.42400,30.46100,14492.48,1771641599999,441523.4926000,3029,6933.44,211236.7688700,0
1771641600000,30.46100,30.51600,30.44500,30.50500,12007.36,1771641899999,365973.9111600,2911,8134.29,247968.8855500,0
1771641900000,30.50500,30.52600,30.46200,30.51800,11903.43,1771642199999,362992.3841400,2788,6539.02,199422.6938400,0
1771642200000,30.51700,30.57400,30.50400,30.53500,19967.21,1771642499999,609807.7061800,3476,11728.72,358184.7164600,0
1771642500000,30.53500,30.56200,30.50300,30.53400,10942.68,1771642799999,334118.9448500,2668,6317.45,192888.8620200,0
1771642800000,30.53300,30.55000,30.38300,30.43500,39906.42,1771643099999,1215496.7863700,6855,17521.91,533617.8193500,0
1771643100000,30.43500,30.45500,30.27800,30.29500,45259.62,1771643399999,1373560.9337900,5385,11385.60,345698.6371600,0
1771643400000,30.29600,30.35500,30.28400,30.34000,14727.53,1771643699999,446562.5220400,2698,8113.46,246030.3577800,0
1771643700000,30.34100,30.38800,30.32100,30.36000,10039.41,1771643999999,304742.1758300,2575,5539.78,168159.3505000,0
1771644000000,30.35900,30.42500,30.34400,30.40100,13027.07,1771644299999,395837.6912400,2685,8005.71,243243.7099300,0
1771644300000,30.40000,30.40700,30.35600,30.37600,9477.30,1771644599999,287896.0624000,2351,3710.42,112712.3048900,0
1771644600000,30.37600,30.48700,30.37600,30.45800,13997.63,1771644899999,426276.4327600,2705,7376.27,224612.4165000,0
1771644900000,30.45800,30.45800,30.41600,30.43300,8499.28,1771645199999,258659.3127800,1824,4190.88,127536.7897600,0
1771645200000,30.43400,30.43500,30.24300,30.26200,39358.69,1771645499999,1193148.7266600,4856,9660.08,292820.3087300,0
1771645500000,30.26100,30.29100,30.21800,30.23200,21103.51,1771645799999,638434.2005900,3186,10012.81,302933.1907200,0
1771645800000,30.23200,30.23700,30.18200,30.19600,17753.36,1771646099999,536278.6914400,2674,5732.64,173165.9791900,0
1771646100000,30.19700,30.28000,30.17600,30.27400,17866.58,1771646399999,539896.1227500,2799,7142.59,215863.7802700,0
1771646400000,30.27400,30.31100,30.21800,30.27700,15439.86,1771646699999,467257.2816900,2992,8441.01,255454.6588200,0
1771646700000,30.27600,30.36600,30.27600,30.33200,12958.39,1771646999999,392989.3476000,2307,6353.93,192667.5136400,0
1771647000000,30.33200,30.35600,30.30500,30.34900,10365.83,1771647299999,314436.7074100,1996,4891.49,148377.4169100,0
1771647300000,30.34900,30.35700,30.28800,30.31500,8139.38,1771647599999,246770.6012700,1915,2630.43,79743.8928300,0
1771647600000,30.31500,30.32400,30.26100,30.29600,13723.34,1771647899999,415837.9213300,1944,8637.53,261766.1986700,0
1771647900000,30.29500,30.32700,30.27200,30.31200,8797.24,1771648199999,266608.0930200,1422,5538.60,167887.4973000,0
1771648200000,30.31300,30.33700,30.29800,30.29800,5576.54,1771648499999,169053.2310900,1400,2332.77,70715.2299400,0
1771648500000,30.29800,30.33200,30.27900,30.29400,8513.22,1771648799999,258025.6051800,1881,4669.46,141530.2240400,0
1771648800000,30.29400,30.29800,30.25500,30.25800,15585.71,1771649099999,471830.3896100,1325,2482.39,75152.8119300,0
1771649100000,30.25800,30.27000,30.24600,30.26800,5502.89,1771649399999,166508.9822600,1040,1871.69,56639.9972900,0
1771649400000,30.26800,30.29300,30.25400,30.27400,4671.51,1771649699999,141399.6653900,1199,2383.79,72151.6070300,0
1771649700000,30.27500,30.38300,30.27500,30.31500,17342.23,1771649999999,526069.3159800,2287,8289.52,251445.8771300,0
1771650000000,30.31400,30.35100,30.29600,30.33600,8058.32,1771650299999,244373.5003500,2059,4162.88,126250.8432500,0
1771650300000,30.33600,30.33800,30.29000,30.30300,5962.19,1771650599999,180702.0728400,1477,1596.71,48395.4261700,0
1771650600000,30.30400,30.32100,30.24900,30.26800,16904.53,1771650899999,511867.8425900,1975,3152.93,95441.2187400,0
1771650900000,30.26800,30.33100,30.25900,30.26100,10479.01,1771651199999,317453.9900900,2259,4786.35,144994.6674400,0
1771651200000,30.26000,30.26000,30.19800,30.21300,10916.32,1771651499999,329934.7250500,1912,3611.17,109140.9277300,0
1771651500000,30.21300,30.21300,30.17000,30.20600,11666.26,1771651799999,352263.3507400,1942,5465.25,165023.4932100,0
1771651800000,30.20600,30.27600,30.20600,30.26600,18371.99,1771652099999,555605.2813900,2104,14193.94,429261.1203200,0
1771652100000,30.26500,30.29000,30.21000,30.28100,16053.37,1771652399999,485541.3048800,2284,11832.59,357901.2232300,0
1771652400000,30.28000,30.29500,30.25000,30.26200,6727.10,1771652699999,203669.2009900,1737,3745.02,113390.8706300,0
1771652700000,30.26300,30.26700,30.22200,30.22200,3496.31,1771652999999,105747.6030300,926,711.73,21528.8814900,0
1771653000000,30.22200,30.42000,30.22200,30.40400,28170.91,1771653299999,854955.9354200,4330,19257.14,584333.3157900,0
1771653300000,30.40400,30.40900,30.34300,30.37300,5862.99,1771653599999,178087.6861100,1861,2348.78,71335.3827500,0
1771653600000,30.37300,30.38900,30.30600,30.33100,21765.48,1771653899999,660403.9986500,2683,2687.21,81574.5416600,0
1771653900000,30.33000,30.34700,30.30400,30.31000,7564.82,1771654199999,229396.7584000,1593,4601.30,139534.8224600,0
1771654200000,30.30900,30.32000,30.29200,30.31000,6269.04,1771654499999,189993.9118200,1398,2228.38,67541.8622800,0
1771654500000,30.31100,30.35800,30.28400,30.30700,8834.97,1771654799999,267879.0882700,2087,5321.78,161379.0158200,0
1771654800000,30.30700,30.32900,30.28200,30.29100,9448.57,1771655099999,286280.8280300,1657,3034.11,91929.4994000,0
1771655100000,30.29100,30.29600,30.23900,30.25400,9292.00,1771655399999,281199.6947300,1702,4860.19,147075.9254100,0
1771655400000,30.25400,30.30900,30.22900,30.26600,25371.57,1771655699999,768138.0637300,2798,19522.83,591151.2872700,0
1771655700000,30.26700,30.35300,30.25900,30.29700,22411.22,1771655999999,679377.8422500,2789,11056.04,335155.1062400,0
1771656000000,30.29600,30.31400,30.27000,30.27500,3600.35,1771656299999,109049.6387800,1250,1590.58,48176.8663700,0
1771656300000,30.27500,30.28000,30.19800,30.21700,8156.57,1771656599999,246556.3029700,1918,1527.72,46205.1245900,0
1771656600000,30.21700,30.24300,30.20700,30.22500,4995.43,1771656899999,150964.2529200,1538,2768.43,83661.9812000,0
1771656900000,30.22400,30.24200,30.22000,30.23200,4585.97,1771657199999,138638.0362100,1267,1998.30,60412.4683200,0
1771657200000,30.23200,30.23200,30.16200,30.17200,12253.00,1771657499999,369894.5250000,2197,3287.43,99233.5087300,0
1771657500000,30.17300,30.24200,30.17200,30.23000,7732.88,1771657799999,233587.1954200,1971,4963.15,149921.8705800,0
1771657800000,30.22900,30.28400,30.18600,30.28300,12905.78,1771658099999,390348.2489900,2291,8740.56,264415.9783200,0
1771658100000,30.28300,30.30500,30.23900,30.23900,10110.64,1771658399999,306182.4209900,2006,3708.52,112314.5930900,0
1771658400000,30.23900,30.24300,30.20400,30.22100,5913.60,1771658699999,178757.5514800,1541,2949.74,89162.7282400,0
1771658700000,30.22100,30.24200,30.19900,30.23000,5890.66,1771658999999,178005.7605400,1393,2313.14,69919.7841600,0
1771659000000,30.23000,30.23000,30.17900,30.18900,6990.22,1771659299999,211068.3912500,1709,3620.89,109331.6279500,0
1771659300000,30.18800,30.24400,30.15400,30.20700,22403.68,1771659599999,676499.0578500,2485,9323.56,281631.3264500,0
1771659600000,30.20600,30.20600,30.08400,30.11300,44449.69,1771659899999,1339373.3761500,3334,22269.53,671014.0819100,0
1771659900000,30.11300,30.13800,30.10500,30.12200,5633.44,1771660199999,169700.1436800,1278,2529.54,76197.1619600,0
1771660200000,30.12200,30.15600,30.11000,30.11200,10628.30,1771660499999,320225.8707100,1193,8163.39,245950.0555300,0
1771660500000,30.11100,30.11100,30.05500,30.08700,24009.11,1771660799999,722462.6287100,1935,3111.06,93591.0749000,0
1771660800000,30.08700,30.15000,30.08700,30.13700,15460.59,1771661099999,465622.0566700,2585,10454.71,314856.6079400,0
1771661100000,30.13700,30.15000,30.10400,30.12900,5423.76,1771661399999,163396.8526200,1562,3079.04,92757.7637600,0
1771661400000,30.13000,30.13600,30.10600,30.11800,5341.10,1771661699999,160875.1209900,1277,2775.53,83600.6169900,0
1771661700000,30.12100,30.24400,30.11600,30.21700,24003.59,1771661999999,724685.1169600,3513,16177.29,488318.5427600,0
1771662000000,30.21700,30.26200,30.21700,30.25100,10554.86,1771662299999,319193.2564900,2441,6261.55,189362.5399900,0
1771662300000,30.25200,30.37500,30.22900,30.33200,42404.32,1771662599999,1285799.2348700,5101,23344.98,707849.4612800,0
1771662600000,30.33200,30.38300,30.30100,30.32800,22493.14,1771662899999,682534.4670600,2621,16229.90,492522.5688900,0
1771662900000,30.32800,30.33600,30.28000,30.28600,10487.91,1771663199999,317793.5968000,2301,2761.11,83667.8379900,0
1771663200000,30.28700,30.37500,30.26300,30.32400,13239.97,1771663499999,401475.5035100,2560,6442.53,195380.8478800,0
1771663500000,30.32500,30.33400,30.23500,30.25800,11456.35,1771663799999,346754.7793700,2454,4683.36,141733.3752100,0
1771663800000,30.25700,30.30800,30.24700,30.30200,7683.36,1771664099999,232680.6948000,1980,4360.81,132069.3238600,0
1771664100000,30.30200,30.32300,30.26700,30.27900,11055.60,1771664399999,334938.9438500,2552,5429.42,164506.0486800,0
1771664400000,30.27900,30.34900,30.27000,30.30000,17364.76,1771664699999,526491.9617000,3392,8206.98,248797.6981100,0
1771664700000,30.30000,30.33400,30.29200,30.30500,6003.60,1771664999999,181963.3241100,2030,2382.21,72206.8599200,0
1771665000000,30.30600,30.31700,30.27700,30.29700,5580.11,1771665299999,169080.5835200,1564,2933.45,88888.1018700,0
1771665300000,30.29700,30.40000,30.28200,30.39000,61050.03,1771665599999,1853588.8489600,4573,47107.72,1430253.9802700,0
1771665600000,30.38900,30.45700,30.37700,30.43600,22626.76,1771665899999,688172.6679200,4119,11189.74,340300.9172800,0
1771665900000,30.43500,30.54600,30.38300,30.50500,66952.04,1771666199999,2039697.2242100,5745,45897.75,1398549.4973000,0
1771666200000,30.50400,30.51000,30.37900,30.42700,36190.02,1771666499999,1101796.0353200,6133,17390.28,529551.7763200,0
1771666500000,30.43000,30.45100,30.37200,30.45000,26154.97,1771666799999,795085.2649700,3515,7987.79,242901.9437100,0
1771666800000,30.45000,30.46000,30.42000,30.42700,7836.09,1771667099999,238569.1138600,1907,3596.53,109497.7824800,0
1771667100000,30.42800,30.47000,30.40200,30.41300,8029.15,1771667399999,244383.8065100,1960,3189.55,97083.7077400,0
1771667400000,30.41200,30.44800,30.40000,30.40100,10369.03,1771667699999,315448.2913900,2058,2425.74,73805.8086900,0
1771667700000,30.40100,30.40700,30.34400,30.35000,7414.04,1771667999999,225178.6587700,1535,2807.24,85251.5796300,0
1771668000000,30.35100,30.39500,30.34500,30.37100,10018.64,1771668299999,304199.7933200,2389,6575.35,199637.7310500,0
1771668300000,30.37100,30.38300,30.30700,30.32200,28991.63,1771668599999,879757.4105200,2005,5047.34,153128.2899400,0
1771668600000,30.32100,30.32500,30.28900,30.30000,7859.56,1771668899999,238186.5328700,1693,3230.76,97911.1264900,0
1771668900000,30.30000,30.35200,30.29400,30.32000,6599.07,1771669199999,200155.4208100,1584,4804.02,145712.4605400,0
1771669200000,30.32000,30.36800,30.31200,30.36200,6243.31,1771669499999,189406.6126400,1404,4700.21,142601.4566000,0
1771669500000,30.36200,30.37100,30.34700,30.35500,4487.02,1771669799999,136209.7660500,1038,2936.02,89126.4781900,0
1771669800000,30.35400,30.36900,30.34400,30.35400,3322.54,1771670099999,100861.9600900,1132,1706.06,51790.3585900,0
1771670100000,30.35300,30.40500,30.34900,30.37800,8682.25,1771670399999,263797.4761100,1644,5667.78,172202.2972300,0
1771670400000,30.37800,30.37800,30.34600,30.36800,3669.62,1771670699999,111420.2188200,1203,2115.77,64237.6378800,0
1771670700000,30.36600,30.36600,30.32900,30.35800,2949.71,1771670999999,89509.7444100,998,972.20,29497.7830900,0
1771671000000,30.35900,30.41200,30.32800,30.34200,14989.53,1771671299999,455237.3955500,1929,8013.88,243537.1883000,0
1771671300000,30.34200,30.34200,30.31100,30.33300,2994.22,1771671599999,90801.1279100,893,1728.70,52422.9632700,0
1771671600000,30.33400,30.37400,30.31400,30.33700,5420.56,1771671899999,164434.8860300,1623,2794.98,84790.3997900,0
1771671900000,30.33700,30.39000,30.33700,30.38400,4863.19,1771672199999,147693.8673100,1286,3325.94,100998.3518200,0
1771672200000,30.38500,30.41300,30.36400,30.39300,13206.99,1771672499999,401347.8390000,1744,2864.24,87054.3164000,0
1771672500000,30.39200,30.41300,30.35100,30.40500,4839.23,1771672799999,147016.9606300,1681,3125.10,94949.5128500,0
1771672800000,30.40300,30.42500,30.35600,30.35600,8761.28,1771673099999,266338.5890400,2061,3405.21,103541.8136000,0
1771673100000,30.35600,30.40500,30.35200,30.39600,6096.04,1771673399999,185164.6106400,1402,2096.16,63677.8813100,0
1771673400000,30.39500,30.39700,30.27400,30.29300,11581.91,1771673699999,351185.6150100,2042,3287.37,99629.5664800,0
1771673700000,30.29300,30.31600,30.29000,30.30400,3841.90,1771673999999,116431.1148000,1193,1959.82,59390.5661500,0
1771674000000,30.30400,30.31000,30.20900,30.21700,14994.05,1771674299999,453689.8702000,2131,4381.56,132600.5846000,0
1771674300000,30.21800,30.25800,30.20700,30.23900,18465.73,1771674599999,558485.0921000,1687,15204.18,459882.1155000,0
1771674600000,30.23900,30.25500,30.14500,30.16000,27801.91,1771674899999,839972.3507500,2800,17378.04,525174.8401300,0
1771674900000,30.16000,30.18500,30.11800,30.12200,26038.77,1771675199999,785120.6057600,2851,12179.13,367216.3765700,0
1771675200000,30.12200,30.14400,30.11700,30.13000,15146.69,1771675499999,456368.0493800,2355,8195.47,246929.9138700,0
1771675500000,30.12900,30.21000,30.11300,30.13300,21157.37,1771675799999,637743.5940300,3214,10777.67,324910.1606600,0
1771675800000,30.13400,30.16200,30.08400,30.12100,44306.56,1771676099999,1334033.2382900,3690,13023.28,392301.2451400,0
1771676100000,30.12100,30.15000,30.10200,30.14700,7980.18,1771676399999,240382.3507000,1836,5066.37,152613.5731700,0
1771676400000,30.14700,30.17400,30.12800,30.14300,8912.27,1771676699999,268687.1133400,1984,5038.76,151904.3989200,0
1771676700000,30.14200,30.16000,30.08900,30.09600,11224.09,1771676999999,338055.3812000,2047,5208.02,156864.0703300,0
1771677000000,30.09600,30.09600,30.01700,30.02400,23776.03,1771677299999,714543.9209200,3506,8365.20,251373.7662400,0
1771677300000,30.02400,30.06000,29.97000,29.98600,23726.38,1771677599999,712057.6409600,3145,6857.88,205903.6457300,0
1771677600000,29.98600,30.01000,29.88100,29.90500,47733.06,1771677899999,1429141.0308100,5104,24706.43,739886.8441300,0
1771677900000,29.90500,30.00500,29.88900,29.95100,32083.76,1771678199999,960711.0656500,4661,23105.84,691906.5161700,0
1771678200000,29.95100,30.00900,29.90400,29.94100,58875.87,1771678499999,1763293.4674900,5330,19270.82,577381.1539800,0
1771678500000,29.94000,29.95600,29.92700,29.94900,6458.61,1771678799999,193399.7215400,1581,3432.51,102784.0561700,0
1771678800000,29.94800,29.94800,29.86200,29.88900,28092.60,1771679099999,839620.7820200,3597,9434.19,281940.4610800,0
1771679100000,29.88900,29.95500,29.88900,29.95500,11004.63,1771679399999,329259.4242100,2415,6490.07,194187.8284500,0
1771679400000,29.95500,29.96500,29.90900,29.92000,14274.11,1771679699999,427348.0905000,2357,10102.80,302472.9895300,0
1771679700000,29.92000,29.92000,29.84800,29.89100,17479.59,1771679999999,522257.6412500,2792,7426.71,221906.7816400,0
1771680000000,29.89100,29.91400,29.87700,29.87700,11306.70,1771680299999,338062.7788000,2157,6786.30,202903.3803500,0
1771680300000,29.87600,29.91800,29.85500,29.89900,8782.33,1771680599999,262486.8298400,1713,5265.82,157386.9065800,0
1771680600000,29.89900,29.92400,29.83700,29.84100,17456.85,1771680899999,521509.8482500,2302,6827.43,203959.7825600,0
1771680900000,29.84000,29.89500,29.83400,29.89500,10824.99,1771681199999,323088.6712700,1556,5400.92,161201.5326800,0
1771681200000,29.89500,29.92300,29.89100,29.91400,6920.47,1771681499999,207001.5139000,1467,4444.80,132948.2352200,0
1771681500000,29.91400,30.01300,29.88800,29.99000,24801.36,1771681799999,743116.2903800,2764,18248.21,546801.4910100,0
1771681800000,29.98900,30.02600,29.97300,29.98500,23374.73,1771682099999,701278.8020700,3216,8972.50,269214.5450400,0
1771682100000,29.98600,30.07400,29.95900,30.04700,25979.97,1771682399999,779476.2887100,3947,12634.47,379219.4404300,0
1771682400000,30.04600,30.04600,29.93100,30.00100,20271.82,1771682699999,607880.8752300,3256,11157.56,334563.2564300,0
1771682700000,30.00000,30.05100,29.98400,30.01900,31491.70,1771682999999,945573.0302500,3193,22818.10,685245.7288700,0
1771683000000,30.01800,30.01800,29.97300,29.98500,6435.64,1771683299999,193036.5960400,1573,1695.08,50836.8386600,0
1771683300000,29.98500,29.98500,29.93800,29.97300,18503.23,1771683599999,554341.0772700,3194,5682.71,170257.4763000,0
1771683600000,29.97200,30.11300,29.96300,30.07100,48787.47,1771683899999,1466830.7932200,5787,34288.48,1030959.0459700,0
1771683900000,30.07000,30.12800,30.05100,30.08400,22109.13,1771684199999,665361.0171100,3742,12252.27,368779.6533000,0
1771684200000,30.08600,30.15600,30.04400,30.14800,16974.17,1771684499999,511130.2417500,4168,9038.97,272226.4191000,0
1771684500000,30.14700,30.16700,30.11400,30.14300,9807.25,1771684799999,295592.0036100,2366,4646.24,140053.6231000,0
1771684800000,30.14300,30.17400,30.10700,30.12300,25949.71,1771685099999,782300.9433500,2855,16185.94,488034.7149900,0
1771685100000,30.12400,30.14400,30.06300,30.07200,13500.16,1771685399999,406430.0182600,2765,5305.97,159743.6415800,0
1771685400000,30.07200,30.12600,30.03000,30.05300,11335.70,1771685699999,340932.4836600,2990,4097.90,123264.2147500,0
1771685700000,30.05300,30.06500,29.99100,30.00300,16843.47,1771685999999,505672.1464000,2894,6145.56,184523.6527900,0
1771686000000,30.00200,30.06200,29.99300,30.00100,26231.09,1771686299999,787653.8696200,3997,6357.26,190852.6441100,0
1771686300000,30.00100,30.00600,29.96700,29.99100,36096.82,1771686599999,1082282.7686300,3476,26090.15,782249.0183200,0
1771686600000,29.99000,29.99000,29.80700,29.82600,84541.74,1771686899999,2527351.1354200,7979,22771.62,680254.0624100,0
1771686900000,29.82600,29.93400,29.81400,29.82200,21721.04,1771687199999,648920.9734400,4227,11318.59,338165.8772200,0
1771687200000,29.82300,29.90500,29.81500,29.88300,13918.08,1771687499999,415556.0051100,3497,8878.29,265134.7956700,0
1771687500000,29.88000,29.88400,29.77600,29.81700,22349.79,1771687799999,666464.2481400,3465,7608.15,226950.0043000,0
1771687800000,29.81700,29.85800,29.73200,29.82500,40312.65,1771688099999,1200549.8168400,5572,14093.14,419840.6292200,0
1771688100000,29.82600,29.87200,29.80100,29.84800,12736.56,1771688399999,380013.3922400,2434,7655.86,228424.6097200,0
1771688400000,29.84800,29.91500,29.82000,29.88700,12249.47,1771688699999,365915.2271800,3212,7280.54,217489.8699100,0
1771688700000,29.88600,29.93300,29.87800,29.90700,12590.14,1771688999999,376551.1050900,2315,5025.25,150302.5913300,0
1771689000000,29.90800,29.92900,29.88400,29.88900,11394.96,1771689299999,340738.6725100,2506,3782.57,113115.6378100,0
1771689300000,29.88900,29.92600,29.87600,29.91800,14558.61,1771689599999,435280.0582100,2518,9557.88,285770.5788200,0
1771689600000,29.91800,29.92600,29.76500,29.76500,28899.49,1771689899999,862475.3868100,5342,8075.89,240950.6783200,0
1771689900000,29.76500,29.77400,29.65900,29.72000,46786.00,1771690199999,1389831.9088500,5314,17319.15,514587.0615400,0
1771690200000,29.72000,29.74400,29.70300,29.70400,14413.81,1771690499999,428425.0626400,2194,6992.48,207868.9980800,0
1771690500000,29.70500,29.77100,29.69700,29.75300,13386.77,1771690799999,398054.5415700,2756,7697.25,228897.6229300,0
1771690800000,29.75200,29.78600,29.68800,29.72900,18918.61,1771691099999,562262.7154800,3793,9301.38,276432.9750800,0
1771691100000,29.73000,29.77800,29.68500,29.77200,15313.21,1771691399999,455248.9702800,2818,11360.17,337759.5904800,0
1771691400000,29.77200,29.80700,29.74700,29.80000,11624.20,1771691699999,346197.4779800,2901,6728.11,200395.0269100,0
1771691700000,29.80000,29.86100,29.78600,29.85500,12251.54,1771691999999,365430.7850700,2426,7691.13,229416.0138300,0
1771692000000,29.85500,29.87400,29.82000,29.84100,17889.25,1771692299999,533978.4106400,2913,9539.24,284799.6109200,0
1771692300000,29.84100,29.84100,29.79000,29.80000,5891.36,1771692599999,175646.4694800,1749,1800.68,53688.4084400,0
1771692600000,29.80100,29.86900,29.80100,29.86600,7997.07,1771692899999,238619.6618800,1668,5098.92,152130.4486700,0
1771692900000,29.86500,29.86500,29.81000,29.83400,6105.85,1771693199999,182132.5964900,1500,2254.62,67246.2696800,0
1771693200000,29.83400,29.84400,29.75200,29.79400,13591.95,1771693499999,405025.6814600,3003,5647.86,168259.8998900,0
1771693500000,29.79500,29.82000,29.75000,29.80200,9949.42,1771693799999,296310.1625600,1910,4072.77,121344.8658200,0
1771693800000,29.80300,29.81400,29.77600,29.78500,5106.63,1771694099999,152163.0985100,1498,2535.54,75547.4054300,0
1771694100000,29.78600,29.81100,29.76600,29.76600,4178.09,1771694399999,124473.7520600,1441,2643.99,78769.4614300,0
1771694400000,29.76600,29.77700,29.72500,29.77400,13649.36,1771694699999,406187.0598400,2337,4476.09,133218.0182900,0
1771694700000,29.77200,29.81000,29.74600,29.78600,7556.95,1771694999999,225035.2597600,1809,4863.32,144838.1743900,0
1771695000000,29.78700,29.80700,29.76900,29.76900,7329.14,1771695299999,218282.0989600,1552,2795.81,83265.4621300,0
1771695300000,29.77000,29.85800,29.76500,29.84400,9308.68,1771695599999,277662.8332400,2003,5599.11,166985.2802900,0
1771695600000,29.84500,29.93100,29.84400,29.91000,19625.68,1771695899999,586697.7320400,2988,12547.26,375100.5088700,0
1771695900000,29.90900,29.93200,29.88200,29.90900,11027.05,1771696199999,329727.0332200,2302,5312.20,158837.0496400,0
1771696200000,29.90800,29.92300,29.87500,29.91800,11657.37,1771696499999,348527.5815100,2108,3514.79,105107.1608300,0
1771696500000,29.91800,29.94900,29.86600,29.90200,8349.74,1771696799999,249786.5063700,2179,5533.63,165579.2038200,0
1771696800000,29.90200,29.96800,29.88000,29.95400,14465.19,1771697099999,432924.3230400,2480,10451.33,312848.7086100,0
1771697100000,29.95400,29.98200,29.91100,29.91100,6435.60,1771697399999,192747.0449200,1704,2408.02,72118.3177100,0
1771697400000,29.91200,29.94400,29.88200,29.88900,7087.82,1771697699999,211989.3531300,1680,2425.49,72546.7209300,0
1771697700000,29.88900,29.93900,29.85500,29.92600,19054.59,1771697999999,569364.0603600,1902,15373.69,459331.4298400,0
1771698000000,29.92600,30.09800,29.90000,30.02200,91822.14,1771698299999,2756934.9240500,6552,67677.34,2032061.2340700,0
1771698300000,30.02300,30.06100,29.90700,29.93700,42046.80,1771698599999,1259860.5517000,4051,14513.99,434847.8521500,0
1771698600000,29.93800,29.96200,29.83300,29.89300,23583.48,1771698899999,704790.1603500,3956,7349.37,219630.5001300,0
1771698900000,29.89200,29.93900,29.89100,29.93100,6811.40,1771699199999,203779.6706100,1813,4578.66,136977.8181700,0
1771699200000,29.93100,29.93400,29.87600,29.87900,3653.13,1771699499999,109235.7957700,1362,1751.85,52383.4434800,0
1771699500000,29.87900,29.94000,29.85700,29.92400,13736.79,1771699799999,410667.5848300,2440,9223.15,275716.2307700,0
1771699800000,29.92400,29.92800,29.90000,29.92100,12614.63,1771700099999,377371.2463800,1328,2330.72,69720.0764800,0
1771700100000,29.92100,29.95100,29.89500,29.91200,7711.82,1771700399999,230741.6509500,1798,4749.43,142099.8221100,0
1771700400000,29.91100,29.92000,29.87200,29.90700,6173.86,1771700699999,184532.4524500,1808,3088.12,92295.6164900,0
1771700700000,29.90700,29.96900,29.90000,29.93900,8537.24,1771700999999,255649.8336800,1966,5871.78,175826.1773800,0
1771701000000,29.94000,29.97500,29.91300,29.95900,7358.29,1771701299999,220400.4023500,1828,3816.90,114329.1950800,0
1771701300000,29.95900,29.97000,29.91400,29.92800,6918.57,1771701599999,207168.7002300,1624,3664.10,109704.9000400,0
1771701600000,29.92800,29.95700,29.89900,29.94800,9297.65,1771701899999,278243.9774100,1498,6379.59,190926.9687600,0
1771701900000,29.94700,29.95600,29.91100,29.91700,7903.65,1771702199999,236570.2610000,1732,3234.65,96831.4987100,0
1771702200000,29.91700,29.95500,29.90800,29.93700,5943.15,1771702499999,177867.8493800,1680,3855.56,115387.5389200,0
1771702500000,29.93700,29.98600,29.92500,29.98300,5754.13,1771702799999,172390.9293200,1868,3780.72,113263.1865200,0
1771702800000,29.98200,29.98700,29.94400,29.95600,3227.53,1771703099999,96709.5028400,979,1366.38,40942.0965600,0
1771703100000,29.95600,30.01100,29.93900,29.97000,11752.11,1771703399999,352347.9484600,1777,7321.19,219536.8020400,0
1771703400000,29.97000,29.97600,29.83500,29.83700,22665.76,1771703699999,677803.4566400,2860,4330.07,129487.7973400,0
1771703700000,29.83800,29.87900,29.75800,29.84300,36440.18,1771703999999,1086499.8399900,4440,16694.82,497771.8973500,0
1771704000000,29.84200,29.84200,29.77000,29.82600,18778.22,1771704299999,559569.9150200,2825,5905.33,175980.5120600,0
1771704300000,29.82500,29.84200,29.79800,29.82600,5663.63,1771704599999,168910.7373800,1499,1646.29,49095.2701300,0
1771704600000,29.82700,29.84900,29.80800,29.81700,10959.11,1771704899999,326942.0687400,1360,4925.59,146939.0259700,0
1771704900000,29.81700,29.88600,29.81000,29.86700,27460.73,1771705199999,819544.9080300,2486,18056.72,538878.7819000,0
1771705200000,29.86700,29.86800,29.79100,29.84200,18170.43,1771705499999,541907.7541600,2196,4916.45,146592.7759100,0
1771705500000,29.84200,29.87600,29.83300,29.85000,12020.00,1771705799999,358859.4982600,1578,5052.22,150845.5794700,0
1771705800000,29.85100,29.86000,29.81900,29.82400,4995.43,1771706099999,149052.1244100,1542,2595.44,77440.7354300,0
1771706100000,29.82400,29.83000,29.75000,29.80700,10727.78,1771706399999,319573.0271200,1990,5035.67,150042.3508600,0
1771706400000,29.80700,29.80700,29.70900,29.75000,16966.72,1771706699999,504877.4494900,3440,5457.58,162405.5586500,0
1771706700000,29.75000,29.78300,29.74800,29.77400,4362.48,1771706999999,129855.6447100,1496,2330.75,69376.9921900,0
1771707000000,29.77300,29.79600,29.73800,29.76900,11945.32,1771707299999,355647.9945700,2534,5778.33,172042.0564700,0
1771707300000,29.77000,29.78800,29.52400,29.64800,90732.10,1771707599999,2688635.6016100,5021,17688.95,524267.6721400,0
1771707600000,29.64800,29.68800,29.62400,29.68800,32053.87,1771707899999,950576.9667800,4386,12788.16,379293.8362600,0
1771707900000,29.68900,29.69400,29.63000,29.67000,12471.83,1771708199999,369908.6431300,2693,5452.30,161703.1348800,0
1771708200000,29.67000,29.67000,29.56600,29.59500,16264.51,1771708499999,481547.7781000,3149,5890.60,174397.9462200,0
1771708500000,29.59500,29.62300,29.53200,29.57800,23364.51,1771708799999,690974.9616400,3474,9798.70,289765.0093000,0
1771708800000,29.57800,29.70000,29.57700,29.69400,9316.46,1771709099999,276141.8027900,2233,5644.50,167306.5938700,0
1771709100000,29.69500,29.73300,29.69500,29.72500,8227.35,1771709399999,244515.1389100,1574,5177.90,153887.3904200,0
1771709400000,29.72500,29.76200,29.70800,29.72600,8526.37,1771709699999,253555.1176700,2226,3538.17,105232.2018700,0
1771709700000,29.72600,29.73600,29.70600,29.70600,4312.29,1771709999999,128169.2723600,1493,1834.48,54524.3673600,0
1771710000000,29.70600,29.71100,29.66500,29.66800,7773.61,1771710299999,230783.1596900,1863,2390.43,70965.1242200,0
1771710300000,29.66800,29.71100,29.66800,29.69500,4729.14,1771710599999,140436.4265700,1216,2758.97,81927.0713500,0
1771710600000,29.69500,29.71100,29.69200,29.70100,2160.07,1771710899999,64152.4249700,817,1273.07,37808.3160200,0
1771710900000,29.70100,29.74500,29.70100,29.72600,3805.63,1771711199999,113149.9560900,1059,2695.29,80133.7608000,0
1771711200000,29.72500,29.75400,29.70300,29.73800,7243.46,1771711499999,215376.4526600,1697,3669.56,109095.6847100,0
1771711500000,29.73800,29.75200,29.63400,29.68700,18293.67,1771711799999,543111.2866100,2423,6894.37,204680.3787300,0
1771711800000,29.68700,29.71500,29.67100,29.71200,6190.28,1771712099999,183768.8837500,1366,3138.14,93166.5384900,0
1771712100000,29.71100,29.72200,29.68200,29.71600,4835.76,1771712399999,143635.6455100,1218,2986.79,88717.2733700,0
1771712400000,29.71200,29.75100,29.70900,29.73400,3421.24,1771712699999,101717.6140500,838,2264.19,67316.6537700,0
1771712700000,29.73300,29.73300,29.69900,29.71300,4491.75,1771712999999,133466.3238000,989,2757.91,81942.7484200,0
1771713000000,29.71300,29.74600,29.69800,29.70400,4683.62,1771713299999,139237.2249100,902,2415.09,71802.4536000,0
1771713300000,29.70400,29.71900,29.68300,29.70000,3172.12,1771713599999,94227.1775600,893,1898.33,56389.9598000,0
1771713600000,29.69900,29.71000,29.64400,29.66500,5721.46,1771713899999,169743.7256000,1263,2501.87,74211.9819500,0
1771713900000,29.66500,29.67800,29.65400,29.66800,4146.66,1771714199999,123007.1931100,890,2542.13,75409.6749000,0
1771714200000,29.66900,29.67200,29.65300,29.65500,2282.37,1771714499999,67700.0071600,605,922.84,27373.8422500,0
1771714500000,29.65500,29.65700,29.56300,29.56300,14774.03,1771714799999,437294.0741200,2075,5658.02,167451.3522900,0
1771714800000,29.56400,29.63400,29.55500,29.62500,14936.16,1771715099999,441967.3709600,2768,7123.59,210795.0805000,0
1771715100000,29.62600,29.62700,29.58200,29.60400,6204.84,1771715399999,183709.9157700,1903,2194.82,64985.0468800,0
1771715400000,29.60400,29.60700,29.56800,29.57500,6087.01,1771715699999,180100.7241700,1746,2722.13,80534.9339800,0
1771715700000,29.57600,29.62000,29.57200,29.57500,9840.24,1771715999999,291227.2621100,1824,5411.17,160171.9350600,0
1771716000000,29.57500,29.59000,29.56700,29.58000,4107.76,1771716299999,121509.9731400,1010,2197.44,65003.8644500,0
1771716300000,29.58000,29.74500,29.56600,29.72000,60937.04,1771716599999,1808824.4263400,4729,44539.18,1321779.5985800,0
1771716600000,29.72100,29.73400,29.70500,29.71900,9170.61,1771716899999,272542.5140600,1543,4003.82,118987.4896800,0
1771716900000,29.71900,29.74300,29.70200,29.73200,5625.65,1771717199999,167205.5431800,1314,3659.57,108769.9555100,0
1771717200000,29.73200,29.75800,29.71400,29.74700,11515.21,1771717499999,342425.4823100,1869,5433.70,161607.6095100,0
1771717500000,29.74800,29.75600,29.70100,29.71800,6725.95,1771717799999,199960.3372000,1601,3055.19,90850.6818800,0
1771717800000,29.71900,29.75000,29.71500,29.72800,4036.34,1771718099999,120016.6470400,1041,1276.68,37959.6385200,0
1771718100000,29.72700,29.76600,29.71900,29.73000,10694.94,1771718399999,318124.3748500,1623,4983.94,148247.8616400,0
1771718400000,29.73100,29.77800,29.70300,29.76200,16473.26,1771718699999,489920.7490900,2552,8474.00,252062.2826500,0
1771718700000,29.76100,29.76200,29.70800,29.73300,11615.63,1771718999999,345268.0578900,1578,4512.23,134115.2420900,0
1771719000000,29.73300,29.73600,29.69200,29.69200,8043.91,1771719299999,239036.1823100,1185,1546.67,45966.2170100,0
1771719300000,29.69200,29.71600,29.67600,29.71000,10597.86,1771719599999,314711.6956300,1475,4785.86,142126.3393700,0
1771719600000,29.71000,29.71000,29.64200,29.64200,20589.33,1771719899999,610810.2058900,2002,11386.10,337766.3654400,0
1771719900000,29.64300,29.68500,29.64200,29.66200,10163.69,1771720199999,301523.9259100,1711,4921.07,145981.0532400,0
1771720200000,29.66100,29.67600,29.62100,29.66500,10693.00,1771720499999,317103.5141700,1676,6115.67,181377.3692500,0
1771720500000,29.66700,29.66800,29.63700,29.65500,8764.04,1771720799999,259891.5136900,1289,2766.21,82029.0178100,0
1771720800000,29.65500,29.67700,29.61400,29.61400,9380.29,1771721099999,278109.2031800,1331,5153.45,152808.9288400,0
1771721100000,29.61400,29.62900,29.58700,29.59300,8970.99,1771721399999,265574.5887000,1517,3500.44,103637.8979300,0
1771721400000,29.59200,29.67200,29.59200,29.67000,6549.15,1771721699999,194168.0804800,1327,4348.09,128891.9877000,0
1771721700000,29.67100,29.69400,29.65600,29.69100,6730.60,1771721999999,199709.8985600,1096,4145.64,123000.3818300,0
1771722000000,29.69200,29.69900,29.64600,29.65300,9391.61,1771722299999,278668.1122000,1664,3150.56,93506.0808100,0
1771722300000,29.65400,29.75000,29.65400,29.73400,10267.53,1771722599999,305024.3211000,1884,7541.76,224039.0272000,0
1771722600000,29.73400,29.82800,29.72200,29.80200,21107.20,1771722899999,628817.3064100,2968,13810.69,411429.1505600,0
1771722900000,29.80300,29.88600,29.80300,29.86800,23359.03,1771723199999,696863.7365200,2403,15507.20,462599.8537300,0
1771723200000,29.86800,29.86800,29.82500,29.85800,6422.69,1771723499999,191645.6478500,1467,2564.06,76506.8558900,0
1771723500000,29.85900,29.88700,29.83900,29.87200,6142.58,1771723799999,183452.9261500,1464,3461.39,103384.8378800,0
1771723800000,29.87200,29.92800,29.86900,29.88800,17440.60,1771724099999,521653.8079100,2523,7649.49,228765.6965500,0
1771724100000,29.88700,29.89400,29.85400,29.87100,6233.99,1771724399999,186232.1472900,1324,1556.32,46494.2011200,0
1771724400000,29.87200,29.91300,29.87200,29.90200,7887.87,1771724699999,235778.1336600,1801,3293.28,98436.8385600,0
1771724700000,29.90300,29.92200,29.89300,29.90600,5523.32,1771724999999,165178.3615600,1037,2579.06,77129.9930200,0
1771725000000,29.90700,29.93100,29.89500,29.90100,5731.29,1771725299999,171435.8714800,1161,2647.01,79185.6334300,0
1771725300000,29.90100,29.90100,29.86200,29.87300,5718.06,1771725599999,170841.2375500,1291,1855.02,55415.3784000,0
1771725600000,29.87300,29.92500,29.84200,29.88100,13032.14,1771725899999,389490.9679200,1936,5419.33,161936.1446000,0
1771725900000,29.88000,29.95100,29.87300,29.92400,7057.55,1771726199999,211143.6272700,1464,3584.41,107236.1577300,0
1771726200000,29.92500,29.92900,29.88800,29.91800,4296.05,1771726499999,128483.0645800,1124,1402.75,41951.3424700,0
1771726500000,29.91800,29.92200,29.87900,29.88000,4126.00,1771726799999,123385.3322200,1258,1086.63,32493.7432300,0
1771726800000,29.88000,29.88000,29.77200,29.77900,19102.71,1771727099999,569408.4614900,2039,3328.71,99220.3172400,0
1771727100000,29.77900,29.83300,29.77900,29.78400,8570.99,1771727399999,255481.5136000,1140,5174.43,154233.7176100,0
1771727400000,29.78300,29.81200,29.74600,29.80500,7492.34,1771727699999,223087.5864600,1589,3711.30,110531.2722900,0
1771727700000,29.80600,29.81600,29.76100,29.78100,5285.69,1771727999999,157437.2496100,1478,2395.50,71347.5551200,0
1771728000000,29.78200,29.80700,29.76700,29.80600,6076.49,1771728299999,181009.2842000,1208,3747.02,111633.1430800,0
1771728300000,29.80600,29.83400,29.76300,29.76300,6203.46,1771728599999,184879.2262200,1207,3173.82,94606.0425000,0
1771728600000,29.76300,29.80400,29.76300,29.78800,5980.63,1771728899999,178133.1044200,1082,2301.59,68541.2179100,0
1771728900000,29.78800,29.80300,29.73800,29.76500,7568.55,1771729199999,225331.6082900,1593,3143.15,93587.0450600,0
1771729200000,29.76700,29.82900,29.76700,29.80800,7499.40,1771729499999,223537.8381700,1500,5585.86,166501.3798800,0
1771729500000,29.80800,29.89900,29.80800,29.88900,18400.34,1771729799999,549326.4870000,2330,13914.13,415345.7819400,0
1771729800000,29.88800,29.88800,29.84400,29.86000,5721.97,1771730099999,170860.9787500,1296,2846.81,84995.6694400,0
1771730100000,29.86000,29.87600,29.73300,29.76200,19347.21,1771730399999,576556.0839000,2891,9560.68,284906.0419100,0
1771730400000,29.76200,29.81600,29.75100,29.79000,13900.90,1771730699999,413915.0629000,2010,10222.26,304379.9499700,0
1771730700000,29.79100,29.83500,29.78900,29.83100,5893.66,1771730999999,175720.7285000,1190,4109.73,122527.1371600,0
1771731000000,29.83200,29.86700,29.80200,29.80200,13500.10,1771731299999,402685.2537100,1983,3120.45,93085.5999700,0
1771731300000,29.80200,29.83300,29.75100,29.76600,11029.89,1771731599999,328639.4912700,1606,5921.75,176486.1337900,0
1771731600000,29.76600,29.78500,29.74200,29.77600,6288.03,1771731899999,187118.9635800,1284,3626.31,107919.2025300,0
1771731900000,29.77600,29.79400,29.72700,29.76800,5562.41,1771732199999,165551.8216600,1358,2371.99,70598.7773800,0
1771732200000,29.76700,29.78200,29.68200,29.71100,18344.73,1771732499999,545293.9151900,2243,3747.89,111426.8731600,0
1771732500000,29.71300,29.72300,29.68900,29.71600,3621.03,1771732799999,107561.7075600,1050,2155.39,64030.3619700,0
1771732800000,29.71500,29.74500,29.69100,29.74400,5814.07,1771733099999,172786.9008800,1539,2966.00,88148.8651700,0
1771733100000,29.74400,29.75900,29.65000,29.65200,11172.52,1771733399999,331733.8106200,2076,4722.62,140299.5393400,0
1771733400000,29.65200,29.66500,29.60400,29.65800,14715.86,1771733699999,436138.1333300,1833,5156.62,152831.7789800,0
1771733700000,29.65800,29.66100,29.62900,29.64700,3867.19,1771733999999,114632.6083900,1318,2309.55,68458.9826600,0
1771734000000,29.64700,29.65600,29.60000,29.60700,12258.07,1771734299999,363065.9451800,1570,6220.72,184254.1423700,0
1771734300000,29.60700,29.64600,29.59000,29.63200,15442.20,1771734599999,457405.4420000,2032,12492.33,370045.7321000,0
1771734600000,29.63200,29.63700,29.60600,29.62100,3632.60,1771734899999,107594.7719200,979,1398.30,41414.5588900,0
1771734900000,29.62100,29.63600,29.61200,29.61200,3106.50,1771735199999,92032.2120000,838,1370.03,40590.4966600,0
1771735200000,29.61200,29.61900,29.59700,29.61400,3849.46,1771735499999,113966.3011200,890,1341.64,39720.7340800,0
1771735500000,29.61500,29.67500,29.60200,29.64400,12455.11,1771735799999,369245.5681300,1681,7823.88,231973.6538600,0
1771735800000,29.64400,29.67800,29.63300,29.65200,5503.01,1771736099999,163194.6352400,1371,3023.79,89674.1719900,0
1771736100000,29.65300,29.70500,29.61000,29.64400,23553.63,1771736399999,698324.1563700,2406,11221.61,332854.0027500,0
1771736400000,29.64500,29.67700,29.62500,29.62500,5139.03,1771736699999,152387.3326800,1595,2596.04,76977.7571800,0
1771736700000,29.62500,29.67600,29.61100,29.64000,6613.67,1771736999999,196080.1363200,1414,3969.82,117712.0838000,0
1771737000000,29.64100,29.65500,29.60600,29.65300,6551.28,1771737299999,194097.7663400,1330,3817.36,113102.4060900,0
1771737300000,29.65400,29.65600,29.61100,29.62700,3216.57,1771737599999,95324.0244900,1115,1290.62,38246.5969300,0
1771737600000,29.62800,29.66800,29.62100,29.66100,3064.94,1771737899999,90874.7205100,869,2199.40,65218.5683600,0
1771737900000,29.66100,29.67700,29.65000,29.66500,2398.38,1771738199999,71141.1433500,842,1310.78,38883.4760100,0
1771738200000,29.66500,29.66800,29.62800,29.64600,2276.57,1771738499999,67494.3100200,992,1178.18,34924.5250400,0
1771738500000,29.64700,29.67000,29.63900,29.65300,8913.47,1771738799999,264312.9409800,997,6661.56,197534.0137100,0
1771738800000,29.65400,29.68600,29.64900,29.67100,9807.23,1771739099999,290959.6060200,1637,7690.72,228172.5910100,0
1771739100000,29.67100,29.67300,29.63500,29.66000,4117.92,1771739399999,122108.4513300,1525,1453.52,43101.9870100,0
1771739400000,29.66000,29.67600,29.64800,29.66900,2412.98,1771739699999,71574.2416400,938,1121.40,33264.5538600,0
1771739700000,29.66700,29.68400,29.66000,29.68300,2647.98,1771739999999,78571.1325900,982,1486.03,44096.5323600,0
1771740000000,29.68300,29.75800,29.67200,29.75600,14907.72,1771740299999,443191.6259300,1963,7199.63,213975.1907400,0
1771740300000,29.75600,29.76000,29.73500,29.74300,6719.14,1771740599999,199882.4818400,1297,3622.01,107747.5261300,0
1771740600000,29.74400,29.74600,29.66100,29.67200,9013.61,1771740899999,267662.5183900,1505,2630.96,78105.5154700,0
1771740900000,29.67100,29.70700,29.66200,29.70300,8849.91,1771741199999,262646.2193300,919,6790.60,201520.4318800,0
1771741200000,29.70300,29.70300,29.65200,29.66000,3183.46,1771741499999,94450.9724900,999,1845.94,54764.6059600,0
1771741500000,29.66000,29.72300,29.65800,29.69000,8740.28,1771741799999,259484.5942200,1516,4957.57,147170.1431600,0
1771741800000,29.69000,29.69200,29.60900,29.63400,16549.68,1771742099999,490580.4456200,2273,5261.47,155932.0337800,0
1771742100000,29.63300,29.63400,29.58600,29.60300,6460.06,1771742399999,191248.1179700,1480,2188.22,64789.7054800,0
1771742400000,29.60400,29.61400,29.53500,29.58100,15828.31,1771742699999,468094.3051700,2233,4834.15,142987.2546900,0
1771742700000,29.58100,29.59200,29.55000,29.56000,6277.55,1771742999999,185612.9781200,1522,2818.49,83340.9746700,0
1771743000000,29.56100,29.60000,29.55600,29.57600,4423.31,1771743299999,130827.5204900,1184,3011.80,89078.1065600,0
1771743300000,29.57600,29.57700,29.50600,29.55900,23861.49,1771743599999,704694.2336600,2525,6595.83,194809.1870500,0
1771743600000,29.55900,29.59100,29.52700,29.53100,15230.90,1771743899999,450244.8049500,2461,8690.78,256963.2158400,0
1771743900000,29.53000,29.58300,29.53000,29.57600,10250.40,1771744199999,302914.8935700,1415,7647.44,225984.9424900,0
1771744200000,29.57600,29.60200,29.56700,29.58600,5436.77,1771744499999,160828.0168300,1038,3704.73,109593.5786200,0
1771744500000,29.58600,29.58900,29.55300,29.56400,5034.73,1771744799999,148872.4485200,1252,2661.39,78692.0567200,0
1771744800000,29.56300,29.59900,29.55400,29.59800,3909.90,1771745099999,115651.6526000,954,2436.80,72082.6103700,0
1771745100000,29.59600,29.62000,29.57200,29.60600,9498.22,1771745399999,281064.4382000,1128,3342.82,98943.7910900,0
1771745400000,29.60600,29.63000,29.59800,29.61100,6808.58,1771745699999,201649.4122800,1289,3105.44,91984.4705600,0
1771745700000,29.61200,29.63100,29.55300,29.56500,6766.85,1771745999999,200243.8539000,1716,3186.09,94324.4718800,0
1771746000000,29.56400,29.57900,29.54700,29.55800,6330.69,1771746299999,187135.7330200,1234,2694.23,79648.4028000,0
1771746300000,29.55800,29.56400,29.45300,29.45400,47536.72,1771746599999,1401549.4154200,4165,13749.51,405399.2182300,0
1771746600000,29.45300,29.49300,29.42900,29.47100,17374.82,1771746899999,511825.2419300,1857,6300.54,185610.1638200,0
1771746900000,29.47100,29.50000,29.42500,29.43300,10780.25,1771747199999,317572.7443500,1689,5263.71,155098.9819300,0
1771747200000,29.43200,29.48700,29.35100,29.48600,33846.87,1771747499999,995604.2788600,3520,16802.03,494599.0890300,0
1771747500000,29.48500,29.49100,29.42300,29.45700,7784.47,1771747799999,229263.2798400,1585,3456.59,101780.8731300,0
1771747800000,29.45600,29.46600,29.44300,29.45400,5506.85,1771748099999,162213.7143700,1086,3663.25,107907.9252800,0
1771748100000,29.45400,29.46300,29.44200,29.44700,5794.09,1771748399999,170660.8979400,1063,2984.29,87898.6934500,0
1771748400000,29.44700,29.45200,29.40000,29.41000,9283.50,1771748699999,273160.8689200,1637,4860.03,143000.8533000,0
1771748700000,29.41000,29.43200,29.40500,29.41300,7881.32,1771748999999,231832.9913000,1579,4638.10,136428.7187400,0
1771749000000,29.41400,29.41800,29.39500,29.41700,8303.86,1771749299999,244199.7880100,1679,4709.19,138494.8597400,0
1771749300000,29.41800,29.42000,29.40200,29.41400,5728.25,1771749599999,168473.0049900,996,3923.97,115406.8700800,0
1771749600000,29.41300,29.42200,29.39600,29.41400,7395.49,1771749899999,217486.5737800,1264,4318.04,126986.7278900,0
1771749900000,29.41500,29.43300,29.41100,29.41400,6166.18,1771750199999,181428.8088400,1056,3718.13,109397.3825000,0
1771750200000,29.41500,29.44300,29.40600,29.43400,7017.48,1771750499999,206496.7929900,935,5021.98,147780.6213300,0
1771750500000,29.43500,29.45500,29.43000,29.44300,7417.23,1771750799999,218386.2247700,1063,4780.58,140748.9763300,0
1771750800000,29.44500,29.48400,29.43300,29.48100,7386.65,1771751099999,217590.6597700,1291,4532.38,133524.9368900,0
1771751100000,29.48000,29.48000,29.43900,29.47900,5101.24,1771751399999,150292.9980100,1248,2979.49,87785.5664500,0
1771751400000,29.48000,29.49600,29.47200,29.48600,6264.52,1771751699999,184709.5321400,1110,3258.51,96082.9054600,0
1771751700000,29.48700,29.52800,29.48400,29.51900,6873.78,1771751999999,202858.5137200,1195,4226.02,124708.0792200,0
1771752000000,29.52000,29.52000,29.46800,29.50600,5487.67,1771752299999,161852.6292400,1051,1925.64,56791.5283900,0
1771752300000,29.50300,29.51900,29.44500,29.45300,5762.15,1771752599999,169863.0978400,1379,2025.38,59722.3779000,0
1771752600000,29.45400,29.48800,29.43400,29.47700,10329.28,1771752899999,304148.4387700,1338,7853.63,231234.9066800,0
1771752900000,29.47700,29.50100,29.46700,29.50000,3195.23,1771753199999,94216.6523600,1026,1939.71,57196.4222700,0
1771753200000,29.50100,29.53500,29.49000,29.53100,4973.71,1771753499999,146811.3007300,1101,3464.89,102274.9204700,0
1771753500000,29.53200,29.58000,29.53200,29.55400,9479.25,1771753799999,280239.2331700,1976,5390.52,159357.8280700,0
1771753800000,29.55500,29.55500,29.52400,29.53100,3344.91,1771754099999,98799.1058300,977,1221.43,36077.7784600,0
1771754100000,29.53100,29.55100,29.45200,29.47200,21344.81,1771754399999,629348.6517900,1697,3478.85,102570.4998600,0
1771754400000,29.47100,29.51700,29.43000,29.50200,20819.60,1771754699999,613805.8018600,2331,12711.01,374880.9862000,0
1771754700000,29.50200,29.55400,29.49500,29.55300,6044.78,1771754999999,178534.8748900,1091,3541.87,104593.2651100,0
1771755000000,29.55400,29.55400,29.51400,29.51800,3128.85,1771755299999,92417.5241700,744,1476.97,43621.9951700,0
1771755300000,29.51800,29.55300,29.51800,29.55300,3599.16,1771755599999,106302.0089700,727,2474.71,73087.4065600,0
1771755600000,29.55300,29.58400,29.54700,29.56200,13453.55,1771755899999,397836.7078200,1408,4195.25,124049.1910000,0
1771755900000,29.56200,29.56400,29.48600,29.53400,13698.07,1771756199999,404317.5813300,1460,2850.78,84192.0237100,0
1771756200000,29.53400,29.69300,29.51700,29.65200,77808.16,1771756499999,2305115.5851500,3477,64371.60,1906965.1766800,0
1771756500000,29.65200,29.71000,29.64200,29.64400,17268.77,1771756799999,512520.7716800,2204,10230.63,303669.8524700,0
1771756800000,29.64500,29.66100,29.64100,29.64100,3392.67,1771757099999,100598.6381500,1014,1463.59,43397.8001700,0
1771757100000,29.64100,29.67500,29.58800,29.67200,9621.58,1771757399999,285078.5494300,1709,4118.82,122072.2460000,0
1771757400000,29.67300,29.71700,29.62400,29.63100,26174.25,1771757699999,776540.5048200,2945,7227.94,214518.2593800,0
1771757700000,29.63200,29.67400,29.62300,29.67100,6664.16,1771757999999,197564.4472400,1449,4700.68,139366.7813200,0
1771758000000,29.66600,29.83000,29.64000,29.77400,40176.21,1771758299999,1195298.5669900,6252,30427.49,905204.5080600,0
1771758300000,29.77400,29.78600,29.73900,29.74800,8016.44,1771758599999,238576.6706800,1388,2744.67,81669.5956100,0
1771758600000,29.74800,29.79300,29.72700,29.77900,9142.75,1771758899999,272062.1276800,1465,5178.46,154096.3970800,0
1771758900000,29.77900,29.85000,29.77300,29.81900,15696.11,1771759199999,468066.9527400,2158,10393.73,309939.1576300,0
1771759200000,29.82000,29.82800,29.75300,29.79600,21933.50,1771759499999,653243.9664100,2356,5954.62,177382.2030300,0
1771759500000,29.79700,29.81500,29.76900,29.79300,4180.89,1771759799999,124571.4242600,1113,1134.15,33788.7690200,0
1771759800000,29.79300,29.81000,29.74400,29.80800,9188.58,1771760099999,273577.7194900,1970,3603.16,107299.0767700,0
1771760100000,29.80700,29.83500,29.72000,29.73400,13107.55,1771760399999,390307.2826600,1813,4839.96,144136.9523000,0
1771760400000,29.73400,29.76000,29.73100,29.74400,7756.07,1771760699999,230711.9994400,927,5990.08,178172.2840900,0
1771760700000,29.74500,29.74800,29.68300,29.68300,5808.82,1771760999999,172579.4579800,1201,1539.00,45725.9747200,0
1771761000000,29.68400,29.73100,29.66900,29.72800,10363.52,1771761299999,307898.4112200,1274,6446.74,191543.4278700,0
1771761300000,29.72900,29.73300,29.67600,29.68600,11026.50,1771761599999,327575.7650300,938,1462.65,43428.5998200,0
1771761600000,29.68500,29.71300,29.60100,29.61800,16001.73,1771761899999,474258.2609300,3020,5702.91,169063.8526500,0
1771761900000,29.61900,29.63700,29.56800,29.57100,15791.88,1771762199999,467379.7560900,2449,4930.29,145924.3859300,0
1771762200000,29.57200,29.58400,29.45400,29.49400,52390.69,1771762499999,1546013.9667600,4534,12586.30,371547.1094100,0
1771762500000,29.49400,29.51000,29.45200,29.45900,11786.06,1771762799999,347481.3487200,1938,5453.17,160803.3467900,0
1771762800000,29.45800,29.51500,29.40200,29.45900,29506.63,1771763099999,869036.0121200,3193,21202.11,624488.5278000,0
1771763100000,29.45800,29.47800,29.43700,29.45300,10301.34,1771763399999,303413.0386700,1697,6004.60,176862.4952400,0
1771763400000,29.45200,29.46300,29.38900,29.42100,39210.65,1771763699999,1153874.1941600,3030,29789.75,876665.2643200,0
1771763700000,29.42100,29.42600,29.35700,29.36300,24022.84,1771763999999,706096.3515700,2484,9277.07,272696.8754400,0
1771764000000,29.36300,29.36300,29.21400,29.22800,103445.79,1771764299999,3027775.2196400,8402,45606.86,1334749.4335200,0
1771764300000,29.22900,29.29000,29.20100,29.21800,37132.68,1771764599999,1085510.9004900,4865,17345.86,507108.4189300,0
1771764600000,29.21900,29.29800,29.20200,29.23300,33603.71,1771764899999,983404.0217700,4121,15639.29,457731.5696100,0
1771764900000,29.23400,29.32800,29.20500,29.32000,41465.73,1771765199999,1213104.9345500,4103,26462.49,774308.1960600,0
1771765200000,29.32100,29.36900,29.29500,29.34500,21442.52,1771765499999,628898.0182700,3207,11709.21,343406.5487700,0
1771765500000,29.34500,29.34500,29.25000,29.29600,14750.47,1771765799999,431972.6259900,2564,5701.45,166941.8102300,0
1771765800000,29.29600,29.39100,29.29000,29.37200,14634.54,1771766099999,429419.8898100,2634,8830.71,259126.4287100,0
1771766100000,29.37100,29.48800,29.35600,29.43600,45082.64,1771766399999,1327130.7218200,4422,33142.59,975809.8218100,0
1771766400000,29.43600,29.50000,29.39700,29.41100,55053.43,1771766699999,1621679.0300200,4593,38492.24,1134015.8177900,0
1771766700000,29.41100,29.44900,29.37700,29.40000,8961.97,1771766999999,263612.4580800,1701,4007.45,117924.6582200,0
1771767000000,29.40100,29.46000,29.37900,29.38000,12537.62,1771767299999,368741.9141200,2357,4684.06,137773.4168500,0
1771767300000,29.38200,29.41400,29.34500,29.35000,16636.45,1771767599999,488764.9492900,2907,8453.80,248413.9005500,0
1771767600000,29.35000,29.37300,29.27700,29.28700,19743.16,1771767899999,578922.4088800,3415,10233.45,300085.6544500,0
1771767900000,29.28800,29.31900,29.26700,29.28700,14706.69,1771768199999,430879.7174600,2517,5753.49,168573.7157700,0
1771768200000,29.28600,29.30500,29.24900,29.26600,17127.43,1771768499999,501304.2547100,2165,9440.90,276279.8668800,0
1771768500000,29.26700,29.35300,29.23600,29.33700,9294.55,1771768799999,272379.8477800,2095,6140.15,179974.1046700,0
1771768800000,29.33700,29.39000,29.27900,29.28000,22621.71,1771769099999,663953.5643600,3373,10741.30,315303.9910500,0
1771769100000,29.28100,29.29300,29.22700,29.26600,20783.89,1771769399999,608061.4870800,2988,11171.38,326813.4307100,0
1771769400000,29.26600,29.26600,29.14600,29.21600,35803.35,1771769699999,1045184.4660500,4551,9733.40,284155.9457700,0
1771769700000,29.21600,29.23100,29.15100,29.17400,25576.46,1771769999999,746659.2003700,3922,12684.29,370340.8335100,0
1771770000000,29.17500,29.27800,29.15000,29.22200,25989.20,1771770299999,759252.0833500,3989,15407.38,450318.5976500,0
1771770300000,29.22200,29.23800,29.17100,29.20000,10373.55,1771770599999,302908.0313700,1833,5612.81,163895.9875700,0
1771770600000,29.20000,29.30600,29.18800,29.28200,17903.95,1771770899999,523914.6110500,3307,11674.15,341574.5104800,0
1771770900000,29.28200,29.29300,29.21300,29.25300,13021.51,1771771199999,380833.4990600,2754,7242.92,211839.0963700,0
1771771200000,29.25400,29.25600,29.18300,29.23300,12579.49,1771771499999,367678.5853600,2514,7690.27,224805.2698100,0
1771771500000,29.23300,29.27000,29.18900,29.21600,12211.87,1771771799999,356849.9656900,2756,5355.78,156496.7177000,0
1771771800000,29.21700,29.32600,29.21600,29.28300,18269.09,1771772099999,534905.5154100,2596,13089.76,383246.7126100,0
1771772100000,29.28300,29.29400,29.27000,29.29100,6913.37,1771772399999,202443.6119100,1305,3389.05,99245.2150900,0
1771772400000,29.29100,29.29100,29.22400,29.25600,10337.35,1771772699999,302475.0643700,2658,4253.10,124462.0890400,0
1771772700000,29.25600,29.26700,29.12700,29.15600,29391.84,1771772999999,857160.6288800,4319,6478.41,188973.6401500,0
1771773000000,29.15700,29.20700,29.11200,29.16400,13582.91,1771773299999,395952.0908900,2911,5964.87,173937.4353600,0
1771773300000,29.16400,29.17800,28.98300,29.05600,101972.24,1771773599999,2962052.5200300,7438,33099.68,961350.6245300,0
1771773600000,29.05500,29.11100,29.04100,29.11100,23918.93,1771773899999,695404.1995200,2752,13872.90,403331.4280600,0
1771773900000,29.11100,29.19100,29.10200,29.17700,31495.47,1771774199999,917953.6683300,3914,18046.57,526002.0137000,0
1771774200000,29.17600,29.18100,29.14100,29.16700,12540.46,1771774499999,365702.2915600,2671,5730.35,167115.3081400,0
1771774500000,29.16700,29.27300,29.15300,29.27000,24922.63,1771774799999,727753.2665900,3960,14391.38,420282.0024500,0
1771774800000,29.26900,29.26900,29.15900,29.21400,13618.86,1771775099999,397593.5628600,2304,4582.58,133780.3706900,0
1771775100000,29.21500,29.22600,29.18300,29.21300,7741.22,1771775399999,226122.0496300,1301,4545.53,132770.5629000,0
1771775400000,29.21200,29.25500,29.20500,29.24000,13194.47,1771775699999,385708.5034000,2011,7741.90,226302.2233700,0
1771775700000,29.24000,29.27900,29.17900,29.20200,95257.65,1771775999999,2785185.2985100,3355,18827.66,550431.3221500,0
1771776000000,29.20300,29.21200,29.08500,29.10500,16730.12,1771776299999,487679.8449900,3167,5773.07,168400.6017500,0
1771776300000,29.10600,29.12800,29.07500,29.11500,6869.19,1771776599999,199924.7915600,1856,4250.65,123716.7572300,0
1771776600000,29.11400,29.14700,29.10700,29.12300,11227.55,1771776899999,327083.6926200,2034,7759.43,226047.8687100,0
1771776900000,29.12400,29.15100,29.11700,29.13200,6198.73,1771777199999,180581.6748400,1414,3634.93,105891.8639100,0
1771777200000,29.13100,29.14800,29.07600,29.07700,10297.90,1771777499999,299734.3198200,1459,3227.43,93916.3413500,0
1771777500000,29.07600,29.10300,29.06600,29.07900,5054.65,1771777799999,147004.8168800,1301,2511.56,73051.8480400,0
1771777800000,29.08000,29.09200,29.05300,29.06500,7559.05,1771778099999,219731.5304300,1721,4413.95,128299.3963700,0
1771778100000,29.06500,29.06500,28.95200,28.98800,43999.24,1771778399999,1276189.9836800,4973,10852.78,314798.2352900,0
1771778400000,28.98600,29.03800,28.97700,28.99300,13995.82,1771778699999,405901.6702000,2107,9832.84,285156.5828100,0
1771778700000,28.99300,29.04600,28.99000,29.02100,7578.95,1771778999999,219935.3900700,1975,4289.49,124464.7574800,0
1771779000000,29.02200,29.05100,28.97300,29.05000,9832.39,1771779299999,285280.1918300,2179,6589.09,191221.6621700,0
1771779300000,29.05100,29.07100,29.03000,29.03400,5453.44,1771779599999,158432.7059100,1635,3263.70,94822.1166500,0
1771779600000,29.03500,29.04500,29.00200,29.02900,7306.52,1771779899999,212080.1409000,1880,2787.06,80890.8796700,0
1771779900000,29.02900,29.03000,28.92400,28.96400,13103.58,1771780199999,379560.4924700,2146,3933.83,113982.6272200,0
1771780200000,28.96400,29.00800,28.95800,28.96600,13763.19,1771780499999,398838.3673400,2926,7441.10,215640.9902300,0
1771780500000,28.96500,28.97000,28.90100,28.94300,19222.46,1771780799999,556189.5135900,3018,5823.42,168530.0986800,0
1771780800000,28.94400,28.94600,28.86000,28.90100,31592.19,1771781099999,912599.4128900,3393,12164.45,351399.5896400,0
1771781100000,28.90100,28.97800,28.89600,28.95700,21013.47,1771781399999,608242.1455200,2462,13713.08,396949.9393900,0
1771781400000,28.95800,28.97600,28.87600,28.93600,32065.00,1771781699999,927489.7998400,3750,10764.38,311415.0196800,0
1771781700000,28.93700,28.95800,28.91000,28.92400,13392.87,1771781999999,387456.6827600,3045,7487.47,216629.1431400,0
1771782000000,28.92400,28.94900,28.91700,28.93200,5821.44,1771782299999,168434.1355100,1580,3610.41,104468.1498900,0
1771782300000,28.93300,28.96200,28.91400,28.95100,14930.80,1771782599999,432084.1221600,2408,6548.72,189521.8411400,0
1771782600000,28.95100,28.95100,28.90600,28.93600,10858.54,1771782899999,314096.6951100,2145,3917.63,113320.3112000,0
1771782900000,28.93500,28.95600,28.91800,28.93300,11539.79,1771783199999,333981.7455200,1793,8513.91,246422.9321700,0
1771783200000,28.93300,28.93900,28.91400,28.91800,4727.95,1771783499999,136763.3137400,1625,2479.56,71729.2584000,0
1771783500000,28.91800,28.93800,28.83700,28.93800,21974.41,1771783799999,634608.0657000,3327,8203.42,236953.3952600,0
1771783800000,28.93900,28.97600,28.93600,28.95200,8124.88,1771784099999,235222.2303700,1550,5312.02,153787.5483700,0
1771784100000,28.95300,28.99200,28.93900,28.94400,7184.73,1771784399999,208138.9366500,1658,4061.98,117692.7083900,0
1771784400000,28.94400,28.94600,28.88100,28.88100,6700.67,1771784699999,193682.9537400,1603,2230.67,64474.7418700,0
1771784700000,28.88300,28.90200,28.81000,28.83000,13657.14,1771784999999,394069.9930300,2859,7341.62,211819.3314000,0
1771785000000,28.83100,28.85500,28.79500,28.82400,10341.00,1771785299999,298012.8709400,2365,4200.72,121106.1827000,0
1771785300000,28.82400,28.84300,28.78700,28.82700,14193.92,1771785599999,409014.1708600,2778,5496.78,158402.9558100,0
1771785600000,28.82700,28.84100,28.74700,28.76600,16875.89,1771785899999,485830.9495300,3138,4652.62,133996.9351300,0
1771785900000,28.76600,28.83400,28.75600,28.81500,11501.16,1771786199999,331187.9345700,2294,7887.31,227112.2637300,0
1771786200000,28.81500,28.82700,28.79100,28.82600,10821.09,1771786499999,311780.9314200,1789,6164.19,177606.7476000,0
1771786500000,28.82600,28.86000,28.77000,28.77700,13626.65,1771786799999,392764.2080000,2383,8204.74,236548.5955500,0
1771786800000,28.77600,28.84800,28.77600,28.82600,5460.01,1771787099999,157343.3820200,1642,3113.63,89726.3053400,0
1771787100000,28.82600,28.83000,28.71600,28.77600,27083.04,1771787399999,778678.5546800,4194,11149.38,320537.1492700,0
1771787400000,28.77600,28.79100,28.71800,28.72600,18165.38,1771787699999,522161.2766100,3320,7469.04,214770.3656300,0
1771787700000,28.72600,28.77300,28.72400,28.75600,10016.73,1771787999999,288015.3305900,1900,7989.34,229724.5574600,0
1771788000000,28.75700,28.78700,28.74900,28.75500,6848.10,1771788299999,196955.1621400,1092,1724.27,49587.4057100,0
1771788300000,28.75600,28.76200,28.72000,28.73300,11647.93,1771788599999,334788.8186200,1690,3818.08,109749.7079100,0
1771788600000,28.73400,28.79500,28.68000,28.78700,23617.17,1771788899999,678604.6003400,3383,8172.77,234946.9769300,0
1771788900000,28.78800,28.82600,28.73700,28.75000,10343.42,1771789199999,297633.4433900,2091,4651.29,133849.4233700,0
1771789200000,28.75000,28.76600,28.73100,28.76300,6506.03,1771789499999,187057.2304400,1251,3972.25,114206.7476300,0
1771789500000,28.76300,28.78200,28.73900,28.76200,4889.64,1771789799999,140643.3217500,1265,3147.38,90524.9493800,0
1771789800000,28.76300,28.79800,28.73100,28.74100,7973.84,1771790099999,229373.5543500,1600,3490.52,100399.0138600,0
1771790100000,28.74000,28.78000,28.73300,28.75700,6140.14,1771790399999,176568.8552500,1085,3561.53,102400.0805700,0
1771790400000,28.75700,28.82100,28.75300,28.80400,14698.38,1771790699999,423197.4687600,2446,8733.27,251477.4658700,0
1771790700000,28.80300,28.90900,28.80000,28.88100,21393.66,1771790999999,617601.1241000,3649,11361.42,327925.0747200,0
1771791000000,28.88000,28.88000,28.79600,28.84900,10482.21,1771791299999,302205.5555100,1933,5352.34,154301.1835700,0
1771791300000,28.85000,28.88400,28.80400,28.83700,11011.89,1771791599999,317659.2738000,2604,6948.45,200447.0317500,0
1771791600000,28.83800,28.93100,28.83500,28.90600,15064.47,1771791899999,435071.5601000,2660,9911.46,286243.2917900,0
1771791900000,28.90600,28.93800,28.88800,28.93500,10589.84,1771792199999,306209.5702400,1854,5027.26,145397.4431200,0
1771792200000,28.93500,28.93600,28.86500,28.88700,9226.91,1771792499999,266579.8434600,1971,3564.65,102977.0467300,0
1771792500000,28.88600,28.91600,28.87900,28.90800,6474.37,1771792799999,187065.9990400,1013,4499.04,129986.2244400,0
1771792800000,28.90800,28.91100,28.85500,28.91000,5560.00,1771793099999,160607.6087000,1215,3389.21,97893.2253600,0
1771793100000,28.91200,28.96600,28.91200,28.93600,11472.14,1771793399999,332048.0864500,2435,7089.27,205185.4646600,0
1771793400000,28.93500,28.93500,28.86500,28.89700,9278.44,1771793699999,268118.1764900,1868,5072.11,146551.1059500,0
1771793700000,28.89600,28.92900,28.87500,28.88100,6270.58,1771793999999,181240.3537000,1179,3816.20,110292.0180200,0
1771794000000,28.88100,28.92800,28.88100,28.90700,3725.22,1771794299999,107656.0618700,1397,2454.24,70917.9501200,0
1771794300000,28.90700,28.91400,28.89000,28.89500,4593.52,1771794599999,132759.8071300,1109,2167.49,62643.9481700,0
1771794600000,28.89500,28.90700,28.85300,28.87600,5007.75,1771794899999,144581.4621000,1151,1391.84,40187.3756900,0
1771794900000,28.87600,28.92800,28.87400,28.92200,5219.90,1771795199999,150884.1491500,1043,3530.90,102080.0505900,0
1771795200000,28.92100,28.92200,28.89600,28.90800,4648.50,1771795499999,134388.3342400,805,2610.27,75458.7381500,0
1771795500000,28.90800,28.92100,28.83700,28.84000,4885.34,1771795799999,141020.5668600,1363,1545.31,44600.8412400,0
1771795800000,28.84000,28.89100,28.83500,28.89100,4333.36,1771796099999,125055.2769500,1349,2264.39,65357.3524000,0
1771796100000,28.89100,28.96900,28.89100,28.95800,9507.84,1771796399999,275103.1676100,2109,5934.97,171717.6619700,0
1771796400000,28.95900,28.96200,28.91600,28.94000,5322.36,1771796699999,153992.6379900,1479,2624.47,75935.3909000,0
1771796700000,28.94000,29.00400,28.93000,28.96900,10106.30,1771796999999,292868.7855300,2454,5231.58,151610.5630900,0
1771797000000,28.96900,28.97700,28.93200,28.93400,6041.15,1771797299999,174927.8605500,1371,3272.13,94747.9421100,0
1771797300000,28.93400,28.95300,28.91600,28.94800,8750.10,1771797599999,253150.9458500,1231,3623.22,104824.3619100,0
1771797600000,28.94700,28.96000,28.91500,28.93800,8354.65,1771797899999,241756.8247500,1658,3957.67,114526.7955700,0
1771797900000,28.93700,28.95600,28.92300,28.94000,4066.17,1771798199999,117679.4787500,960,1420.57,41114.0793400,0
1771798200000,28.94000,28.95200,28.90100,28.94300,5099.75,1771798499999,147517.8822900,1052,1999.20,57829.1438900,0
1771798500000,28.94400,28.96400,28.89700,28.92000,3166.31,1771798799999,91589.1050900,884,1401.61,40534.2440000,0
1771798800000,28.92100,29.02300,28.92100,28.98600,23023.54,1771799099999,667284.9304300,2580,16778.72,486226.8281500,0
1771799100000,28.98500,28.98500,28.93800,28.94900,10832.07,1771799399999,313697.9651400,1038,4975.86,144098.7482700,0
1771799400000,28.94800,28.95200,28.86600,28.90600,8922.64,1771799699999,257866.5346700,1508,3537.55,102238.5920300,0
1771799700000,28.90600,28.90600,28.82400,28.83400,11110.55,1771799999999,320610.4867900,1900,2507.85,72383.0227200,0
1771800000000,28.83400,28.92000,28.82800,28.91700,6866.39,1771800299999,198344.1264800,1338,5179.60,149654.2398900,0
1771800300000,28.91800,28.93300,28.88100,28.91300,10834.71,1771800599999,313173.7155900,1689,5193.45,150138.4342300,0
1771800600000,28.91300,28.95800,28.90800,28.95400,7403.72,1771800899999,214235.9223100,1209,5698.32,164881.4739300,0
1771800900000,28.95500,28.98000,28.95300,28.98000,3423.42,1771801199999,99164.7043700,834,2505.79,72583.4224900,0
1771801200000,28.97900,29.02400,28.97000,29.01000,10487.89,1771801499999,304165.7904100,2374,5905.96,171282.3091700,0
1771801500000,29.01100,29.02400,28.94600,28.94900,37676.89,1771801799999,1092360.6401800,2613,5309.52,153902.4949200,0
1771801800000,28.94900,28.95200,28.88100,28.88700,15606.49,1771802099999,451279.1759400,2691,3922.07,113425.4291200,0
1771802100000,28.88600,28.92400,28.88400,28.89000,6005.03,1771802399999,173562.0107100,1532,4080.66,117945.0071900,0
1771802400000,28.89000,28.92800,28.84300,28.92800,12014.20,1771802699999,347008.8759000,2334,6302.27,182060.0235800,0
1771802700000,28.92900,28.94900,28.91500,28.93600,6198.45,1771802999999,179361.5581200,1315,3515.89,101738.3937500,0
1771803000000,28.93600,28.95300,28.91000,28.94100,18685.44,1771803299999,540567.4102400,1496,11257.82,325711.0630200,0
1771803300000,28.94000,28.96200,28.93500,28.94500,11970.68,1771803599999,346514.2436700,1342,4809.70,139230.9487300,0
1771803600000,28.94400,28.94900,28.89400,28.89800,23492.99,1771803899999,679543.0070000,1442,5033.11,145559.7984500,0
1771803900000,28.89900,28.96700,28.87500,28.96500,12720.65,1771804199999,367889.4040900,2308,9258.17,267768.7603900,0
1771804200000,28.96500,29.00700,28.95800,29.00300,5657.73,1771804499999,163967.7457600,1545,3889.14,112711.9967800,0
1771804500000,29.00300,29.03800,28.98900,29.01500,8474.41,1771804799999,245873.2184800,1929,4735.48,137386.0519100,0
1771804800000,29.01600,29.04800,28.98100,29.01300,16484.23,1771805099999,478363.4730700,2734,9006.70,261418.7039400,0
1771805100000,29.01300,29.01700,28.96800,28.97200,7925.61,1771805399999,229773.0674200,1662,3611.46,104703.9172400,0
1771805400000,28.97200,28.98200,28.93900,28.95000,9563.33,1771805699999,276918.8974800,1565,5424.69,157093.3755000,0
1771805700000,28.95100,28.95100,28.86500,28.87800,11221.53,1771805999999,324379.3000800,2142,5456.02,157733.4388500,0
1771806000000,28.87800,28.89000,28.84900,28.86500,7657.69,1771806299999,221079.8589500,1577,4442.44,128253.7393800,0
1771806300000,28.86400,28.86600,28.77400,28.81000,19595.26,1771806599999,564574.2964800,3205,10003.89,288199.3549500,0
1771806600000,28.81100,28.81500,28.75600,28.77100,8284.61,1771806899999,238448.5224800,2404,3717.72,107007.8043700,0
1771806900000,28.77100,28.78900,28.47300,28.54600,129440.44,1771807199999,3701873.5621300,14696,44826.27,1281692.0112000,0
1771807200000,28.54600,28.62100,28.54600,28.58300,46607.46,1771807499999,1332693.3709800,6596,25296.91,723426.5594200,0
1771807500000,28.58300,28.58400,28.50900,28.53800,25226.16,1771807799999,720148.6285500,5338,10363.99,295863.2086200,0
1771807800000,28.53700,28.58800,28.50900,28.57200,21628.97,1771808099999,617569.2025900,4253,12994.62,371024.7829900,0
1771808100000,28.57200,28.59800,28.37500,28.47900,91914.52,1771808399999,2616343.8112800,11226,43369.00,1234820.7867500,0
1771808400000,28.48000,28.50000,28.19100,28.49600,170921.97,1771808699999,4842379.4669500,17126,70126.08,1988361.4483700,0
1771808700000,28.49700,28.50300,27.80300,28.02300,264176.18,1771808999999,7414693.4079700,24137,85175.31,2393250.7088100,0
1771809000000,28.02200,28.16300,27.90100,28.07000,145194.74,1771809299999,4074095.9607100,17329,83232.54,2336196.7445400,0
1771809300000,28.07100,28.07100,27.66000,27.81100,346307.69,1771809599999,9628428.5151200,27813,164274.58,4566942.6650100,0
1771809600000,27.81100,27.90900,27.70700,27.78500,97095.10,1771809899999,2700988.7256400,14323,47060.37,1309327.6438900,0
1771809900000,27.78400,27.86700,27.67700,27.74200,134315.65,1771810199999,3730435.3098900,12931,83714.66,2325092.9247100,0
1771810200000,27.74300,27.87600,27.67700,27.87200,95682.80,1771810499999,2658775.0497500,13054,58486.81,1625059.4059400,0
1771810500000,27.86500,27.99400,27.77800,27.98600,116024.36,1771810799999,3237230.5925400,13546,58871.06,1642747.9865100,0
1771810800000,27.98300,27.99800,27.81100,27.85400,199939.93,1771811099999,5574916.8195000,9643,104769.21,2920466.3957100,0
1771811100000,27.85300,27.87100,27.56300,27.59200,288540.84,1771811399999,7995394.6974000,19980,99267.39,2748129.1381700,0
1771811400000,27.59200,27.77500,27.56700,27.60100,77515.93,1771811699999,2144870.8044800,11249,38110.39,1054678.7979300,0
1771811700000,27.60100,27.75300,27.51000,27.58700,82127.77,1771811999999,2270377.8522600,12187,39776.89,1099863.9810400,0
1771812000000,27.58700,27.65700,27.40100,27.64700,129913.80,1771812299999,3574364.1245100,15580,48103.25,1324858.6457700,0
1771812300000,27.64600,27.80400,27.63900,27.79000,70387.52,1771812599999,1950607.8449500,9317,33728.46,934855.2460100,0
1771812600000,27.79100,27.80000,27.64300,27.70100,74475.39,1771812899999,2063706.3040800,7457,33142.27,918471.5971000,0
1771812900000,27.70200,27.78500,27.69500,27.74600,48772.67,1771813199999,1352645.4083000,6703,28199.11,782096.2473000,0
1771813200000,27.74500,27.78000,27.58900,27.62200,45730.13,1771813499999,1267000.2474800,6817,17382.14,481547.6984500,0
1771813500000,27.62400,27.70200,27.59700,27.69800,17519.03,1771813799999,484353.1454300,3730,10372.84,286788.0884400,0
1771813800000,27.69800,27.75000,27.61900,27.69800,41384.55,1771814099999,1145993.4495700,6259,20956.65,580258.2603800,0
1771814100000,27.69800,27.77500,27.65100,27.74100,38343.99,1771814399999,1063190.9198900,5951,26212.27,726998.8481400,0
1771814400000,27.74100,27.76800,27.63300,27.67100,33023.96,1771814699999,914638.7883400,5114,15741.70,436140.8954700,0
1771814700000,27.67100,27.69100,27.56200,27.59100,38222.56,1771814999999,1056223.0974800,6080,19527.91,539789.4424800,0
1771815000000,27.59100,27.60900,27.50500,27.51500,33155.07,1771815299999,913993.3047300,5906,14969.06,412615.2781200,0
1771815300000,27.51600,27.53400,27.43200,27.51600,39980.31,1771815599999,1098993.0658100,5977,17027.84,468077.3688200,0
1771815600000,27.51400,27.52500,27.45700,27.51100,29465.54,1771815899999,810174.0941400,5559,12300.59,338234.4936600,0
1771815900000,27.51000,27.55300,27.34100,27.36500,94074.47,1771816199999,2580689.3348200,10138,29797.05,818094.0793900,0
1771816200000,27.36400,27.37400,27.26900,27.29400,47582.80,1771816499999,1300096.0439400,7165,19065.14,521018.9285100,0
1771816500000,27.29400,27.29800,27.04900,27.05600,161764.08,1771816799999,4392299.1796900,15470,48201.57,1309120.8581100,0
1771816800000,27.05700,27.08600,26.95400,27.05000,153492.73,1771817099999,4146594.4410800,13606,56475.46,1526127.2797300,0
1771817100000,27.05100,27.07800,26.84200,26.92900,79190.31,1771817399999,2132773.4591300,10569,31224.12,841371.4740600,0
1771817400000,26.92900,27.01700,26.92900,27.00800,45632.37,1771817699999,1231229.4533200,7042,22063.93,595321.7113000,0
1771817700000,27.00800,27.27700,26.98200,27.22100,124895.59,1771817999999,3388845.0638400,12977,80273.36,2177652.6682000,0
1771818000000,27.22200,27.35400,27.17800,27.23700,78782.81,1771818299999,2148283.7138200,9179,46225.88,1260271.3966600,0
1771818300000,27.23800,27.28000,27.14900,27.20700,44788.08,1771818599999,1218993.3391500,6258,17657.10,480597.6811700,0
1771818600000,27.20900,27.25300,27.18900,27.22300,21413.45,1771818899999,582893.8311800,5089,10223.47,278295.6095400,0
1771818900000,27.22200,27.28800,27.19300,27.24500,15581.70,1771819199999,424383.2413400,4209,9124.59,248523.9322600,0
1771819200000,27.24500,27.26300,27.20000,27.26200,24444.10,1771819499999,665534.0563300,5245,12432.32,338524.8647800,0
1771819500000,27.26300,27.28000,27.17500,27.25500,25339.75,1771819799999,689861.6439100,5928,11262.38,306684.8950800,0
1771819800000,27.25600,27.26800,27.17500,27.21300,20618.95,1771820099999,561254.1738100,5112,8560.27,233044.1581400,0
1771820100000,27.21200,27.21200,27.02100,27.11700,64171.60,1771820399999,1738671.6571800,7444,36963.66,1001444.1679700,0
1771820400000,27.11600,27.11700,26.91800,26.96200,67311.65,1771820699999,1817360.1296900,8726,27331.37,737728.4417800,0
1771820700000,26.96200,27.05700,26.92300,27.04100,34658.55,1771820999999,935520.5163000,5604,23308.96,629265.4706200,0
1771821000000,27.04200,27.08500,27.01200,27.03700,33603.10,1771821299999,908775.0065200,5633,19655.97,531580.0225200,0
1771821300000,27.03600,27.07700,27.00800,27.06700,26159.94,1771821599999,707526.6698400,4539,15708.14,424842.5744100,0
1771821600000,27.06800,27.15400,27.06700,27.12700,38900.88,1771821899999,1054550.7564900,5095,25739.80,697727.3466700,0
1771821900000,27.12600,27.12700,27.02000,27.03100,58158.26,1771822199999,1574144.8821600,3721,13986.09,378888.5205600,0
1771822200000,27.03100,27.08100,26.97600,27.06800,26373.06,1771822499999,712795.1948500,3833,14241.46,384850.1466700,0
1771822500000,27.06900,27.17200,27.06900,27.17200,23557.28,1771822799999,638982.9562900,3816,15102.03,409701.0618300,0
1771822800000,27.17100,27.21600,27.13400,27.21300,42296.95,1771823099999,1149722.8120800,4919,21305.54,579194.5006900,0
1771823100000,27.21300,27.31700,27.20600,27.30000,47649.31,1771823399999,1299748.8380100,4383,34404.39,938484.0312800,0
1771823400000,27.30000,27.34500,27.28500,27.30000,36778.14,1771823699999,1004386.3080600,4282,24971.60,681963.2955400,0
1771823700000,27.30000,27.53600,27.29600,27.44000,155087.43,1771823999999,4254948.6460200,8963,121581.74,3335351.3542000,0
1771824000000,27.44000,27.47800,27.36900,27.45100,62012.65,1771824299999,1700998.4567600,5860,41214.92,1130432.1153200,0
1771824300000,27.45200,27.54000,27.40700,27.52900,57348.10,1771824599999,1574929.1604800,5450,40710.47,1118097.7993800,0
1771824600000,27.52900,27.54300,27.46700,27.52300,30280.87,1771824899999,833398.5541500,4059,12449.47,342626.1708500,0
1771824900000,27.52400,27.62900,27.52100,27.59200,54460.26,1771825199999,1501037.6251000,5541,34914.06,962324.5883200,0
1771825200000,27.59100,27.64900,27.53600,27.60000,50523.91,1771825499999,1394081.5356100,5879,28654.91,790555.3037900,0
1771825500000,27.60000,27.65000,27.55800,27.60700,31063.53,1771825799999,857507.8923400,4505,19219.13,530588.0731800,0
1771825800000,27.60700,27.64400,27.54600,27.63800,39606.14,1771826099999,1093382.8020900,4641,17718.37,489149.1818500,0
1771826100000,27.63800,27.64100,27.54000,27.57400,36839.90,1771826399999,1016064.2729200,4614,18582.82,512389.6283300,0
1771826400000,27.57300,27.60900,27.49700,27.55600,40940.15,1771826699999,1127791.6741900,5681,19528.99,538048.1517700,0
1771826700000,27.55600,27.65000,27.55600,27.65000,25451.71,1771826999999,703013.1931300,3808,15985.69,441531.6166600,0
1771827000000,27.64700,27.78900,27.63400,27.70000,64206.46,1771827299999,1779514.6078000,6728,39407.98,1092385.7476600,0
1771827300000,27.70200,27.76200,27.67100,27.75000,38701.44,1771827599999,1072668.3874700,4968,22118.25,613110.8328700,0
1771827600000,27.75000,27.82700,27.72700,27.80100,55354.94,1771827899999,1537771.9519600,7280,30630.97,851062.9554600,0
1771827900000,27.80000,27.87600,27.78900,27.84700,49041.57,1771828199999,1365346.5432900,6192,27924.98,777480.6641400,0
1771828200000,27.84600,27.84600,27.74400,27.76200,31346.60,1771828499999,870869.4853900,4484,9875.28,274311.0097100,0
1771828500000,27.76300,27.80900,27.72300,27.73000,43992.91,1771828799999,1221413.3722400,5486,28515.82,791822.7711600,0
1771828800000,27.73000,27.74600,27.67900,27.68300,19619.53,1771829099999,543831.2670800,3020,7228.94,200352.7165100,0
1771829100000,27.68400,27.84200,27.68000,27.81600,33903.04,1771829399999,941708.8336200,5679,23526.95,653454.7282400,0
1771829400000,27.81500,27.82100,27.69000,27.74100,30040.08,1771829699999,833213.9567000,3938,9954.24,276231.6339300,0
1771829700000,27.74100,27.79800,27.74100,27.79700,28577.65,1771829999999,793920.3770200,2994,18433.32,512066.8081100,0
1771830000000,27.79600,27.88800,27.76500,27.86500,36507.95,1771830299999,1015785.8808900,4732,15847.21,441196.9580700,0
1771830300000,27.86600,27.87700,27.78200,27.78200,24173.84,1771830599999,672685.7649500,3487,10374.69,288713.4146900,0
1771830600000,27.78100,27.83600,27.67800,27.73300,105799.49,1771830899999,2936086.5292600,9147,50234.55,1394819.9406900,0
1771830900000,27.73300,27.76200,27.70400,27.73500,20184.11,1771831199999,559729.3420800,3571,9017.19,250084.6840100,0
1771831200000,27.73400,27.77800,27.68900,27.77000,17054.71,1771831499999,472797.0785700,2456,8039.97,222913.3238700,0
1771831500000,27.76900,27.78800,27.68000,27.68300,27609.91,1771831799999,765155.9492400,3423,9845.71,272830.8119000,0
1771831800000,27.68300,27.70000,27.62700,27.69900,47212.39,1771832099999,1305776.8634100,4877,21016.28,581392.4430200,0
1771832100000,27.69900,27.81000,27.67800,27.80700,35520.46,1771832399999,985599.6969200,5513,23612.04,654997.9597000,0
1771832400000,27.80800,27.82300,27.74700,27.77700,29926.05,1771832699999,831624.5083500,3935,12690.52,352633.8916600,0
1771832700000,27.77700,27.79200,27.74300,27.76200,10557.24,1771832999999,293162.1668300,2274,6190.84,171928.9590700,0
1771833000000,27.76200,27.79300,27.72700,27.74100,16882.72,1771833299999,468538.4345300,2668,7344.97,203873.1048100,0
1771833300000,27.74000,27.75400,27.69800,27.69900,7939.79,1771833599999,220139.0281000,1738,3942.49,109316.7264200,0
1771833600000,27.70000,27.71900,27.60500,27.63600,30163.75,1771833899999,834296.5825500,4389,12517.19,346255.9024600,0
1771833900000,27.63500,27.64300,27.55800,27.55900,53238.82,1771834199999,1469140.1050300,5016,15303.92,422307.1242500,0
1771834200000,27.56000,27.63400,27.55000,27.56100,35723.68,1771834499999,985213.7055700,3084,18843.05,519709.1785900,0
1771834500000,27.56100,27.56700,27.52000,27.53200,18399.21,1771834799999,506765.9084800,2312,7162.90,197283.6480100,0
1771834800000,27.53100,27.54900,27.40900,27.42900,55076.28,1771835099999,1513157.7125000,3904,16284.30,447268.9734400,0
1771835100000,27.43000,27.51600,27.42500,27.48400,30322.10,1771835399999,833003.6800700,2683,14527.56,399103.0678400,0
1771835400000,27.48400,27.70900,27.46200,27.64500,97684.96,1771835699999,2698031.5174500,7508,57762.12,1595548.9662200,0
1771835700000,27.64400,27.64800,27.51700,27.53900,27886.25,1771835999999,768794.9487700,4601,9530.34,262772.7865700,0
1771836000000,27.54000,27.55100,27.49800,27.49800,13414.36,1771836299999,369307.0509200,2557,5461.70,150360.2032600,0
1771836300000,27.49800,27.53000,27.48600,27.52600,14349.87,1771836599999,394824.7832500,2570,7638.47,210178.9898600,0
1771836600000,27.52700,27.54200,27.49500,27.51400,15785.83,1771836899999,434483.2107500,2431,8330.85,229311.2244700,0
1771836900000,27.51400,27.55900,27.50600,27.55000,13612.09,1771837199999,374810.0847100,2106,5301.17,145957.0490000,0
1771837200000,27.55100,27.65200,27.55100,27.64600,35397.30,1771837499999,977035.9011200,4716,22899.51,631973.8148200,0
1771837500000,27.64600,27.69600,27.61800,27.63700,26132.98,1771837799999,722863.2562300,3648,13997.34,387206.2734900,0
1771837800000,27.63700,27.73400,27.63700,27.70600,28079.15,1771838099999,777762.9893700,3613,10954.31,303404.2739300,0
1771838100000,27.70600,27.77800,27.68900,27.70000,32782.15,1771838399999,909452.7179200,3471,21151.68,586879.4743600,0
1771838400000,27.70100,27.76900,27.65200,27.68000,23996.41,1771838699999,665014.3221000,3282,14951.81,414416.5370800,0
1771838700000,27.68000,27.73400,27.65800,27.71300,18950.85,1771838999999,524637.7597500,3191,7892.67,218566.6007400,0
1771839000000,27.71400,28.01200,27.70700,27.95600,106426.45,1771839299999,2970082.6738200,11147,69116.54,1928884.6119100,0
1771839300000,27.95500,28.05500,27.94100,28.02300,62809.24,1771839599999,1758998.3066900,7744,32441.45,908689.9993600,0
1771839600000,28.02300,28.07600,27.99500,28.01300,38454.63,1771839899999,1077568.9660000,5393,19732.36,552943.2540500,0
1771839900000,28.01400,28.16900,28.01400,28.08200,52431.65,1771840199999,1473725.1188300,6903,31688.50,890607.4632200,0
1771840200000,28.08300,28.18400,28.05200,28.18100,40528.01,1771840499999,1140033.6166900,6435,21500.80,604788.6884400,0
1771840500000,28.18000,28.18300,28.12500,28.12900,19867.44,1771840799999,559319.5469700,3243,8772.48,246974.1727400,0
1771840800000,28.12800,28.23600,28.10700,28.14800,44150.15,1771841099999,1244037.8038600,6566,26785.59,754970.9404600,0
1771841100000,28.14700,28.15900,28.10200,28.11200,22701.55,1771841399999,638569.5558000,3897,7762.75,218352.0676600,0
1771841400000,28.11200,28.19100,28.10500,28.13000,35678.47,1771841699999,1004393.0443900,4610,11452.04,322276.9100100,0
1771841700000,28.12900,28.13400,28.06900,28.10600,28887.96,1771841999999,811507.1345700,3946,16000.29,449433.9406400,0
1771842000000,28.10700,28.15900,28.09600,28.12900,17404.80,1771842299999,489510.9931800,3977,10592.56,297893.0250300,0
1771842300000,28.12900,28.12900,28.02100,28.04200,20976.53,1771842599999,588829.2518100,4222,13476.40,378347.7604500,0
1771842600000,28.04200,28.05900,27.90300,27.92000,58049.76,1771842899999,1622808.7208900,5582,16157.79,451775.4590800,0
1771842900000,27.92100,27.93900,27.83500,27.86200,57285.18,1771843199999,1597170.7555900,6242,16055.51,447609.2149400,0
1771843200000,27.86300,27.89700,27.80800,27.80800,22516.24,1771843499999,627100.5885700,3792,8943.92,249139.3723500,0
1771843500000,27.80900,27.81900,27.67900,27.73200,67588.68,1771843799999,1874538.5177200,7330,18064.31,501013.0626200,0
1771843800000,27.73200,27.77900,27.69400,27.76200,24669.18,1771844099999,684239.1376900,4120,11116.26,308379.0106200,0
1771844100000,27.76300,27.78600,27.64000,27.70700,38556.06,1771844399999,1067954.6345100,4901,15441.53,427745.6790500,0
1771844400000,27.70600,27.77500,27.67700,27.69400,19489.07,1771844699999,540270.1601800,3758,8745.90,242465.8793900,0
1771844700000,27.69300,27.77500,27.65600,27.77400,20144.16,1771844999999,558098.6723700,3583,10714.30,296891.1633000,0
1771845000000,27.77400,27.81800,27.70800,27.73100,31496.07,1771845299999,874884.6938400,3100,14371.47,399215.6834100,0
1771845300000,27.73000,27.80800,27.73000,27.77500,17847.76,1771845599999,495803.4532700,3243,7674.42,213133.7862300,0
1771845600000,27.77600,27.80300,27.68200,27.69300,15020.67,1771845899999,416766.1398000,3404,7377.97,204712.8261500,0
1771845900000,27.69300,27.73900,27.67400,27.72700,17646.13,1771846199999,488867.7543600,3187,8125.68,225126.0160300,0
1771846200000,27.72600,27.77800,27.71100,27.74100,20679.10,1771846499999,573834.0360200,3291,11682.06,324141.8758100,0
1771846500000,27.74100,27.81500,27.70500,27.71800,19669.42,1771846799999,546027.5911700,3886,10545.83,292836.9949800,0
1771846800000,27.71800,27.74700,27.70600,27.72900,8923.42,1771847099999,247363.4252700,2275,5079.45,140799.7045500,0
1771847100000,27.73000,27.79000,27.64500,27.65300,46289.98,1771847399999,1282698.3650400,3991,11033.68,305891.4756300,0
1771847400000,27.64900,27.71500,27.56700,27.59900,59971.45,1771847699999,1657395.2129400,6076,20234.16,559099.3678100,0
1771847700000,27.59800,27.67700,27.56900,27.63100,47563.66,1771847999999,1313907.4549700,4275,30893.87,853463.7254300,0
1771848000000,27.63100,27.63900,27.42900,27.55700,147255.57,1771848299999,4051054.3022000,10715,52132.43,1434005.0808600,0
1771848300000,27.55800,27.64900,27.50700,27.53400,59750.04,1771848599999,1646858.4398300,6047,22041.64,607481.9060200,0
1771848600000,27.53400,27.58700,27.50200,27.55900,23467.87,1771848899999,646241.9205700,2968,11867.51,326808.5407100,0
1771848900000,27.55900,27.59800,27.47200,27.47200,26192.11,1771849199999,721479.8725600,3419,10047.55,276616.5964100,0
1771849200000,27.47300,27.47300,27.33500,27.44400,79653.79,1771849499999,2180995.1031900,8364,30171.88,826216.0696200,0
1771849500000,27.44500,27.58700,27.42400,27.45500,61482.35,1771849799999,1691465.3039500,6182,38080.91,1048183.7751200,0
1771849800000,27.45500,27.47900,27.40000,27.42700,41919.99,1771850099999,1150045.3367300,5586,19818.80,543847.9852300,0
1771850100000,27.42800,27.68100,27.42000,27.59700,143803.80,1771850399999,3972020.3554200,9869,49889.57,1376398.9024900,0
1771850400000,27.59500,27.65300,27.53100,27.62400,47647.44,1771850699999,1314706.2240900,7525,20165.18,556476.7168400,0
1771850700000,27.62500,27.69300,27.61300,27.63700,20791.37,1771850999999,574887.9027200,4403,12078.36,333959.7089200,0
1771851000000,27.63700,27.67900,27.61500,27.66400,14445.67,1771851299999,399405.4389200,3481,7228.99,199855.7898400,0
1771851300000,27.66400,27.68000,27.60400,27.65200,13155.68,1771851599999,363577.0906900,2847,7035.83,194419.4327900,0
1771851600000,27.65200,27.69000,27.55900,27.58100,22157.31,1771851899999,612146.7236200,5036,10661.44,294509.7949500,0
1771851900000,27.58200,27.63100,27.55700,27.57800,15383.47,1771852199999,424364.5240700,3224,6726.58,185544.2289000,0
1771852200000,27.57900,27.59200,27.43200,27.46500,46877.76,1771852499999,1288744.2507200,5643,18742.95,515379.4006300,0
1771852500000,27.46400,27.49000,27.37400,27.38900,37662.82,1771852799999,1033255.3716800,4785,18092.06,496308.9228100,0
1771852800000,27.38900,27.40700,27.30900,27.34400,42241.22,1771853099999,1155644.9587500,6179,17025.41,465848.5400500,0
1771853100000,27.34500,27.42600,27.34500,27.38800,27460.72,1771853399999,751808.3198600,3906,17347.30,474961.9127300,0
1771853400000,27.38900,27.48200,27.11800,27.26400,154122.41,1771853699999,4205379.2909900,16697,57478.34,1569603.1664800,0
1771853700000,27.26300,27.33800,27.23500,27.28000,51574.62,1771853999999,1407217.2883600,6484,21725.71,593012.3926500,0
1771854000000,27.28000,27.41700,27.26100,27.35800,49808.07,1771854299999,1361656.4525600,6894,26318.79,719533.0142600,0
1771854300000,27.35700,27.39200,27.28500,27.29300,25198.14,1771854599999,688686.4386300,3904,11517.56,314880.5602900,0
1771854600000,27.29400,27.30600,27.01800,27.05500,130576.29,1771854899999,3540590.9796800,13440,49438.97,1340491.5231500,0
1771854900000,27.05400,27.15800,27.05000,27.12100,54520.73,1771855199999,1478179.8529000,5754,31236.47,846864.7285500,0
1771855200000,27.12200,27.12900,26.93400,26.98500,123983.01,1771855499999,3350865.0704100,12423,42632.18,1152549.2667900,0
1771855500000,26.98600,26.99100,26.61700,26.83700,291229.04,1771855799999,7797824.7827300,28557,109691.42,2936157.7108000,0
1771855800000,26.83600,26.86300,26.78100,26.82600,95062.54,1771856099999,2549500.8608300,7325,57934.35,1553632.3600300,0
1771856100000,26.82600,26.85600,26.66300,26.72300,76740.36,1771856399999,2052688.3329400,8518,30515.10,816329.3044900,0
1771856400000,26.72300,26.85900,26.63700,26.81100,118877.86,1771856699999,3180598.8461100,10940,72195.23,1931598.3511600,0
1771856700000,26.81100,26.82000,26.65500,26.73400,71442.33,1771856999999,1907772.0086400,8235,36324.34,970200.9186700,0
1771857000000,26.73300,26.90400,26.69200,26.73300,133098.52,1771857299999,3566288.7195400,13876,77193.90,2068676.3206600,0
1771857300000,26.73300,26.76700,26.62700,26.64000,73704.81,1771857599999,1966332.5578600,10464,33316.21,888959.3945300,0
1771857600000,26.64000,26.73400,26.46500,26.67700,187127.17,1771857899999,4976399.1425600,18808,79678.20,2119433.6787300,0
1771857900000,26.67700,26.82000,26.62300,26.63500,61693.22,1771858199999,1648535.7199300,10300,27353.03,731302.0032400,0
1771858200000,26.63500,26.78000,26.61200,26.69700,61908.49,1771858499999,1653710.3821600,9203,24173.75,645966.3211400,0
1771858500000,26.69100,26.76500,26.56100,26.63100,35065.74,1771858799999,934372.2096400,7011,18647.49,496862.2309300,0
1771858800000,26.63200,26.67200,26.37000,26.49900,170286.91,1771859099999,4516122.5679700,16278,83626.53,2219140.6282900,0
1771859100000,26.49900,26.53300,26.35100,26.49000,75859.61,1771859399999,2005441.8918600,12290,35043.68,926388.6138700,0
1771859400000,26.49100,26.59300,26.43100,26.57800,69590.30,1771859699999,1845010.0374700,11091,39809.51,1055476.7439500,0
1771859700000,26.57800,26.71100,26.52400,26.55300,73198.42,1771859999999,1948033.0661100,11357,36769.75,978710.5544600,0
1771860000000,26.55300,26.67500,26.51400,26.65300,57723.25,1771860299999,1535783.8595600,9958,34952.80,930032.7880400,0
1771860300000,26.65400,26.68400,26.54900,26.65100,31711.67,1771860599999,844432.7395900,7070,16788.51,447112.5647200,0
1771860600000,26.65000,26.70100,26.62700,26.63600,34650.39,1771860899999,923813.1038300,6091,23443.03,625055.7512600,0
1771860900000,26.63600,26.81700,26.62400,26.74400,119099.80,1771861199999,3185586.2298900,9480,74655.46,1996153.1512200,0
1771861200000,26.74500,26.74800,26.61800,26.62900,49643.27,1771861499999,1323970.6081900,5883,21093.86,562754.9332300,0
1771861500000,26.62900,26.64100,26.50000,26.51000,47697.00,1771861799999,1266694.1028100,6762,18353.92,487674.6978700,0
1771861800000,26.51000,26.59400,26.42400,26.57900,86440.21,1771862099999,2289818.6941500,6922,26533.73,703259.0937100,0
1771862100000,26.57900,26.62400,26.55100,26.57000,19542.72,1771862399999,519596.4720300,3854,10764.47,286219.0041500,0
1771862400000,26.56900,26.61000,26.20500,26.29500,120264.78,1771862699999,3166729.3514100,14788,37175.80,979787.7985300,0
1771862700000,26.29600,26.40400,26.25200,26.39100,94725.24,1771862999999,2494329.3974500,11768,44310.52,1167149.3191500,0
1771863000000,26.39200,26.48200,26.28700,26.31700,77742.65,1771863299999,2051289.9508300,9735,44719.57,1180268.1899900,0
1771863300000,26.31800,26.52000,26.31300,26.49600,56142.85,1771863599999,1484720.0112700,8572,33722.47,891594.3127600,0
1771863600000,26.49500,26.51500,26.43700,26.49100,31482.76,1771863899999,833851.6390700,5873,18887.29,500283.5596700,0
1771863900000,26.49100,26.56600,26.48700,26.53700,59953.07,1771864199999,1590517.7260800,7593,31959.17,847937.8297100,0
1771864200000,26.53600,26.60100,26.51100,26.56700,46028.12,1771864499999,1222985.3108400,7205,25781.96,685094.0201500,0
1771864500000,26.56700,26.74900,26.55500,26.66800,62522.40,1771864799999,1667228.0855400,9439,31662.05,844258.7749900,0
1771864800000,26.66600,26.71200,26.61000,26.62900,37586.84,1771865099999,1002485.6348200,6446,21302.18,568182.7687600,0
1771865100000,26.62900,26.64200,26.47600,26.53500,52312.95,1771865399999,1390256.9381800,7659,26492.08,703971.3375600,0
1771865400000,26.53400,26.53400,26.39200,26.42100,22023.10,1771865699999,582579.0887800,4879,11210.22,296524.4125600,0
1771865700000,26.42100,26.42400,26.32700,26.41300,42903.23,1771865999999,1132053.2867500,5984,23713.97,625799.4692000,0
1771866000000,26.41600,26.44000,26.27900,26.38900,39635.65,1771866299999,1044283.8973200,6746,20502.93,540273.4947200,0
1771866300000,26.38900,26.39700,26.22500,26.25000,54530.29,1771866599999,1433450.1298400,8011,24439.41,642441.4297800,0
1771866600000,26.24900,26.32600,26.19700,26.21200,52995.32,1771866899999,1392046.0031000,7174,27807.05,730548.2033100,0
1771866900000,26.21300,26.34200,26.11200,26.13900,83377.42,1771867199999,2185085.4552500,10081,33666.13,882682.8089100,0
1771867200000,26.13800,26.23400,26.11600,26.23100,54247.24,1771867499999,1419642.2818100,7874,31970.56,836685.6184000,0
1771867500000,26.23100,26.23500,26.01800,26.09800,163440.70,1771867799999,4267862.4462100,14824,47591.06,1243164.2187600,0
1771867800000,26.09700,26.17000,25.90600,25.94200,178297.81,1771868099999,4639499.1130100,14814,71075.64,1850322.5599600,0
1771868100000,25.94200,26.01300,25.71900,25.89900,219036.46,1771868399999,5660706.1885900,20959,89723.24,2318877.5204500,0
1771868400000,25.90000,26.06200,25.87600,26.01500,96900.41,1771868699999,2518178.0949600,10519,46269.33,1202023.6476900,0
1771868700000,26.01500,26.04000,25.77700,25.84300,65122.08,1771868999999,1686035.5394900,9883,26957.91,697927.1378200,0
1771869000000,25.84400,25.97000,25.61300,25.94200,169085.95,1771869299999,4355996.9400600,18325,79375.64,2046149.8986800,0
1771869300000,25.94200,26.12600,25.88500,26.12300,78927.49,1771869599999,2053011.1388300,10842,46099.94,1199513.9152900,0
1771869600000,26.12200,26.15600,25.92800,26.05100,129844.81,1771869899999,3382171.9106600,14169,68017.18,1772519.5816500,0
1771869900000,26.05000,26.11700,25.91400,26.08200,55644.62,1771870199999,1447915.5111600,9715,29003.21,754701.1285900,0
1771870200000,26.08200,26.14300,25.97700,25.98200,55993.93,1771870499999,1459390.1566900,8024,31496.71,821107.6064000,0
1771870500000,25.98300,26.04500,25.94700,25.95200,42850.25,1771870799999,1113759.9257200,6854,22447.99,583518.2655000,0
1771870800000,25.95300,26.11600,25.91500,26.09300,64081.95,1771871099999,1666604.0840800,7539,37283.35,969540.5710000,0
1771871100000,26.09300,26.13000,26.00500,26.04200,32381.63,1771871399999,843674.7286700,5318,18646.51,485758.0237300,0
1771871400000,26.04300,26.15800,25.98300,26.15800,61322.46,1771871699999,1598371.3256300,8224,32079.40,836352.3820800,0
1771871700000,26.15900,26.36700,26.13900,26.30000,198464.52,1771871999999,5215332.2593300,16021,115215.79,3027293.3581500,0
1771872000000,26.30000,26.35800,26.23000,26.30600,102921.68,1771872299999,2706468.7261800,9662,52925.36,1391831.5639400,0
1771872300000,26.30500,26.38700,26.20600,26.37800,59262.47,1771872599999,1558491.9912100,7818,28046.92,737849.3854200,0
1771872600000,26.37700,26.38800,26.29800,26.33900,44964.09,1771872899999,1184856.6833200,6529,24433.84,643798.6149700,0
1771872900000,26.33900,26.46900,26.32800,26.42800,121407.68,1771873199999,3206117.1868900,10775,68341.07,1804999.2517900,0
1771873200000,26.42700,26.51800,26.30000,26.30000,171913.13,1771873499999,4535690.7356400,11551,56572.12,1495823.0189400,0
1771873500000,26.30000,26.37500,26.27100,26.29800,85257.19,1771873799999,2243419.6694700,6100,31269.20,823031.8329500,0
1771873800000,26.29900,26.41700,26.29300,26.34800,25281.35,1771874099999,666492.3058000,4532,14238.62,375404.6536900,0
1771874100000,26.34800,26.36900,26.28600,26.29600,26447.72,1771874399999,695833.8946900,3913,12679.94,333606.1259300,0
1771874400000,26.29600,26.30700,26.21900,26.25500,52294.97,1771874699999,1373251.0943300,4634,15215.19,399572.5947000,0
1771874700000,26.25500,26.31200,26.21600,26.23800,27978.98,1771874999999,734829.3566900,3857,12860.16,337722.1818300,0
1771875000000,26.23800,26.33000,26.19000,26.19700,26731.13,1771875299999,701948.9274100,4857,13108.45,344322.8476500,0
1771875300000,26.19700,26.24600,26.16500,26.19000,42264.99,1771875599999,1107554.4585400,5384,18799.87,492557.4283800,0
1771875600000,26.19100,26.28200,26.18200,26.23100,27475.09,1771875899999,720608.1909300,4330,13657.08,358198.7500200,0
1771875900000,26.23200,26.34700,26.23200,26.26400,31347.60,1771876199999,824303.0422100,5311,20882.02,549139.0729200,0
1771876200000,26.26400,26.31000,26.24000,26.27100,16560.79,1771876499999,435161.9721000,3337,8983.26,236070.9553200,0
1771876500000,26.27100,26.30100,26.24900,26.29300,9598.53,1771876799999,252219.1708600,2545,4395.13,115500.0992500,0
1771876800000,26.29300,26.51800,26.25200,26.51200,85062.72,1771877099999,2243898.7657300,8951,49509.60,1306072.4583500,0
1771877100000,26.51100,26.53500,26.37000,26.37000,33533.57,1771877399999,886487.7049400,4907,19889.54,525819.0788900,0
1771877400000,26.37000,26.44100,26.32000,26.35700,47277.77,1771877699999,1246796.2558200,6747,24335.41,641748.7552800,0
1771877700000,26.35600,26.41900,26.26400,26.33800,38254.64,1771877999999,1007348.0974300,5509,16581.23,436625.6241800,0
1771878000000,26.33900,26.41900,26.33200,26.35800,22687.39,1771878299999,598316.8230900,4557,10425.64,274991.6509800,0
1771878300000,26.35700,26.40000,26.34500,26.38400,11121.39,1771878599999,293315.5303800,2796,5248.14,138411.0881200,0
1771878600000,26.38400,26.54300,26.37000,26.54200,39874.59,1771878899999,1054542.2211900,5623,20720.58,547981.0270800,0
1771878900000,26.54200,26.54200,26.36600,26.38700,33428.55,1771879199999,883408.0912600,4910,16285.35,430309.2025900,0
1771879200000,26.38700,26.43600,26.35800,26.39600,15921.71,1771879499999,420414.6880100,3075,8317.94,219634.8567400,0
1771879500000,26.39700,26.41600,26.36100,26.40700,19756.38,1771879799999,521379.1656900,3874,9815.59,259026.4837000,0
1771879800000,26.40800,26.54000,26.40800,26.53000,33568.60,1771880099999,888743.5964600,4492,23835.64,631023.5233300,0
1771880100000,26.52900,26.52900,26.41700,26.42800,24135.15,1771880399999,638614.5998300,3976,12102.53,320181.1400000,0
1771880400000,26.42700,26.50100,26.40900,26.46900,22914.42,1771880699999,606194.1133700,4975,12936.46,342197.0256600,0
1771880700000,26.46900,26.48400,26.42700,26.44500,12338.95,1771880999999,326524.8133300,2938,5814.02,153853.1618100,0
1771881000000,26.44500,26.56300,26.44500,26.50500,29159.20,1771881299999,773306.9335700,3981,15356.19,407243.0134900,0
1771881300000,26.50500,26.59900,26.47000,26.58900,39538.57,1771881599999,1049396.4344000,4003,22543.58,598406.0980000,0
1771881600000,26.59000,26.59000,26.50100,26.53100,20196.78,1771881899999,536008.5680000,3412,10122.62,268629.3680700,0
1771881900000,26.53100,26.57500,26.52300,26.53100,15978.59,1771882199999,424183.6094800,2586,9227.83,244950.8856800,0
1771882200000,26.53100,26.59900,26.52400,26.55000,14729.51,1771882499999,391159.2606300,2727,8111.94,215418.4690400,0
1771882500000,26.55000,26.55000,26.43800,26.46200,23234.91,1771882799999,615034.0241900,3634,6705.80,177500.4607000,0
1771882800000,26.46200,26.60900,26.45600,26.47800,30645.84,1771883099999,812608.5231700,4198,20885.97,553811.7398000,0
1771883100000,26.47900,26.58400,26.45600,26.48500,31286.87,1771883399999,829211.1735100,4852,21406.79,567335.6636300,0
1771883400000,26.48500,26.52300,26.47200,26.47400,10764.33,1771883699999,285154.6542800,2513,7239.96,191787.6358100,0
1771883700000,26.47300,26.47300,26.38000,26.42000,16336.68,1771883999999,431619.6455000,3318,7151.69,188902.1071200,0
1771884000000,26.41900,26.51000,26.39400,26.49600,28301.11,1771884299999,748846.2358600,4108,14334.92,379275.9574300,0
1771884300000,26.49600,26.55400,26.45000,26.54400,18472.71,1771884599999,489426.0387500,3576,11038.89,292468.0765800,0
1771884600000,26.54300,26.55000,26.44400,26.52400,37324.04,1771884899999,988829.0175500,4777,18881.68,500463.6028200,0
1771884900000,26.52300,26.56400,26.38300,26.39300,26346.77,1771885199999,697498.4006600,4231,12413.90,328841.7323700,0
1771885200000,26.39200,26.46900,26.38300,26.45200,7194.49,1771885499999,190132.2893800,1737,4558.32,120469.1000600,0
1771885500000,26.45200,26.50000,26.42300,26.48900,7296.08,1771885799999,193126.6899000,1393,2892.71,76557.5315900,0
1771885800000,26.48900,26.65300,26.46600,26.59900,52206.00,1771886099999,1386987.6614500,5119,27314.76,725613.0957600,0
1771886100000,26.59900,26.64300,26.57800,26.60900,24720.18,1771886399999,657949.8915500,3489,14243.80,379103.1785500,0
1771886400000,26.60900,26.60900,26.53600,26.53700,12515.99,1771886699999,332396.9463800,1958,3454.80,91756.8089800,0
1771886700000,26.53600,26.57700,26.40900,26.42300,14999.46,1771886999999,397272.3170000,3152,5984.27,158543.8765300,0
1771887000000,26.42200,26.42500,26.16500,26.23700,199205.88,1771887299999,5229146.0230200,9975,53654.74,1409159.7716400,0
1771887300000,26.23700,26.24700,26.16300,26.16800,36159.05,1771887599999,947334.6528700,4132,13021.83,341156.1888800,0
1771887600000,26.16900,26.23900,26.09300,26.22800,46601.71,1771887899999,1219731.7224800,6087,24168.12,632784.6088600,0
1771887900000,26.22800,26.30800,26.19900,26.28900,31486.73,1771888199999,827005.6679100,5589,19115.47,502050.8241100,0
1771888200000,26.28800,26.31500,26.23500,26.31400,23571.28,1771888499999,619490.9355100,3384,14995.49,394087.2712400,0
1771888500000,26.31400,26.33900,26.25800,26.33000,16642.87,1771888799999,437900.5020400,3181,9332.21,245579.1141000,0
1771888800000,26.32900,26.34300,26.27900,26.34200,14620.55,1771889099999,384818.4644300,2601,5748.89,151300.3893300,0
1771889100000,26.34100,26.34200,26.30500,26.33700,8682.43,1771889399999,228570.3629800,1564,4414.02,116193.6024400,0
1771889400000,26.33600,26.39400,26.31800,26.36700,17955.97,1771889699999,473463.8306000,2700,11815.64,311533.5393600,0
1771889700000,26.36800,26.37000,26.23400,26.26800,20611.34,1771889999999,541784.6829500,3177,5698.23,149841.4090900,0
1771890000000,26.26700,26.26800,26.20700,26.24800,45082.99,1771890299999,1182385.8907500,3265,34803.80,912703.5699500,0
1771890300000,26.24900,26.26300,26.21000,26.24800,16063.10,1771890599999,421461.7774000,2678,6564.12,172240.4314900,0
1771890600000,26.24800,26.27400,26.21000,26.26200,14204.29,1771890899999,372764.6602300,2535,6756.59,177318.0138600,0
1771890900000,26.26200,26.37100,26.25000,26.36800,16072.94,1771891199999,422881.1381200,2901,10873.23,286102.8668200,0
1771891200000,26.36900,26.38000,26.30700,26.34700,34876.46,1771891499999,919187.5143600,4358,14250.25,375593.0031100,0
1771891500000,26.34700,26.36400,26.31300,26.36000,17023.21,1771891799999,448323.2244200,2662,10251.81,269973.9166900,0
1771891800000,26.36100,26.44700,26.34000,26.44300,35752.54,1771892099999,944037.0036700,3137,25174.73,664814.0690400,0
1771892100000,26.44200,26.46400,26.41600,26.43200,18130.53,1771892399999,479460.7158300,2733,9621.62,254453.0320300,0
1771892400000,26.43100,26.47400,26.39700,26.42500,37993.29,1771892699999,1004256.8728600,4014,17921.12,473660.3794100,0
1771892700000,26.42400,26.44300,26.39000,26.43500,17478.41,1771892999999,461778.6291500,2950,9129.35,241196.3680100,0
1771893000000,26.43400,26.48200,26.43100,26.47700,13863.40,1771893299999,366853.9347900,3261,8918.41,235997.9092500,0
1771893300000,26.47700,26.54000,26.47000,26.50500,24970.65,1771893599999,661831.9522500,4099,15547.15,412100.4651100,0
1771893600000,26.50500,26.51700,26.47500,26.47500,9242.02,1771893899999,244893.1130800,2489,5345.04,141634.4298400,0
1771893900000,26.47500,26.51100,26.43100,26.48500,17737.55,1771894199999,469467.4300000,3149,6761.52,179021.7469400,0
1771894200000,26.48500,26.51300,26.45500,26.49100,10102.30,1771894499999,267560.3617700,2747,5921.36,156823.0795900,0
1771894500000,26.49000,26.51900,26.44700,26.49900,9449.23,1771894799999,250246.2549700,2384,6546.00,173381.5908300,0
1771894800000,26.49800,26.50300,26.35200,26.36600,27802.77,1771895099999,734282.8990200,4225,10732.21,283389.3263200,0
1771895100000,26.36700,26.40500,26.33900,26.36000,18657.69,1771895399999,491775.8454700,2704,13654.74,359882.3691800,0
1771895400000,26.36000,26.37100,26.24000,26.30300,47963.74,1771895699999,1261439.0650400,5989,23625.36,621416.8106000,0
1771895700000,26.30300,26.32900,25.84200,26.11800,211176.22,1771895999999,5498723.8970900,21518,82364.67,2144411.5986700,0
1771896000000,26.11900,26.31100,26.00300,26.16100,196458.76,1771896299999,5137305.6912700,18971,91188.90,2383385.4033300,0
1771896300000,26.15700,26.22200,26.05600,26.09400,65883.09,1771896599999,1721968.6836300,10141,29019.27,758711.7079700,0
1771896600000,26.09400,26.37500,26.03900,26.34000,99180.13,1771896899999,2597997.8583000,10761,63863.21,1672227.1538900,0
1771896900000,26.33900,26.39500,26.18400,26.21300,46367.69,1771897199999,1220439.1024200,6234,18785.49,494709.7118500,0
1771897200000,26.21200,26.27200,26.09300,26.10100,76254.12,1771897499999,1995682.4242600,9245,36631.60,959114.3519700,0
1771897500000,26.10100,26.19500,26.02100,26.12800,68576.25,1771897799999,1789988.3010200,6910,28893.48,754228.3034900,0
1771897800000,26.12400,26.15200,26.09800,26.12000,24026.72,1771898099999,627657.9672200,3906,12748.61,333025.7826800,0
1771898100000,26.12000,26.12000,26.00400,26.05400,42201.85,1771898399999,1099445.9212900,4838,21273.66,554219.7365600,0
1771898400000,26.05600,26.11900,25.98400,26.01600,36345.86,1771898699999,947233.8506800,5844,19238.32,501487.4658800,0
1771898700000,26.01700,26.09000,26.00500,26.07400,33423.60,1771898999999,870886.0652700,5603,19026.32,495707.9473800,0
1771899000000,26.07400,26.15800,26.05300,26.07500,35820.94,1771899299999,934697.2538000,4799,20816.97,543171.7465300,0
1771899300000,26.07600,26.11400,25.94000,25.97000,37649.13,1771899599999,979597.5996400,6000,18861.46,490826.2890600,0
1771899600000,25.97000,26.09700,25.92300,26.08500,36192.49,1771899899999,942101.6276500,5992,22170.03,577314.0043400,0
1771899900000,26.08500,26.09900,26.03800,26.09100,19522.57,1771900199999,509006.4015200,4374,11180.08,291490.3239900,0
1771900200000,26.09100,26.17000,26.07700,26.11700,32313.11,1771900499999,844060.8416800,5467,18888.62,493422.2410500,0
1771900500000,26.11700,26.11700,26.03800,26.06100,24624.34,1771900799999,641889.7909700,3933,13538.93,352892.9898500,0
1771900800000,26.06100,26.06500,25.94700,25.96700,35938.58,1771901099999,934637.1304800,4388,13759.04,357670.1541600,0
1771901100000,25.96700,26.00100,25.87100,25.87500,73796.08,1771901399999,1914865.8290600,7099,28862.68,749191.2552600,0
1771901400000,25.87600,25.92400,25.82900,25.87700,57213.84,1771901699999,1480780.0924700,5898,32130.31,831690.4177400,0
1771901700000,25.87600,25.93300,25.84700,25.84700,54029.10,1771901999999,1399310.0292000,4899,27385.40,709395.6622400,0
1771902000000,25.84700,25.98900,25.62100,25.97900,204261.88,1771902299999,5270074.5571600,15533,124655.43,3220419.4459200,0
1771902300000,25.97900,26.07100,25.90300,26.04400,82615.86,1771902599999,2147492.0339900,9185,38014.57,988167.4574200,0
1771902600000,26.04300,26.09200,25.94900,26.02200,39085.54,1771902899999,1017036.2565000,7466,20852.83,542706.1363100,0
1771902900000,26.02300,26.18300,25.96300,26.18100,45929.83,1771903199999,1197355.1504200,7968,30996.91,808252.0660000,0
1771903200000,26.18200,26.34900,26.17200,26.31100,95343.15,1771903499999,2504176.4454400,10709,57208.47,1502849.9264100,0
1771903500000,26.31300,26.41100,26.31300,26.35200,71551.63,1771903799999,1886359.8937800,9017,43416.06,1144710.6455500,0
1771903800000,26.35100,26.47600,26.34500,26.45900,77396.67,1771904099999,2043680.4429400,9465,50401.41,1331101.4201800,0
1771904100000,26.46000,26.54400,26.34700,26.35400,76757.07,1771904399999,2031551.9773700,10357,46289.03,1225861.4389100,0
1771904400000,26.35500,26.39500,26.29500,26.30900,32216.36,1771904699999,848740.4590300,5887,13444.91,354263.8393100,0
1771904700000,26.30900,26.35000,26.29500,26.32700,22854.39,1771904999999,601558.4678900,4805,11376.29,299477.1215800,0
1771905000000,26.32700,26.39400,26.27900,26.33800,44789.91,1771905299999,1179463.5136100,7087,21893.85,576492.6924000,0
1771905300000,26.33800,26.33900,26.21500,26.24600,34825.42,1771905599999,914166.1622200,4474,10431.38,273868.7423800,0
1771905600000,26.24600,26.26900,26.22200,26.24700,18215.28,1771905899999,478123.8528700,3864,9184.17,241077.0013600,0
1771905900000,26.24600,26.26700,26.21300,26.23300,30230.76,1771906199999,793300.7012700,4964,13338.47,349997.8634700,0
1771906200000,26.23200,26.26600,26.06900,26.07800,55574.65,1771906499999,1454381.9281100,7343,26342.18,690049.1758600,0
1771906500000,26.07900,26.11600,25.87700,25.91500,113882.92,1771906799999,2959153.6015600,12818,44942.80,1167783.2539600,0
1771906800000,25.91600,26.13800,25.89800,26.11900,59081.80,1771907099999,1537463.8521300,7163,37135.83,965776.8678400,0
1771907100000,26.11900,26.24600,26.11900,26.23800,40328.54,1771907399999,1055721.5461100,5312,25133.79,657910.0214900,0
1771907400000,26.23700,26.23700,26.02900,26.08700,45566.45,1771907699999,1190432.9011200,7280,17275.27,451274.2806700,0
1771907700000,26.08600,26.12900,26.05400,26.10600,26994.02,1771907999999,704371.3679800,4831,12895.28,336475.8669800,0
1771908000000,26.10500,26.19900,26.09700,26.15800,22615.53,1771908299999,591580.7434000,3915,11276.10,294921.8424900,0
1771908300000,26.15800,26.21000,26.13900,26.19900,19170.44,1771908599999,501998.7262200,3264,8802.73,230492.5677700,0
1771908600000,26.19900,26.21500,26.12400,26.13500,13147.85,1771908899999,344132.9961800,2590,6052.43,158411.7357800,0
1771908900000,26.13600,26.19100,26.09300,26.19100,10080.91,1771909199999,263486.5372800,2610,5455.39,142618.0634200,0
1771909200000,26.19000,26.21000,26.13800,26.19700,20317.12,1771909499999,531718.2379900,3850,12788.28,334695.0412200,0
1771909500000,26.19700,26.37000,26.19700,26.31700,45572.00,1771909799999,1198594.8392600,6170,30807.40,810021.2359500,0
1771909800000,26.31600,26.35600,26.30900,26.33300,18823.99,1771910099999,495648.4217100,3153,9439.68,248549.6805100,0
1771910100000,26.33200,26.35400,26.26800,26.27100,19699.17,1771910399999,518350.5727800,3711,9911.04,260841.0587100,0
1771910400000,26.27100,26.27500,26.16600,26.17500,45866.42,1771910699999,1202788.8841600,6572,17461.32,457946.5472400,0
1771910700000,26.17600,26.28600,26.17600,26.25800,26433.65,1771910999999,693831.7732800,4554,16322.84,428447.6337900,0
1771911000000,26.25800,26.32600,26.20800,26.29900,23604.55,1771911299999,620224.2117000,5150,12509.24,328734.6527400,0
1771911300000,26.30000,26.34000,26.26000,26.26800,21367.21,1771911599999,561895.5184000,3983,8025.81,211114.8714700,0
1771911600000,26.26800,26.32200,26.25800,26.27800,9933.55,1771911899999,261152.7934700,2719,4428.68,116434.9730200,0
1771911900000,26.27800,26.37400,26.26300,26.28100,37855.38,1771912199999,996421.9224300,5181,21207.41,558162.1610000,0
1771912200000,26.28000,26.30300,26.22800,26.29900,17010.20,1771912499999,446797.3305900,3502,7800.94,204943.4054000,0
1771912500000,26.29800,26.32600,26.27100,26.32300,15685.61,1771912799999,412555.1362500,3374,8867.12,233243.1703100,0
1771912800000,26.32200,26.32300,26.26300,26.27900,13045.86,1771913099999,343002.8290700,3119,6731.59,176979.1215700,0
1771913100000,26.28000,26.29300,26.17200,26.24800,59899.03,1771913399999,1570671.3476300,6552,17335.53,454429.8772200,0
1771913400000,26.25000,26.25300,26.17300,26.18100,17388.55,1771913699999,455861.6164200,3474,10287.84,269732.8485100,0
1771913700000,26.18000,26.19800,26.08800,26.16500,26779.89,1771913999999,700002.7289400,4875,10806.03,282465.0416800,0
1771914000000,26.16600,26.19400,26.11600,26.16900,15262.55,1771914299999,399130.8400800,3417,6720.78,175790.6571400,0
1771914300000,26.16900,26.18000,26.12300,26.12500,13459.91,1771914599999,351973.6771300,3362,6915.95,180840.5817200,0
1771914600000,26.12400,26.24400,26.09200,26.24100,22450.65,1771914899999,587455.4713500,4363,16278.96,426069.4259100,0
1771914900000,26.24000,26.28400,26.19300,26.25300,21193.23,1771915199999,555914.3938700,4608,12430.72,326084.9460300,0
1771915200000,26.25300,26.29500,26.23000,26.28100,19667.45,1771915499999,516615.2079600,3232,7035.52,184804.8088700,0
1771915500000,26.28200,26.28200,26.20300,26.23200,18766.55,1771915799999,492266.9639900,3379,10887.88,285547.4867200,0
1771915800000,26.23200,26.23500,26.11500,26.14700,34631.35,1771916099999,905786.6300100,5880,11000.97,287820.5495400,0
1771916100000,26.14700,26.27100,26.10600,26.24100,36985.97,1771916399999,968750.5368200,5358,19326.09,506384.8994700,0
1771916400000,26.24000,26.29200,26.20800,26.20800,16876.66,1771916699999,443256.8942800,3342,7338.33,192741.8126800,0
1771916700000,26.20800,26.36000,26.20800,26.36000,21841.02,1771916999999,574541.7393000,4006,13802.00,363089.2848500,0
1771917000000,26.36100,26.36100,26.28200,26.29500,19180.61,1771917299999,504598.4377800,2480,11448.57,301171.7760600,0
1771917300000,26.29500,26.30500,26.18700,26.22000,28316.37,1771917599999,743409.8292000,3564,7754.85,203499.8355000,0
1771917600000,26.22000,26.29300,26.20100,26.28600,20161.04,1771917899999,528934.7928400,2914,8349.53,219141.7726800,0
1771917900000,26.28500,26.30000,26.25000,26.27900,25349.81,1771918199999,666137.2474000,2669,19341.76,508243.6579100,0
1771918200000,26.27900,26.29700,26.24100,26.26400,15789.46,1771918499999,414925.9265300,2338,3547.95,93221.8120700,0
1771918500000,26.26300,26.29600,26.23400,26.26200,10106.72,1771918799999,265411.1725800,2179,3971.05,104269.8721200,0
1771918800000,26.26100,26.27700,26.21400,26.24000,11867.49,1771919099999,311419.2021100,2573,4809.07,126184.1301000,0
1771919100000,26.23900,26.25800,26.14400,26.23600,28003.04,1771919399999,734078.1070000,5016,12563.97,329380.6997800,0
1771919400000,26.23500,26.29500,26.22700,26.25000,14062.87,1771919699999,369392.7001800,2857,7421.64,194948.5899300,0
1771919700000,26.25100,26.28600,26.24300,26.27400,5037.57,1771919999999,132316.3282100,1819,2966.81,77924.2317900,0
1771920000000,26.27500,26.28000,26.20500,26.22700,20620.33,1771920299999,540984.6629900,3074,8684.33,227816.3727600,0
1771920300000,26.22600,26.26000,26.21000,26.25000,13681.35,1771920599999,358816.2859100,2522,7857.67,206081.9627600,0
1771920600000,26.25100,26.30500,26.23700,26.27300,35195.57,1771920899999,924580.5135100,4248,25333.25,665475.1244200,0
1771920900000,26.27400,26.28800,26.16400,26.22700,26537.81,1771921199999,695853.3877800,3826,9697.67,254368.3042500,0
1771921200000,26.22800,26.31500,26.22500,26.31000,24050.62,1771921499999,631766.5022600,3714,17813.86,467905.5047800,0
1771921500000,26.30900,26.33600,26.28000,26.30200,25701.63,1771921799999,676068.5397300,3415,15457.77,406568.1844100,0
1771921800000,26.30300,26.38300,26.28400,26.37100,26063.24,1771922099999,686731.2036300,4144,15879.11,418364.1021500,0
1771922100000,26.37100,26.46500,26.35600,26.44900,37457.83,1771922399999,989047.4791100,4957,23185.23,612244.2598300,0
1771922400000,26.44800,26.45700,26.36300,26.40900,30396.12,1771922699999,802917.6872600,3413,16313.79,430902.7899000,0
1771922700000,26.40800,26.44800,26.38300,26.41300,22029.16,1771922999999,582080.3267500,3385,11026.02,291332.5770400,0
1771923000000,26.41300,26.55500,26.40800,26.51000,41714.57,1771923299999,1105472.9940000,6621,30439.70,806586.6284300,0
1771923300000,26.51100,26.58800,26.46800,26.46900,46742.14,1771923599999,1240743.7870200,5831,29009.34,770127.1738900,0
1771923600000,26.46800,26.53700,26.45700,26.46100,26973.52,1771923899999,714542.2309700,4517,14249.61,377489.3157300,0
1771923900000,26.46100,26.51000,26.41300,26.49200,24863.97,1771924199999,657819.2770100,4233,10435.13,276120.5517500,0
1771924200000,26.49300,26.54800,26.47800,26.53600,28005.44,1771924499999,742535.3941900,2873,13245.21,351113.7789600,0
1771924500000,26.53500,26.54100,26.47100,26.48800,18692.93,1771924799999,495306.2063800,3239,9775.69,259030.2767100,0
1771924800000,26.48700,26.48900,26.38200,26.39200,20768.78,1771925099999,548677.1241500,3634,6683.63,176575.9292700,0
1771925100000,26.39100,26.41800,26.33800,26.35800,25564.73,1771925399999,674075.7265500,3345,11960.44,315397.7508100,0
1771925400000,26.35700,26.37900,26.25600,26.25800,101427.89,1771925699999,2669485.9786100,5319,17527.78,461325.6778000,0
1771925700000,26.25800,26.36500,26.21200,26.33400,55652.93,1771925999999,1462457.3344800,6204,33391.15,877670.1176500,0
1771926000000,26.33500,26.52000,26.33400,26.50500,79696.44,1771926299999,2105280.7356100,5520,57740.99,1524636.1017800,0
1771926300000,26.50500,26.50700,26.46100,26.47700,14915.92,1771926599999,394997.7690000,2727,6417.39,169910.4779800,0
1771926600000,26.47600,26.51700,26.46300,26.50200,14389.88,1771926899999,381303.9608200,2411,8420.51,223122.6579800,0
1771926900000,26.50100,26.55500,26.49600,26.55000,14388.32,1771927199999,381575.4769100,2112,10538.95,279484.1614800,0
1771927200000,26.54900,26.54900,26.46400,26.52300,32501.40,1771927499999,861473.1939400,4720,11317.00,300021.3746700,0
1771927500000,26.52400,26.60000,26.50200,26.55900,32409.66,1771927799999,860705.1913800,4821,22717.49,603393.9212300,0
1771927800000,26.55900,26.62600,26.52300,26.58200,18782.12,1771928099999,499215.3182400,3722,11829.47,314455.2037900,0
1771928100000,26.58100,26.58100,26.51700,26.52800,12900.87,1771928399999,342514.9924500,3269,5644.85,149875.7620400,0
1771928400000,26.52800,26.57300,26.50000,26.50000,17912.41,1771928699999,475366.2477200,4048,9251.17,245526.6956700,0
1771928700000,26.50000,26.50100,26.45600,26.47300,11494.80,1771928999999,304354.1563700,2617,4979.33,131835.7081900,0
1771929000000,26.47300,26.48800,26.40900,26.42500,13103.01,1771929299999,346526.2497400,2848,5137.72,135876.5124500,0
1771929300000,26.42500,26.45600,26.37300,26.42000,32736.55,1771929599999,864782.5497800,3978,11382.49,300771.9839100,0
1771929600000,26.41900,26.43700,26.39000,26.43200,9825.35,1771929899999,259461.2804500,2201,4698.43,124079.5540000,0
1771929900000,26.43100,26.51100,26.43100,26.47500,56596.45,1771930199999,1498661.2990600,3929,15318.78,405592.4154400,0
1771930200000,26.47500,26.54400,26.47500,26.52300,30099.39,1771930499999,797955.9388900,4727,17604.42,466693.6117500,0
1771930500000,26.52300,26.60000,26.47600,26.56100,27340.13,1771930799999,726038.1973300,4097,19253.90,511310.8344500,0
1771930800000,26.56100,26.67400,26.41900,26.45000,119113.20,1771931099999,3160768.9510800,10917,75105.06,1993672.2379000,0
1771931100000,26.44900,26.46600,26.40200,26.44400,17435.77,1771931399999,460909.3145500,3268,7542.55,199402.2653700,0
1771931400000,26.44400,26.47800,26.44000,26.45800,6559.37,1771931699999,173548.2665100,1695,3015.53,79780.0802600,0
1771931700000,26.45700,26.51600,26.44000,26.50800,13562.27,1771931999999,359164.6708000,2767,6993.99,185207.1360000,0
1771932000000,26.50700,26.50700,26.44300,26.46100,9052.43,1771932299999,239567.6212100,2358,3910.30,103474.6476400,0
1771932300000,26.46000,26.46100,26.40000,26.40000,11540.42,1771932599999,305041.1932300,2317,3698.09,97756.4928900,0
1771932600000,26.40000,26.43700,26.34100,26.38900,19313.50,1771932899999,509622.5160500,3868,6492.26,171359.0532800,0
1771932900000,26.38900,26.43100,26.35300,26.40900,14607.55,1771933199999,385513.1835400,3078,7822.40,206483.6278700,0
1771933200000,26.40900,26.44500,26.37900,26.42900,21123.39,1771933499999,558173.4374300,2922,16028.20,423565.0673600,0
1771933500000,26.42900,26.47800,26.42300,26.46800,44485.21,1771933799999,1176897.5899400,3324,8377.24,221647.4707700,0
1771933800000,26.46900,26.47600,26.43100,26.45300,6194.57,1771934099999,163871.3303600,2044,1742.53,46096.3798300,0
1771934100000,26.45200,26.48400,26.44100,26.47200,5612.31,1771934399999,148500.8486900,1583,2435.28,64432.2127400,0
1771934400000,26.47000,26.47600,26.41300,26.46200,14567.39,1771934699999,385264.5323400,2812,7794.73,206172.8091100,0
1771934700000,26.46200,26.50800,26.45300,26.48300,14143.79,1771934999999,374604.7286900,2868,8140.02,215599.4000500,0
1771935000000,26.48200,26.52000,26.47800,26.48100,12955.60,1771935299999,343321.2395800,2409,8208.18,217541.8251200,0
1771935300000,26.48000,26.49100,26.38800,26.40600,17906.41,1771935599999,473465.9019900,3167,3508.30,92783.2225500,0
1771935600000,26.40700,26.47300,26.39000,26.45100,14671.65,1771935899999,387793.0526200,2835,7390.01,195319.8633000,0
1771935900000,26.45100,26.50100,26.45000,26.48700,8543.23,1771936199999,226184.3893000,1758,2926.01,77468.1938300,0
1771936200000,26.48600,26.50100,26.44000,26.45000,8763.79,1771936499999,231999.8143000,2271,3546.47,93884.2779900,0
1771936500000,26.45000,26.48000,26.37200,26.37700,25552.91,1771936799999,675349.1520500,4133,9491.70,250972.1378800,0
1771936800000,26.37700,26.42600,26.36400,26.42000,10903.03,1771937099999,287715.8448500,2360,6677.08,176195.7714200,0
1771937100000,26.41900,26.43800,26.36400,26.37700,14644.16,1771937399999,386635.8606400,2657,4943.73,130542.1445700,0
1771937400000,26.37700,26.44900,26.35400,26.42400,19238.18,1771937699999,507615.3705900,3058,9925.31,261870.1380500,0
1771937700000,26.42400,26.42500,26.36100,26.36700,15223.35,1771937999999,401790.3023200,2416,5292.24,139655.3578000,0
1771938000000,26.36700,26.39300,26.22800,26.27100,67682.96,1771938299999,1780137.2245700,7190,28061.35,738086.8209000,0
1771938300000,26.27000,26.29600,26.16900,26.21900,58629.11,1771938599999,1537252.7047000,7189,26333.92,690680.1216200,0
1771938600000,26.21900,26.29100,26.21300,26.26700,31875.47,1771938899999,836847.5652400,4421,20011.76,525533.4239400,0
1771938900000,26.26700,26.29400,26.22800,26.28900,15146.81,1771939199999,397960.9762500,2957,5865.50,154100.4565500,0
1771939200000,26.28800,26.29800,26.19500,26.20900,35948.82,1771939499999,943381.9846100,4774,11846.47,310862.2088800,0
1771939500000,26.20900,26.23200,26.16700,26.22300,31555.66,1771939799999,826684.7084700,5527,11248.62,294781.7082700,0
1771939800000,26.22200,26.31800,26.07900,26.27800,60273.54,1771940099999,1579358.9724400,8202,27560.43,722661.7488500,0
1771940100000,26.27700,26.40600,26.26000,26.38800,47881.06,1771940399999,1261660.8689800,6922,27829.90,733358.8882000,0
1771940400000,26.38800,26.51900,26.37900,26.48600,43487.60,1771940699999,1150634.2384600,6562,22700.64,600748.1123700,0
1771940700000,26.48500,26.57800,26.45000,26.53300,76437.26,1771940999999,2027612.8126500,5712,54136.00,1435730.6987100,0
1771941000000,26.53400,26.54700,26.44600,26.48600,59496.47,1771941299999,1575872.8717600,5033,35848.74,949292.8592300,0
1771941300000,26.48500,26.54200,26.48100,26.51400,17660.82,1771941599999,468314.0152500,3183,7787.42,206508.2528300,0
1771941600000,26.51300,26.55000,26.47500,26.47800,20881.44,1771941899999,553567.6031900,3750,11364.48,301353.4321300,0
1771941900000,26.47800,26.64200,26.45700,26.58400,35446.40,1771942199999,942356.9372700,5189,21515.90,572001.7244600,0
1771942200000,26.58500,26.63900,26.56200,26.59900,19716.36,1771942499999,524384.3654200,4096,9856.84,262183.1535500,0
1771942500000,26.59900,26.61000,26.46500,26.48300,29242.00,1771942799999,776309.6366400,5120,9821.66,260737.1094200,0
1771942800000,26.48400,26.54700,26.44400,26.45700,31204.84,1771943099999,826669.4537700,4625,13849.57,366908.3840600,0
1771943100000,26.45700,26.48800,26.40700,26.44800,19571.56,1771943399999,517480.8158300,3933,8252.16,218222.2256000,0
1771943400000,26.44900,26.49900,26.37000,26.39300,31097.40,1771943699999,821798.4170500,7057,15014.29,396949.7791300,0
1771943700000,26.39200,26.65200,26.35700,26.65000,56488.22,1771943999999,1497779.8088100,8609,33722.03,894623.5749000,0
1771944000000,26.65100,26.71400,26.60700,26.65900,65731.90,1771944299999,1752267.9414200,9035,33407.36,890785.9044000,0
1771944300000,26.65800,26.76000,26.61400,26.69500,80860.75,1771944599999,2158899.4674000,10113,42688.11,1139807.6384300,0
1771944600000,26.69500,27.05200,26.66000,26.93200,192734.48,1771944899999,5181623.5934800,18592,115594.94,3107615.7955800,0
1771944900000,26.93300,26.98500,26.73800,26.78300,98730.75,1771945199999,2649793.9820500,12181,53811.47,1444666.5706600,0
1771945200000,26.78300,26.79500,26.40200,26.44700,150600.55,1771945499999,3997767.7732700,17506,61100.04,1620755.1557600,0
1771945500000,26.44700,26.51400,26.37900,26.50400,109964.04,1771945799999,2906829.9643200,8782,68722.25,1817005.8582400,0
1771945800000,26.50500,26.63500,26.50500,26.62500,53074.50,1771946099999,1410025.0543900,8214,32243.80,856663.5496000,0
1771946100000,26.62500,26.72300,26.61200,26.70000,72940.08,1771946399999,1944824.2371900,9661,38493.78,1026341.9317600,0
1771946400000,26.69900,26.87500,26.63900,26.86000,66886.36,1771946699999,1789833.3760000,9727,44884.07,1201795.7694300,0
1771946700000,26.86000,26.86100,26.69200,26.78400,58465.29,1771946999999,1566282.3452000,8181,22326.48,598409.2126000,0
1771947000000,26.78400,26.84500,26.77800,26.81400,35082.82,1771947299999,940762.0642500,5923,17917.57,480473.4509500,0
1771947300000,26.81400,26.82300,26.63600,26.66300,46452.25,1771947599999,1240825.0861400,6507,18187.31,485770.0732000,0
1771947600000,26.66300,26.74900,26.63500,26.70700,77168.77,1771947899999,2060283.7590100,6900,45810.12,1222957.9154700,0
1771947900000,26.70600,26.74400,26.68800,26.72000,19073.54,1771948199999,509523.4523700,3501,7845.91,209555.4120600,0
1771948200000,26.72000,26.73300,26.66000,26.70000,22950.46,1771948499999,612737.1235900,3975,8705.47,232469.4601400,0
1771948500000,26.70000,26.81900,26.70000,26.77200,31870.66,1771948799999,853454.7108800,4199,16065.02,430283.4789200,0
1771948800000,26.77100,27.10000,26.73900,27.06900,142843.54,1771949099999,3854029.1137100,14051,96842.89,2613459.4734100,0
1771949100000,27.06900,27.09200,26.88700,26.90800,93078.75,1771949399999,2513340.5695200,11566,40373.23,1090633.9205000,0
1771949400000,26.90800,27.02500,26.80800,26.94700,78716.50,1771949699999,2118402.0368200,9791,31677.16,853012.0842900,0
1771949700000,26.94600,27.08500,26.93800,27.08400,51846.96,1771949999999,1400205.4948100,7876,24784.13,669266.9474600,0
1771950000000,27.08400,27.10000,26.99100,27.02400,59237.02,1771950299999,1602773.4106300,6661,25830.57,698970.0108700,0
1771950300000,27.02400,27.05100,26.92300,26.95100,52193.88,1771950599999,1407715.5848100,6201,26810.04,722971.2408600,0
1771950600000,26.95100,26.99200,26.88700,26.90900,44585.30,1771950899999,1200705.8412700,6930,17307.80,466172.5602900,0
1771950900000,26.90900,27.05000,26.89800,27.02300,27648.14,1771951199999,746229.9113500,5400,14435.23,389613.7684600,0
1771951200000,27.02200,27.20000,27.01800,27.13100,109308.94,1771951499999,2967117.3361700,9379,75527.00,2050150.5846700,0
1771951500000,27.13000,27.15700,27.03400,27.05000,38735.55,1771951799999,1050311.9060300,6174,17078.22,463123.0123000,0
1771951800000,27.05000,27.10700,26.95200,27.01300,42621.50,1771952099999,1151731.6607600,5789,19995.26,540236.9795200,0
1771952100000,27.01400,27.17300,27.00900,27.15500,42651.52,1771952399999,1156975.3442300,6024,27032.82,733262.3483200,0
1771952400000,27.15500,27.20400,27.09700,27.10300,50944.02,1771952699999,1383323.7081800,6763,27240.96,739787.6603800,0
1771952700000,27.10400,27.23300,27.09700,27.16900,43748.05,1771952999999,1189068.3932500,6099,28470.53,773935.2616100,0
1771953000000,27.16800,27.29300,27.15800,27.17600,66131.19,1771953299999,1800812.4581500,8219,43823.28,1193523.8573300,0
1771953300000,27.17200,27.17200,27.03500,27.04000,43358.71,1771953599999,1175106.0296400,5882,19956.82,540857.3849200,0
1771953600000,27.03900,27.09800,27.01100,27.06400,25477.68,1771953899999,689393.1455200,4755,14600.73,395068.8074300,0
1771953900000,27.07000,27.10300,27.04400,27.06800,12789.77,1771954199999,346235.9120700,3075,6639.31,179730.9594200,0
1771954200000,27.06800,27.07900,27.00000,27.01000,17192.06,1771954499999,464984.9557600,3117,6777.72,183330.0412900,0
1771954500000,27.01000,27.04200,27.00200,27.02100,11724.89,1771954799999,316800.4082800,3139,5808.50,156944.1006400,0
1771954800000,27.02100,27.04000,26.96700,26.97500,20623.75,1771955099999,556831.3949400,3517,6026.06,162736.6463900,0
1771955100000,26.97500,27.03200,26.93600,26.99600,23392.28,1771955399999,631280.1011900,3823,9859.42,266088.8254000,0
1771955400000,26.99600,26.99600,26.81400,26.85600,82550.08,1771955699999,2218620.1508100,7841,27702.50,744385.6652100,0
1771955700000,26.85600,26.91400,26.81000,26.84900,27135.46,1771955999999,728703.3556600,3999,12757.45,342707.5558600,0
1771956000000,26.84800,27.05100,26.84500,27.04500,64158.97,1771956299999,1730315.2025200,7143,32973.12,888918.1988300,0
1771956300000,27.04500,27.08500,27.00100,27.01000,18506.57,1771956599999,500324.2627200,3370,8761.85,236877.5808100,0
1771956600000,27.00900,27.01500,26.94100,26.95200,30623.54,1771956899999,826300.1018900,3703,8291.52,223709.3169300,0
1771956900000,26.95100,27.01700,26.91500,26.99700,18188.93,1771957199999,490491.7506500,3721,10136.68,273363.9370500,0
1771957200000,26.99700,27.06600,26.98400,27.03300,29525.06,1771957499999,798050.3336700,4289,10938.01,295683.7671300,0
1771957500000,27.03200,27.03200,26.92500,26.94500,13195.00,1771957799999,355772.2021200,3393,4965.81,133892.4530800,0
1771957800000,26.94600,27.03500,26.92200,27.01300,23665.75,1771958099999,638627.6245700,4711,12137.65,327538.7535000,0
1771958100000,27.01300,27.02800,26.93300,26.94600,7465.37,1771958399999,201477.1813300,2971,2875.17,77603.6023600,0
1771958400000,26.94700,27.00800,26.90800,26.92900,9031.05,1771958699999,243451.8451900,3040,2940.28,79269.5685200,0
1771958700000,26.92900,26.94900,26.87200,26.92800,17761.39,1771958999999,478117.7538500,4126,4843.37,130400.6920700,0
1771959000000,26.92800,26.96400,26.91000,26.92300,12616.67,1771959299999,339810.4214300,3050,5975.79,160968.5931900,0
1771959300000,26.92300,26.94300,26.88200,26.91600,7345.64,1771959599999,197716.3360400,2073,3218.55,86613.6378000,0
1771959600000,26.91500,27.02900,26.91000,27.02000,13781.93,1771959899999,371956.0780100,2889,7891.66,212995.5974300,0
1771959900000,27.01900,27.10800,26.99200,27.08200,25733.13,1771960199999,696596.2836800,4556,14915.97,403841.9929000,0
1771960200000,27.08200,27.08400,26.95300,26.96500,25400.00,1771960499999,686446.8567000,4004,7903.49,213544.3862500,0
1771960500000,26.96400,26.99900,26.89600,26.92300,21751.33,1771960799999,586015.0115000,4229,10219.09,275370.0187400,0
1771960800000,26.92300,27.09100,26.91700,27.03000,25608.99,1771961099999,692066.2537200,4173,12632.28,341266.2882600,0
1771961100000,27.02900,27.06800,26.98200,27.01700,19373.53,1771961399999,523641.8694100,3572,11656.10,315130.1834400,0
1771961400000,27.01700,27.09500,27.00500,27.04300,21920.09,1771961699999,592959.1972300,3531,7856.39,212523.7252300,0
1771961700000,27.04400,27.07700,27.03300,27.05900,9413.41,1771961999999,254707.5433200,2344,4791.02,129632.6949000,0
1771962000000,27.05800,27.07700,27.03500,27.05300,7718.59,1771962299999,208864.4924300,2293,2731.95,73923.9866100,0
1771962300000,27.05500,27.08400,27.03900,27.06900,8964.57,1771962599999,242612.8891500,2482,4604.39,124610.6948900,0
1771962600000,27.07000,27.15500,27.06900,27.14900,17057.02,1771962899999,462689.6075000,3655,10621.56,288113.6306400,0
1771962900000,27.14900,27.25700,27.14900,27.21000,32429.94,1771963199999,882487.9802000,4281,17889.25,486729.1599200,0
1771963200000,27.21000,27.22700,27.16500,27.22500,18724.35,1771963499999,509291.7352800,3634,7994.53,217439.7340500,0
1771963500000,27.22400,27.35700,27.22400,27.23700,42314.45,1771963799999,1155243.4510700,7391,22112.35,603627.1847000,0
1771963800000,27.23800,27.28300,27.10300,27.17300,53512.22,1771964099999,1455045.4170500,7553,21186.10,576076.3795400,0
1771964100000,27.17300,27.34600,27.17300,27.23800,21899.65,1771964399999,597198.9261300,5101,11747.23,320388.1040300,0
1771964400000,27.23700,27.30200,27.23600,27.28200,16396.96,1771964699999,447219.5553000,3453,6833.32,186385.4553600,0
1771964700000,27.28100,27.31400,27.21900,27.27400,17104.78,1771964999999,466420.4228300,3121,9810.58,267528.2410900,0
1771965000000,27.27500,27.31800,27.21400,27.22900,14724.22,1771965299999,401387.9530500,3542,7584.09,206746.1825200,0
1771965300000,27.22900,27.23100,27.16800,27.17000,22250.27,1771965599999,605042.3499000,3191,9762.77,265477.7592400,0
1771965600000,27.17100,27.17700,27.09500,27.15100,21858.32,1771965899999,593269.2558600,3584,8647.63,234722.7072800,0
1771965900000,27.15200,27.21700,27.14900,27.16400,17465.50,1771966199999,474612.7612300,3581,8147.27,221395.1927200,0
1771966200000,27.16700,27.25100,27.16700,27.21800,25345.91,1771966499999,689705.3161300,4587,13232.11,360138.5129400,0
1771966500000,27.21900,27.23800,27.12900,27.21600,49978.36,1771966799999,1358101.7125400,4956,19982.80,542884.4448300,0
1771966800000,27.21800,27.23100,26.96100,26.98500,86362.35,1771967099999,2335822.7614800,9317,29577.35,799517.2260300,0
1771967100000,26.98600,27.02400,26.94900,27.00100,34353.73,1771967399999,926999.1651100,4427,13513.20,364708.2134500,0
1771967400000,27.00100,27.13300,27.00100,27.12000,26032.50,1771967699999,705137.7509900,3939,16969.69,459658.6838100,0
1771967700000,27.12200,27.15800,27.04300,27.11500,47804.89,1771967999999,1295868.1229800,6944,26835.42,727624.3918900,0
1771968000000,27.11400,27.20000,27.10600,27.16100,18882.94,1771968299999,512625.1218200,3636,8871.36,240823.6180000,0
1771968300000,27.16100,27.26100,27.16100,27.17800,32397.71,1771968599999,881800.2044500,5069,12816.45,348878.7909200,0
1771968600000,27.17900,27.20900,27.15400,27.19100,19728.79,1771968899999,536214.6882800,3516,7143.19,194152.4713000,0
1771968900000,27.19100,27.26700,27.16000,27.19200,24773.81,1771969199999,673992.0422300,3483,10677.52,290471.6707100,0
1771969200000,27.19100,27.20700,27.06300,27.10600,32162.05,1771969499999,872348.3807200,5222,15933.91,432087.1814100,0
1771969500000,27.10500,27.12500,27.02500,27.12300,16141.24,1771969799999,436809.0913500,3440,5800.22,156990.3739400,0
1771969800000,27.12300,27.16400,27.08800,27.14000,13121.42,1771970099999,356077.5990800,2645,5695.77,154560.3438900,0
1771970100000,27.13900,27.21900,27.12800,27.14200,23100.40,1771970399999,627758.0636100,4533,11636.40,316262.7924600,0
1771970400000,27.14200,27.28200,27.09900,27.27900,31401.44,1771970699999,853815.2023300,5564,14127.81,384063.4504200,0
1771970700000,27.28000,27.30200,27.20100,27.22500,27765.67,1771970999999,756897.4265300,4256,12752.05,347603.9035100,0
1771971000000,27.22500,27.28700,27.15300,27.28000,31046.79,1771971299999,845004.5819200,4447,8949.91,243654.6400200,0
1771971300000,27.28000,27.28700,27.13800,27.14700,24881.15,1771971599999,676696.0472100,3583,11085.25,301421.2369400,0
1771971600000,27.14800,27.19800,27.14700,27.15800,6441.85,1771971899999,175018.8485300,1676,2032.05,55199.2372500,0
1771971900000,27.15700,27.16500,27.05000,27.14200,31308.28,1771972199999,848824.2310900,3664,14065.98,381502.1708800,0
1771972200000,27.14100,27.16600,27.11200,27.15100,13039.40,1771972499999,353899.2656000,1889,6135.01,166553.0643200,0
1771972500000,27.15100,27.20000,27.12200,27.13200,13768.16,1771972799999,373798.9190500,2466,5490.10,149088.4608900,0
1771972800000,27.13300,27.18500,27.09200,27.17800,10732.98,1771973099999,291310.8316100,1937,5988.93,162592.9917400,0
1771973100000,27.17900,27.20800,27.17000,27.20500,7133.14,1771973399999,193926.8358300,1505,3560.75,96803.3108800,0
1771973400000,27.20400,27.23500,27.17800,27.17800,12771.50,1771973699999,347476.7624000,1982,4367.24,118814.9385600,0
1771973700000,27.17800,27.23000,27.17600,27.20900,8498.08,1771973999999,231179.1001800,1281,4744.63,129042.2855200,0
1771974000000,27.20900,27.24700,27.17100,27.18700,12965.99,1771974299999,352846.5157100,2608,5729.66,155929.1875600,0
1771974300000,27.18800,27.19200,26.98900,27.06400,50630.69,1771974599999,1370141.4300600,6477,18721.45,506626.9414900,0
1771974600000,27.06400,27.24900,27.06400,27.24900,30694.53,1771974899999,833778.3804500,3949,20139.18,547104.1510200,0
1771974900000,27.24800,27.24900,27.16700,27.21300,21793.89,1771975199999,593117.9282200,2974,11640.67,316768.3090800,0
1771975200000,27.21300,27.29700,27.19600,27.29100,22141.09,1771975499999,603443.9688400,3176,10138.52,276310.8599600,0
1771975500000,27.29100,27.38200,27.25100,27.37000,33883.79,1771975799999,925617.6556500,4224,18990.89,519019.0154100,0
1771975800000,27.36900,27.42100,27.29700,27.32200,29125.34,1771976099999,797394.6780400,4345,17193.49,470848.9659100,0
1771976100000,27.32200,27.37300,27.30200,27.34100,14176.85,1771976399999,387584.7658300,2847,6264.72,171258.8422700,0
1771976400000,27.34100,27.34100,27.22900,27.23700,23194.41,1771976699999,632725.4622200,3082,7157.33,195229.5870900,0
1771976700000,27.23700,27.24500,27.15300,27.17800,15279.31,1771976999999,415717.1522700,2468,5836.72,158831.6763900,0
1771977000000,27.17600,27.18900,27.08900,27.10200,17727.29,1771977299999,481116.1151200,2872,6787.69,184233.0733400,0
1771977300000,27.10100,27.13300,27.07600,27.08000,12977.52,1771977599999,351751.4169000,2421,5731.23,155356.3031600,0
1771977600000,27.08000,27.13200,27.06900,27.12400,16588.82,1771977899999,449651.6024600,2882,8617.07,233563.5518500,0
1771977900000,27.12300,27.18000,27.11100,27.12700,9895.13,1771978199999,268689.4001200,2202,6024.00,163566.2743900,0
1771978200000,27.12700,27.16900,27.07300,27.07500,15999.08,1771978499999,434093.6099300,3346,8451.71,229375.8087400,0
1771978500000,27.07400,27.20400,27.06500,27.18600,16141.21,1771978799999,438166.5451400,3308,9706.11,263503.9307400,0
1771978800000,27.18600,27.24900,27.15200,27.24700,28875.23,1771979099999,785273.4875200,3310,7802.25,212199.0450000,0
1771979100000,27.24700,27.25000,27.20000,27.23500,12386.22,1771979399999,337160.5724100,2876,8051.07,219147.2290000,0
1771979400000,27.23400,27.30600,27.19600,27.21500,18776.74,1771979699999,511698.0326800,4206,8466.44,230757.8578900,0
1771979700000,27.21600,27.29600,27.20800,27.29500,12142.86,1771979999999,330656.9203200,3351,5216.65,142079.2911900,0
1771980000000,27.29600,27.34200,27.23000,27.33400,17707.02,1771980299999,483206.5758800,3932,8429.26,230087.4042400,0
1771980300000,27.33300,27.34100,27.27100,27.33100,9227.38,1771980599999,251997.4019100,2838,3298.24,90073.2639000,0
1771980600000,27.33200,27.40500,27.31500,27.39800,18845.80,1771980899999,515448.0558300,3483,12516.93,342380.8346700,0
1771980900000,27.39700,27.41400,27.35200,27.39700,17559.25,1771981199999,480998.6774700,2835,8014.25,219549.7911100,0
1771981200000,27.39800,27.46000,27.38200,27.45600,30132.75,1771981499999,826386.0342500,4348,17826.65,489009.0022100,0
1771981500000,27.45500,27.48600,27.43100,27.43700,45056.24,1771981799999,1237045.5821400,4515,30350.65,833303.6384000,0
1771981800000,27.43600,27.78200,27.42700,27.74900,152714.34,1771982099999,4221692.8763100,16083,100254.30,2771215.6135800,0
1771982100000,27.74800,27.91600,27.71000,27.90800,165007.37,1771982399999,4589866.9652500,15883,72152.88,2007491.1251100,0
1771982400000,27.90800,27.98400,27.72100,27.79400,132317.99,1771982699999,3687347.1761300,13161,55681.63,1552385.0482900,0
1771982700000,27.79400,27.92100,27.79300,27.86200,55687.56,1771982999999,1551805.3129500,7529,31934.19,889863.7468400,0
1771983000000,27.86200,27.90400,27.80900,27.85000,48827.91,1771983299999,1360470.3669500,6777,27882.03,777054.0284900,0
1771983300000,27.85000,27.95300,27.78300,27.85100,80143.50,1771983599999,2233432.5267200,9214,42474.78,1183638.1655400,0
1771983600000,27.85000,27.86600,27.66200,27.69400,64156.62,1771983899999,1779858.8960800,8108,25019.83,693947.3061500,0
1771983900000,27.69400,27.70200,27.61700,27.67700,41289.46,1771984199999,1142466.2883400,6484,16759.21,463785.6283500,0
1771984200000,27.67700,27.67800,27.55000,27.56500,43212.50,1771984499999,1192381.2438800,7054,16143.38,445473.8062200,0
1771984500000,27.56500,27.61000,27.54600,27.55500,21435.49,1771984799999,591069.3154300,4208,10277.22,283393.8413300,0
1771984800000,27.55500,27.71900,27.55500,27.60400,42201.62,1771985099999,1167408.0281100,8461,22964.02,635218.9392700,0
1771985100000,27.60300,27.70700,27.54600,27.62500,46168.65,1771985399999,1275812.9435700,7797,22228.75,614275.1533200,0
1771985400000,27.62400,27.73400,27.60500,27.73300,40226.70,1771985699999,1112903.9255000,5928,23375.51,646814.9770600,0
1771985700000,27.73400,27.75300,27.67700,27.68900,26323.84,1771985999999,729882.2770700,4197,11127.24,308510.5512100,0
1771986000000,27.68800,27.78700,27.67500,27.74600,19785.50,1771986299999,548955.8906100,4001,11689.15,324303.5301700,0
1771986300000,27.74400,27.78900,27.68900,27.77300,14956.12,1771986599999,414994.6056700,3689,6544.56,181581.9576500,0
1771986600000,27.77200,27.79100,27.60900,27.63600,37574.68,1771986899999,1039853.2864700,5300,9506.60,263189.9142900,0
1771986900000,27.63500,27.65300,27.43600,27.51600,88550.87,1771987199999,2437428.7652800,9256,25765.66,709194.8400700,0
1771987200000,27.51600,27.55500,27.48600,27.51800,16618.39,1771987499999,457344.5665000,3732,8199.86,225667.3375900,0
1771987500000,27.51800,27.60500,27.49800,27.50200,22282.02,1771987799999,613885.9409500,4382,14917.67,411178.9115300,0
1771987800000,27.50100,27.53600,27.47300,27.48800,10826.49,1771988099999,297747.6934300,3185,4396.94,120924.5460700,0
1771988100000,27.49100,27.51800,27.45000,27.51000,24578.14,1771988399999,675342.7061500,3531,13536.82,371974.7792800,0
1771988400000,27.51100,27.56600,27.49100,27.55100,22974.88,1771988699999,632519.3145300,4609,12823.12,353068.8938900,0
1771988700000,27.55200,27.57600,27.39000,27.42300,32755.93,1771988999999,899532.4769600,4863,9975.51,274037.4415600,0
1771989000000,27.42200,27.46400,27.34600,27.36100,26641.08,1771989299999,729580.0633100,3727,9997.47,273789.0915600,0
1771989300000,27.36000,27.37200,27.20700,27.21300,60633.00,1771989599999,1653966.6532200,7422,17364.15,473671.0588200,0
1771989600000,27.21400,27.28600,27.08100,27.18300,85389.29,1771989899999,2318914.0203200,8267,48538.34,1318042.2643600,0
1771989900000,27.18400,27.25400,27.18400,27.23200,25580.40,1771990199999,696388.9583800,3517,14521.52,395260.3882300,0
1771990200000,27.23200,27.23700,27.13100,27.15800,22521.94,1771990499999,612303.7742600,4446,8329.53,226535.7264600,0
1771990500000,27.15900,27.19300,27.02500,27.11300,49502.51,1771990799999,1341961.9285100,7282,22417.70,607766.5711900,0
1771990800000,27.11300,27.13900,26.96300,26.97100,38477.53,1771991099999,1040633.2565000,5260,11435.38,309428.6631900,0
1771991100000,26.97200,27.12000,26.95800,27.07600,33153.18,1771991399999,896521.2334000,5210,16945.39,458262.4791500,0
1771991400000,27.07600,27.11700,27.01000,27.07100,18962.51,1771991699999,513131.1887400,4254,9816.19,265650.2978100,0
1771991700000,27.07100,27.10800,26.99900,27.04500,13905.53,1771991999999,376104.3261300,3160,5272.70,142634.9738900,0
1771992000000,27.04400,27.04400,26.85100,27.00600,80430.15,1771992299999,2165297.5067500,9819,30696.05,826547.0497200,0
1771992300000,27.00600,27.03000,26.97200,26.99400,23473.48,1771992599999,633815.3999600,3531,10659.91,287843.0111100,0
1771992600000,26.99400,27.07500,26.95800,27.03200,20857.69,1771992899999,563748.6167800,3890,12097.73,326983.8178700,0
1771992900000,27.03300,27.06800,26.97700,27.02800,23767.57,1771993199999,642407.9482400,3415,9615.30,259920.1667900,0
1771993200000,27.02800,27.14700,26.96300,27.11600,48737.11,1771993499999,1319496.0918600,6357,28663.15,776261.2521800,0
1771993500000,27.11600,27.15500,27.03800,27.15500,26721.71,1771993799999,723611.3112900,5220,12412.55,336195.2492300,0
1771993800000,27.15500,27.24600,27.11900,27.19900,49178.30,1771994099999,1337555.2227800,6388,34013.15,925184.7272700,0
1771994100000,27.19900,27.23500,27.17500,27.22900,15827.44,1771994399999,430623.2984100,3039,8962.65,243831.5805100,0
1771994400000,27.23000,27.27100,27.19400,27.21800,20150.10,1771994699999,548791.2512100,3168,9672.91,263422.7923100,0
1771994700000,27.21800,27.28100,27.20800,27.27700,17009.29,1771994999999,463389.2978200,3043,8592.91,234085.9244000,0
1771995000000,27.27600,27.27700,27.21800,27.24700,9458.44,1771995299999,257709.7391900,1897,3421.55,93228.1821700,0
1771995300000,27.24800,27.25100,27.19400,27.23800,11065.82,1771995599999,301292.9584300,2157,5211.42,141888.0985100,0
1771995600000,27.23800,27.25300,27.17800,27.23600,12465.36,1771995899999,339221.0417200,2879,5296.91,144176.4246100,0
1771995900000,27.23700,27.26500,27.21200,27.21400,8645.73,1771996199999,235471.5963000,1803,3231.73,88030.3447900,0
1771996200000,27.21400,27.21400,27.02900,27.04300,29189.10,1771996499999,791117.3811600,3957,7419.95,201216.7424200,0
1771996500000,27.04200,27.11600,27.02800,27.04200,18020.50,1771996799999,487834.5094700,3225,10028.37,271467.3715500,0
1771996800000,27.04100,27.07900,26.91800,26.95200,29959.91,1771997099999,808803.5077500,3972,8311.43,224373.8835900,0
1771997100000,26.95300,26.97600,26.85900,26.92300,71849.44,1771997399999,1933492.1633600,6805,22615.30,608609.3312600,0
1771997400000,26.92400,26.96900,26.79100,26.80700,64384.52,1771997699999,1729800.7371400,6985,17629.10,473949.7310000,0
1771997700000,26.80800,26.87700,26.73900,26.85800,52977.12,1771997999999,1419878.6495100,7176,23010.29,616741.9920200,0
1771998000000,26.85800,26.90000,26.78500,26.88000,35233.51,1771998299999,945643.3799400,4907,13149.51,353103.8138700,0
1771998300000,26.87800,26.96500,26.84500,26.95000,21490.87,1771998599999,578559.6822700,4049,10381.71,279503.7063900,0
1771998600000,26.95000,26.98500,26.93500,26.95400,19690.81,1771998899999,530950.4691600,2679,9365.33,252493.5781500,0
1771998900000,26.95400,27.00000,26.90100,26.91000,14089.51,1771999199999,379737.0978100,2860,6992.59,188535.8921000,0
1771999200000,26.91000,26.99100,26.89000,26.97400,21874.32,1771999499999,589325.3191200,4294,15007.81,404369.5541300,0
1771999500000,26.97400,26.98200,26.93500,26.94800,12065.45,1771999799999,325272.8903300,2672,5945.60,160291.6387100,0
1771999800000,26.94900,26.99700,26.93700,26.95900,20577.00,1772000099999,554818.6258100,3142,10989.58,296312.8039100,0
1772000100000,26.95800,26.99500,26.92300,26.98000,17953.25,1772000399999,483847.4731000,2962,7286.04,196410.2218600,0
1772000400000,26.98100,27.01600,26.97200,26.99900,11761.49,1772000699999,317519.0459500,2899,7731.75,208731.2166000,0
1772000700000,26.99900,27.01300,26.96300,26.97900,8167.53,1772000999999,220425.3348900,2066,5287.65,142712.9947700,0
1772001000000,26.98000,27.01700,26.95500,26.97000,8834.74,1772001299999,238396.7182900,2180,3672.19,99101.4650400,0
1772001300000,26.97000,27.00100,26.94300,26.99000,8880.98,1772001599999,239579.9103700,2021,3481.39,93909.6400500,0
1772001600000,26.99000,27.01400,26.93700,26.94000,10718.30,1772001899999,289086.6187100,1849,3589.59,96788.8657200,0
1772001900000,26.93900,26.95200,26.87500,26.87500,12674.65,1772002199999,341100.4270200,2052,4285.46,115358.7133800,0
1772002200000,26.87600,26.88400,26.80500,26.84900,18681.47,1772002499999,501388.1005400,2936,6237.21,167399.7170500,0
1772002500000,26.84900,26.90200,26.83300,26.90100,13547.15,1772002799999,363941.3817800,2674,8258.54,221894.2314100,0
1772002800000,26.90100,26.91100,26.81800,26.84900,28178.96,1772003099999,756633.5812800,3858,11903.14,319573.4868200,0
1772003100000,26.85000,26.86000,26.79600,26.85700,14928.55,1772003399999,400492.9859100,2835,4432.80,118952.2758200,0
1772003400000,26.85800,26.88200,26.84500,26.86600,14482.14,1772003699999,389020.2153800,1995,6798.35,182641.7915300,0
1772003700000,26.86600,26.97600,26.86000,26.95100,23376.06,1772003999999,629374.0504500,3723,18103.65,487424.9987100,0
1772004000000,26.95100,26.95600,26.88600,26.88700,8507.26,1772004299999,228983.5110200,1844,4417.52,118901.3265700,0
1772004300000,26.88700,26.91700,26.86800,26.90300,5723.02,1772004599999,153929.5536600,1706,3219.13,86579.5763600,0
1772004600000,26.90500,26.97700,26.88500,26.95400,23921.00,1772004899999,644583.8705500,3222,15635.09,421381.4819700,0
1772004900000,26.95400,26.96000,26.89500,26.92700,24844.15,1772005199999,668842.8018400,2795,7492.65,201711.0332700,0
1772005200000,26.92400,26.93700,26.85500,26.86200,12289.11,1772005499999,330440.8441500,2511,3658.37,98394.0915900,0
1772005500000,26.86500,26.90500,26.85000,26.87100,13355.08,1772005799999,358852.0612000,2788,6311.58,169624.2625800,0
1772005800000,26.87200,26.92900,26.85300,26.90900,7841.37,1772006099999,210810.9422400,1853,3073.51,82648.7647300,0
1772006100000,26.90800,26.94100,26.89200,26.90400,17954.77,1772006399999,483209.6755400,2580,7152.76,192536.4815000,0
1772006400000,26.90400,26.94300,26.88500,26.91400,8879.76,1772006699999,239012.2924400,2621,5462.57,147035.2184100,0
1772006700000,26.91500,26.95400,26.86500,26.87900,7671.10,1772006999999,206459.7985600,2218,3719.59,100114.4388900,0
1772007000000,26.88000,26.88300,26.82900,26.87800,10174.91,1772007299999,273281.2401400,2089,5740.83,154204.4300800,0
1772007300000,26.87700,26.89900,26.83600,26.87000,7262.97,1772007599999,195144.1513800,2091,4377.98,117616.8994700,0
1772007600000,26.87000,26.97300,26.87000,26.95700,13475.92,1772007899999,362758.9247300,2589,9977.54,268582.0561800,0
1772007900000,26.95800,27.04300,26.95000,26.95300,24340.58,1772008199999,657031.0385400,3021,16900.63,456279.0898100,0
1772008200000,26.95300,26.98800,26.88800,26.98400,19084.04,1772008499999,513777.9555400,2697,6548.27,176393.1421700,0
1772008500000,26.98400,27.04800,26.98400,27.01400,18665.00,1772008799999,504264.9741300,3261,10768.74,290953.3285700,0
1772008800000,27.01400,27.01800,26.96100,26.96100,20357.68,1772009099999,549217.6058900,2593,13147.27,354676.2798400,0
1772009100000,26.96000,26.97100,26.92200,26.95500,23268.50,1772009399999,627115.8285500,3561,16056.91,432770.2361200,0
1772009400000,26.95500,27.09000,26.91700,27.05100,31484.06,1772009699999,849974.2547100,4845,24316.82,656637.4049400,0
1772009700000,27.05000,27.07000,27.00300,27.00700,27666.61,1772009999999,747663.8674000,3688,12146.48,328302.5968900,0
1772010000000,27.00600,27.00600,26.91400,26.95600,23845.41,1772010299999,642745.0741600,3668,11450.80,308651.4244500,0
1772010300000,26.95600,26.95700,26.86900,26.93700,36292.60,1772010599999,976571.0202700,4721,20854.46,561130.1141800,0
1772010600000,26.93900,26.99100,26.83700,26.85500,32579.43,1772010899999,876672.6499100,5029,18505.94,498036.6158800,0
1772010900000,26.85500,26.88500,26.74800,26.86000,48455.60,1772011199999,1299675.5803600,5374,25179.66,675518.2425000,0
1772011200000,26.86000,26.92600,26.81700,26.90300,17267.24,1772011499999,464125.3977800,3405,10269.41,276033.6105500,0
1772011500000,26.90300,26.94600,26.86900,26.89700,15143.14,1772011799999,407551.1577400,3453,8537.06,229751.5610100,0
1772011800000,26.89600,26.91000,26.81600,26.81600,17407.38,1772012099999,467781.7862600,3598,6708.79,180346.6850600,0
1772012100000,26.81600,26.83700,26.79600,26.83400,13825.47,1772012399999,370745.6987000,2917,5705.12,152992.3989800,0
1772012400000,26.83400,26.85000,26.76800,26.81200,14961.29,1772012699999,401138.6212000,2947,6548.33,175575.1635800,0
1772012700000,26.81100,26.88200,26.79000,26.85200,12034.82,1772012999999,323141.8419000,2500,6898.02,185226.5845200,0
1772013000000,26.85100,26.89700,26.78600,26.79400,25963.89,1772013299999,696801.9030700,3540,10076.66,270500.0083800,0
1772013300000,26.79400,26.82800,26.77900,26.78100,8883.50,1772013599999,238054.6347100,2073,4397.39,117843.4618200,0
1772013600000,26.78100,26.89500,26.76000,26.84100,34243.33,1772013899999,919017.5653200,4789,20767.91,557599.4774300,0
1772013900000,26.84100,26.88800,26.83300,26.86300,10999.63,1772014199999,295481.5704500,2558,5820.33,156350.0588200,0
1772014200000,26.86300,26.88500,26.78900,26.87300,9422.39,1772014499999,252940.4764300,2151,5077.77,136338.1015100,0
1772014500000,26.87300,26.92800,26.81300,26.82900,13293.17,1772014799999,357104.3699000,2608,6602.44,177401.1738500,0
1772014800000,26.82800,26.84300,26.80900,26.84000,6707.74,1772015099999,179940.2295900,1561,3440.35,92288.1849900,0
1772015100000,26.84000,26.87400,26.83000,26.84200,9008.43,1772015399999,241867.4677300,1779,5750.28,154390.3395500,0
1772015400000,26.84100,26.84300,26.79000,26.83900,10779.04,1772015699999,289102.6032000,1872,5865.31,157316.9844300,0
1772015700000,26.84000,26.87700,26.83400,26.86800,7569.69,1772015999999,203289.7585700,1616,3989.96,107159.1788300,0
1772016000000,26.86800,26.89500,26.84500,26.89100,5629.83,1772016299999,151286.5730600,1488,3011.20,80924.9076500,0
1772016300000,26.89200,26.97600,26.88100,26.95500,15343.70,1772016599999,413275.3107900,2820,10669.38,287394.4536400,0
1772016600000,26.95500,26.98100,26.92900,26.93000,10065.00,1772016899999,271339.1081200,2248,4659.99,125630.0675800,0
1772016900000,26.93100,26.95200,26.86500,26.89300,9005.39,1772017199999,242246.2099600,1812,3168.19,85224.8919500,0
1772017200000,26.89200,26.92900,26.86900,26.87100,13432.81,1772017499999,361342.1381400,2817,7063.41,189989.1605800,0
1772017500000,26.87100,26.90800,26.83000,26.87600,14095.38,1772017799999,378753.3563600,3067,5260.67,141352.5426200,0
1772017800000,26.87600,26.92100,26.84200,26.85000,13966.38,1772018099999,375529.6323900,2265,4367.75,117462.9558600,0
1772018100000,26.84800,26.87400,26.82100,26.86200,7584.94,1772018399999,203626.1998200,2178,3641.64,97777.4872900,0
1772018400000,26.85900,27.08900,26.85900,27.04100,34408.14,1772018699999,929626.1489700,4118,23735.77,641101.4268800,0
1772018700000,27.04200,27.13900,27.02500,27.06000,57521.40,1772018999999,1557872.1090000,5651,32969.87,893070.0956700,0
1772019000000,27.06000,27.08500,26.99400,27.03600,38614.42,1772019299999,1043980.5261500,4246,15151.97,409679.0676200,0
1772019300000,27.03500,27.14100,27.01400,27.13200,20196.10,1772019599999,546923.1970200,3922,11730.52,317713.4962400,0
1772019600000,27.13300,27.18000,27.10200,27.11300,26601.39,1772019899999,721977.0911900,4192,14025.32,380667.4349600,0
1772019900000,27.11300,27.14600,27.07900,27.12100,15566.48,1772020199999,422091.4937800,2729,6223.59,168765.8174200,0
1772020200000,27.12100,27.17500,27.10800,27.11500,15111.45,1772020499999,410275.7453000,2902,8312.20,225675.0313500,0
1772020500000,27.11500,27.18200,27.11200,27.17500,12399.54,1772020799999,336583.1093600,2565,6125.65,166313.8182200,0
1772020800000,27.17400,27.20200,27.12400,27.13000,33855.90,1772021099999,919955.5788600,4566,17120.72,465349.2414900,0
1772021100000,27.13000,27.15300,27.05900,27.08700,21624.34,1772021399999,586133.4489700,3895,9363.36,253784.7241700,0
1772021400000,27.08600,27.14600,27.01800,27.06800,20873.26,1772021699999,565173.3197900,3595,8646.31,234115.8427000,0
1772021700000,27.06900,27.21000,27.06000,27.17400,23584.57,1772021999999,639633.5726100,4303,16392.90,444610.3334100,0
1772022000000,27.18100,27.44900,27.18100,27.32800,120739.31,1772022299999,3300333.4921300,12367,86343.18,2360012.7911700,0
1772022300000,27.32700,27.34400,27.24100,27.25500,32168.28,1772022599999,878423.9499300,4342,8774.36,239633.9962500,0
1772022600000,27.25500,27.33300,27.17200,27.32900,40499.15,1772022899999,1103000.1917900,6326,19963.19,543980.7661200,0
1772022900000,27.32800,27.41600,27.30000,27.39800,50340.90,1772023199999,1377667.8205400,6253,33846.20,926323.0152700,0
1772023200000,27.39800,27.39900,27.30800,27.35800,20116.91,1772023499999,550311.6369500,3569,6380.88,174574.6685400,0
1772023500000,27.35800,27.49400,27.35000,27.47300,62953.80,1772023799999,1727568.9057700,6266,22429.35,615433.0363600,0
1772023800000,27.47300,27.53800,27.44300,27.51200,29424.27,1772024099999,809038.0118600,5481,17568.00,483041.3549700,0
1772024100000,27.51100,27.64600,27.41900,27.58900,78872.14,1772024399999,2172580.4043300,8575,46335.46,1277111.8801500,0
1772024400000,27.58800,27.67700,27.49800,27.59200,85069.75,1772024699999,2346603.8839800,9311,27988.96,772613.0209000,0
1772024700000,27.59200,27.61600,27.46400,27.48900,48628.88,1772024999999,1340370.6340800,6736,18854.42,519953.0121200,0
1772025000000,27.49000,27.64800,27.44500,27.61800,41410.51,1772025299999,1140271.9062400,5932,27257.90,750751.4165600,0
1772025300000,27.61700,27.61700,27.42100,27.46100,79314.89,1772025599999,2181627.2577900,8048,26785.73,736459.5543000,0
1772025600000,27.46200,27.50100,27.32300,27.46100,56262.01,1772025899999,1540718.7172100,7536,18948.50,519222.0187500,0
1772025900000,27.46300,27.52500,27.44000,27.47500,41278.68,1772026199999,1134341.4802200,5092,18165.69,499437.2406000,0
1772026200000,27.47600,27.55000,27.46800,27.52200,16333.17,1772026499999,449336.7824500,3498,10211.96,280978.1490100,0
1772026500000,27.52300,27.57100,27.51000,27.55400,13510.30,1772026799999,372162.5143000,2943,8741.68,240803.7740400,0
1772026800000,27.55400,27.61400,27.53500,27.58200,26348.84,1772027099999,726749.9102200,3780,14259.56,393322.3199900,0
1772027100000,27.58100,27.73200,27.54700,27.69500,82007.30,1772027399999,2268082.4420000,7872,40949.36,1132635.0831400,0
1772027400000,27.69500,27.70700,27.56000,27.62700,33709.94,1772027699999,931348.2392700,6236,15770.04,435706.0394800,0
1772027700000,27.62800,27.67200,27.60800,27.65900,26176.78,1772027999999,723508.1864300,4167,11990.06,331457.6185200,0
1772028000000,27.66000,27.79900,27.64500,27.77800,57119.35,1772028299999,1583453.0342600,6286,38967.73,1080264.8859600,0
1772028300000,27.77700,27.83700,27.73700,27.83700,75545.12,1772028599999,2099786.4347700,5952,55671.52,1547513.6204500,0
1772028600000,27.83600,27.89100,27.70100,27.82500,79216.06,1772028899999,2203262.6617800,8640,32176.91,895280.6597500,0
1772028900000,27.82400,27.90000,27.80000,27.81800,46524.11,1772029199999,1296246.2956300,7044,20759.00,578419.6489300,0
1772029200000,27.81700,27.88900,27.77800,27.86900,35799.34,1772029499999,996447.7406300,5449,15370.14,428011.7447600,0
1772029500000,27.86800,28.02200,27.85400,27.98400,213684.05,1772029799999,5978280.2380000,9722,166395.74,4655801.3217300,0
1772029800000,27.98400,28.20000,27.94500,28.17900,170895.95,1772030099999,4801481.7120600,19372,85396.73,2399233.8189800,0
1772030100000,28.18000,28.27100,27.92300,28.06200,130296.63,1772030399999,3661367.8600000,16453,68865.33,1937071.9447400,0
1772030400000,28.06200,28.21300,27.99400,28.08600,69178.58,1772030699999,1944849.9565800,10803,31245.29,878389.3267600,0
1772030700000,28.08500,28.37800,28.07100,28.35200,94290.22,1772030999999,2662714.0093200,13342,57991.96,1637444.5923600,0
1772031000000,28.35200,28.51500,28.25000,28.31800,211844.43,1772031299999,6011137.2660000,20013,108146.93,3070800.5180200,0
1772031300000,28.31700,28.35500,28.19600,28.28000,133422.67,1772031599999,3771524.8109500,12814,57454.34,1624399.5484500,0
1772031600000,28.28000,28.29900,28.15100,28.16300,79874.22,1772031899999,2253759.3120500,13339,30648.13,864842.4993900,0
1772031900000,28.16400,28.18100,28.00500,28.09400,73555.22,1772032199999,2067984.6948800,10494,26327.69,740123.8434600,0
1772032200000,28.09400,28.14900,28.04200,28.05700,37661.16,1772032499999,1058250.0367700,6891,15524.45,436210.2377700,0
1772032500000,28.05600,28.14600,27.93100,27.95800,50538.28,1772032799999,1417079.6151800,8887,16061.47,450832.2927400,0
1772032800000,27.95800,28.00000,27.85600,27.98600,61855.42,1772033099999,1727816.8193200,9550,22269.13,622359.7043500,0
1772033100000,27.98600,28.19700,27.97600,28.11200,57721.94,1772033399999,1623146.9974600,8518,32434.20,912007.1633700,0
1772033400000,28.11200,28.11600,27.89600,27.92300,71297.23,1772033699999,1997035.4419200,11450,22840.76,639985.1016200,0
1772033700000,27.92100,28.04700,27.82700,27.83900,105670.47,1772033999999,2949942.2276200,15066,36200.05,1011376.3550300,0
1772034000000,27.83500,28.06200,27.80000,28.03400,73482.83,1772034299999,2050312.2436600,8121,32346.87,903507.6560900,0
1772034300000,28.03300,28.16200,27.91800,28.12500,74096.61,1772034599999,2078689.6515600,10828,36993.17,1037856.4764300,0
1772034600000,28.12600,28.15400,28.03600,28.07200,38006.56,1772034899999,1067599.1883700,6389,15236.12,428040.5236200,0
1772034900000,28.07200,28.09000,27.86000,27.97200,47461.92,1772035199999,1326540.8489500,7246,20413.74,570372.3428100,0
1772035200000,27.97100,28.05000,27.93900,28.01700,44711.92,1772035499999,1251982.9385200,7273,25773.72,721766.1479500,0
1772035500000,28.01600,28.11700,27.95000,27.96700,52228.42,1772035799999,1465701.2757100,7157,19615.59,550440.9218900,0
1772035800000,27.96700,28.03900,27.96400,27.97900,71020.91,1772036099999,1989195.1836600,6844,48427.86,1356449.1419800,0
1772036100000,27.98000,28.02300,27.89800,28.00800,80482.44,1772036399999,2251517.7513600,7566,48672.86,1362036.6399800,0
1772036400000,28.00700,28.23200,27.96000,28.23200,92418.24,1772036699999,2595778.9710700,8368,65385.54,1835787.1171100,0
1772036700000,28.23200,28.26300,28.15700,28.16000,65265.16,1772036999999,1841590.4265100,7690,24523.88,692006.9995300,0
1772037000000,28.16300,28.29900,28.15800,28.29500,34697.77,1772037299999,980230.9555900,6265,16103.46,454934.9903100,0
1772037300000,28.29500,28.43500,28.20000,28.29400,86513.02,1772037599999,2452000.5594900,10717,33580.18,952372.9434100,0
1772037600000,28.29300,28.43000,28.22700,28.37100,52174.18,1772037899999,1478487.2261800,7241,23968.28,679340.5726600,0
1772037900000,28.37000,28.46600,28.28600,28.44200,45157.07,1772038199999,1280875.1721900,7486,28048.22,795727.1469100,0
1772038200000,28.44700,28.60000,28.42300,28.55500,122113.97,1772038499999,3482851.1275600,13053,86940.04,2480331.0611700,0
1772038500000,28.55800,28.68500,28.49200,28.53500,106499.13,1772038799999,3045577.1218100,13666,53355.55,1526106.9353900,0
1772038800000,28.53500,28.54700,28.32200,28.35000,99423.10,1772039099999,2827824.7388500,11796,38604.31,1098150.3811500,0
1772039100000,28.35000,28.47200,28.27600,28.39300,49243.88,1772039399999,1396419.1041200,8328,21205.49,601460.6927900,0
1772039400000,28.39500,28.60200,28.37800,28.51700,76251.97,1772039699999,2174124.9216800,10467,37025.01,1055941.6594800,0
1772039700000,28.51600,28.65000,28.44600,28.64500,47465.18,1772039999999,1354615.6024200,8088,21347.73,609250.4387100,0
1772040000000,28.64600,28.74000,28.64600,28.73500,66842.50,1772040299999,1918804.1310000,7390,34763.97,997976.5378000,0
1772040300000,28.73400,28.76600,28.53100,28.56500,67920.20,1772040599999,1945261.9721400,8784,32643.97,935520.3786400,0
1772040600000,28.56500,28.61900,28.44800,28.47000,47979.54,1772040899999,1369008.3365900,7580,17601.30,502305.4543500,0
1772040900000,28.47000,28.52300,28.42900,28.47100,28715.63,1772041199999,817451.0558200,5630,14744.28,419797.3486600,0
1772041200000,28.47000,28.58500,28.47000,28.54800,30454.54,1772041499999,869213.6034800,4762,10821.17,308809.3022100,0
1772041500000,28.54700,28.65600,28.50100,28.61000,45344.80,1772041799999,1295542.0677400,6333,23148.82,661227.2517500,0
1772041800000,28.61000,28.76200,28.61000,28.66900,36743.32,1772042099999,1054441.0768500,5787,18755.76,538174.1980000,0
1772042100000,28.66900,28.77700,28.64400,28.66600,52792.27,1772042399999,1516968.7950000,6951,20995.24,603159.1001200,0
1772042400000,28.66600,28.73400,28.61300,28.63300,36208.53,1772042699999,1037872.9571300,7395,19246.04,551793.2635000,0
1772042700000,28.63300,28.72700,28.62300,28.71700,25458.59,1772042999999,730016.1696200,4971,14379.26,412365.7113100,0
1772043000000,28.71500,28.89100,28.70700,28.82400,50894.06,1772043299999,1465766.7692000,7713,31807.73,916270.4627100,0
1772043300000,28.82200,28.82700,28.67700,28.71700,19763.34,1772043599999,568442.5625000,4773,6587.11,189419.6980700,0
1772043600000,28.71700,28.82000,28.70900,28.76300,13169.24,1772043899999,378840.2932700,3769,6649.02,191293.5617800,0
1772043900000,28.76300,28.95200,28.76200,28.82200,57390.06,1772044199999,1656944.3018100,7488,26665.88,770011.2430700,0
1772044200000,28.82400,28.83200,28.68700,28.79400,38795.73,1772044499999,1114895.1151700,6141,14043.33,403663.9129600,0
1772044500000,28.79400,28.98700,28.79400,28.97800,56035.38,1772044799999,1620963.0182300,7413,34896.49,1009077.5822900,0
1772044800000,28.97600,29.05700,28.91100,28.95500,64974.41,1772045099999,1883378.5205500,9470,33779.22,979222.8990100,0
1772045100000,28.95400,28.95400,28.80600,28.83600,39797.16,1772045399999,1148315.9724600,6681,15861.34,457606.6911900,0
1772045400000,28.83500,28.89600,28.80200,28.82200,23460.16,1772045699999,676573.5504500,4043,8857.90,255501.5248800,0
1772045700000,28.82300,28.84100,28.74200,28.77800,17279.40,1772045999999,497385.5562500,3725,7615.72,219238.2546200,0
1772046000000,28.77900,28.85600,28.66100,28.68400,56573.54,1772046299999,1625490.6070100,6897,17087.74,491372.9980700,0
1772046300000,28.68500,28.77700,28.63300,28.71400,41928.59,1772046599999,1202995.8200200,6078,18744.37,537931.4297900,0
1772046600000,28.71300,28.73500,28.62100,28.70900,29642.46,1772046899999,849971.4786000,4318,13037.94,373980.2055100,0
1772046900000,28.70800,28.72300,28.63400,28.65300,23240.07,1772047199999,666624.7804100,4361,12596.46,361385.2491100,0
1772047200000,28.65200,28.77400,28.64400,28.73400,24815.25,1772047499999,712229.6779300,3983,11698.62,335666.9407300,0
1772047500000,28.73300,28.73500,28.64200,28.66100,22671.61,1772047799999,650359.3401300,3416,7570.71,217106.3916400,0
1772047800000,28.66100,28.70400,28.62200,28.69200,18073.90,1772048099999,518212.3089300,3377,9281.91,266131.5850400,0
1772048100000,28.69200,28.75700,28.67300,28.68400,14966.54,1772048399999,429755.2609400,3187,6427.80,184588.5252000,0
1772048400000,28.68400,28.73800,28.64500,28.70300,11409.24,1772048699999,327360.6970700,2671,4834.10,138731.5474100,0
1772048700000,28.70300,28.81300,28.69200,28.80800,19003.05,1772048999999,546413.8580000,3629,11560.37,332441.5799500,0
1772049000000,28.80800,28.80800,28.70600,28.74500,9020.18,1772049299999,259348.5078000,2447,2813.75,80884.6961000,0
1772049300000,28.74500,28.82200,28.72500,28.77500,6239.11,1772049599999,179535.8009900,2187,2939.08,84579.8339600,0
1772049600000,28.77500,28.79600,28.67500,28.68000,13027.23,1772049899999,374372.1269600,3340,4583.44,131739.6966200,0
1772049900000,28.68100,28.70000,28.57200,28.59200,42056.36,1772050199999,1204489.2809200,5987,19542.84,559922.6176000,0
1772050200000,28.59300,28.63800,28.52200,28.55700,75532.63,1772050499999,2157742.9739800,9198,33023.82,943315.6280200,0
1772050500000,28.55700,28.68600,28.55700,28.65500,17523.04,1772050799999,502010.3097600,3885,8304.33,237950.6994100,0
1772050800000,28.65600,28.69400,28.60000,28.64800,14553.95,1772051099999,416881.2353600,3711,6493.85,185948.6713100,0
1772051100000,28.64700,28.65900,28.52600,28.52900,12608.74,1772051399999,360380.3185300,3146,3099.32,88552.3608300,0
1772051400000,28.52900,28.74900,28.52800,28.72000,25408.70,1772051699999,728276.0291400,5034,13201.20,378390.0299700,0
1772051700000,28.72100,28.74400,28.59300,28.63000,21133.63,1772051999999,606113.6254900,4032,5225.18,149813.0880600,0
1772052000000,28.63000,28.65500,28.57300,28.61100,13864.35,1772052299999,396619.5153900,3801,5517.63,157847.0313900,0
1772052300000,28.61100,28.71400,28.57500,28.63800,10692.17,1772052599999,306177.6315400,3817,4129.85,118272.6843900,0
1772052600000,28.63900,28.74200,28.58300,28.72400,31975.74,1772052899999,916751.1777000,5873,20916.84,599952.2799500,0
1772052900000,28.72200,28.83800,28.67300,28.78800,49772.24,1772053199999,1432826.7793500,7017,26845.30,772764.6624200,0
1772053200000,28.78600,28.78600,28.72100,28.74500,11860.58,1772053499999,340962.4165200,3458,5494.75,157953.5323300,0
1772053500000,28.74500,28.82700,28.74400,28.77900,19041.35,1772053799999,548122.2226600,3905,13425.37,386480.6804500,0
1772053800000,28.78000,28.78500,28.50700,28.53700,78367.23,1772054099999,2242584.0946200,7890,27103.86,774959.5407100,0
1772054100000,28.53700,28.53900,28.34700,28.48000,75945.76,1772054399999,2158135.9169300,9320,24824.60,705285.8941400,0
1772054400000,28.48000,28.48000,28.34300,28.37800,84193.24,1772054699999,2389887.8285900,6109,49875.67,1415561.4525900,0
1772054700000,28.37700,28.42000,28.33300,28.34300,22176.37,1772054999999,629326.9346600,4141,5252.62,149097.8670800,0
1772055000000,28.34300,28.65300,28.32400,28.65100,59558.44,1772055299999,1697546.9289800,10080,40368.73,1150822.9490000,0
1772055300000,28.65100,28.99400,28.61300,28.89700,179736.72,1772055599999,5184729.3927300,23334,115547.54,3333434.8522500,0
1772055600000,28.89300,28.95000,28.79500,28.80500,121020.98,1772055899999,3494102.4948100,11090,39316.72,1135170.8126300,0
1772055900000,28.80500,28.85400,28.69800,28.81700,49124.37,1772056199999,1412512.4923800,8510,19024.38,547133.1803300,0
1772056200000,28.81700,28.93400,28.79900,28.81500,18310.65,1772056499999,528669.5284300,5251,10125.73,292428.9244900,0
1772056500000,28.81400,28.82900,28.68100,28.69800,23909.85,1772056799999,686855.9978900,4771,10328.68,296632.4902000,0
1772056800000,28.69800,28.77100,28.60100,28.74600,57973.59,1772057099999,1662514.7799900,9339,37552.51,1077094.4979900,0
1772057100000,28.74600,28.78000,28.72600,28.76000,29353.29,1772057399999,843809.0085800,5706,17251.17,495911.4760700,0
1772057400000,28.76200,28.82600,28.73900,28.82500,18382.46,1772057699999,529055.6912800,3503,9213.69,265183.8950400,0
1772057700000,28.82400,28.88600,28.79800,28.83700,22831.04,1772057999999,658546.4379600,3962,10860.21,313240.6984000,0
1772058000000,28.83600,28.87900,28.76200,28.77900,24703.49,1772058299999,712437.6597000,3771,6268.27,180716.8892300,0
1772058300000,28.77800,28.78700,28.67000,28.69500,16890.80,1772058599999,485431.4712500,3374,5646.01,162254.0785100,0
1772058600000,28.69500,28.75800,28.58000,28.58000,40778.30,1772058899999,1168221.4947100,4692,13622.56,390276.9212400,0
1772058900000,28.58100,28.62200,28.49300,28.49700,30963.82,1772059199999,884173.0823100,3979,9748.11,278383.8001900,0
1772059200000,28.49600,28.49600,28.38000,28.39800,34465.09,1772059499999,979337.2635400,3396,10739.74,305150.9328000,0
1772059500000,28.39800,28.46100,28.39800,28.43600,10272.72,1772059799999,292030.3878500,1383,6538.77,185848.5165900,0
1772059800000,28.43500,28.43500,28.20600,28.25500,56105.51,1772060099999,1586723.1156100,5200,14915.72,421718.3269100,0
1772060100000,28.25500,28.39800,28.25500,28.38300,18342.40,1772060399999,519897.8140200,2711,8269.21,234329.0723300,0
1772060400000,28.38200,28.39100,28.22600,28.32000,33457.17,1772060699999,946368.6415700,4479,11202.18,316870.1229000,0
1772060700000,28.32100,28.43400,28.29900,28.39300,25374.30,1772060999999,720480.1102300,4411,13366.56,379534.5582700,0
1772061000000,28.39300,28.41600,28.28300,28.30300,19177.12,1772061299999,543352.7788600,4364,8054.31,228207.7985600,0
1772061300000,28.30200,28.30900,28.12700,28.14900,41921.85,1772061599999,1181454.3844100,6072,11446.35,322646.5691100,0
1772061600000,28.14800,28.20800,28.14500,28.18400,23509.98,1772061899999,662615.8443700,4028,10857.77,305999.6200700,0
1772061900000,28.18400,28.23100,28.13400,28.17900,25966.01,1772062199999,731738.1403800,4285,14669.76,413472.8171400,0
1772062200000,28.17700,28.20100,27.93200,27.96700,69757.64,1772062499999,1956597.7409800,8391,22993.64,645191.4450300,0
1772062500000,27.96800,28.00400,27.75400,27.80200,110549.23,1772062799999,3082823.5451100,11114,45464.92,1268448.7435900,0
1772062800000,27.80100,27.80700,27.61100,27.64200,104873.03,1772063099999,2903958.6649200,10140,50013.38,1384771.8848200,0
1772063100000,27.64100,27.80300,27.60000,27.60300,165076.82,1772063399999,4574930.1628100,12992,81955.93,2271193.7487600,0
1772063400000,27.60400,27.85500,27.59300,27.83200,46567.31,1772063699999,1291329.6469800,7357,26046.53,722567.1407700,0
1772063700000,27.83100,27.90400,27.80700,27.88400,35521.18,1772063999999,989718.0676600,5182,17505.84,487834.3218900,0
1772064000000,27.88300,27.88300,27.76500,27.78400,34018.68,1772064299999,946527.4443600,6622,13259.18,368976.1074200,0
1772064300000,27.78400,27.95000,27.77700,27.92300,73502.80,1772064599999,2048931.6088700,8593,29720.86,827885.3311100,0
1772064600000,27.92200,27.92200,27.76500,27.82000,28499.30,1772064899999,792827.2266700,5368,18191.83,506169.4960100,0
1772064900000,27.82000,27.99400,27.80900,27.93800,28510.77,1772065199999,795498.4360500,5348,20642.73,575924.9870200,0
1772065200000,27.93200,28.15700,27.93200,28.07200,65147.67,1772065499999,1828506.5595000,8302,44126.81,1238402.8991500,0
1772065500000,28.07200,28.20300,28.03800,28.13100,54254.86,1772065799999,1527384.5981400,7443,29435.69,828509.3119500,0
1772065800000,28.13100,28.28400,28.12300,28.27000,34105.98,1772066099999,962666.6648400,6053,16465.40,464585.1550800,0
1772066100000,28.27000,28.34500,28.20100,28.28800,50543.45,1772066399999,1429438.7308300,7136,29032.46,821166.5959800,0
1772066400000,28.28700,28.43100,28.28400,28.39100,57566.12,1772066699999,1632039.5706900,8862,30345.91,860281.7610800,0
1772066700000,28.39100,28.51600,28.36300,28.46100,55489.99,1772066999999,1579340.9986200,6996,28979.27,824908.3536900,0
1772067000000,28.46100,28.46700,28.30900,28.39800,48307.97,1772067299999,1371742.5016900,6684,21122.31,599775.0713100,0
1772067300000,28.39800,28.42400,28.29600,28.30100,36385.42,1772067599999,1031913.0881400,5361,13762.64,390438.3089300,0
1772067600000,28.30200,28.33300,28.19100,28.32900,50509.56,1772067899999,1427995.5068000,6778,26606.79,752410.9377900,0
1772067900000,28.33200,28.50000,28.29800,28.48300,37049.33,1772068199999,1052711.3693800,5737,23258.86,660931.7626800,0
1772068200000,28.48400,28.64000,28.48400,28.55300,58892.64,1772068499999,1682659.5611600,7308,35507.36,1014501.3510300,0
1772068500000,28.55200,28.59100,28.42100,28.48600,62002.69,1772068799999,1767361.2050900,7257,22096.01,629614.0140200,0
1772068800000,28.48500,28.52500,28.37400,28.47700,27929.32,1772069099999,795058.9486900,5229,14247.57,405701.6039100,0
1772069100000,28.47800,28.51400,28.33800,28.37800,27512.82,1772069399999,782050.6222200,4195,10843.86,308417.6262400,0
1772069400000,28.37700,28.43400,28.32100,28.33900,26532.15,1772069699999,752801.8541100,5100,11569.08,328267.4384700,0
1772069700000,28.34000,28.42500,28.20200,28.23400,37489.65,1772069999999,1060836.6081200,6074,16190.82,458073.0226400,0
1772070000000,28.23400,28.38200,28.20300,28.26700,41761.87,1772070299999,1181464.5741700,6541,27622.59,781573.4483100,0
1772070300000,28.26800,28.28400,28.13600,28.19300,51143.61,1772070599999,1442399.6605100,7814,12412.28,350205.5449400,0
1772070600000,28.19300,28.25000,28.09000,28.11900,28996.94,1772070899999,816690.2980300,5436,13306.46,375046.3099000,0
1772070900000,28.11900,28.24800,28.10200,28.11700,14505.36,1772071199999,408744.9699200,3434,7778.97,219270.2510700,0
1772071200000,28.11800,28.12300,27.92000,27.96000,65852.64,1772071499999,1844171.2699100,7532,17971.54,503516.3997600,0
1772071500000,27.96000,27.97100,27.77300,27.86800,69294.28,1772071799999,1929614.8358300,7840,28373.51,790171.8725000,0
1772071800000,27.86900,27.88400,27.72900,27.79700,41724.12,1772072099999,1160283.6868300,6011,19052.41,529978.6931100,0
1772072100000,27.79600,27.93800,27.79600,27.87700,34855.06,1772072399999,971419.0286900,5180,18785.79,523638.1857200,0
1772072400000,27.87800,27.87800,27.78200,27.79100,19302.40,1772072699999,537150.4500700,3659,7812.03,217400.1786400,0
1772072700000,27.79100,27.82000,27.71900,27.77900,33874.78,1772072999999,940790.2598900,4752,17816.07,494883.8985700,0
1772073000000,27.77800,27.95700,27.77100,27.90200,38761.76,1772073299999,1081133.1195500,5697,25674.02,716179.4358400,0
1772073300000,27.90100,28.00000,27.89200,27.93800,24733.20,1772073599999,691347.5584700,4475,14055.08,392885.3847400,0
1772073600000,27.93800,28.00500,27.89900,27.99000,22458.33,1772073899999,627739.0894300,3874,12840.99,358896.6700800,0
1772073900000,27.99100,28.00800,27.96900,27.99400,11745.38,1772074199999,328716.3364500,2695,5854.53,163855.5005300,0
1772074200000,27.99300,28.02400,27.93900,28.02300,15095.08,1772074499999,422339.6948800,2969,5423.99,151803.2148600,0
1772074500000,28.02300,28.10900,28.00300,28.00900,23387.01,1772074799999,656028.3946600,3634,15346.57,430500.5029300,0
1772074800000,28.01000,28.02400,27.93600,28.01300,24978.41,1772075099999,698825.7279100,4388,11437.15,320002.6501200,0
1772075100000,28.01400,28.01400,27.88200,27.88800,26172.33,1772075399999,730635.5045100,4304,8814.49,246095.2582000,0
1772075400000,27.88900,27.96200,27.88800,27.95100,17117.92,1772075699999,478252.0324200,2295,6643.78,185575.1342200,0
1772075700000,27.95000,27.95100,27.88000,27.90600,13002.20,1772075999999,362976.0716000,2180,5099.47,142325.2802800,0
1772076000000,27.90600,27.96000,27.87800,27.94100,5548.60,1772076299999,154883.7120100,1734,3003.03,83836.5965100,0
1772076300000,27.94200,27.96900,27.92600,27.92600,6562.93,1772076599999,183399.1354300,1418,3481.64,97286.5928100,0
1772076600000,27.92600,28.07000,27.90100,28.06800,13263.07,1772076899999,371385.3295700,3009,8701.23,243695.4796700,0
1772076900000,28.06800,28.07100,27.99200,27.99300,9666.46,1772077199999,270920.7536200,2092,5175.77,145070.8915900,0
1772077200000,27.99200,28.09800,27.98300,28.08200,9828.91,1772077499999,275665.3441900,2054,6665.73,186978.5674800,0
1772077500000,28.08200,28.08600,28.01600,28.03400,10630.57,1772077799999,298117.4561000,1755,2964.58,83145.3878400,0
1772077800000,28.03300,28.05900,28.01300,28.04700,10156.89,1772078099999,284757.7444400,2358,5777.90,161970.6366100,0
1772078100000,28.04800,28.05200,28.02000,28.02900,11182.78,1772078399999,313586.8814300,1473,8834.62,247744.2870300,0
1772078400000,28.03000,28.14800,28.00400,28.14500,33717.65,1772078699999,946749.5902600,4428,22582.88,634025.3058300,0
1772078700000,28.14300,28.20000,28.12900,28.19900,20788.92,1772078999999,585348.6642800,3336,11046.91,311083.2415400,0
1772079000000,28.19900,28.27200,28.14300,28.20600,34151.94,1772079299999,963170.2075000,4944,15843.59,446782.2769100,0
1772079300000,28.20700,28.27800,28.07100,28.07300,44806.25,1772079599999,1263228.1744100,5438,21349.77,601918.0224500,0
1772079600000,28.07300,28.12000,28.00100,28.12000,27015.99,1772079899999,757908.1213100,4085,14781.64,414802.9519100,0
1772079900000,28.12000,28.16700,28.06800,28.06900,15204.12,1772080199999,427535.7275000,2469,8790.05,247223.7136400,0
1772080200000,28.06900,28.27400,28.06400,28.15200,35169.32,1772080499999,990989.2011000,5421,19313.55,544161.9788000,0
1772080500000,28.15200,28.25000,28.13700,28.21900,23942.79,1772080799999,675347.3179300,3764,18955.40,534691.9486500,0
1772080800000,28.21800,28.37000,28.19700,28.25100,56109.59,1772081099999,1587888.3129700,6449,41566.12,1176385.5502100,0
1772081100000,28.25200,28.32200,28.23500,28.29900,25164.22,1772081399999,711684.3232000,4081,15448.66,436908.3724600,0
1772081400000,28.29900,28.29900,28.23700,28.28000,6059.43,1772081699999,171308.2614800,1925,3811.96,107773.1804500,0
1772081700000,28.27800,28.27800,28.21200,28.21900,6074.00,1772081999999,171579.4105200,1726,2659.62,75109.3363300,0
1772082000000,28.21900,28.22300,28.15700,28.20200,15764.74,1772082299999,444277.2062900,3437,6038.15,170168.6319500,0
1772082300000,28.20100,28.20100,28.12300,28.15500,17987.92,1772082599999,506340.6993600,3531,5734.68,161437.8859500,0
1772082600000,28.15500,28.19000,28.04000,28.08100,26151.30,1772082899999,735356.6218700,4776,12753.46,358697.9747400,0
1772082900000,28.08100,28.11500,27.99700,28.09200,19457.41,1772083199999,545660.4498000,3784,10081.56,282759.3699600,0
1772083200000,28.09100,28.18900,28.08200,28.15500,18337.28,1772083499999,516066.8796400,3447,8304.53,233710.4053300,0
1772083500000,28.15500,28.26600,28.13400,28.22300,21182.55,1772083799999,597879.6931100,3357,17113.31,483052.0071300,0
1772083800000,28.22400,28.31100,28.16100,28.24900,12624.98,1772084099999,356638.8642500,3226,7490.15,211657.6201400,0
1772084100000,28.24800,28.24800,28.14600,28.17900,12378.98,1772084399999,348943.1240600,2941,4794.05,135132.8013400,0
1772084400000,28.17900,28.24700,28.17200,28.22500,7315.14,1772084699999,206419.0448800,1954,4159.43,117369.7930800,0
1772084700000,28.22500,28.26000,28.20200,28.23600,8183.58,1772084999999,231071.3529100,1697,3334.12,94136.7844200,0
1772085000000,28.23700,28.24300,28.17900,28.19600,10743.24,1772085299999,302986.0064700,2052,4677.73,131906.3421200,0
1772085300000,28.19500,28.23300,28.18300,28.20400,8683.20,1772085599999,244917.6391500,2205,5531.64,156022.3012500,0
1772085600000,28.20400,28.20400,28.12400,28.15700,8041.72,1772085899999,226457.1056300,2672,3268.48,92023.2880300,0
1772085900000,28.15700,28.24700,28.15700,28.18800,13376.06,1772086199999,377271.7310800,2652,6916.22,195044.4578600,0
1772086200000,28.18800,28.26500,28.18800,28.26400,10713.33,1772086499999,302479.1664500,2302,6079.40,171627.1805700,0
1772086500000,28.26400,28.41400,28.25300,28.37900,32867.39,1772086799999,931924.0099800,5249,19658.44,557354.4069800,0
1772086800000,28.37900,28.43600,28.36600,28.40200,18304.87,1772087099999,519876.5734700,2797,7598.53,215861.2431600,0
1772087100000,28.40300,28.40800,28.27600,28.27600,14649.52,1772087399999,415142.6386800,2188,2812.07,79704.4813500,0
1772087400000,28.27500,28.27500,28.18700,28.23100,14678.37,1772087699999,414387.1028000,3063,7008.14,197832.0864600,0
1772087700000,28.23000,28.23000,28.14900,28.20600,14840.02,1772087999999,418256.8957800,2681,9318.28,262656.6688200,0
1772088000000,28.20600,28.23000,28.15900,28.16300,6048.37,1772088299999,170586.7096800,1601,2281.84,64360.1117300,0
1772088300000,28.16300,28.19200,28.11200,28.15200,15138.22,1772088599999,426060.8844200,3256,6692.78,188372.1280400,0
1772088600000,28.15000,28.18000,28.11900,28.11900,7314.86,1772088899999,205875.5564400,2371,4212.05,118543.9877300,0
1772088900000,28.11900,28.19900,28.11900,28.18100,6388.74,1772089199999,179925.0808600,1875,3957.34,111429.3408100,0
1772089200000,28.18100,28.40000,28.16300,28.40000,38459.46,1772089499999,1088503.3610900,5527,24525.79,693812.2861600,0
1772089500000,28.39900,28.46900,28.34200,28.46600,26390.15,1772089799999,749678.7379400,4789,12533.62,356139.9468700,0
1772089800000,28.46600,28.57400,28.43700,28.48100,43583.15,1772090099999,1242726.0677100,6386,26412.40,753340.3885700,0
1772090100000,28.48100,28.54100,28.37200,28.39200,23343.62,1772090399999,663995.4429100,4012,8359.27,237717.1941400,0
1772090400000,28.39100,28.44900,28.36600,28.40400,10073.92,1772090699999,286165.0948900,2471,5141.63,146043.2856600,0
1772090700000,28.40300,28.49800,28.38600,28.44500,12976.27,1772090999999,369183.6581100,2819,7613.70,216618.9398600,0
1772091000000,28.44500,28.45500,28.31300,28.32800,12471.20,1772091299999,353939.7373200,2660,3954.72,112260.6165400,0
1772091300000,28.32600,28.34800,28.22400,28.26800,31115.96,1772091599999,879647.8793600,3821,10482.35,296402.4472600,0
1772091600000,28.26800,28.29700,28.21400,28.21900,19876.59,1772091899999,561572.8477600,3088,8949.48,252889.2444500,0
1772091900000,28.21900,28.28600,28.20400,28.26400,14655.51,1772092199999,414023.4518500,2500,8854.14,250158.3119900,0
1772092200000,28.26200,28.26200,28.14800,28.24500,26486.92,1772092499999,747150.9629900,4954,15743.05,444203.1010600,0
1772092500000,28.24300,28.26900,28.20200,28.23700,14929.69,1772092799999,421592.6949000,3221,6688.61,188877.0102500,0
1772092800000,28.23700,28.36000,28.19000,28.21300,50477.77,1772093099999,1427275.2216400,5806,36988.97,1046235.5538200,0
1772093100000,28.21300,28.21300,28.08900,28.09500,28148.68,1772093399999,792171.7809100,4415,7451.57,209796.9906000,0
1772093400000,28.09500,28.21500,28.07700,28.16900,31846.19,1772093699999,896531.5562100,4224,19895.42,560262.5994300,0
1772093700000,28.17000,28.19200,28.12800,28.19200,18216.81,1772093999999,513014.5304600,2647,11228.15,316201.2769300,0
1772094000000,28.19200,28.25500,28.17600,28.21100,22024.42,1772094299999,621498.6534000,4410,9893.56,279202.5032900,0
1772094300000,28.21000,28.23200,28.16300,28.21300,12379.22,1772094599999,349055.2365200,2282,4168.97,117566.8791500,0
1772094600000,28.21200,28.23600,28.13100,28.15500,31394.05,1772094899999,884896.2918200,4470,11745.70,331079.1818700,0
1772094900000,28.15500,28.26500,28.12700,28.24600,19948.49,1772095199999,562853.9691800,3462,13607.61,384014.9366400,0
1772095200000,28.24700,28.25800,28.13200,28.16500,13225.31,1772095499999,372801.1161200,2633,6448.26,181752.0546300,0
1772095500000,28.16500,28.22000,28.09600,28.19000,21887.94,1772095799999,616154.1235100,3551,11123.36,313260.2610400,0
1772095800000,28.19200,28.22300,28.16200,28.20700,17920.54,1772096099999,505285.3511100,3018,8621.36,243139.1443200,0
1772096100000,28.20700,28.26000,28.19000,28.25800,18405.64,1772096399999,519379.5121200,2707,8413.93,237458.5267800,0
1772096400000,28.25800,28.30800,28.17500,28.21900,21719.30,1772096699999,613200.1676200,3992,12339.44,348407.9182600,0
1772096700000,28.22100,28.45000,28.22100,28.43200,65757.80,1772096999999,1866548.7983600,7252,34803.86,987401.1905300,0
1772097000000,28.43300,28.68800,28.43300,28.62700,60587.01,1772097299999,1731119.8123800,7912,35518.94,1014730.2731500,0
1772097300000,28.62700,28.83900,28.59100,28.80500,84265.59,1772097599999,2421187.8140300,9513,52485.31,1508449.4858300,0
1772097600000,28.80500,28.87600,28.75700,28.81300,78557.61,1772097899999,2263596.5830600,7941,33042.18,952313.5922800,0
1772097900000,28.81300,28.89200,28.78900,28.86100,35167.90,1772098199999,1013562.1941700,4712,14399.51,415129.8343800,0
1772098200000,28.86000,28.96000,28.83600,28.94900,53777.95,1772098499999,1554859.3622900,6213,28181.94,814860.3989100,0
1772098500000,28.95000,29.13400,28.93500,29.06600,81098.93,1772098799999,2352615.5881900,9469,48522.50,1407975.6818100,0
1772098800000,29.06700,29.34800,29.04300,29.33300,136141.37,1772099099999,3976113.0448700,12583,85117.07,2485650.1791200,0
1772099100000,29.32400,29.38800,29.11400,29.14100,113127.81,1772099399999,3307656.8855500,13438,48876.94,1429326.3178000,0
1772099400000,29.14100,29.15800,29.05200,29.10400,71899.81,1772099699999,2092840.1982600,8142,25205.58,733786.2053800,0
1772099700000,29.10500,29.22700,29.08100,29.21700,49834.95,1772099999999,1453775.2885700,5964,27567.01,804439.6896300,0
1772100000000,29.21700,29.32500,29.09100,29.10300,96772.85,1772100299999,2824428.1074800,10039,33643.36,982555.1494500,0
1772100300000,29.10300,29.28000,29.05700,29.21400,68145.51,1772100599999,1989372.6514200,7965,42592.08,1243688.3424200,0
1772100600000,29.21400,29.29400,29.13900,29.15500,48568.79,1772100899999,1418916.4365300,6323,31217.24,912226.3598600,0
1772100900000,29.15600,29.19900,29.06400,29.19900,57321.35,1772101199999,1669879.2452400,6880,31977.06,931619.1169300,0
1772101200000,29.19800,29.29900,29.12300,29.28900,35242.05,1772101499999,1029838.6449700,5390,19267.21,563210.7850900,0
1772101500000,29.28900,29.31200,29.15500,29.20900,55217.68,1772101799999,1614642.1902800,6616,22577.83,660126.4666000,0
1772101800000,29.20900,29.21600,29.08000,29.13200,79850.89,1772102099999,2326949.5014100,8787,32680.01,952319.9630300,0
1772102100000,29.13300,29.16800,28.96700,28.99600,57965.19,1772102399999,1684604.7830600,6801,21446.78,623412.8772100,0
1772102400000,28.99600,29.05900,28.90400,29.05200,53795.93,1772102699999,1558690.7622300,7399,22368.17,648141.0617200,0
1772102700000,29.05100,29.07700,28.84600,28.85800,64815.11,1772102999999,1876723.5451000,7586,22514.07,651916.0221400,0
1772103000000,28.85700,28.93400,28.82400,28.90600,41260.84,1772103299999,1191101.8773500,6194,17425.79,503183.6802700,0
1772103300000,28.90600,28.93900,28.86500,28.92800,30537.47,1772103599999,882652.5841100,3790,10123.55,292685.5028900,0
1772103600000,28.92800,28.99700,28.83200,28.87100,46198.58,1772103899999,1335650.0842300,5755,23182.17,670311.3190300,0
1772103900000,28.87000,28.89300,28.73000,28.75100,29785.24,1772104199999,857943.6979900,4601,10298.45,296702.9481300,0
1772104200000,28.75200,28.85800,28.73000,28.77700,35339.06,1772104499999,1017463.7275500,5208,16168.16,465529.0924900,0
1772104500000,28.77700,28.80400,28.67300,28.68200,33037.10,1772104799999,949341.4307100,6177,12185.36,350130.2014400,0
1772104800000,28.68200,28.71500,28.41800,28.62100,144949.27,1772105099999,4140028.9496600,15597,70962.02,2027034.1128500,0
1772105100000,28.62100,28.62800,28.52300,28.58700,23586.51,1772105399999,674072.9581300,3576,12540.73,358388.9980500,0
1772105400000,28.58100,28.67000,28.57600,28.64900,27944.78,1772105699999,799894.1712800,4241,17377.30,497430.5249900,0
1772105700000,28.64800,28.67000,28.60400,28.64500,13825.93,1772105999999,395998.8507100,2939,6928.77,198454.6443800,0
1772106000000,28.64500,28.68300,28.48800,28.50100,27200.71,1772106299999,777230.4175500,4179,7361.65,210501.2915700,0
1772106300000,28.50100,28.51800,28.40600,28.48000,74613.50,1772106599999,2123451.7576800,5607,53288.69,1516555.4737700,0
1772106600000,28.47900,28.47900,28.34800,28.40800,66337.34,1772106899999,1882783.0862300,7544,24167.76,685947.7870100,0
1772106900000,28.40900,28.53300,28.40900,28.44100,40011.78,1772107199999,1138974.4819900,5820,23065.69,656619.7552900,0
1772107200000,28.44100,28.51900,28.43600,28.48600,34625.13,1772107499999,986306.5486200,5871,20013.21,570115.5925100,0
1772107500000,28.48600,28.48800,28.39000,28.42800,24712.30,1772107799999,702489.8182400,4488,9963.50,283242.0587400,0
1772107800000,28.42700,28.48600,28.35000,28.45400,32638.19,1772108099999,927407.0360700,4574,15712.61,446666.2043600,0
1772108100000,28.45400,28.51300,28.41900,28.45000,42145.86,1772108399999,1199593.1431200,5308,19267.10,548550.0505700,0
1772108400000,28.45000,28.48700,28.42700,28.46700,17407.96,1772108699999,495309.9989600,2981,9066.11,257961.4857400,0
1772108700000,28.46700,28.49000,28.42800,28.45600,22601.20,1772108999999,643206.2166000,3603,13605.97,387246.7957400,0
1772109000000,28.45600,28.53500,28.45600,28.52200,21961.72,1772109299999,626122.5469600,3237,11220.02,319793.8074800,0
1772109300000,28.52300,28.59000,28.47600,28.57700,26771.54,1772109599999,763825.9603900,2986,15784.24,450332.3568300,0
1772109600000,28.57700,28.60100,28.52500,28.52500,32177.66,1772109899999,919605.5255800,4118,19178.21,548190.7434000,0
1772109900000,28.52400,28.71600,28.46100,28.70800,41807.47,1772110199999,1195359.3323200,5472,23288.26,666065.7874700,0
1772110200000,28.70800,28.82700,28.70700,28.79000,50055.02,1772110499999,1440280.7751500,6358,26307.63,756994.1631800,0
1772110500000,28.79100,28.81500,28.69500,28.77200,31722.42,1772110799999,911920.7395900,4055,13360.26,383928.0812900,0
1772110800000,28.77200,28.84500,28.73900,28.84000,33988.53,1772111099999,978398.8622700,5380,13073.03,376479.1189400,0
1772111100000,28.84200,28.91500,28.83900,28.86400,35156.14,1772111399999,1015363.9376700,4119,15861.94,458078.0702200,0
1772111400000,28.86300,28.89400,28.72800,28.75000,26003.71,1772111699999,748550.3689800,4450,10959.92,315497.5521000,0
1772111700000,28.75100,28.83100,28.75100,28.78300,19669.26,1772111999999,566425.5512000,3105,8285.69,238622.2670600,0
1772112000000,28.78400,28.83700,28.75200,28.80500,18169.32,1772112299999,523286.4919500,3730,6932.15,199642.1715600,0
1772112300000,28.80600,28.91500,28.76900,28.89400,20608.78,1772112599999,595076.8761100,3490,11869.24,342736.5014400,0
1772112600000,28.89800,28.93500,28.88000,28.93500,20184.70,1772112899999,583417.8410700,3863,11406.75,329691.3912500,0
1772112900000,28.93400,28.93400,28.80000,28.84800,12819.13,1772113199999,370267.9034600,3087,4772.54,137886.8049800,0
1772113200000,28.84800,28.95700,28.84800,28.93000,13778.92,1772113499999,398498.0415000,3050,7951.26,229932.7795500,0
1772113500000,28.93000,29.05600,28.92600,28.94400,28922.79,1772113799999,838612.2584000,5053,14558.61,422242.3032600,0
1772113800000,28.94200,28.97700,28.87300,28.93500,25376.06,1772114099999,733887.8124300,4151,12549.38,362957.5780000,0
1772114100000,28.93500,28.99600,28.87100,28.99100,34680.57,1772114399999,1003084.3369200,5017,15027.34,434698.4875200,0
1772114400000,28.99100,29.00400,28.81600,28.88100,39126.57,1772114699999,1130730.2098200,6197,13099.39,378522.2740700,0
1772114700000,28.88100,28.89200,28.67100,28.78000,84274.96,1772114999999,2425485.5429700,8133,26937.78,775278.0483900,0
1772115000000,28.78100,28.94100,28.78100,28.90000,35441.63,1772115299999,1023482.2331200,4911,21393.34,617710.4561500,0
1772115300000,28.89900,28.98800,28.89600,28.97800,28943.85,1772115599999,838178.9673900,3977,12327.14,356928.7390200,0
1772115600000,28.97700,28.99500,28.83500,28.99400,23884.27,1772115899999,690479.9234700,4238,12997.15,375794.6807800,0
1772115900000,28.99200,29.06400,28.98500,29.00800,26846.18,1772116199999,779124.1333100,3960,13606.57,394884.5386300,0
1772116200000,29.00700,29.06000,28.84500,29.01500,66300.38,1772116499999,1920093.4498900,11103,33322.90,965121.0003200,0
1772116500000,29.01500,29.11900,28.86400,28.88300,61835.71,1772116799999,1792442.7712300,9697,29464.93,854423.2223900,0
1772116800000,28.88200,29.04800,28.87500,28.95300,46605.10,1772117099999,1349747.4321800,8106,21411.76,620193.1984000,0
1772117100000,28.95200,28.96400,28.65800,28.71200,90494.56,1772117399999,2603383.1771500,14558,36207.28,1041516.6533000,0
1772117400000,28.71200,28.95100,28.67300,28.91000,76441.76,1772117699999,2201419.8597700,11973,44353.46,1277398.9951300,0
1772117700000,28.91100,29.41400,28.91100,29.33300,159973.74,1772117999999,4674663.7184000,17466,102132.48,2985590.3897000,0
1772118000000,29.33200,29.34600,29.01800,29.10100,111059.57,1772118299999,3235276.6058300,15192,36123.65,1052553.9011500,0
1772118300000,29.10000,29.18300,28.93500,28.95200,52911.15,1772118599999,1537775.1823500,10339,21801.58,633968.2954100,0
1772118600000,28.95200,29.07500,28.92000,29.03800,52892.25,1772118899999,1533877.8192100,9759,25325.75,734500.7112600,0
1772118900000,29.03800,29.04500,28.62000,28.63600,153507.24,1772119199999,4415618.1734900,18047,65165.61,1873652.7262200,0
1772119200000,28.63700,28.65700,28.28600,28.29200,211818.10,1772119499999,6029933.3839700,19644,101413.78,2888363.8350500,0
1772119500000,28.29300,28.52200,28.17400,28.22200,135870.34,1772119799999,3848015.0699300,16004,81548.09,2310224.6234400,0
1772119800000,28.22200,28.38400,28.13300,28.16700,107443.01,1772120099999,3034778.2357200,15526,47613.16,1345670.9318800,0
1772120100000,28.16700,28.36300,28.14700,28.35300,88048.11,1772120399999,2488624.8383500,13167,43170.02,1220208.7764300,0
1772120400000,28.35200,28.44000,28.12100,28.36200,129448.92,1772120699999,3662447.7708100,18410,73333.93,2075207.0688500,0
1772120700000,28.36200,28.56200,28.31100,28.54800,109053.53,1772120999999,3100664.4777800,14156,58156.30,1653729.4459500,0
1772121000000,28.54700,28.57500,28.41000,28.43600,49763.75,1772121299999,1417594.6820500,9127,23041.79,656560.4442200,0
1772121300000,28.43500,28.47600,28.39000,28.44500,22935.80,1772121599999,652225.3132000,6402,10591.55,301218.9364600,0
1772121600000,28.44500,28.53500,28.34300,28.37500,61296.67,1772121899999,1742064.8777400,9276,29285.84,832467.2271700,0
1772121900000,28.37400,28.41800,28.15300,28.33200,54607.24,1772122199999,1543585.1285100,9010,23298.77,658920.3875200,0
1772122200000,28.33100,28.45800,28.23500,28.39100,33203.41,1772122499999,941960.6048400,8286,20194.91,572983.9709200,0
1772122500000,28.39000,28.49800,28.35300,28.38500,23934.85,1772122799999,680071.8569400,6730,13516.60,384096.2813700,0
1772122800000,28.38500,28.42400,28.34300,28.42300,20305.80,1772123099999,576418.7005600,6126,8646.85,245479.6236800,0
1772123100000,28.42300,28.61300,28.42300,28.54400,42229.83,1772123399999,1205778.8868700,7605,21447.75,612317.0752000,0
1772123400000,28.54200,28.55900,28.22600,28.27400,50486.72,1772123699999,1434495.3788700,8560,21391.81,608326.0732600,0
1772123700000,28.27500,28.36500,28.13100,28.34200,54488.35,1772123999999,1538364.7667200,9485,28892.51,815918.1488900,0
1772124000000,28.34300,28.42100,28.23400,28.40500,38445.24,1772124299999,1089980.2666400,7135,18530.69,525514.2036500,0
1772124300000,28.40500,28.51400,28.21900,28.50800,95355.66,1772124599999,2703104.4542800,14923,52460.15,1487738.4308500,0
1772124600000,28.50700,28.51900,28.16800,28.18900,111885.21,1772124899999,3167210.9934200,12694,42643.16,1205726.4017400,0
1772124900000,28.18800,28.30800,28.11200,28.27100,56089.05,1772125199999,1581073.5868500,8531,25930.45,731471.4133300,0
1772125200000,28.27300,28.40700,28.22400,28.34400,89296.24,1772125499999,2529780.3714100,11518,48381.14,1371091.5754700,0
1772125500000,28.34300,28.45500,28.28900,28.34900,39512.60,1772125799999,1121369.1714300,7881,21464.78,609247.5591500,0
1772125800000,28.34900,28.39600,28.20700,28.27000,26165.81,1772126099999,740257.6981500,6042,10780.75,304959.0164900,0
1772126100000,28.27000,28.33000,28.21100,28.25600,19354.85,1772126399999,547128.4527200,5900,11830.38,334477.3281100,0
1772126400000,28.25400,28.25800,28.13400,28.24600,23514.22,1772126699999,662779.3999800,4923,10548.89,297407.2337900,0
1772126700000,28.24600,28.26500,28.11200,28.14500,22012.81,1772126999999,620167.2497500,4731,11856.64,334227.2015500,0
1772127000000,28.14400,28.40100,28.13800,28.37600,52646.02,1772127299999,1490946.8026600,7677,32757.72,927580.8605200,0
1772127300000,28.37600,28.37600,28.17800,28.17800,32982.43,1772127599999,932610.0234100,5697,12680.73,358562.3585400,0
1772127600000,28.17900,28.23400,28.05500,28.09100,42537.26,1772127899999,1196084.5458600,5698,11160.76,314035.2353400,0
1772127900000,28.09000,28.17800,28.08900,28.08900,18060.29,1772128199999,508069.2210500,4364,8678.67,244213.6139300,0
1772128200000,28.08800,28.09400,27.84900,27.99900,132446.92,1772128499999,3701489.9191600,13155,48843.54,1364154.1429200,0
1772128500000,27.99800,28.04600,27.96000,28.00800,20229.85,1772128799999,566351.9009500,4211,9359.72,262072.9428700,0
1772128800000,28.00700,28.09200,27.99100,28.02700,24802.71,1772129099999,695595.6326100,5510,14086.40,395108.4728700,0
1772129100000,28.02700,28.05600,27.82200,27.95700,54653.31,1772129399999,1524474.6684900,8537,19510.11,544312.2141900,0
1772129400000,27.95700,27.97900,27.91300,27.95100,36142.79,1772129699999,1010041.4027600,5739,16931.76,473228.1456100,0
1772129700000,27.95400,28.16000,27.94100,28.13000,46442.98,1772129999999,1303759.9055700,6549,29249.24,821154.7045900,0
1772130000000,28.12900,28.12900,27.96200,27.98700,15290.15,1772130299999,428386.9246600,4552,7537.13,211134.3667500,0
1772130300000,27.98700,28.02400,27.95700,27.98800,12591.85,1772130599999,352468.9357900,3422,6743.89,188772.8323000,0
1772130600000,27.98800,28.22200,27.96900,28.21100,43323.42,1772130899999,1218913.8342800,7858,25511.54,717870.4888400,0
1772130900000,28.21000,28.25800,28.15100,28.19700,28493.72,1772131199999,803622.8482800,6048,14434.77,407147.7908200,0
1772131200000,28.19600,28.22200,28.11600,28.20600,18551.00,1772131499999,522587.6908000,3819,8409.57,236871.3688200,0
1772131500000,28.20600,28.31100,28.17400,28.22100,31331.96,1772131799999,885322.0031800,5522,21646.69,611764.0324600,0
1772131800000,28.22100,28.25800,28.17500,28.23200,11855.33,1772132099999,334515.4211300,3276,6626.81,186983.3031500,0
1772132100000,28.23200,28.28300,28.21200,28.22300,10077.51,1772132399999,284633.2399100,2780,4705.44,132900.0252900,0
1772132400000,28.22300,28.62000,28.18400,28.50200,139022.64,1772132699999,3951490.1739500,12409,92841.56,2638905.5260400,0
1772132700000,28.50200,28.52000,28.34700,28.36500,41318.79,1772132999999,1175324.2667800,6233,20292.30,577226.1747900,0
1772133000000,28.36600,28.47400,28.36500,28.45700,23365.35,1772133299999,664183.3951400,4670,13385.72,380454.3454800,0
1772133300000,28.45800,28.58500,28.45800,28.55800,34473.37,1772133599999,983670.5199900,5654,19985.36,570217.5438700,0
1772133600000,28.55700,28.65300,28.52800,28.63400,37905.30,1772133899999,1083476.0305400,5824,19224.26,549536.8090900,0
1772133900000,28.63200,28.63500,28.53400,28.60500,23212.93,1772134199999,663372.2228200,4709,9984.66,285383.6694900,0
1772134200000,28.60500,28.73500,28.57900,28.65900,48821.61,1772134499999,1400273.3674000,6973,32730.17,938803.1827600,0
1772134500000,28.65900,28.67400,28.56900,28.64100,33554.77,1772134799999,960650.1379400,4420,15980.04,457478.4992600,0
1772134800000,28.64100,28.64100,28.44300,28.46900,39801.70,1772135099999,1135974.3775900,5840,12494.09,356644.8753200,0
1772135100000,28.47000,28.58500,28.44300,28.51600,27729.17,1772135399999,790736.2905900,4290,14407.33,410897.1213500,0
1772135400000,28.51700,28.55200,28.48500,28.53700,17042.37,1772135699999,485945.4794400,3227,7269.65,207332.5973900,0
1772135700000,28.53800,28.64100,28.47700,28.50600,29055.55,1772135999999,829923.9958800,5447,19533.96,558062.7311600,0
1772136000000,28.50600,28.71200,28.47800,28.62600,40310.48,1772136299999,1154074.3498000,6741,24568.28,703645.4295000,0
1772136300000,28.62700,28.65700,28.51800,28.52200,25175.85,1772136599999,720087.3917700,5040,15349.94,439093.4010500,0
1772136600000,28.52200,28.57500,28.51100,28.52400,7445.74,1772136899999,212560.2300500,2278,4591.13,131080.5652800,0
1772136900000,28.52600,28.59100,28.51700,28.58900,7359.32,1772137199999,210123.5803200,2594,4883.82,139452.9426800,0
1772137200000,28.58900,28.65800,28.53900,28.61100,32410.84,1772137499999,927323.5137100,4482,17722.79,507185.0514300,0
1772137500000,28.61000,28.62100,28.50200,28.54100,11426.08,1772137799999,326235.6827000,3044,3921.93,111975.5679000,0
1772137800000,28.54100,28.55200,28.48100,28.51400,14226.00,1772138099999,405702.4849900,3089,6651.78,189716.7334000,0
1772138100000,28.51500,28.51700,28.35400,28.41800,34634.90,1772138399999,984204.4599700,4493,10369.97,294874.6789300,0
1772138400000,28.42100,28.45700,28.41900,28.44800,8139.90,1772138699999,231476.0558900,1863,4499.57,127954.2888500,0
1772138700000,28.44700,28.46000,28.38900,28.38900,10431.03,1772138999999,296569.2623000,2371,5871.62,166951.5123300,0
1772139000000,28.38900,28.39000,28.24000,28.31300,57777.04,1772139299999,1634921.3276000,5276,14611.40,413369.0302800,0
1772139300000,28.31200,28.31400,28.23600,28.28700,30890.02,1772139599999,873656.5688100,3986,17817.49,504102.5436300,0
1772139600000,28.28500,28.36300,28.26700,28.33500,13950.70,1772139899999,395069.2740500,3289,9248.85,261915.8028000,0
1772139900000,28.33500,28.35400,28.12100,28.15900,54316.70,1772140199999,1531190.6008300,5624,10561.32,297769.3519900,0
1772140200000,28.15800,28.27400,28.13300,28.26200,19311.45,1772140499999,544243.9248200,3551,8681.22,244829.6573300,0
1772140500000,28.26300,28.27900,28.23300,28.23900,5695.05,1772140799999,160945.7951500,1933,3246.37,91750.6037600,0
1772140800000,28.23800,28.30100,28.20600,28.24100,23872.82,1772141099999,674603.0500200,2912,10595.71,299397.9179300,0
1772141100000,28.24100,28.29000,28.21000,28.28900,10162.72,1772141399999,287139.8806500,2044,6419.97,181416.7453300,0
1772141400000,28.28800,28.29400,28.21700,28.23800,6363.91,1772141699999,179794.4752300,1790,2824.56,79806.0742500,0
1772141700000,28.23900,28.24400,28.18600,28.19800,11207.99,1772141999999,316144.9960500,1941,3525.97,99471.4512400,0
1772142000000,28.19800,28.24400,28.19100,28.22800,4816.29,1772142299999,135918.5417800,1661,2191.77,61848.4986100,0
1772142300000,28.22700,28.28900,28.19800,28.28400,7082.22,1772142599999,200056.9865600,1965,4190.91,118416.8759700,0
1772142600000,28.28400,28.28400,28.21100,28.24200,6833.05,1772142899999,192978.2098000,1777,3131.52,88463.6378200,0
1772142900000,28.24200,28.26400,28.17100,28.17500,4992.97,1772143199999,140838.1877600,1407,1670.19,47104.4896600,0
1772143200000,28.17500,28.18000,28.10400,28.11600,23371.93,1772143499999,657733.9510300,3170,10049.87,282804.1621400,0
1772143500000,28.11600,28.13400,28.09100,28.11500,8460.78,1772143799999,237853.7909700,1953,4388.72,123385.5077600,0
1772143800000,28.11600,28.24200,28.08900,28.23400,18039.53,1772144099999,508179.3159100,2653,10011.26,281976.9779500,0
1772144100000,28.23500,28.35100,28.23500,28.32900,33201.93,1772144399999,940039.0145700,3335,19569.71,553894.4554600,0
1772144400000,28.32900,28.32900,28.19500,28.20500,14999.93,1772144699999,423950.8115300,2298,3717.60,105088.2308700,0
1772144700000,28.20500,28.24200,28.18200,28.23700,7297.65,1772144999999,205880.5294500,1312,4232.01,119405.5572200,0
1772145000000,28.23500,28.27900,28.22100,28.24400,5013.29,1772145299999,141601.6365200,1194,2562.09,72375.8458900,0
1772145300000,28.24400,28.35500,28.24400,28.34300,6248.22,1772145599999,176970.0033900,1498,4374.30,123868.9522200,0
1772145600000,28.34200,28.35700,28.32500,28.34700,6238.94,1772145899999,176834.6616400,1222,2280.40,64633.9526700,0
1772145900000,28.34800,28.42000,28.32700,28.40400,23012.38,1772146199999,652929.8693500,2152,16738.19,474922.7414900,0
1772146200000,28.40400,28.40400,28.36600,28.38900,4931.27,1772146499999,139949.2373000,1130,2248.77,63810.4000900,0
1772146500000,28.38900,28.41000,28.35700,28.40400,6964.89,1772146799999,197693.2771700,1284,2305.92,65456.0156800,0
1772146800000,28.40500,28.41100,28.29100,28.35100,20350.02,1772147099999,577190.8172200,4416,13219.84,375026.1275500,0
1772147100000,28.35300,28.38500,28.28600,28.38200,12351.86,1772147399999,349903.3196100,2797,7102.37,201288.4547400,0
1772147400000,28.38300,28.38400,28.32600,28.35400,5798.15,1772147699999,164376.4540100,1782,3096.59,87782.1844400,0
1772147700000,28.35500,28.37900,28.31100,28.37900,5519.91,1772147999999,156454.0625700,2006,3532.77,100127.7433000,0
1772148000000,28.38000,28.44900,28.38000,28.43900,11948.93,1772148299999,339650.8212700,2527,7904.90,224717.6015700,0
1772148300000,28.43900,28.43900,28.37800,28.38500,10686.82,1772148599999,303521.9192100,2409,4191.50,119045.8939100,0
1772148600000,28.38500,28.41100,28.28800,28.31800,26799.34,1772148899999,759645.8340500,3860,9215.37,261214.4269200,0
1772148900000,28.31900,28.40800,28.31200,28.37700,11293.70,1772149199999,320296.0316000,2484,8206.86,232742.8886200,0
1772149200000,28.37600,28.38200,28.22100,28.25600,18463.94,1772149499999,521895.9442100,3308,5610.86,158526.0010800,0
1772149500000,28.25600,28.27300,28.12400,28.14700,45579.99,1772149799999,1283747.9694800,4684,22135.52,623262.3028000,0
1772149800000,28.14700,28.19600,28.12700,28.16700,16766.52,1772150099999,472047.0569900,3303,8671.91,244180.8669500,0
1772150100000,28.16600,28.21500,28.10100,28.10800,19242.90,1772150399999,541628.6740100,3576,10813.05,304438.7336800,0
1772150400000,28.10700,28.15800,28.03400,28.04400,27196.68,1772150699999,763890.5483800,4403,9450.55,265610.8343700,0
1772150700000,28.04500,28.15900,28.03900,28.04200,36611.69,1772150999999,1028663.4043400,4802,22135.77,622015.5967000,0
1772151000000,28.04200,28.07600,27.86900,28.03300,67073.85,1772151299999,1875436.3399500,6231,22874.61,639806.5134900,0
1772151300000,28.03300,28.10200,28.00700,28.06000,36705.12,1772151599999,1030264.1183600,4400,26491.66,743667.1007300,0
1772151600000,28.06100,28.10600,28.05000,28.09800,14692.44,1772151899999,412512.1520400,3189,9106.63,255682.7508200,0
1772151900000,28.09900,28.13600,28.03300,28.12100,14332.31,1772152199999,402533.3294900,3032,7160.00,201165.9772900,0
1772152200000,28.12200,28.18300,28.07300,28.17500,19699.58,1772152499999,554142.6584300,3456,13609.34,382830.2446500,0
1772152500000,28.17500,28.19500,28.04900,28.10000,18384.03,1772152799999,517040.4125600,3769,9813.94,276075.8208900,0
1772152800000,28.10000,28.17700,28.07900,28.15300,15471.01,1772153099999,435077.0146300,3247,5247.68,147609.7072500,0
1772153100000,28.15200,28.18400,28.07900,28.17300,19115.14,1772153399999,538020.3179600,4145,11143.58,313707.3686200,0
1772153400000,28.17300,28.20200,28.13400,28.14200,10911.60,1772153699999,307505.2281300,2993,6147.31,173250.1608100,0
1772153700000,28.14200,28.19000,28.10700,28.17700,7974.79,1772153999999,224444.1512300,2097,3865.46,108802.9292900,0
1772154000000,28.17800,28.19200,28.12000,28.13000,9639.62,1772154299999,271312.7973300,2592,3909.90,110055.3905300,0
1772154300000,28.13100,28.18000,28.04600,28.10600,19033.15,1772154599999,535089.4857000,3566,10229.56,287577.8621400,0
1772154600000,28.10700,28.17800,28.08200,28.14600,8988.91,1772154899999,252777.4841800,2375,5054.63,142130.8184400,0
1772154900000,28.14600,28.19800,28.13000,28.18900,7128.68,1772155199999,200861.5357900,1731,5045.62,142163.7142700,0
1772155200000,28.18800,28.20400,28.16200,28.19400,11119.27,1772155499999,313402.1097800,2136,4116.22,116032.9093300,0
1772155500000,28.19500,28.20700,28.16600,28.18600,9923.19,1772155799999,279751.1921300,1696,3890.97,109698.9596000,0
1772155800000,28.18600,28.19800,28.15700,28.18500,13947.11,1772156099999,392990.8495000,2509,6693.37,188628.8645800,0
1772156100000,28.18500,28.20000,28.16300,28.19200,9143.49,1772156399999,257688.2965000,2071,4110.32,115839.6241900,0
1772156400000,28.19200,28.23500,28.15300,28.18300,24115.11,1772156699999,679882.3788200,3980,14627.93,412486.2644500,0
1772156700000,28.18400,28.20700,28.16000,28.17600,12183.96,1772156999999,343373.5317100,2225,7223.15,203569.2413000,0
1772157000000,28.17600,28.21100,28.16700,28.20200,3116.46,1772157299999,87841.9699000,852,1291.18,36402.0733100,0
1772157300000,28.20200,28.25200,28.19500,28.23500,6763.61,1772157599999,190852.6794100,1315,4289.50,121043.5701200,0
1772157600000,28.23500,28.31500,28.22600,28.30600,10133.96,1772157899999,286562.3847400,2043,7605.29,215050.5688300,0
1772157900000,28.30600,28.36800,28.28700,28.28800,25747.96,1772158199999,729221.8220500,3267,14972.21,424072.5749500,0
1772158200000,28.28800,28.29400,28.25600,28.25700,15896.17,1772158499999,449526.2635500,1971,7594.32,214779.3737100,0
1772158500000,28.25700,28.35700,28.25100,28.35700,13815.04,1772158799999,391014.4638900,2208,7945.05,224914.1856600,0
1772158800000,28.35700,28.39800,28.35700,28.39100,14711.24,1772159099999,417440.9632200,2408,11047.83,313487.7978300,0
1772159100000,28.39100,28.40600,28.34400,28.35400,18987.93,1772159399999,538937.4877900,1993,3687.73,104633.3728300,0
1772159400000,28.35400,28.42600,28.34900,28.42200,11409.14,1772159699999,323948.8708700,2392,6244.32,177322.4833300,0
1772159700000,28.42200,28.46600,28.40800,28.44100,16307.63,1772159999999,463753.9881600,2815,7780.35,221279.9104600,0
1772160000000,28.44200,28.49100,28.42400,28.44300,12387.06,1772160299999,352481.0120400,2551,5826.41,165788.7191500,0
1772160300000,28.44300,28.62100,28.44300,28.61500,39953.48,1772160599999,1140556.5322100,4937,27946.38,797987.6158800,0
1772160600000,28.61500,28.61700,28.49400,28.49800,22213.43,1772160899999,634456.6411500,3835,8232.01,235131.5758000,0
1772160900000,28.49800,28.54400,28.47600,28.48400,15979.66,1772161199999,455556.2852200,3107,6840.61,195039.3061200,0
1772161200000,28.48400,28.53600,28.47300,28.50100,12441.35,1772161499999,354541.2620800,2763,7088.10,201995.9266100,0
1772161500000,28.50100,28.50100,28.39200,28.48200,24965.46,1772161799999,710356.8610900,4465,9957.22,283355.5902700,0
1772161800000,28.48300,28.51300,28.47400,28.51100,18256.82,1772162099999,520206.0836900,2491,8903.88,253692.5867100,0
1772162100000,28.51000,28.59800,28.50200,28.59000,16610.97,1772162399999,474054.9786400,2903,12223.12,348848.9751700,0
1772162400000,28.59000,28.63000,28.49100,28.51700,28127.91,1772162699999,803137.1330300,4156,13628.39,389211.7525300,0
1772162700000,28.51600,28.54000,28.48500,28.51100,9937.93,1772162999999,283373.2042600,1885,4768.65,135965.7482600,0
1772163000000,28.51200,28.56900,28.48000,28.56900,9244.82,1772163299999,263600.5540100,2248,5233.20,149238.5494100,0
1772163300000,28.57000,28.68800,28.57000,28.64600,22718.44,1772163599999,650476.0266600,3632,15855.74,453966.7406000,0
1772163600000,28.64700,28.67000,28.60900,28.65600,15519.62,1772163899999,444460.8877700,3185,9667.60,276886.9114300,0
1772163900000,28.65600,28.69100,28.61300,28.67800,13282.92,1772164199999,380660.6470200,2923,9176.97,263000.7395300,0
1772164200000,28.67900,28.76600,28.65600,28.75400,18946.18,1772164499999,544101.8904900,3409,12686.79,364348.2717300,0
1772164500000,28.75400,28.84600,28.71100,28.82800,41453.27,1772164799999,1193241.9731900,5705,21051.45,605926.9184700,0
1772164800000,28.82900,28.98800,28.81900,28.95000,54874.73,1772165099999,1587044.3151600,8206,26025.18,752599.3285600,0
1772165100000,28.95100,28.99500,28.78200,28.98200,69064.07,1772165399999,1995610.2655900,7651,36950.56,1067787.7760100,0
1772165400000,28.98300,29.23300,28.97800,29.22900,151188.19,1772165699999,4403638.8396000,10723,95449.35,2778935.2672300,0
1772165700000,29.23000,29.61700,29.22600,29.49100,192886.34,1772165999999,5678680.8185400,16548,116505.44,3430059.1285400,0
1772166000000,29.49100,29.61800,29.33900,29.46200,108256.10,1772166299999,3191294.9526100,14268,48181.92,1420328.6430400,0
1772166300000,29.46300,29.49100,29.30500,29.31000,57022.43,1772166599999,1674440.1717100,7804,17210.42,505477.3517800,0
1772166600000,29.31000,29.34800,29.18800,29.22600,51676.90,1772166899999,1512398.0841300,7883,19576.66,572967.0746600,0
1772166900000,29.22600,29.31600,29.09500,29.09500,72508.07,1772167199999,2117899.0800100,9231,29661.49,866978.6091500,0
1772167200000,29.09600,29.25700,29.00800,29.06800,115435.22,1772167499999,3361435.9756100,9908,29237.19,851672.3554400,0
1772167500000,29.06700,29.12600,29.06700,29.07500,25523.31,1772167799999,742590.3478800,4535,11183.40,325377.2805500,0
1772167800000,29.07700,29.18000,29.05000,29.12300,27985.66,1772168099999,814710.7761200,5046,15224.84,443341.2427700,0
1772168100000,29.12400,29.20300,29.09100,29.13500,47890.78,1772168399999,1396248.4049800,6651,19099.65,556888.0668700,0
1772168400000,29.13400,29.19000,29.09900,29.16700,24994.40,1772168699999,728377.0493900,5139,12609.89,367522.7069600,0
1772168700000,29.16800,29.20500,29.14900,29.15600,19009.47,1772168999999,554727.7195200,4351,12148.15,354527.0843000,0
1772169000000,29.15600,29.20100,29.05300,29.09900,17530.81,1772169299999,510701.2852500,3841,5754.50,167587.5245600,0
1772169300000,29.09900,29.12200,29.06400,29.10200,21558.58,1772169599999,627228.1377300,3334,8429.16,245258.1071600,0
1772169600000,29.10300,29.12100,28.91200,28.97600,48557.38,1772169899999,1407285.4433600,5573,13890.38,402631.3363200,0
1772169900000,28.97600,29.06800,28.94300,29.05600,31125.11,1772170199999,902921.5196200,3638,19395.44,562758.3283400,0
1772170200000,29.05600,29.11700,29.05400,29.10500,28489.42,1772170499999,828837.4721400,3375,10918.46,317635.9216700,0
1772170500000,29.10400,29.13300,29.06000,29.12100,13263.26,1772170799999,385827.2953000,2155,5918.35,172183.9885800,0
1772170800000,29.12000,29.14700,29.08700,29.11300,13358.03,1772171099999,388922.8305800,2100,8446.14,245906.1896300,0
1772171100000,29.11300,29.13400,29.06900,29.11500,25797.05,1772171399999,750790.4345100,3004,15912.91,463161.4543300,0
1772171400000,29.11300,29.15500,29.09400,29.10800,14102.02,1772171699999,410785.9032100,2482,6915.15,201455.2100500,0
1772171700000,29.10800,29.15100,29.06800,29.07800,14871.05,1772171999999,432807.7005400,2902,6289.87,183099.9144700,0
1772172000000,29.07800,29.15200,29.07600,29.12100,13645.43,1772172299999,397270.2441100,3124,7172.65,208832.2179200,0
1772172300000,29.12200,29.15900,29.09200,29.10700,12202.09,1772172599999,355404.5913600,2448,4474.30,130334.0695400,0
1772172600000,29.10700,29.10700,28.96000,29.03600,35663.32,1772172899999,1035151.0075900,3704,7790.30,226176.2184200,0
1772172900000,29.03700,29.07800,28.96900,28.98100,24510.02,1772173199999,711156.2474100,3264,12167.88,353060.5552300,0
1772173200000,28.98300,29.01600,28.76900,28.83100,86034.92,1772173499999,2483885.6336400,7693,26454.43,763626.3087000,0
1772173500000,28.83100,28.89200,28.78500,28.86700,31290.16,1772173799999,902332.9549500,4416,17871.83,515436.9680800,0
1772173800000,28.86700,28.88700,28.80700,28.84500,15173.14,1772174099999,437708.2431300,2765,6138.35,177111.5993000,0
1772174100000,28.84600,28.92900,28.84600,28.90600,12492.59,1772174399999,361074.5427700,2290,8112.02,234459.3889900,0
1772174400000,28.90600,29.03200,28.86800,29.00600,40718.86,1772174699999,1179512.8859300,4611,26610.29,770698.8385200,0
1772174700000,29.00600,29.03500,28.97000,29.01200,23759.69,1772174999999,689023.3098500,3078,10503.63,304579.2178600,0
1772175000000,29.01100,29.09300,28.92700,28.96700,52893.63,1772175299999,1534968.1438600,5879,20092.32,583641.2265800,0
1772175300000,28.96700,29.09700,28.95400,29.06400,25721.46,1772175599999,746597.5497100,3172,16434.73,477259.9474600,0
1772175600000,29.06400,29.09100,28.98700,29.01300,28001.56,1772175899999,812989.5121100,4663,15841.00,459937.0027100,0
1772175900000,29.01400,29.08800,29.00100,29.07400,10867.32,1772176199999,315635.5811500,1943,6275.36,182284.0801700,0
1772176200000,29.07600,29.11100,29.06800,29.10300,10122.74,1772176499999,294477.5081500,1483,5624.24,163618.7936300,0
1772176500000,29.10100,29.12800,29.05900,29.10600,28037.82,1772176799999,815618.2164600,2663,16005.62,465607.2911100,0
1772176800000,29.10600,29.14300,29.06700,29.11100,17655.26,1772177099999,513849.6978900,2158,9439.17,274731.4350600,0
1772177100000,29.11100,29.13700,29.06100,29.10500,14182.01,1772177399999,412599.2868200,2162,5457.83,158779.0907100,0
1772177400000,29.10500,29.13400,29.06700,29.08800,15270.74,1772177699999,444281.4284900,2506,5809.75,169048.4523200,0
1772177700000,29.08900,29.13400,29.05300,29.08900,22501.94,1772177999999,654633.8058400,2957,10079.26,293231.2403400,0
1772178000000,29.09200,29.14500,29.07200,29.13300,14059.70,1772178299999,409205.3581900,1902,9686.41,281900.4042900,0
1772178300000,29.13200,29.32900,29.11700,29.31700,53478.78,1772178599999,1562966.5967000,4857,34410.80,1005273.4606000,0
1772178600000,29.31700,29.43700,29.29600,29.31000,46360.14,1772178899999,1361114.6476800,5898,26313.73,772591.4206100,0
1772178900000,29.30900,29.31700,29.25300,29.28800,22387.58,1772179199999,655562.4976100,2892,7512.74,219994.7960100,0
1772179200000,29.28800,29.44500,29.28800,29.41000,46625.48,1772179499999,1370327.7029600,5226,26510.67,778925.3913200,0
1772179500000,29.41100,29.49900,29.39700,29.49500,50246.37,1772179799999,1479298.1653200,4023,32675.71,962033.8897200,0
1772179800000,29.49500,29.62900,29.49300,29.51800,77517.64,1772180099999,2291151.3080500,9643,44919.16,1327793.8848000,0
1772180100000,29.51900,29.59900,29.47000,29.58300,32511.55,1772180399999,960218.6018300,5116,14788.17,436857.6804100,0
1772180400000,29.58300,29.61700,29.56400,29.56900,27201.89,1772180699999,804749.4141500,3878,9030.76,267208.7601400,0
1772180700000,29.56800,29.56800,29.33700,29.41700,103793.80,1772180999999,3053312.2629400,7776,26899.41,791171.9859200,0
1772181000000,29.41800,29.53200,29.41600,29.50200,31787.90,1772181299999,936956.0509100,5084,15869.64,467738.1734200,0
1772181300000,29.50100,29.59200,29.42700,29.59100,18188.29,1772181599999,536921.2936600,3943,6824.38,201461.8791300,0
1772181600000,29.59200,29.66300,29.46900,29.49000,47583.33,1772181899999,1406442.4027500,7086,20856.82,616595.0801700,0
1772181900000,29.49000,29.58300,29.41300,29.47900,53386.05,1772182199999,1574091.7193900,7565,19608.86,578313.4230900,0
1772182200000,29.47900,29.51500,29.40200,29.49500,19747.77,1772182499999,581779.9464700,4042,11714.08,345151.4889900,0
1772182500000,29.49400,29.52200,29.45100,29.49800,15133.72,1772182799999,446247.8822700,3193,9807.05,289180.9000400,0
1772182800000,29.49900,29.52200,29.23100,29.32700,56136.11,1772183099999,1647375.6186900,8091,17804.91,522750.5060600,0
1772183100000,29.32700,29.53000,29.29700,29.50100,52032.97,1772183399999,1531804.6962200,7831,31260.24,920291.2862900,0
1772183400000,29.50100,29.56200,29.45700,29.55300,18536.41,1772183699999,546754.5487700,2897,13143.30,387702.5486400,0
1772183700000,29.55300,29.57800,29.49700,29.57800,25576.03,1772183999999,755544.9780100,3359,17190.19,507865.9315600,0
1772184000000,29.57800,29.58900,29.45800,29.51200,20148.75,1772184299999,594753.2489500,4014,6375.41,188154.1949800,0
1772184300000,29.51100,29.60900,29.49700,29.60700,20468.93,1772184599999,605164.1560000,3084,14734.65,435737.3140400,0
1772184600000,29.60600,29.94700,29.59900,29.91500,141576.74,1772184899999,4224597.7671000,14658,94201.10,2810402.4581200,0
1772184900000,29.91500,29.92800,29.68600,29.70800,43630.93,1772185199999,1299313.6234300,6924,15673.75,466776.4614900,0
1772185200000,29.70900,29.74900,29.57400,29.58600,36787.88,1772185499999,1091606.3073800,5906,14202.31,421691.7334000,0
1772185500000,29.58700,29.60500,29.35000,29.39000,93090.84,1772185799999,2743005.6972100,11725,38324.73,1129359.7730100,0
1772185800000,29.39100,29.50200,29.33600,29.35900,40908.86,1772186099999,1203597.3729100,6376,22987.18,676418.3571900,0
1772186100000,29.35900,29.54600,29.35300,29.44800,33367.96,1772186399999,983505.9879500,5233,15777.23,465142.3213000,0
1772186400000,29.44700,29.52800,29.33400,29.39500,54817.38,1772186699999,1613510.1390400,8612,25951.53,764109.5775600,0
1772186700000,29.39500,29.47100,29.35400,29.35600,31073.06,1772186999999,913925.7837100,5898,14928.25,439103.9092100,0
1772187000000,29.35500,29.37100,29.09900,29.26100,137821.88,1772187299999,4027133.8501400,16803,62438.26,1824808.5777400,0
1772187300000,29.26000,29.47300,29.19700,29.35100,196699.18,1772187599999,5768064.2367700,18300,124179.95,3641615.7406200,0
1772187600000,29.35100,29.37400,29.22200,29.33800,55150.13,1772187899999,1615982.1943900,6799,22909.16,671297.0111100,0
1772187900000,29.33700,29.37100,29.26300,29.27600,35110.46,1772188199999,1029485.5480300,5026,13573.97,397986.6399900,0
1772188200000,29.27600,29.48000,29.25100,29.34500,55018.76,1772188499999,1616692.2406200,8373,25966.33,763165.4887500,0
1772188500000,29.34400,29.56000,29.32000,29.48700,45473.46,1772188799999,1340681.2610900,6570,24446.30,720536.0115500,0
1772188800000,29.48800,29.51300,29.43100,29.43600,24223.00,1772189099999,713807.1603100,4435,9651.97,284439.1307900,0
1772189100000,29.43700,29.44600,29.20900,29.26600,64184.03,1772189399999,1880261.1038100,9060,23162.70,678415.0814700,0
1772189400000,29.26600,29.30100,28.99100,29.00400,116476.64,1772189699999,3390083.3132100,13938,50098.75,1458609.1675900,0
1772189700000,29.00400,29.05000,28.95100,28.97400,99870.49,1772189999999,2895994.7417000,11210,46926.70,1360828.1546100,0
1772190000000,28.97500,29.10700,28.97500,28.99500,45206.56,1772190299999,1312569.8209500,7678,28067.23,815005.9657500,0
1772190300000,28.99400,29.06400,28.95000,29.02400,29085.58,1772190599999,843729.8192900,6126,16512.71,479114.4104900,0
1772190600000,29.02400,29.02900,28.90500,28.95700,49158.22,1772190899999,1424285.0100900,5804,26359.17,763919.8741600,0
1772190900000,28.95600,28.98000,28.80900,28.83700,64305.05,1772191199999,1857728.3610000,8482,22350.55,645903.1773400,0
1772191200000,28.83700,28.88300,28.74100,28.79500,81098.80,1772191499999,2336273.2232400,8802,29507.51,850103.3514800,0
1772191500000,28.79200,28.81800,28.62900,28.64100,105680.83,1772191799999,3036605.4220500,10034,55212.14,1587036.3827600,0
1772191800000,28.64100,28.69100,28.55600,28.58300,72952.87,1772192099999,2087570.0315300,8808,29966.34,857703.7387000,0
1772192100000,28.58400,28.58700,28.44000,28.50400,69009.95,1772192399999,1967318.2884100,9232,31904.67,909755.8537100,0
1772192400000,28.50400,28.52500,28.41800,28.44200,58400.94,1772192699999,1662608.5231900,8975,39687.40,1129910.8122400,0
1772192700000,28.43100,28.53800,28.35100,28.48100,89905.08,1772192999999,2556897.1297900,11441,53806.37,1530572.1858500,0
1772193000000,28.48200,28.50400,28.35900,28.39600,66994.18,1772193299999,1904075.4467000,9384,28817.28,819134.2625700,0
1772193300000,28.39500,28.39500,28.25400,28.31500,76644.01,1772193599999,2170380.9685600,8988,28510.17,807659.7127100,0
1772193600000,28.31400,28.32300,28.15700,28.16600,68471.62,1772193899999,1933248.4695400,9153,30853.50,871276.3348300,0
1772193900000,28.16700,28.22900,28.10000,28.14900,64881.31,1772194199999,1826875.3871100,8521,30708.41,864760.9586800,0
1772194200000,28.14900,28.18800,28.04400,28.05400,53465.55,1772194499999,1503249.3223400,8955,27113.84,762314.1472200,0
1772194500000,28.05500,28.15300,28.02200,28.11800,33723.23,1772194799999,947330.8374400,5763,17572.58,493571.3602300,0
1772194800000,28.11700,28.29400,28.11700,28.17600,96294.73,1772195099999,2717663.4512300,10156,50944.80,1437786.7829700,0
1772195100000,28.17700,28.28300,28.16000,28.18000,46432.75,1772195399999,1310569.2762900,5511,27073.21,764141.3819100,0
1772195400000,28.18000,28.22300,27.97000,28.01700,77798.34,1772195699999,2184701.6350800,8125,30595.85,860016.9646700,0
1772195700000,28.01800,28.05600,27.94100,28.04400,55446.46,1772195999999,1552142.6309400,7515,23334.11,653274.0822400,0
1772196000000,28.04400,28.10700,27.94000,27.94400,60075.57,1772196299999,1684366.6045700,6713,35426.90,993935.5625300,0
1772196300000,27.94400,27.95700,27.84100,27.85500,92265.59,1772196599999,2573466.8106000,9588,27306.36,761515.3418300,0
1772196600000,27.86100,28.06800,27.85600,28.01300,41627.60,1772196899999,1163962.0189300,5916,23516.51,657891.6952600,0
1772196900000,28.01300,28.10500,27.97700,28.10200,45548.90,1772197199999,1277539.6957600,6464,28666.01,804086.9332900,0
1772197200000,28.10200,28.22000,28.06200,28.21200,74758.82,1772197499999,2104248.2432000,9852,44803.90,1261163.7424400,0
1772197500000,28.21100,28.21100,28.09500,28.11900,39576.67,1772197799999,1113431.9540600,4908,20908.42,588168.7735600,0
1772197800000,28.12000,28.13900,28.06200,28.11000,27486.56,1772198099999,772605.1439900,4624,14057.04,395109.3900500,0
1772198100000,28.11100,28.22200,28.11100,28.21300,29511.52,1772198399999,831722.7016700,4569,19066.24,537357.3473600,0
1772198400000,28.21400,28.23700,28.15700,28.20900,38382.38,1772198699999,1082519.1470400,5492,22775.91,642407.8257100,0
1772198700000,28.20800,28.21700,28.04300,28.07900,34844.33,1772198999999,979605.2892500,5782,13068.99,367469.1313800,0
1772199000000,28.07800,28.09500,27.96700,28.03200,64791.00,1772199299999,1816404.3949800,9891,38411.23,1076900.3576200,0
1772199300000,28.03300,28.04800,27.80700,28.03500,117962.73,1772199599999,3291685.9110400,12468,43934.21,1226357.6730800,0
1772199600000,28.03600,28.08900,27.97800,27.98100,34880.49,1772199899999,977688.2160400,5792,21890.02,613681.2588200,0
1772199900000,27.98200,28.07900,27.96600,28.04700,40684.14,1772200199999,1139852.8515000,6044,22388.01,627215.3437800,0
1772200200000,28.04700,28.21600,28.02600,28.09800,87642.61,1772200499999,2465764.2355600,8825,56970.74,1603074.6982500,0
1772200500000,28.09800,28.10800,28.02500,28.09900,16853.67,1772200799999,473097.8790300,3747,6870.13,192866.9628300,0
1772200800000,28.09800,28.19200,28.03600,28.17300,66960.01,1772201099999,1884032.3271300,6432,31733.76,892684.8084200,0
1772201100000,28.17200,28.20000,28.12400,28.13400,25686.18,1772201399999,723594.1656200,4673,13695.70,385832.3062000,0
1772201400000,28.13400,28.19000,28.07900,28.12700,31279.66,1772201699999,879665.8912700,4558,10814.92,304254.5193900,0
1772201700000,28.12700,28.12700,28.00200,28.07700,24755.70,1772201999999,694593.2094700,4332,13347.34,374514.0079900,0
1772202000000,28.07500,28.09700,27.97300,27.99200,26013.26,1772202299999,729093.2219500,4396,7352.11,206051.8684800,0
1772202300000,27.99200,28.03100,27.91000,27.98200,34433.24,1772202599999,963377.5061000,5990,18177.42,508701.0146000,0
1772202600000,27.98100,28.10700,27.94600,28.10700,37663.78,1772202899999,1055532.2635300,9290,23298.53,653186.6315200,0
1772202900000,28.10800,28.41700,28.08200,28.27700,117811.57,1772203199999,3329854.0239800,15738,80183.95,2265868.7502500,0
1772203200000,28.27700,28.28000,28.09000,28.10800,59514.69,1772203499999,1676639.2595200,8423,23354.27,658003.7845000,0
1772203500000,28.10900,28.21400,27.92100,28.19600,96709.17,1772203799999,2712000.5424600,14444,44635.38,1252540.6639500,0
1772203800000,28.19500,28.21000,28.06600,28.14900,41771.60,1772204099999,1175590.1465200,7345,19594.06,551485.3411700,0
1772204100000,28.14800,28.16100,28.04000,28.06200,19828.23,1772204399999,557085.0213300,4962,7696.10,216239.5993100,0
1772204400000,28.06100,28.22100,28.01100,28.05900,38476.62,1772204699999,1082220.0859300,7972,20325.95,571764.7243300,0
1772204700000,28.05900,28.33000,28.04300,28.26700,87496.02,1772204999999,2471843.0651100,11236,62279.74,1759738.8704700,0
1772205000000,28.26700,28.31100,28.17800,28.23300,46543.87,1772205299999,1314265.6146000,8328,24638.52,695720.9675700,0
1772205300000,28.23300,28.31000,28.04600,28.11700,49407.89,1772205599999,1392833.7192500,8577,29452.54,830955.6353600,0
1772205600000,28.11700,28.17800,28.06300,28.13700,15349.76,1772205899999,431697.3065200,4278,7194.12,202344.0546800,0
1772205900000,28.13700,28.21000,28.10700,28.17000,15491.47,1772206199999,436270.6573600,4224,10415.30,293330.7432000,0
1772206200000,28.16900,28.17400,28.06100,28.09300,21214.51,1772206499999,596440.5095000,4101,11487.16,322930.2761900,0
1772206500000,28.09200,28.16300,28.03400,28.11300,19986.33,1772206799999,561476.9672100,4478,7732.47,217273.6978900,0
1772206800000,28.11400,28.16400,28.06100,28.11000,12827.06,1772207099999,360679.8858500,3833,5544.61,155906.5937200,0
1772207100000,28.11000,28.15300,28.08500,28.13300,12363.48,1772207399999,347691.5324600,3435,7486.77,210561.4633100,0
1772207400000,28.13400,28.27000,28.13400,28.20600,21300.44,1772207699999,600917.6692300,4469,12026.33,339300.9667300,0
1772207700000,28.20800,28.22700,28.15000,28.16400,8899.25,1772207999999,250854.2737200,2535,4629.47,130505.2108800,0
1772208000000,28.16400,28.17900,28.07700,28.09600,22236.06,1772208299999,625666.7990100,4444,10201.53,287032.4482800,0
1772208300000,28.09700,28.12600,27.94400,28.11200,49839.55,1772208599999,1397143.4129700,6855,20346.28,570643.7884400,0
1772208600000,28.11300,28.12400,27.94800,27.99600,58709.10,1772208899999,1644731.4231500,6000,16480.96,461717.2352100,0
1772208900000,27.99600,28.11200,27.96300,28.01300,37294.61,1772209199999,1045162.4109700,7240,12369.39,346743.7741200,0
1772209200000,28.01300,28.02300,27.85200,27.92100,59044.30,1772209499999,1648880.9725900,8866,14694.36,410365.9726200,0
1772209500000,27.92300,27.95700,27.82000,27.82000,53981.06,1772209799999,1506226.3500100,8634,16240.29,453171.8613600,0
1772209800000,27.82000,27.85100,27.67600,27.80700,116987.58,1772210099999,3248818.3847700,11223,38047.66,1057071.3783600,0
1772210100000,27.80800,27.81000,27.62400,27.67700,105769.91,1772210399999,2927276.5598000,8908,33058.40,915046.8050200,0
1772210400000,27.67800,27.69700,27.56900,27.56900,77864.55,1772210699999,2150696.1479800,6778,23816.69,658202.5322500,0
1772210700000,27.57000,27.64500,27.41000,27.42600,146667.06,1772210999999,4034753.5054100,13760,45313.52,1247370.0483500,0
1772211000000,27.42700,27.45100,27.30400,27.41400,143092.79,1772211299999,3918084.6309700,11289,49405.38,1353214.0238500,0
1772211300000,27.41300,27.43500,27.30700,27.32100,44556.71,1772211599999,1219853.0636100,5437,21142.34,578785.3994200,0
1772211600000,27.32100,27.43500,27.32100,27.42500,39173.50,1772211899999,1073193.0099500,5847,19069.14,522378.0360400,0
1772211900000,27.42500,27.44900,27.36800,27.39000,46665.64,1772212199999,1279481.4422100,5575,20298.91,556617.7808100,0
1772212200000,27.39000,27.41400,27.26000,27.32000,72650.93,1772212499999,1985064.3417800,6935,24396.63,666848.3367200,0
1772212500000,27.32100,27.35900,27.20000,27.26500,80826.62,1772212799999,2202241.1269800,9163,21752.80,592745.5832500,0
1772212800000,27.26600,27.39100,27.23600,27.34300,43972.38,1772213099999,1201040.7538200,6638,22393.61,611872.7274900,0
1772213100000,27.34200,27.35900,27.21100,27.22300,40101.63,1772213399999,1093899.5851500,6759,12443.29,339570.5227200,0
1772213400000,27.22400,27.25600,27.15800,27.19400,74867.98,1772213699999,2036702.4940700,8534,19834.66,539648.1057600,0
1772213700000,27.19400,27.37400,27.18800,27.33300,61526.62,1772213999999,1681484.0023000,7533,41208.26,1126330.8714800,0
1772214000000,27.33300,27.37300,27.27300,27.31700,27889.34,1772214299999,762020.2985100,4583,14710.43,401897.9314500,0
1772214300000,27.31700,27.38400,27.30700,27.34500,32283.29,1772214599999,882854.7779800,4864,22511.72,615717.9473200,0
1772214600000,27.34500,27.49400,27.33700,27.43400,47150.74,1772214899999,1292760.4636800,6755,33407.18,915889.3865300,0
1772214900000,27.43400,27.46800,27.33000,27.45900,35738.53,1772215199999,979449.1218600,5391,20438.02,560278.9772300,0
1772215200000,27.45800,27.53600,27.40900,27.50200,53277.08,1772215499999,1464233.3003000,6895,33987.21,934316.4085600,0
1772215500000,27.50200,27.51100,27.39400,27.40600,21760.70,1772215799999,597449.0664400,3921,8715.09,239310.0043700,0
1772215800000,27.40700,27.45400,27.40000,27.43100,12263.73,1772216099999,336348.7117900,2521,7857.12,215501.3094800,0
1772216100000,27.43000,27.47700,27.38400,27.39800,16096.84,1772216399999,441391.7545600,3073,9019.57,247347.8477800,0
1772216400000,27.39800,27.45600,27.33400,27.35700,18981.07,1772216699999,519992.4402800,3375,10008.12,274232.1007000,0
1772216700000,27.35700,27.45100,27.30700,27.44000,19653.80,1772216999999,537763.8810800,2731,13026.07,356428.0746000,0
1772217000000,27.44000,27.54600,27.43300,27.44600,33326.91,1772217299999,916317.2362700,4598,22527.65,619452.1763300,0
1772217300000,27.44600,27.48100,27.40700,27.42000,11921.42,1772217599999,327165.7246700,2492,5810.93,159472.5374300,0
1772217600000,27.42000,27.46200,27.38800,27.39200,12820.42,1772217899999,351572.0360900,2419,6325.10,173490.3843700,0
1772217900000,27.39200,27.39900,27.34200,27.34200,18691.98,1772218199999,511742.0432600,3003,7368.52,201762.0367000,0
1772218200000,27.34100,27.34800,27.19900,27.23100,41098.14,1772218499999,1120232.6934900,5942,12169.88,331770.8947100,0
1772218500000,27.23200,27.25000,27.12900,27.20800,41351.02,1772218799999,1123801.5090100,5155,14037.76,381595.9684800,0
1772218800000,27.20800,27.21900,27.13200,27.16500,30556.61,1772219099999,830518.9681600,3808,15439.27,419734.3803400,0
1772219100000,27.16600,27.22300,27.00100,27.03100,71918.50,1772219399999,1947817.6461700,7195,18827.45,510066.2116100,0
1772219400000,27.03200,27.07000,26.91900,27.01200,97133.23,1772219699999,2623413.6186700,8397,39166.93,1058155.2230400,0
1772219700000,27.01200,27.13500,26.96300,27.00500,78095.29,1772219999999,2111179.9568900,8094,41427.45,1119958.2776400,0
1772220000000,27.00500,27.11500,27.00300,27.09500,34379.46,1772220299999,930566.1468500,4739,22663.49,613430.8794800,0
1772220300000,27.09400,27.13600,27.05500,27.05800,16218.77,1772220599999,439481.6275500,2995,7425.52,201231.9688800,0
1772220600000,27.05800,27.07900,27.02900,27.03400,12905.75,1772220899999,349106.7657300,2391,8001.43,216437.6201200,0
1772220900000,27.03500,27.08900,26.98600,27.05400,29571.17,1772221199999,799337.2833100,3509,12508.34,338240.0274100,0
1772221200000,27.05400,27.11100,26.83400,26.91200,62418.34,1772221499999,1682124.1293400,7505,17892.00,482986.4054700,0
1772221500000,26.91300,26.97300,26.89600,26.96200,31495.29,1772221799999,848030.9975100,4919,12562.48,338334.3963200,0
1772221800000,26.96200,27.09500,26.95100,27.08300,30437.17,1772222099999,822974.4750500,4503,17110.42,462670.4734200,0
1772222100000,27.08200,27.09400,27.04000,27.08700,12915.23,1772222399999,349649.0304700,2411,5730.12,155125.8654000,0
1772222400000,27.08800,27.15400,27.07000,27.12500,34743.79,1772222699999,942075.4622800,5454,22669.62,614781.7924100,0
1772222700000,27.12500,27.17300,27.07300,27.11100,26773.25,1772222999999,726483.5179900,4082,15358.97,416833.7691700,0
1772223000000,27.11100,27.18200,27.11100,27.16900,13596.43,1772223299999,369218.7954500,2526,8160.55,221613.6071400,0
1772223300000,27.16900,27.19300,27.15600,27.19200,17221.19,1772223599999,467971.9693200,2572,8193.20,222659.1965200,0
1772223600000,27.18900,27.22300,27.16300,27.19700,24967.29,1772223899999,678830.2912200,3032,17696.16,481152.5941000,0
1772223900000,27.19700,27.21000,27.13500,27.13900,19444.29,1772224199999,528451.0310700,2470,12767.78,347075.5527500,0
1772224200000,27.13800,27.16200,27.08000,27.10300,18061.14,1772224499999,489937.5840800,3022,9373.37,254327.2907000,0
1772224500000,27.10300,27.10500,27.06300,27.08000,8226.15,1772224799999,222812.8759300,1847,3863.11,104628.7403700,0
1772224800000,27.08200,27.12700,27.08100,27.12100,14482.59,1772225099999,392622.6352800,2082,9926.35,269105.7555000,0
1772225100000,27.12200,27.17400,27.12200,27.17000,9904.77,1772225399999,268922.3447200,1991,6712.54,182247.1995400,0
1772225400000,27.17000,27.23500,27.16200,27.23500,17744.91,1772225699999,482713.3327100,3399,10655.79,289861.5013200,0
1772225700000,27.23500,27.42300,27.22900,27.35500,62292.21,1772225999999,1702793.0490400,6567,44785.90,1224014.3277100,0
1772226000000,27.35600,27.37700,27.28800,27.35000,22781.72,1772226299999,622690.1886200,4337,12897.51,352551.5135800,0
1772226300000,27.35100,27.40600,27.30600,27.32800,14770.70,1772226599999,404173.0288800,2733,10446.98,285895.3395000,0
1772226600000,27.32800,27.32800,27.23700,27.26300,17571.44,1772226899999,479113.9993200,1771,10988.12,299567.0201200,0
1772226900000,27.26300,27.30600,27.26300,27.29700,8714.80,1772227199999,237828.0053800,1564,6333.00,172822.5349500,0
1772227200000,27.29600,27.33000,27.28000,27.31700,9651.98,1772227499999,263636.4336600,1405,6924.78,189148.7496500,0
1772227500000,27.31600,27.32100,27.28500,27.28500,6612.77,1772227799999,180598.4470900,1120,3452.97,94301.3654900,0
1772227800000,27.28400,27.29400,27.22800,27.27000,9989.24,1772228099999,272326.1794500,1741,5192.42,141535.1517000,0
1772228100000,27.27000,27.27400,27.18900,27.23100,22296.16,1772228399999,607142.3603200,2079,6954.42,189353.8150600,0
1772228400000,27.23200,27.25000,27.19400,27.24300,8907.72,1772228699999,242505.7209300,1491,5292.73,144085.0362600,0
1772228700000,27.24400,27.29300,27.24000,27.26000,8043.49,1772228999999,219304.7037200,1538,3580.95,97636.4171400,0
1772229000000,27.26000,27.28200,27.09000,27.10100,31671.97,1772229299999,860885.5819900,3930,10308.11,280193.4051700,0
1772229300000,27.10100,27.14200,27.05300,27.09100,36636.42,1772229599999,992553.3255500,4157,13263.68,359337.9935400,0
1772229600000,27.09100,27.12100,27.07200,27.07200,10140.08,1772229899999,274818.4770900,1848,5517.70,149551.6297000,0
1772229900000,27.07200,27.07200,27.02600,27.05300,17983.11,1772230199999,486412.3439200,2283,7233.70,195647.1384700,0
1772230200000,27.05300,27.07200,27.00100,27.06800,17728.10,1772230499999,479316.1085900,2098,6967.30,188425.1031500,0
1772230500000,27.06900,27.09500,27.05700,27.07000,12102.37,1772230799999,327651.8096900,1625,4817.20,130422.4860200,0
1772230800000,27.07000,27.08800,26.93200,27.00000,33057.40,1772231099999,892281.6007800,3019,8285.83,223719.0577900,0
1772231100000,27.00000,27.01600,26.93300,26.94700,16106.63,1772231399999,434336.1775400,2102,4882.65,131661.3011100,0
1772231400000,26.94600,26.94600,26.72900,26.73400,70605.82,1772231699999,1892906.6802400,7002,20076.93,538621.7241300,0
1772231700000,26.74100,26.94700,26.73100,26.91700,31334.63,1772231999999,841691.2056200,4574,16428.32,441065.5248500,0
1772232000000,26.91600,27.05300,26.90700,27.05300,25795.06,1772232299999,696399.2918500,3416,12813.93,345963.4933700,0
1772232300000,27.04700,27.09200,27.04500,27.07300,14459.06,1772232599999,391446.8625500,2254,6119.44,165687.6631100,0
1772232600000,27.07400,27.12000,27.07200,27.10500,12210.05,1772232899999,330870.7508700,1982,5755.64,155981.9510800,0
1772232900000,27.10500,27.13100,27.07800,27.08800,12654.32,1772233199999,342923.8094100,2558,5507.65,149274.1870700,0
1772233200000,27.08900,27.18800,27.08900,27.12400,29047.65,1772233499999,788189.4553200,4807,16874.89,457878.5315600,0
1772233500000,27.12300,27.23500,27.10900,27.19000,19886.17,1772233799999,540099.2552500,4225,10893.83,295925.2843600,0
1772233800000,27.18900,27.23800,27.12100,27.12800,22364.72,1772234099999,608149.7306500,3330,12282.06,334031.1842100,0
1772234100000,27.12700,27.20700,27.11900,27.17800,15784.62,1772234399999,428739.7543600,2221,12028.07,326681.1437000,0
1772234400000,27.17900,27.24900,27.17500,27.23300,15133.88,1772234699999,412052.9536300,2332,10695.46,291203.8738200,0
1772234700000,27.23100,27.27400,27.21500,27.26600,14333.03,1772234999999,390575.8660200,1921,11986.29,326644.3750100,0
1772235000000,27.26500,27.29200,27.25400,27.28900,10705.52,1772235299999,291993.6153100,1986,7576.96,206662.5312900,0
1772235300000,27.28800,27.29800,27.25600,27.28400,13738.41,1772235599999,374754.5872700,2077,6180.51,168596.8998900,0
1772235600000,27.28400,27.28500,27.16700,27.19500,16503.51,1772235899999,449117.8200200,2376,4696.15,127846.5017600,0
1772235900000,27.19400,27.24200,27.17400,27.21700,11552.24,1772236199999,314334.4601500,1915,6610.60,179880.9289400,0
1772236200000,27.21600,27.30500,27.21600,27.27700,13449.55,1772236499999,366846.7568900,2088,8888.99,242430.6974200,0
1772236500000,27.27700,27.33300,27.27400,27.27900,13496.04,1772236799999,368449.4646100,2627,7877.70,215075.8484000,0
1772236800000,27.28000,27.31100,27.21700,27.29600,15332.99,1772237099999,418132.3098000,3181,6675.96,182104.7577500,0
1772237100000,27.29400,27.30000,27.24600,27.30000,12642.06,1772237399999,344781.1706900,2400,7361.00,200757.5821900,0
1772237400000,27.30000,27.35900,27.28500,27.35100,15855.65,1772237699999,433232.7569900,2824,10102.72,276038.1428800,0
1772237700000,27.35100,27.35600,27.28600,27.30200,10293.10,1772237999999,281270.5897800,2298,5516.20,150749.0540500,0
1772238000000,27.30100,27.37100,27.29900,27.36900,22727.92,1772238299999,621637.8307800,2475,10729.01,293375.7101300,0
1772238300000,27.36900,27.41700,27.31000,27.34800,33581.43,1772238599999,919229.9365800,4834,16469.54,450846.3715000,0
1772238600000,27.34700,27.39100,27.30500,27.37200,8855.40,1772238899999,242139.9989000,2236,4716.57,128982.9949600,0
1772238900000,27.37300,27.43800,27.35600,27.41400,17723.67,1772239199999,485641.9659200,2684,11133.22,305045.7393400,0
1772239200000,27.41300,27.49700,27.39300,27.48100,33028.54,1772239499999,906974.6517800,4416,23208.31,637294.7050500,0
1772239500000,27.48100,27.48800,27.41400,27.43300,15167.86,1772239799999,416308.9896400,2302,7796.85,213993.8887300,0
1772239800000,27.43300,27.47400,27.42000,27.45500,10058.24,1772240099999,276103.6196600,2021,6058.54,166302.7061000,0
1772240100000,27.45500,27.55800,27.44900,27.48000,21004.99,1772240399999,577660.2704100,3481,14504.21,398874.3222500,0
1772240400000,27.47900,27.51800,27.47400,27.50800,12484.84,1772240699999,343300.9985300,2501,8350.32,229603.7395800,0
1772240700000,27.50700,27.50800,27.32600,27.33900,61527.86,1772240999999,1685208.7433300,4443,13119.83,359202.1129500,0
1772241000000,27.33900,27.37300,27.29000,27.31900,22120.23,1772241299999,604626.3904700,2957,9295.01,254108.4415400,0
1772241300000,27.31800,27.39900,27.28000,27.37100,14396.46,1772241599999,393510.7116800,2861,9011.50,246386.2783900,0
1772241600000,27.37100,27.38500,27.33100,27.38300,5299.72,1772241899999,144988.6064700,1314,2956.08,80881.3031300,0
1772241900000,27.38300,27.39100,27.19300,27.24900,39978.44,1772242199999,1090411.3965900,3568,9016.66,245961.6308600,0
1772242200000,27.24900,27.28100,27.16600,27.27500,25308.94,1772242499999,689171.8371800,3526,13420.60,365553.4828100,0
1772242500000,27.27400,27.29500,27.26500,27.29200,9075.19,1772242799999,247610.6027300,1263,4079.47,111307.7457600,0
1772242800000,27.29300,27.30600,27.29000,27.29300,7457.12,1772243099999,203566.2894100,1014,3104.51,84747.0257400,0
1772243100000,27.29200,27.33700,27.27100,27.31900,9296.77,1772243399999,253867.5347000,1662,5879.49,160573.4475600,0
1772243400000,27.31800,27.33300,27.13200,27.13200,58555.64,1772243699999,1592265.5625100,4967,18014.57,489582.9861600,0
1772243700000,27.13200,27.14000,27.07200,27.07400,17858.21,1772243999999,484217.6315000,2431,7552.87,204816.8165200,0
1772244000000,27.07400,27.10400,26.99100,27.10400,53433.60,1772244299999,1445107.8508200,5540,29588.69,800334.5998400,0
1772244300000,27.10400,27.13100,27.08400,27.09800,16587.26,1772244599999,449630.1916500,2150,9682.53,262467.7295300,0
1772244600000,27.09800,27.11800,27.09800,27.10400,10463.14,1772244899999,283642.8758200,1312,4333.93,117487.2347400,0
1772244900000,27.10300,27.10800,27.07400,27.08100,13839.74,1772245199999,374875.3348900,1760,5570.33,150874.6994800,0
1772245200000,27.08000,27.09900,27.03200,27.05300,20766.47,1772245499999,562153.1958800,2390,9673.78,261914.1395700,0
1772245500000,27.05300,27.08900,27.00400,27.02600,15687.79,1772245799999,424275.7497500,2026,8233.48,222705.4907700,0
1772245800000,27.02700,27.06400,26.93200,26.94200,40162.96,1772246099999,1083667.6740800,4615,16549.61,446702.7632500,0
1772246100000,26.94300,26.98800,26.90700,26.92000,25421.44,1772246399999,684889.6965400,3183,15239.41,410611.5942400,0
1772246400000,26.92000,26.92100,26.82200,26.85700,28733.72,1772246699999,772002.3026200,4000,12554.51,337272.2780200,0
1772246700000,26.85700,27.01800,26.85600,27.00100,41195.22,1772246999999,1109542.3886400,4612,26857.66,723482.8489700,0
1772247000000,27.00100,27.00500,26.78000,26.80400,50841.02,1772247299999,1365871.2439700,6640,18998.83,510728.4709500,0
1772247300000,26.80500,26.95500,26.80500,26.95100,19669.38,1772247599999,529149.0979300,2403,10916.53,293658.0183900,0
1772247600000,26.95200,27.00500,26.93300,26.96300,31082.01,1772247899999,838470.0758500,3818,18136.24,489300.7486000,0
1772247900000,26.96300,26.99100,26.92600,26.94900,15392.84,1772248199999,414940.3562600,2249,7933.23,213877.1106000,0
1772248200000,26.94900,27.01100,26.92800,26.98500,14568.47,1772248499999,392937.5988100,2215,10864.04,293031.5695500,0
1772248500000,26.98400,27.06300,26.96800,27.03100,19457.33,1772248799999,525884.3113300,2776,12148.81,328354.3435700,0
1772248800000,27.03100,27.08000,26.89200,26.90300,42207.09,1772249099999,1137981.8852400,5872,16309.15,439855.5504000,0
1772249100000,26.90300,26.95700,26.87300,26.88500,11406.88,1772249399999,306911.2516700,2400,4980.71,134005.7075300,0
1772249400000,26.88500,26.91200,26.84300,26.87100,17851.68,1772249699999,479755.5694900,2992,7907.61,212537.2778600,0
1772249700000,26.87100,26.89700,26.84700,26.85200,12067.55,1772249999999,324250.8849600,2238,6185.87,166219.3406600,0
1772250000000,26.85300,26.91700,26.85300,26.86100,18842.22,1772250299999,506641.0422100,2800,7955.54,213919.5540000,0
1772250300000,26.86200,26.89400,26.83500,26.89400,15510.91,1772250599999,416652.7196100,2874,7198.27,193401.7017900,0
1772250600000,26.89300,26.92200,26.88700,26.90500,9893.55,1772250899999,266223.0503000,1906,5672.47,152637.4214000,0
1772250900000,26.90400,26.90400,26.82100,26.87800,17664.44,1772251199999,474334.6631000,2874,6248.00,167743.4537400,0
1772251200000,26.87800,26.92500,26.84200,26.89000,12636.47,1772251499999,339892.7696300,2533,7705.28,207276.2108400,0
1772251500000,26.89100,26.91900,26.84900,26.85000,7796.99,1772251799999,209669.9353600,1942,3615.82,97242.6638300,0
1772251800000,26.85100,26.92200,26.84700,26.91700,10828.89,1772252099999,291214.4824900,1721,6845.54,184158.4973500,0
1772252100000,26.91600,26.94700,26.89500,26.93400,15306.88,1772252399999,412154.4195600,2423,8639.14,232617.4012800,0
1772252400000,26.93400,26.95500,26.90700,26.94000,13849.30,1772252699999,373036.1646700,2091,7844.02,211296.4330200,0
1772252700000,26.94100,26.96500,26.91000,26.93400,21279.73,1772252999999,573243.9249500,2910,11896.62,320465.6203700,0
1772253000000,26.93600,26.94200,26.80400,26.92500,30895.60,1772253299999,830091.0182600,4557,9168.07,246419.2299900,0
1772253300000,26.92500,26.97200,26.92500,26.96500,13868.67,1772253599999,373828.5298000,2475,8541.34,230228.0206100,0
1772253600000,26.96500,26.99100,26.94600,26.98200,11251.97,1772253899999,303510.3566100,1771,5017.83,135336.4828900,0
1772253900000,26.98200,27.05000,26.97400,27.04400,21517.26,1772254199999,581265.7794700,3178,15666.43,423237.0431100,0
1772254200000,27.04400,27.04500,26.96400,26.99000,21312.99,1772254499999,575212.7617200,2355,11192.68,302067.2497300,0
1772254500000,26.99000,26.99800,26.96900,26.97500,6500.46,1772254799999,175395.8694100,891,2447.62,66038.0876700,0
1772254800000,26.97600,27.01700,26.96200,27.00300,11338.18,1772255099999,306004.8040800,1649,5389.21,145448.6373600,0
1772255100000,27.00300,27.00500,26.96200,26.96200,6310.92,1772255399999,170267.3447000,1072,3172.14,85571.5830500,0
1772255400000,26.96100,27.02600,26.95800,27.01400,5255.76,1772255699999,141934.8622800,1217,2591.21,69979.2912100,0
1772255700000,27.01300,27.01300,26.97500,26.99300,3219.32,1772255999999,86897.3692500,820,1435.62,38747.2605200,0
1772256000000,26.99400,27.00600,26.95600,26.98100,7171.29,1772256299999,193516.8911200,1198,2548.43,68775.1790700,0
1772256300000,26.98200,27.01100,26.95700,26.97200,5654.26,1772256599999,152591.7284500,1283,2761.13,74505.7633500,0
1772256600000,26.97100,26.98800,26.92700,26.94400,14832.12,1772256899999,399710.8326500,2695,6209.68,167326.7537300,0
1772256900000,26.94400,26.95100,26.89700,26.91800,11673.50,1772257199999,314212.6514300,2400,5315.73,143087.3823400,0
1772257200000,26.91800,26.92000,26.86000,26.89000,6057.48,1772257499999,162872.7680600,1908,2427.16,65257.2277800,0
1772257500000,26.89000,26.92000,26.86600,26.91700,5364.99,1772257799999,144281.4286000,1709,1495.16,40202.8702400,0
1772257800000,26.91700,26.93000,26.87800,26.87800,4250.90,1772258099999,114332.1801700,1712,1833.61,49316.8397800,0
1772258100000,26.87800,26.91500,26.84800,26.90800,9298.61,1772258399999,249899.4982300,1515,3746.64,100725.6595600,0
1772258400000,26.90600,26.90600,26.84900,26.86400,5493.36,1772258699999,147658.9129600,1301,1657.47,44547.7961100,0
1772258700000,26.86300,26.89900,26.84800,26.89900,7656.43,1772258999999,205763.8357200,1604,4128.48,110938.2049900,0
1772259000000,26.90000,26.94900,26.87100,26.89400,12722.83,1772259299999,342316.9298400,1978,6030.79,162259.1865700,0
1772259300000,26.89500,26.90200,26.38200,26.67800,267171.35,1772259599999,7112633.3581900,23419,91458.96,2434327.3361300,0
1772259600000,26.67900,26.89600,26.66500,26.74300,71134.66,1772259899999,1906155.1981000,9174,32802.27,879097.8907900,0
1772259900000,26.74100,26.77200,26.57100,26.60500,83630.88,1772260199999,2229389.2195500,10430,37312.67,994920.7877400,0
1772260200000,26.60600,26.65700,26.32100,26.36900,152386.85,1772260499999,4035303.9102000,17676,60348.31,1598789.4376100,0
1772260500000,26.36700,26.45900,26.14400,26.25200,238013.15,1772260799999,6248626.5715400,24749,92993.71,2442267.2639000,0
1772260800000,26.25000,26.55600,26.24100,26.53200,85081.73,1772261099999,2249866.0298500,12767,45311.54,1198379.8238400,0
1772261100000,26.53200,26.53200,26.35800,26.38100,72528.97,1772261399999,1917440.3183900,11627,32122.70,848980.5455600,0
1772261400000,26.38000,26.39300,26.19500,26.20300,87926.08,1772261699999,2310567.6580400,14449,32520.71,854675.4340300,0
1772261700000,26.20300,26.26500,26.07500,26.21200,113610.96,1772261999999,2972756.6025000,16471,50414.16,1319698.1870500,0
1772262000000,26.21300,26.44600,26.10300,26.41800,115454.28,1772262299999,3037486.2810700,17368,63273.02,1665284.3764900,0
1772262300000,26.41800,26.73600,26.39300,26.61700,225067.43,1772262599999,5981417.7115900,20930,144930.45,3853582.6637800,0
1772262600000,26.61700,26.72600,26.52300,26.61200,68406.94,1772262899999,1821033.7871900,9747,35442.45,943816.3343000,0
1772262900000,26.61300,26.72300,26.49200,26.51600,75164.44,1772263199999,2000051.2394900,9322,35838.45,954712.7209200,0
1772263200000,26.51600,26.52500,26.33800,26.40200,62591.71,1772263499999,1653259.5811400,8134,24535.16,647956.1795700,0
1772263500000,26.40300,26.42500,26.33200,26.38200,47743.22,1772263799999,1259245.5377600,6674,24864.85,655751.0114600,0
1772263800000,26.38100,26.52800,26.35600,26.51500,56369.11,1772264099999,1490974.7489700,7627,28600.78,756722.2174200,0
1772264100000,26.51600,26.86200,26.47400,26.78300,108278.93,1772264399999,2888924.8131200,13306,72488.77,1934800.0526900,0
1772264400000,26.78500,26.90600,26.72900,26.77300,135551.36,1772264699999,3635096.3198200,13755,64382.13,1727069.3195300,0
1772264700000,26.77200,26.79200,26.56000,26.57200,105743.06,1772264999999,2821244.3237200,10276,32110.29,856685.4517000,0
1772265000000,26.57300,26.73300,26.57100,26.67500,70303.35,1772265299999,1873621.7524200,8314,33824.95,901704.2289800,0
1772265300000,26.67400,26.68700,26.50000,26.62500,63795.63,1772265599999,1697363.6463700,7996,29135.88,775647.3695100,0
1772265600000,26.62400,26.74400,26.53900,26.69600,57922.56,1772265899999,1543884.0866800,9277,33431.27,891252.3455000,0
1772265900000,26.69600,26.77700,26.67700,26.73400,61742.39,1772266199999,1650598.3998400,7074,34433.00,920487.6605100,0
1772266200000,26.73300,26.73800,26.57100,26.57700,58308.70,1772266499999,1554114.5193200,6084,15473.64,412714.9090600,0
1772266500000,26.57800,26.77600,26.56900,26.68600,39528.04,1772266799999,1055809.0530100,5959,20337.19,543074.7084400,0
1772266800000,26.68600,26.84800,26.64600,26.83500,44034.25,1772267099999,1177480.9547700,6908,26457.06,707661.1784700,0
1772267100000,26.83400,26.95900,26.80300,26.84600,90153.79,1772267399999,2424557.5086300,9363,47874.94,1288062.4410500,0
1772267400000,26.84500,26.85400,26.71000,26.72800,43037.56,1772267699999,1152842.5695700,6398,19468.71,521394.0980100,0
1772267700000,26.72900,26.82700,26.71500,26.80100,28731.68,1772267999999,769586.9338000,4947,19227.50,514989.2009200,0
1772268000000,26.80000,26.86100,26.76900,26.78000,24352.25,1772268299999,653084.1863500,4429,11627.69,311872.8945400,0
1772268300000,26.78100,26.81600,26.76000,26.79300,12323.59,1772268599999,330130.1433400,2941,5752.72,154110.0586800,0
1772268600000,26.79300,26.92300,26.76200,26.91000,40905.10,1772268899999,1097212.8117500,6426,29243.80,784492.6374100,0
1772268900000,26.91000,26.92000,26.72400,26.78800,33332.59,1772269199999,893397.7035600,5465,12591.53,337496.4048600,0
1772269200000,26.78700,26.89700,26.78000,26.87500,26732.92,1772269499999,717930.3810100,5093,19321.79,518989.9923600,0
1772269500000,26.87500,26.95800,26.85900,26.88700,35141.58,1772269799999,945880.8015900,5704,16217.68,436546.6806700,0
1772269800000,26.88800,27.04800,26.87200,26.98700,56266.77,1772270099999,1516775.3378300,7442,29586.32,797785.0921600,0
1772270100000,26.98900,27.03500,26.94200,27.03400,43922.31,1772270399999,1185187.7083100,5519,22622.49,610515.9435000,0
1772270400000,27.03400,27.19100,26.98200,27.13700,72304.92,1772270699999,1959008.6820000,8035,46186.34,1251725.6815400,0
1772270700000,27.13700,27.35000,27.06000,27.29100,136799.50,1772270999999,3722894.3676000,12056,88878.59,2419424.1716000,0
1772271000000,27.29100,27.29300,27.15000,27.21300,63861.42,1772271299999,1738019.6597900,8276,34759.93,945875.0028500,0
1772271300000,27.21300,27.22400,26.95900,27.10700,163267.68,1772271599999,4422744.2630700,14424,100531.98,2723683.3596400,0
1772271600000,27.10700,27.16700,27.07500,27.09800,45692.58,1772271899999,1239090.2248800,6085,27679.73,750710.6779300,0
1772271900000,27.09900,27.19100,27.08000,27.10200,40759.54,1772272199999,1105809.7917600,5015,31742.64,861299.1210900,0
1772272200000,27.10200,27.24500,27.08900,27.23600,30793.89,1772272499999,836657.2691400,5316,19131.49,519847.1922400,0
1772272500000,27.23600,27.29900,27.20000,27.26000,30957.00,1772272799999,843654.2870600,4777,20041.57,546165.8820900,0
1772272800000,27.25900,27.26300,27.10000,27.10000,39882.39,1772273099999,1084391.8520400,5687,17724.02,481947.6149000,0
1772273100000,27.10000,27.18000,27.03000,27.05600,37918.62,1772273399999,1027921.4858600,5948,20857.39,565597.0563600,0
1772273400000,27.05600,27.08200,26.90100,27.02600,89332.93,1772273699999,2409389.6495500,9770,28242.02,761928.3186000,0
1772273700000,27.02700,27.21400,27.01000,27.18700,50807.66,1772273999999,1378752.9350600,5933,34636.12,939758.3016500,0
1772274000000,27.18800,27.24000,27.14800,27.21400,28321.46,1772274299999,770479.6317300,5213,18463.38,502352.6587900,0
1772274300000,27.21400,27.33500,27.19900,27.32200,60898.49,1772274599999,1662229.3757600,7905,45201.27,1233776.6033200,0
1772274600000,27.32100,27.51200,27.28300,27.47400,105619.07,1772274899999,2898235.3199300,10928,74884.98,2055232.4733300,0
1772274900000,27.47400,27.54300,27.43400,27.43500,38987.43,1772275199999,1071987.3323500,5604,19550.18,537732.3964800,0
1772275200000,27.43500,27.43900,27.32500,27.32500,34950.31,1772275499999,957066.0380600,4743,11447.12,313480.3787400,0
1772275500000,27.32600,27.35400,27.25600,27.31400,18897.84,1772275799999,516017.9288600,3701,8880.26,242499.4271700,0
1772275800000,27.31500,27.38900,27.26600,27.32600,22160.57,1772276099999,605431.1413600,4455,14404.81,393530.4167400,0
1772276100000,27.32500,27.36900,27.30500,27.36300,9231.40,1772276399999,252369.9810800,2265,4822.50,131860.8111800,0
1772276400000,27.36300,27.50200,27.33200,27.40200,34077.16,1772276699999,934209.9348200,5791,20481.95,561472.2555000,0
1772276700000,27.40200,27.47800,27.36300,27.47000,16839.08,1772276999999,461500.5568500,3738,10847.46,297351.0847700,0
1772277000000,27.46800,27.60700,27.46700,27.53000,85640.17,1772277299999,2359240.3037100,7890,57069.67,1572302.8463500,0
1772277300000,27.52900,27.57800,27.47200,27.51600,32624.89,1772277599999,898110.7402200,5622,13969.49,384598.8392200,0
1772277600000,27.51600,27.62000,27.49500,27.55300,37431.88,1772277899999,1031706.6864300,5214,19524.73,538374.7684000,0
1772277900000,27.55200,27.70600,27.51600,27.61600,46455.26,1772278199999,1283528.7745900,7062,30057.03,830458.6529300,0
1772278200000,27.61500,27.70300,27.43400,27.47200,58876.11,1772278499999,1623305.6185300,7147,19443.60,536572.9345400,0
1772278500000,27.47300,27.47800,27.31600,27.33100,70503.76,1772278799999,1932542.1767700,7230,19568.90,536457.6783300,0
1772278800000,27.33200,27.41400,27.33100,27.39400,19444.20,1772279099999,532197.3740500,3742,11405.95,312218.2831000,0
1772279100000,27.39400,27.44700,27.37900,27.41800,13024.66,1772279399999,357096.4043400,3153,7869.78,215781.3068900,0
1772279400000,27.41800,27.41800,27.33200,27.34300,18027.87,1772279699999,493284.9723500,3602,7737.75,211711.1008500,0
1772279700000,27.34200,27.35400,27.15700,27.26100,82827.22,1772279999999,2255625.6782900,7982,36587.07,996383.6962700,0
1772280000000,27.26200,27.31400,27.24300,27.28400,32118.00,1772280299999,876171.1692000,4620,17162.04,468236.6898600,0
1772280300000,27.28400,27.35100,27.27700,27.28500,18224.18,1772280599999,497770.8869500,3267,7478.91,204300.7052500,0
1772280600000,27.28400,27.31700,27.25700,27.31700,16699.29,1772280899999,455579.4009000,2576,10186.72,277941.7273600,0
1772280900000,27.31800,27.43100,27.29500,27.42500,25415.19,1772281199999,695690.1160900,4012,16713.28,457553.6880400,0
1772281200000,27.42400,27.47100,27.38500,27.44500,23768.59,1772281499999,652137.3320500,3832,16700.06,458273.0000300,0
1772281500000,27.44600,27.47700,27.36400,27.47600,35087.45,1772281799999,962143.7483000,5784,19899.72,545840.0492800,0
1772281800000,27.47600,27.52600,27.45100,27.46400,29252.11,1772282099999,804172.2365500,5355,19040.02,523454.7727700,0
1772282100000,27.46400,27.54300,27.41400,27.43000,21893.93,1772282399999,601859.3879900,4907,13108.20,360425.5941800,0
1772282400000,27.43200,27.49200,27.42200,27.46300,8774.25,1772282699999,240919.1027800,2266,4316.11,118505.7966600,0
1772282700000,27.46400,27.48000,27.31000,27.32800,31593.10,1772282999999,865044.6707800,4557,7325.11,200534.7348100,0
1772283000000,27.32800,27.35300,27.27400,27.33500,21679.82,1772283299999,592165.6006500,3633,8443.66,230662.7297400,0
1772283300000,27.33400,27.40000,27.29600,27.33100,15950.27,1772283599999,436220.2620500,3085,7167.65,195976.3329000,0
1772283600000,27.33200,27.36800,27.25800,27.29800,31067.89,1772283899999,848853.7986300,4354,11378.22,310964.9663000,0
1772283900000,27.29900,27.34100,27.25400,27.33000,14391.36,1772284199999,392706.7972700,2752,6787.25,185263.0456200,0
1772284200000,27.32900,27.41800,27.30500,27.39800,14274.78,1772284499999,390529.9738400,2408,9618.15,263148.4957000,0
1772284500000,27.39900,27.44600,27.34800,27.36700,17787.18,1772284799999,487271.7708200,3151,7520.93,206100.5759900,0
1772284800000,27.36700,27.37800,27.34100,27.35400,9092.42,1772285099999,248796.7952800,1735,5411.32,148083.6287200,0
1772285100000,27.35400,27.38000,27.19600,27.20600,36122.38,1772285399999,985126.7506200,4290,13892.04,378485.9146600,0
1772285400000,27.20600,27.23000,27.13700,27.16600,43654.30,1772285699999,1186730.2890100,5462,16268.46,442373.7733500,0
1772285700000,27.16800,27.22400,27.10900,27.20600,48992.30,1772285999999,1330016.9913300,7259,17454.05,473985.7356000,0
1772286000000,27.20600,27.25200,27.17000,27.24400,14411.95,1772286299999,392068.2562600,3087,7787.01,211876.7730100,0
1772286300000,27.24500,27.68900,27.24300,27.57500,119843.50,1772286599999,3296976.9392500,12478,72598.49,1995810.6907700,0
1772286600000,27.57400,27.72900,27.47400,27.65800,97599.34,1772286899999,2693772.6208500,14840,57593.39,1590336.4771200,0
1772286900000,27.65700,27.65700,27.46100,27.60600,59981.96,1772287199999,1652046.4631500,9760,29522.77,813326.5619800,0
1772287200000,27.60600,27.76000,27.38500,27.42100,159989.13,1772287499999,4405914.6846400,15495,66346.58,1831289.2837700,0
1772287500000,27.42000,27.56600,27.41900,27.54100,32030.61,1772287799999,880861.7671600,5709,18884.52,519404.3150800,0
1772287800000,27.54100,27.66100,27.49300,27.52000,40546.94,1772288099999,1118046.7590400,6565,24980.72,688832.0636100,0
1772288100000,27.51900,27.53700,27.36800,27.53700,75714.78,1772288399999,2077530.6938400,9947,29597.68,812376.6655500,0
1772288400000,27.53800,27.54000,27.43200,27.52200,19944.84,1772288699999,548221.7451300,4989,8842.10,243071.3935300,0
1772288700000,27.52200,27.54100,27.46400,27.53600,13846.12,1772288999999,380814.6229700,3796,5665.16,155848.1903900,0
1772289000000,27.53500,27.55500,27.47600,27.53200,23272.90,1772289299999,640447.2437300,4592,12140.80,334179.9337500,0
1772289300000,27.53300,27.81400,27.49800,27.78100,113417.07,1772289599999,3145015.7835600,13328,66292.89,1838876.0054600,0
1772289600000,27.78000,27.84800,27.75500,27.81400,73961.75,1772289899999,2056229.9906600,8783,29403.41,817574.9128300,0
1772289900000,27.81300,27.93200,27.73900,27.85400,99652.14,1772290199999,2774544.2761300,12460,51862.97,1444548.5146300,0
1772290200000,27.85500,27.94900,27.75100,27.85700,83405.94,1772290499999,2322635.6485400,12992,32905.44,916355.2402800,0
1772290500000,27.85900,27.98400,27.78500,27.82800,68364.41,1772290799999,1907067.8448200,10398,33068.11,922936.9827000,0
1772290800000,27.82700,27.95700,27.76900,27.86000,56061.65,1772291099999,1562098.8787600,9694,24763.79,690202.1137300,0
1772291100000,27.86000,28.05500,27.85000,27.86600,93594.33,1772291399999,2615757.4521300,10496,42350.63,1184786.1538100,0
1772291400000,27.86500,27.93400,27.75500,27.81500,101479.26,1772291699999,2824519.1576300,9008,64608.34,1798062.9115400,0
1772291700000,27.81600,27.97300,27.79400,27.92800,45292.58,1772291999999,1264290.3207800,7451,18787.41,524450.7571100,0
1772292000000,27.92800,28.04900,27.85900,28.04400,64686.86,1772292299999,1808197.7923600,5280,52856.70,1477677.5051600,0
1772292300000,28.04500,28.22000,28.00800,28.01900,128309.23,1772292599999,3605616.0078000,13342,50882.15,1430561.0783500,0
1772292600000,28.01800,28.03900,27.92200,28.01100,45102.25,1772292899999,1262242.3576900,7640,18433.59,515974.4494600,0
1772292900000,28.01200,28.11300,27.99600,28.08600,31023.87,1772293199999,870577.4541100,6603,17736.40,497632.8390900,0
1772293200000,28.08600,28.16700,28.07100,28.15900,25832.65,1772293499999,726281.2708400,4093,10727.99,301659.3618800,0
1772293500000,28.15600,28.20400,28.05900,28.08900,35437.73,1772293799999,997013.6051200,5465,12922.64,363664.1930300,0
1772293800000,28.09000,28.17300,28.04300,28.13100,26105.98,1772294099999,734043.0060200,4370,13300.58,373985.5779600,0
1772294100000,28.13200,28.20700,28.11400,28.16300,44126.58,1772294399999,1242879.7524400,5022,29897.91,842132.4941500,0
1772294400000,28.16300,28.16600,28.04700,28.10900,45769.06,1772294699999,1286319.0318000,5733,13024.54,365933.1900100,0
1772294700000,28.10900,28.15400,28.00400,28.02500,48840.73,1772294999999,1372049.8810800,5877,18531.28,520515.6329300,0
1772295000000,28.02600,28.17500,28.00800,28.17100,35602.06,1772295299999,1000397.6490500,4751,19531.12,548857.4726900,0
1772295300000,28.17100,28.20000,28.11500,28.19200,65525.73,1772295599999,1845645.5074500,5057,27640.70,778688.3562100,0
1772295600000,28.19300,28.39900,28.18100,28.34000,98529.21,1772295899999,2789456.3203700,9589,54891.74,1553715.5062300,0
1772295900000,28.34100,28.35700,28.21600,28.32200,81037.78,1772296199999,2292628.1860800,6774,18364.04,519315.8667200,0
1772296200000,28.32300,28.43800,28.27700,28.39400,43652.48,1772296499999,1238917.0450600,6263,21449.71,608726.9092100,0
1772296500000,28.39400,28.40600,28.22500,28.35200,50803.39,1772296799999,1437952.6272000,6385,15398.37,435785.6654300,0
1772296800000,28.35100,28.52500,28.34500,28.46100,62356.20,1772297099999,1774823.3129600,7934,39621.70,1127789.7038600,0
1772297100000,28.46300,28.47800,28.35300,28.42900,60751.96,1772297399999,1725769.0030800,6232,27231.42,773793.0677300,0
1772297400000,28.43000,28.49600,28.34500,28.49200,44528.16,1772297699999,1265730.1931200,5393,25800.39,733631.3246800,0
1772297700000,28.49300,28.59500,28.47500,28.55000,72426.53,1772297999999,2067281.2632000,8129,43254.48,1234624.8136100,0
1772298000000,28.55100,28.68500,28.52100,28.65800,75375.87,1772298299999,2155311.3152600,10011,32654.35,933979.7952800,0
1772298300000,28.65800,28.78000,28.64000,28.78000,76372.76,1772298599999,2193140.0125200,8831,42728.24,1226995.0623200,0
1772298600000,28.77900,29.07700,28.77500,29.06600,187922.90,1772298899999,5438227.4302900,20140,121278.30,3509466.5532300,0
1772298900000,29.06500,29.07700,28.90200,28.90200,112450.96,1772299199999,3259116.7942900,12590,40729.78,1180629.3094600,0
1772299200000,28.90100,28.94600,28.78800,28.84600,79394.37,1772299499999,2291907.7133400,11647,35477.13,1024253.9506600,0
1772299500000,28.84600,29.06700,28.84600,29.05400,44602.20,1772299799999,1292436.0573400,8276,26548.50,769583.3778500,0
1772299800000,29.05400,29.09700,28.94100,28.95300,55473.21,1772300099999,1609513.7803600,8481,26079.70,756937.7484900,0
1772300100000,28.95300,28.96500,28.81000,28.88800,72430.68,1772300399999,2093160.7871600,7314,21675.81,626501.3407500,0
1772300400000,28.88900,29.02000,28.80400,28.93300,64330.83,1772300699999,1859360.6558200,9203,32085.12,927324.6100100,0
1772300700000,28.93300,29.41100,28.89500,29.36400,165639.31,1772300999999,4842952.9582200,16756,91978.36,2687596.3037900,0
1772301000000,29.36400,29.45700,29.28600,29.36700,131718.47,1772301299999,3870121.2635000,16763,56772.33,1668258.3445500,0
1772301300000,29.36600,29.50900,29.30400,29.40900,87492.01,1772301599999,2573173.6534100,10546,57747.72,1698355.1628900,0
1772301600000,29.41000,29.66600,29.31400,29.61600,140618.79,1772301899999,4147637.8292700,17604,73954.82,2181969.4379900,0
1772301900000,29.61500,29.68200,29.57100,29.64000,63133.26,1772302199999,1869825.9188000,9601,28518.92,844725.8965300,0
1772302200000,29.64200,29.68800,29.58000,29.61300,71643.35,1772302499999,2122584.7483300,9501,25770.42,763736.6645100,0
1772302500000,29.61300,29.63800,29.41700,29.50000,122351.03,1772302799999,3611307.2900300,14863,47265.69,1395150.7781900,0
1772302800000,29.50000,29.53000,29.38900,29.42600,72191.07,1772303099999,2126093.3314800,9975,24062.66,708919.9323200,0
1772303100000,29.42600,29.42900,29.08700,29.10300,155649.92,1772303399999,4554402.4626500,16407,54871.83,1605491.4630900,0
1772303400000,29.10400,29.28500,29.09900,29.19100,93027.94,1772303699999,2716604.1690800,12690,50368.10,1470784.5986400,0
1772303700000,29.19000,29.50100,29.17600,29.40000,90877.33,1772303999999,2668572.1305900,13275,54615.88,1603795.1424100,0
1772304000000,29.40200,29.52700,29.32500,29.34800,68092.49,1772304299999,2004010.7739900,9907,27507.28,809938.2345000,0
1772304300000,29.34700,29.36200,29.21100,29.29800,71843.35,1772304599999,2102849.2429000,10914,25812.60,755627.3610000,0
1772304600000,29.29800,29.47900,29.25500,29.45900,29744.02,1772304899999,873608.1981100,7364,16815.97,493974.5489100,0
1772304900000,29.45700,29.54400,29.26300,29.36800,90558.52,1772305199999,2665227.0910400,11467,40018.42,1178105.0706500,0
1772305200000,29.36700,29.40100,29.26700,29.27800,49180.40,1772305499999,1443264.0757500,7689,17467.99,512590.7878700,0
1772305500000,29.27900,29.33400,29.20600,29.24700,48222.33,1772305799999,1411239.9759800,7760,22475.19,657882.6702800,0
1772305800000,29.24700,29.26400,29.03200,29.26300,89482.99,1772306099999,2607539.9226400,10922,40570.39,1182223.7457200,0
1772306100000,29.26300,29.34200,29.24000,29.25200,31382.60,1772306399999,919172.7910700,6524,14571.00,426814.4204600,0
1772306400000,29.25300,29.38400,29.24100,29.27900,42090.25,1772306699999,1233922.4792900,6827,18495.85,542243.4198000,0
1772306700000,29.28000,29.34000,29.17000,29.23000,42524.41,1772306999999,1244414.0210500,7089,21958.63,642729.7163700,0
1772307000000,29.23000,29.57800,29.19300,29.55900,98687.01,1772307299999,2906560.2049400,11647,66881.99,1969826.9795600,0
1772307300000,29.56000,29.68100,29.55900,29.66000,73845.23,1772307599999,2186772.2779900,11172,34874.55,1032926.8983300,0
1772307600000,29.66000,29.67600,29.41700,29.47000,60932.50,1772307899999,1798598.6401800,9532,22021.90,650176.9406100,0
1772307900000,29.47000,29.60800,29.43600,29.60200,43302.90,1772308199999,1277935.4909400,6920,26566.76,784291.6121200,0
1772308200000,29.60200,29.62100,29.44200,29.47600,41555.58,1772308499999,1227393.9927300,6931,12737.13,376200.6286900,0
1772308500000,29.47500,29.54300,29.45200,29.48400,25354.12,1772308799999,747779.8265000,5257,11432.08,337198.8488300,0
1772308800000,29.48500,29.49900,29.37300,29.38900,46278.77,1772309099999,1363032.3061500,7471,19192.82,565385.3250900,0
1772309100000,29.38900,29.61600,29.38400,29.61300,100087.63,1772309399999,2956300.2250200,6240,89698.79,2649814.5582500,0
1772309400000,29.61400,29.87500,29.61400,29.77800,98538.65,1772309699999,2933199.0744400,12212,62206.10,1851567.5026400,0
1772309700000,29.77800,29.93000,29.73900,29.78000,66751.51,1772309999999,1992138.0185400,9922,32261.50,963294.1175300,0
1772310000000,29.77900,30.26100,29.76100,30.11300,220032.39,1772310299999,6612073.8362900,22161,141416.83,4249572.1652300,0
1772310300000,30.11400,30.12200,29.89200,29.97900,126907.88,1772310599999,3808529.7142400,11536,48875.27,1466493.6227000,0
1772310600000,29.98000,30.00300,29.82000,29.87100,80185.54,1772310899999,2398174.5763900,9955,36595.90,1094589.9347400,0
1772310900000,29.87400,29.93200,29.77700,29.92400,71477.99,1772311199999,2133750.9676700,8705,36093.44,1077964.2228700,0
1772311200000,29.92500,30.15100,29.91800,30.03200,125801.88,1772311499999,3780691.1780900,12506,73001.73,2193773.3484900,0
1772311500000,30.03300,30.51700,30.03100,30.44700,212225.40,1772311799999,6439286.1389900,20398,135451.46,4109987.9349400,0
1772311800000,30.44400,30.45400,30.14600,30.32700,114530.37,1772312099999,3472352.3350300,13880,51226.99,1553773.8309700,0
1772312100000,30.32700,30.32800,30.19300,30.29600,33749.84,1772312399999,1021429.1299500,6386,13315.36,403039.4953500,0
1772312400000,30.29600,30.33900,30.02900,30.12200,92859.86,1772312699999,2800147.0235300,14839,39011.19,1176811.1142700,0
1772312700000,30.12300,30.19300,30.01200,30.19100,48344.01,1772312999999,1456046.0270200,9356,27687.69,834307.1010300,0
1772313000000,30.19200,30.43700,30.19200,30.34900,99310.69,1772313299999,3009337.3282800,14808,55341.76,1676889.1981800,0
1772313300000,30.34800,30.48800,30.29600,30.35200,68274.67,1772313599999,2075675.7744500,11076,32426.49,985972.6031900,0
1772313600000,30.35200,30.45200,30.30200,30.36000,42352.77,1772313899999,1286191.3285900,8694,21606.66,656262.6828600,0
1772313900000,30.36000,30.38000,30.24500,30.36700,31295.12,1772314199999,948505.0428400,6958,16195.29,491000.5487100,0
1772314200000,30.36700,30.49400,30.35300,30.47900,55401.43,1772314499999,1686280.6710400,9400,25802.97,785308.0987000,0
1772314500000,30.47800,30.75000,30.44600,30.66600,177626.95,1772314799999,5436561.8492600,21520,105269.93,3222589.9316300,0
1772314800000,30.66600,30.69500,30.54600,30.58700,54829.38,1772315099999,1678309.2299100,9965,28395.18,869114.8503700,0
1772315100000,30.58600,30.63900,30.41600,30.63900,71619.00,1772315399999,2184988.4017400,10734,32209.35,983024.9567900,0
1772315400000,30.63800,30.70500,30.50600,30.51400,77969.31,1772315699999,2386674.1428400,11259,43672.55,1336800.3578600,0
1772315700000,30.51400,30.59600,30.42800,30.54800,61217.89,1772315999999,1868491.4633600,9256,31307.17,955619.3555000,0
1772316000000,30.54900,30.69200,30.52000,30.61300,61226.35,1772316299999,1873871.3589500,11096,29836.39,913321.0539600,0
1772316300000,30.61300,30.65800,30.50000,30.64700,35966.80,1772316599999,1099335.5752500,7823,19981.44,610844.5092700,0
1772316600000,30.64600,30.70500,30.50900,30.55800,31893.64,1772316899999,975881.5331300,6006,15187.12,464826.5648300,0
1772316900000,30.55800,30.61600,30.50000,30.57000,45851.06,1772317199999,1401084.7880100,6176,24317.51,743185.9946500,0
1772317200000,30.57400,30.64500,30.43400,30.62800,88063.93,1772317499999,2686326.5713200,7929,37984.52,1158659.0529600,0
1772317500000,30.62800,30.77200,30.61100,30.76100,82326.87,1772317799999,2527689.6364100,8241,39186.45,1203048.0874000,0
1772317800000,30.76200,30.99800,30.76200,30.93400,128070.57,1772318099999,3957339.2167700,12607,76818.54,2373831.9095700,0
1772318100000,30.93400,31.02200,30.89000,30.91100,76653.00,1772318399999,2373968.0909900,8799,40777.32,1263164.6803200,0
1772318400000,30.91200,30.96600,30.76300,30.87400,96734.92,1772318699999,2985856.7125000,8258,54671.73,1687803.8160100,0
1772318700000,30.87300,31.03400,30.85900,30.87300,41577.90,1772318999999,1287411.6936300,6188,19836.94,614510.3590500,0
1772319000000,30.87500,30.88700,30.77900,30.86500,51350.43,1772319299999,1583154.1889500,6156,18569.42,572710.4212300,0
1772319300000,30.86500,30.92100,30.68600,30.71400,73168.24,1772319599999,2253751.0535900,6988,26568.71,818889.8626900,0
1772319600000,30.70800,30.90000,30.70700,30.88700,51034.36,1772319899999,1572257.4731400,6911,26975.04,831055.7899500,0
1772319900000,30.88700,30.90800,30.77000,30.77600,41979.09,1772320199999,1294150.1693500,6198,15056.11,464081.4080600,0
1772320200000,30.77600,30.88300,30.75000,30.81900,27047.77,1772320499999,833380.0599500,5432,14442.47,445065.5485000,0
1772320500000,30.81800,31.01200,30.81800,30.94800,43997.37,1772320799999,1361398.0800900,8343,25480.35,788441.1752300,0
1772320800000,30.94800,31.00600,30.92800,30.95800,30912.34,1772321099999,957472.0351300,6574,14900.03,461520.7072400,0
1772321100000,30.95700,30.98800,30.90200,30.91600,21156.42,1772321399999,654804.6343500,4909,8347.23,258374.8816400,0
1772321400000,30.91300,31.13000,30.87400,30.88600,87836.35,1772321699999,2724065.8618600,12131,51046.12,1583887.8330600,0
1772321700000,30.88500,31.02400,30.79700,30.81000,65584.94,1772321999999,2026707.5365000,9071,27952.27,864200.5834700,0
1772322000000,30.80700,31.03000,30.79700,31.00000,52326.24,1772322299999,1618863.9759600,7787,31304.20,968544.6657100,0
1772322300000,30.99900,31.40000,30.99200,31.22200,200826.23,1772322599999,6259532.4196200,22492,117615.12,3666703.0455300,0
1772322600000,31.22100,31.29300,31.11200,31.19500,49453.52,1772322899999,1543026.7628200,7743,30526.73,952483.7912400,0
1772322900000,31.19400,31.25900,31.04800,31.20400,121729.57,1772323199999,3789300.4001300,9771,81420.28,2534359.8909800,0
